"Option","Sp","IDplant","Chamber","Timehour","round","Cycle","Time10MIN","Pr","Status","BattV","Flow_mean","PAR_ext","HR_ext","T_ext","VPD_ext","Tc","HRc","PARc","VPDc","WP","E","A","Tleaf","VPDleaf","gtotal","gs","WPgroup","VPDgroup","WUE","vpc"
"3d","fag","fag01",4,2024-09-02 14:00:00,4,7,2024-09-02 14:20:00,956.958333333333,1,12.9543333333333,33.2907222222222,650.991666666667,50.24425,31.0255833333333,22.5070725067725,38.2,56.923,528.7,28.9816105610268,-0.0979931012856695,5.24938590802487,10.4795560720975,36.1528336001652,21.8880048491294,217.697252703545,561.900928096458,"(0, -0.1 MPa)",NA,1.99633943011832,38.2970081009664
"3d","fag","fag01",4,2024-09-03 13:00:00,4,62,2024-09-03 12:53:20,960.180555555556,1,13.3886666666667,35.6742962962963,535.713888888889,88.5594944444445,21.2317611111111,2.92495288045643,26.4456666666667,78.8603333333333,622.45,7.71763341756631,-0.0979931012856695,1.7307560726273,12.9926496385008,27.3935773768952,9.68521090342122,140.576745290864,350.353379525146,"(0, -0.1 MPa)",NA,7.50692130681238,27.3303655996664
"3d","fag","fag01",4,2024-09-03 14:00:00,4,64.5,2024-09-03 13:50:00,959.972222222222,1,13.36,33.5769722222222,622.658333333333,78.9001666666666,22.8538333333333,5.94104231237371,30.006,70.635,603.7,13.1237753973631,-0.0979931012856695,3.25148978174536,13.8801800247268,29.4183858380026,11.6035589344532,262.685128648409,1030.67440473521,"(0, -0.1 MPa)","VPD 1-2 kPa",4.26886779797169,30.1124543674964
"3d","fag","fag01",4,2024-09-05 11:00:00,4,141,2024-09-05 11:20:00,953,1,12.0406666666667,35.9268743624281,1852.45,51.0925,21.4971666666667,12.5916548591711,34.039,53.016,1713.7,25.1596219761001,-0.0979931012856695,6.98823005353382,13.6496496832661,34.1070910757795,25.3630387369388,251.26200573146,857.598176948727,"(0, -0.1 MPa)",NA,1.95323416354385,28.3897181739512
"3d","fag","fag01",4,2024-09-06 12:00:00,4,193.5,2024-09-06 11:55:00,941.714285714286,1,12.5858333333333,37.1120272138739,712.842857142857,72.0653428571429,22.6893857142857,7.73770036370073,29.3625,69.5605,687.45,12.5090088103276,-0.0979931012856695,3.02244960798732,16.6191818371509,29.1822004670965,12.0831670561567,227.021632788185,629.85634676254,"(0, -0.1 MPa)","VPD 1-2 kPa",5.49858028839652,28.5766146107547
"3d","fag","fag01",4,2024-09-06 13:00:00,4,195,2024-09-06 12:30:00,941,1,11.952,38.7318850574713,695.783333333333,71.43425,23.36675,8.23913603646277,29.749,69.231,682.45,12.9249128982243,-0.0979931012856695,3.05696708993528,16.5870135811362,29.5255695631104,12.3882246563481,223.500148142712,602.261651495155,"(0, -0.1 MPa)","VPD 1-2 kPa",5.42597060849856,29.0813690681194
"3d","fag","fag01",4,2024-09-07 08:00:00,4,244,2024-09-07 08:10:00,944,1,12.0796666666667,38.6364731800766,838.283333333333,66.8331666666667,21.1148333333333,8.34648334829183,31.765,61.368,1018.7,18.2066558088385,-0.0979931012856695,5.0297262374539,16.5057752766168,31.1615017068637,16.6193110169498,274.427601431033,1204.69407805005,"(0, -0.1 MPa)","VPD 1-2 kPa",3.28164486442749,28.9217760839925
"3d","fag","fag01",4,2024-09-07 09:00:00,4,246,2024-09-07 09:00:00,944,1,12.03,36.599,1169.11666666667,62.4168333333333,22.205,10.1071535352634,34.768,56.874,1351.2,24.0480275885651,-0.0979931012856695,6.52012568557699,15.50791845597,34.1597758610742,22.1963864854212,264.721301609768,1037.67199544542,"(0, -0.1 MPa)",NA,2.37846925102605,31.7142216081262
"3d","fag","fag01",4,2024-09-08 09:00:00,4,287,2024-09-08 08:40:00,943.958333333333,1,12.047,36.8399854735392,1190.36666666667,64.2853333333333,20.986,8.91419930121998,32.237,58.535,1093.7,20.0703798192552,-0.0979931012856695,5.60977651476615,16.1810863149872,31.4654493784134,18.001833281877,282.52463985793,1378.07061694047,"(0, -0.1 MPa)","VPD 1-2 kPa",2.88444401882946,28.3328031525408
"3d","fag","fag01",4,2024-09-08 11:00:00,4,289,2024-09-08 10:40:00,942.888888888889,1,12.0576666666667,33.2309325396825,1383.28333333333,54.3636666666667,23.9103333333333,13.6075449967004,35.755,55.043,1528.7,26.4726549638323,-0.0979931012856695,7.00248953102682,14.2711241024857,35.3293464470492,25.1081101454859,250.424945020186,847.924455913506,"(0, -0.1 MPa)",NA,2.03800720290303,32.4117344834891
"3d","fag","fag01",4,2024-09-08 12:00:00,4,290,2024-09-08 11:30:00,943,1,14.28,35.4610336752334,982.985714285714,50.6741428571429,23.9311428571429,14.7445731682871,29.148,61.563,1091.2,15.596276944163,-0.0979931012856695,4.211929108845,11.6803124843166,29.3487243355558,16.06911293991,238.519356004124,725.336847316092,"(0, -0.1 MPa)","VPD 1-2 kPa",2.77315030297829,24.9799307311577
"3d","fag","fag01",4,2024-09-09 08:00:00,4,331,2024-09-09 07:30:00,948.333333333333,1,12.04,38.1119854735392,619.95,62.9041666666667,18.0978333333333,7.73569743548368,25.201,63.736,536.2,11.6747055635351,-0.0979931012856695,3.11043253944299,14.0150108173131,24.3807836814921,10.1363730451496,283.152543608933,1393.13954547567,"(0, -0.1 MPa)","VPD 1-2 kPa",4.50580767773953,20.5189453396612
"3d","fag","fag01",4,2024-09-09 09:00:00,4,335,2024-09-09 09:00:00,947.25,1,12.04,36.5473188068725,1246.2,53.9005,21.3221666666667,11.7429796237963,31.765,54.921,1101.2,21.2450258129693,-0.0979931012856695,5.6710587080938,15.2410446529251,30.9294214876044,19.0597408485313,271.309018954445,1146.82594154946,"(0, -0.1 MPa)","VPD 1-2 kPa",2.68751311482156,25.8834060798617
"3d","fag","fag01",4,2024-09-09 11:00:00,4,340,2024-09-09 11:00:00,946,1,12.04,35.9887076957614,1634.11666666667,47.00625,24.2373333333333,16.1078699114104,34.146,50.2075,1527.45,26.8192661671292,-0.0979931012856695,5.97655513268287,12.6146901820101,34.4187211029254,27.63957894475,195.717320425879,435.625875489032,"(0, -0.1 MPa)",NA,2.11069586106995,27.0464262230002
"3d","fag","fag01",4,2024-09-09 12:00:00,4,342,2024-09-09 11:50:00,945.319444444444,1,12.04,35.7507076957614,1653.075,45.9364166666667,24.8938611111111,17.0919213055594,35.2113333333333,50.468,1562.45,28.3444618111784,-0.0979931012856695,6.72613627516003,12.4495228432355,35.0343523343748,27.7922710255629,219.6929554537,593.309672925913,"(0, -0.1 MPa)",NA,1.85091742628116,28.8406495514717
"3d","fag","fag01",4,2024-09-09 13:00:00,4,345,2024-09-09 13:00:00,944.25,1,12.04,35.2319299179836,1554.11666666667,44.0735,25.8834166666667,18.7541971659978,35.0895,52.7715,1499.95,26.8073839831681,-0.0979931012856695,7.07937832365601,11.7890066689953,34.5117558531919,25.0198010996853,255.160807044976,904.784864384783,"(0, -0.1 MPa)",NA,1.66526015845232,29.9547341089837
"3d","fag","fag01",4,2024-09-09 14:00:00,4,347,2024-09-09 13:50:00,944,1,12.04,35.3085410290947,1409.325,39.9803333333333,26.18175,20.4871462207232,35.712,47.424,1374.95,30.8859184984396,-0.0979931012856695,6.70787544051673,13.2321219582179,34.9735223356064,28.5409055247249,211.963592504095,525.229597213495,"(0, -0.1 MPa)",NA,1.97262487587256,27.8593616644477
"3d","fag","fag01",4,2024-09-09 15:00:00,4,349.5,2024-09-09 14:50:00,944,1,12.0395,35.400513251317,223.908333333333,41.48325,25.95325,19.7010954627212,31.1,52.5765,704.95,21.9034741107487,-0.0979931012856695,4.58422615450956,10.0098161530056,29.6932351702678,18.4102204433782,210.825438343569,766.085156004393,"(0, -0.1 MPa)","VPD 1-2 kPa",2.18353454119161,23.86024750221
"3d","fag","fag01",4,2024-09-10 08:00:00,4,392,2024-09-10 07:53:20,942.67297979798,1,12.04,36.3281336216874,811.313636363636,54.2878535353535,20.0809242424242,10.7970373699128,27.132,56.2556666666667,684.533333333333,15.8122807377126,-0.0979931012856695,3.57426835002228,11.411941798675,26.4703088047882,14.4352616654498,232.322432370298,904.481769754814,"(0, -0.1 MPa)","VPD 1-2 kPa",3.19280498304049,20.2992078785678
"3d","fag","fag01",4,2024-09-10 09:00:00,4,394.5,2024-09-10 08:50:00,941.958333333333,1,12.04,36.0158188068725,1176.09583333334,51.8485416666667,21.183625,12.162848755269,30.07,53.199,1057.45,20.0703651391833,-0.0979931012856695,4.7277612301702,12.3294341772509,29.7442935694689,19.3049324733867,227.262754610737,718.374518026265,"(0, -0.1 MPa)","VPD 1-2 kPa",2.60788004660021,22.7627385508599
"3d","fag","fag01",4,2024-09-10 10:00:00,4,397,2024-09-10 09:55:00,941.083333333333,1,12.04,35.8796799179837,1213.80416666667,48.3973333333333,22.2203333333334,13.904349269966,32.344,51.062,1062.45,23.8548598205045,-0.0979931012856695,5.84934915940609,13.5090359890134,31.2507990232154,20.9410485928664,254.025701743402,915.347935913655,"(0, -0.1 MPa)",NA,2.30949386348224,24.8652996184121
"3d","fag","fag01",4,2024-09-10 11:00:00,4,399.5,2024-09-10 10:50:00,940.229166666667,1,12.04,35.8590688068725,1469.6375,45.9275833333333,22.990625,15.2508789128561,32.9875,51.746,1491.825,24.3646351794415,-0.0979931012856695,6.59422023118875,11.5604855450688,32.6623664003192,23.4503899476359,253.800601881178,892.978913448762,"(0, -0.1 MPa)",NA,1.75312396913756,26.1274647229204
"3d","fag","fag01",4,2024-09-10 12:00:00,4,401.5,2024-09-10 11:40:00,939.527777777778,1,12.04,35.5932632513169,1649.22083333334,43.4579583333334,23.9370416666667,16.8809034390753,34.167,48.181,1563.7,27.9903867099864,-0.0979931012856695,6.48905488030539,12.9957703830251,34.2183486348482,28.20037140437,214.809690119273,698.608001261464,"(0, -0.1 MPa)",NA,2.00272160164154,25.9851137342421
"3d","fag","fag01",4,2024-09-10 14:00:00,4,407,2024-09-10 13:50:00,937.388888888889,1,12.04,35.5333188068725,1393.28333333333,38.5485,25.3616666666667,19.9757581022229,35.111,49.109,1366.2,28.9216465075068,-0.0979931012856695,7.7299655764114,13.1667990472077,33.7917895144277,24.9074936394529,278.389382487169,1284.96891077803,"(0, -0.1 MPa)",NA,1.70334510769197,27.9089257105805
"3d","fag","fag01",4,2024-09-10 15:00:00,4,409.5,2024-09-10 14:55:00,937,1,12.0395,35.751013251317,179.116666666667,39.8963333333333,25.09525,19.2297739754016,30.4135,49.2915,661.2,22.8258601184898,-0.0979931012856695,4.33894676049652,9.70357236080913,28.996770953414,19.3471922093412,188.474529905956,479.856148232685,"(0, -0.1 MPa)","VPD 1-2 kPa",2.23638889722139,21.5099711218657
"3d","fag","fag01",4,2024-09-11 08:00:00,4,451.5,2024-09-11 07:40:00,936.416666666667,1,12.04,35.6949299179837,716.408333333334,59.0821666666667,18.2264583333333,8.60896464165342,25.1155,58.486,603.7,13.3175472064231,-0.0979931012856695,2.84503337558371,11.5866244724153,24.7113393858505,12.5451104592368,205.903469357453,501.69694010069,"(0, -0.1 MPa)","VPD 1-2 kPa",4.07257945437568,18.7331890833989
"3d","fag","fag01",4,2024-09-11 09:00:00,4,454.5,2024-09-11 08:55:00,935.857142857143,1,12.04,35.2135688068726,1131.5125,52.8725119047619,20.0567142857143,11.106602039243,29.31975,51.606,1044.325,19.8421720437182,-0.0979931012856695,4.07855481549091,11.2636306690718,29.5024482892719,20.2974941990834,183.576107486043,390.723431415354,"(0, -0.1 MPa)",NA,2.76167200849943,21.1483945996348
"3d","fag","fag01",4,2024-09-11 10:00:00,4,457,2024-09-11 09:53:20,934.949074074074,1,12.0395555555556,34.3675780661318,1200.36666666667,50.0333888888889,21.2292222222222,12.6781445354126,31.193,52.7473333333333,1018.7,21.6460650885938,-0.0979931012856695,5.43879427769534,12.5091364804899,30.236733117057,19.2053890231136,255.040232213579,920.772882867921,"(0, -0.1 MPa)","VPD 1-2 kPa",2.29998338635279,24.0647950167602
"3d","fag","fag01",4,2024-09-11 11:00:00,4,459.5,2024-09-11 10:55:00,933.916666666667,1,12.04,34.9732354735392,1474.325,46.06725,22.4731666666666,14.7446938812186,33.159,51.5385,1479.95,24.7223437783376,-0.0979931012856695,6.74450501812326,12.072766833697,32.7146400832719,23.4766350096092,259.549850076942,1080.63506847833,"(0, -0.1 MPa)",NA,1.79001524963747,26.2742537787987
"3d","fag","fag01",4,2024-09-11 12:00:00,4,461.5,2024-09-11 11:40:00,932.909722222222,1,12.04,35.3275132513169,1645.36666666667,44.2078333333334,23.63675,16.3656080172818,34.2965,48.327,1592.45,28.1272140907644,-0.0979931012856695,6.61837240604224,12.4164904556555,34.2872158729786,28.1279546523103,213.272246643509,577.26602300396,"(0, -0.1 MPa)",NA,1.87606403718229,26.2522556943985
"3d","fag","fag01",4,2024-09-11 13:00:00,4,464.5,2024-09-11 12:55:00,927.888888888889,1,12.04,33.9601521402058,1524.53333333334,45.7173333333334,23.95675,16.2260034404445,33.8885,48.779,1558.7,27.1932046139522,-0.0979931012856695,5.83303142780855,11.362011658357,34.4228860551963,28.7931695499989,180.736325317034,378.835058962479,"(0, -0.1 MPa)",NA,1.9478742398317,25.9026734986197
"3d","fag","fag01",4,2024-09-11 14:00:00,4,467,2024-09-11 13:53:20,931.365740740741,1,12.04,34.3565965846503,1038.7,46.3785,24.0640555555556,16.1594896136419,32.2226666666667,51.7296666666667,1161.2,24.0770094724537,-0.0979931012856695,5.39235055004859,11.6348122490047,31.8043731549084,22.9762588431966,206.080896073857,624.045946072361,"(0, -0.1 MPa)",NA,2.15765131384121,25.0185546079906
"3d","fag","fag01",4,2024-09-11 15:00:00,4,469.5,2024-09-11 14:55:00,931.020833333333,1,12.04,34.3710410290947,356.616666666667,47.57175,23.8975833333333,15.6140047473595,28.333,51.5875,643.7,19.0487738788093,-0.0979931012856695,2.45892357423699,8.79723301377572,28.5367785960292,19.8725720072648,117.757258210734,179.599326819457,"(0, -0.1 MPa)","VPD 1-2 kPa",3.57767647028458,19.9667845405907
"3d","fag","fag01",4,2024-09-12 09:00:00,4,515,2024-09-12 09:10:00,931.055555555556,1,12.04,34.3514854735392,973.7,54.9375,21.0791666666667,11.3104283988719,29.234,56.947,911.2,17.5562427464462,-0.0979931012856695,4.44617688113028,14.6674911278433,28.636861576013,16.1715163739564,247.375565076707,813.951537030545,"(0, -0.1 MPa)","VPD 1-2 kPa",3.29889959846011,23.2219672422798
"3d","fag","fag01",4,2024-09-12 10:00:00,4,517,2024-09-12 09:56:40,931.361111111111,1,12.0397777777778,33.5474299179836,931.477777777777,53.0643333333333,21.4568333333333,12.0578941659805,29.1336666666667,54.2286666666667,798.7,18.5904633304111,-0.0979931012856695,3.91276699149269,13.2339272436353,28.5427088741677,17.2218849403548,203.896757873634,483.319588546914,"(0, -0.1 MPa)","VPD 1-2 kPa",3.382242610513,21.9857251929768
"3d","fag","fag01",4,2024-09-12 11:00:00,4,519.5,2024-09-12 11:00:00,930.9375,1,12.04,34.0749576957614,1024.74166666667,50.0165833333333,22.09075,13.3457532241012,30.8,53.0155,1073.7,20.9470479300661,-0.0979931012856695,4.94353769349616,13.2202910733637,30.3500275032954,19.8148938516869,225.234123949997,723.945207289024,"(0, -0.1 MPa)","VPD 1-2 kPa",2.67425716016216,23.6516317656061
"3d","fag","fag01",4,2024-09-12 12:00:00,4,522,2024-09-12 11:56:40,930.49537037037,1,12.04,33.6909669550207,1600.08888888889,46.5073333333333,23.1239444444445,15.2212417822413,33.1373333333333,52.0066666666667,1619.53333333333,24.4547987742543,-0.0979931012856695,6.43992401011682,11.4903685393395,33.3562598090207,25.0867908430545,231.654384327882,772.634464143149,"(0, -0.1 MPa)",NA,1.78423977073156,26.480737644348
"3d","fag","fag01",4,2024-09-12 13:00:00,4,524.5,2024-09-12 13:00:00,930.048611111111,1,12.04,32.3486243624281,1149.74166666666,44.8994166666667,22.99325,15.5471496004907,30.8425,48.486,1119.95,23.0527729529125,-0.0979931012856695,4.10643011739578,11.1234383517401,31.2830913697287,24.3000605662442,150.20069503914,261.666519381668,"(0, -0.1 MPa)",NA,2.7087854982893,21.6834056089375
"3d","fag","fag01",4,2024-09-12 14:00:00,4,527,2024-09-12 13:56:40,929.972222222222,1,12.04,32.5464854735392,1010.55606060606,42.7785934343434,23.410297979798,16.5573514683481,32.8231666666667,47.9811666666667,1327.03333333333,26.0420385879135,-0.0979931012856695,5.50164712608237,12.0694628478719,32.8889997426599,26.3017267049566,192.704890528418,503.606469421192,"(0, -0.1 MPa)",NA,2.19379079960483,24.0039529592052
"3d","fag","fag01",4,2024-09-12 15:00:00,4,529.5,2024-09-12 15:00:00,930.041666666667,1,12.04,35.1631799179836,272.033333333333,43.7215416666667,22.6885416666667,15.5813807905891,26.724,50.3785,648.7,17.7808884453434,-0.0979931012856695,2.74912503604579,8.89333514402121,26.5622339298984,17.702945294194,141.982763754023,236.939175049317,"(0, -0.1 MPa)","VPD 1-2 kPa",3.23496931838829,17.7480422103042
"3d","fag","fag01",4,2024-09-13 08:00:00,4,572.5,2024-09-13 08:10:00,943.125,1,12.04,34.7551243624281,941.2,51.37575,17.08975,9.5275977053059,25.2875,53.101,792.45,15.2055981887573,-0.0979931012856695,3.08010555663722,11.9071881708871,25.4054373515023,15.4470789533524,183.63830160648,380.870702896332,"(0, -0.1 MPa)","VPD 1-2 kPa",3.86583769677267,17.1833468654391
"3d","fag","fag01",4,2024-09-13 09:00:00,4,574.5,2024-09-13 09:00:00,942.923611111111,1,12.04,34.9970688068725,1217.24166666666,45.6075,18.1210833333334,11.3662653744608,27.3675,49.3655,1038.7,18.5368304764418,-0.0979931012856695,3.8698023193347,12.779334170992,27.7037198476283,19.2581657152388,183.850066185643,381.025312821679,"(0, -0.1 MPa)","VPD 1-2 kPa",3.3023222160839,18.060472297209
"3d","fag","fag01",4,2024-09-13 10:00:00,4,577,2024-09-13 10:00:00,942.291666666667,1,12.04,34.8275410290947,1201.61666666667,39.5615555555556,19.4287777777778,13.704669589293,29.0906666666667,47.6513333333333,1034.53333333333,21.1907020026891,-0.0979931012856695,4.8294163872509,11.5740951621708,28.5918452773914,20.0830251638788,223.999139411818,664.448487290772,"(0, -0.1 MPa)",NA,2.3965825752207,19.2711635136011
"3d","fag","fag01",4,2024-09-13 11:00:00,4,579.5,2024-09-13 11:00:00,941.854166666667,1,12.04,34.8595410290947,1544.3875,38.0437333333333,20.302725,14.8227765161606,30.59625,47.778,1494.95,23.0291338435964,-0.0979931012856695,5.68575945690264,12.9228896661718,30.9691359875657,23.9669681249345,215.889912272725,561.657939625521,"(0, -0.1 MPa)",NA,2.27285198470418,21.0685134693
"3d","fag","fag01",4,2024-09-13 12:00:00,4,582,2024-09-13 12:00:00,940.847222222222,1,12.0386666666667,34.8263743624281,1627.31111111111,33.9723611111111,21.5402222222222,17.0685582508598,32.3086666666667,44.6643333333333,1535.36666666667,26.9492166053058,-0.0979931012856695,6.27935273965858,13.5150829076179,32.3874828482671,27.1347388022785,212.260402448053,621.227125279552,"(0, -0.1 MPa)",NA,2.15230509703024,21.7065671197941
"3d","fag","fag01",4,2024-09-13 13:00:00,4,584.5,2024-09-13 13:00:00,940,1,12.04,33.9738465846503,1532.65833333334,30.7427083333334,22.104125,18.5052880910804,32.4945,46.4835,1480.575,26.2859207189514,-0.0979931012856695,6.99906792853647,12.4925831467306,31.8263450000258,24.4686755142986,259.01834209478,961.438294308817,"(0, -0.1 MPa)",NA,1.78489239914304,22.8285884374204
"3d","fag","fag01",4,2024-09-13 14:00:00,4,586.5,2024-09-13 13:50:00,939.895833333333,1,12.04,34.0646799179837,1310.78333333334,29.9420833333334,21.8297916666667,18.4075398329833,32.0865,45.4945,1359.95,26.159702652506,-0.0979931012856695,6.73884860061407,12.9255035961333,31.2224406898123,23.8655099407001,255.969894578635,922.445456864079,"(0, -0.1 MPa)",NA,1.91805816722986,21.8344068458391
"3d","fag","fag01",4,2024-09-15 11:00:00,4,700,2024-09-15 11:20:00,928,1,12.04,35.1755410290948,1624.95,28.4888333333333,24.021,21.4548326622957,38.329,41.832,1511.2,39.4081595084668,-5.92919184264558,10.0599208363338,12.0436107526593,36.1943618021092,31.9814977587459,277.96182926049,1275.91022702428,"(0, -0.1 MPa)","VPD 3-4 kPa",1.19718742807209,28.3407050020318
"3d","fag","fag01",4,2024-09-15 12:00:00,4,701.5,2024-09-15 11:50:00,928.020833333333,1,12.0396666666666,35.094763251317,1617.03333333334,25.9784166666667,25.1613333333333,23.7919495814622,40.7955,35.604,1529.95,49.8538826908504,-4.61451819732257,9.57477674513587,9.42968255299417,38.7795344165245,41.9724638864651,202.331675894832,486.373630312753,"(0, -0.1 MPa)",NA,0.984846206235,27.5229518180783
"3d","fag","fag01",4,2024-09-15 13:00:00,4,704,2024-09-15 12:53:20,924.611111111111,1,12.0386666666667,35.2570410290947,1529.81111111111,23.9482777777778,26.4398888888889,26.3524168925868,40.817,35.344,1477.86666666667,50.0830231322301,-1.68661959872268,9.71298941935547,9.22143224808483,38.6211544111233,41.5397463513697,207.090577792019,526.88270140361,"(0, -0.1 MPa)",NA,0.949391773217513,27.3531179301628
"3d","fag","fag01",4,2024-09-15 14:00:00,4,706.5,2024-09-15 13:50:00,923.25,1,12.033,35.1714576957614,1155.15833333333,19.3198333333333,27.1165,29.086425906585,40.624,36.7645,1333.7,48.4722579977427,-0.634978091517312,10.7767777626209,10.7699159731074,37.7247854022284,37.4329631035866,252.381259308879,871.514342427636,"(0, -0.1 MPa)","VPD 3-4 kPa",0.999363280039294,28.1626976673488
"3d","fag","fag01",4,2024-09-16 12:00:00,5,11,2024-09-16 12:10:00,922,1,12.0396666666667,35.6325550561287,1165.78333333333,27.802,26.87,25.6576455581566,40.045,40.317,1563.7,44.3324949346822,-12.9001720470328,10.9123519759347,12.7672933591191,37.6733271755304,35.4404522604543,269.212765006622,1110.28204613533,"(0, -0.1 MPa)","VPD 3-4 kPa",1.16998547950755,29.9474422914663
"3d","fag","fag01",4,2024-09-16 13:00:00,5,12.5,2024-09-16 12:50:00,921.166666666667,1,12.04,34.4190550561287,1114.325,27.3965833333333,27.1685,26.2634927177543,37.9855,41.3675,1146.2,38.9931514539595,-12.7291017774363,9.19132915696326,12.4717616735223,35.3912118232738,30.2074265189259,267.34526255176,1079.78540161839,"(0, -0.1 MPa)","VPD 3-4 kPa",1.35690512879455,27.5106062624816
"3d","fag","fag01",4,2024-09-16 14:00:00,5,15,2024-09-16 13:50:00,919.888888888889,1,12.0376666666667,34.1750550561287,856.616666666667,28.0786666666667,28.1746666666667,27.5879055449522,37.17,38.095,738.7,39.3865072774562,-12.4995823591734,6.7538407651432,11.4338905489752,34.4709071241025,30.6134179396749,194.218988645294,428.271931426499,"(0, -0.1 MPa)","VPD 3-4 kPa",1.69294642064792,24.237605924153
"3d","fag","fag01",4,2024-09-17 10:00:00,5,65,2024-09-17 09:50:00,922.680555555556,1,12.04,32.9310410290948,1236.61666666667,48.804,21.1935,12.9440195137904,32.366,51.575,898.7,23.6104540906489,-16.1880859813913,6.17207696565925,13.549980739471,30.6824864051073,19.1681459199014,285.916903154134,1462.72046909067,"(0, -0.1 MPa)","VPD 1-2 kPa",2.19536807704466,25.1462915792508
"3d","fag","fag01",4,2024-09-17 11:00:00,5,68,2024-09-17 11:00:00,920.833333333333,1,12.04,32.4885410290947,1139.95,42.3848333333333,23.0988333333333,16.3529131764142,34.854,49.475,1436.2,28.3083793797001,-15.8999406211737,7.66609995412471,13.2732681466546,33.7453257591567,24.9595605131546,270.478489385929,1132.13151896029,"(0, -0.1 MPa)",NA,1.73142383038105,27.7200805504337
"3d","fag","fag01",4,2024-09-17 12:00:00,5,70.5,2024-09-17 12:05:00,918.159722222222,1,12.0398333333333,33.094013251317,1221.2,38.1449166666667,24.4500833333333,19.0537167936112,36.8705,46.642,1487.45,33.4050269528306,-15.618931881396,8.71124697746424,13.1999745393599,35.3477253494222,28.3881514811136,268.590276547449,1107.81247322073,"(0, -0.1 MPa)",NA,1.51527956600334,29.1952121418914
"3d","fag","fag01",4,2024-09-17 13:00:00,5,72,2024-09-17 12:40:00,915.3,1,12.0393333333333,33.6157076957614,1530.2,36.2168,25.0391,20.3386681517916,37.385,44.567,1456.2,35.6835649615245,-15.4987082256197,8.71852516429171,13.5566459527493,35.747947814774,30.1726978494404,251.830674264393,864.259364935585,"(0, -0.1 MPa)","VPD 3-4 kPa",1.5549242213893,28.688857533243
"3d","fag","fag01",4,2024-09-17 14:00:00,5,76,2024-09-17 14:20:00,915.166666666667,1,12.0366666666667,32.6979299179836,476.408333333333,33.8425833333333,25.517,21.7040794202528,37.642,44.225,1189.95,36.4081882664349,-15.268469378852,8.86673847284349,12.2184983022087,35.3443942255119,28.6989059919065,269.394916088567,1113.38679225673,"(0, -0.1 MPa)",NA,1.37801496453637,28.8687068773301
"3d","fag","fag01",4,2024-09-17 15:00:00,5,77.5,2024-09-17 14:50:00,915.479166666667,1,12.033,33.3700688068726,177.866666666667,34.957875,25.2900416666666,21.0567577033327,31.443,45.812,611.2,26.0395535979241,-15.2438991376898,5.32829087064692,9.03276793001804,29.2267273846943,20.4529638267988,218.976151660541,628.670122547353,"(0, -0.1 MPa)",NA,1.69524677786995,21.1997857981025
"3d","fag","fag01",4,2024-09-18 12:00:00,5,131,2024-09-18 12:20:00,918.583333333333,0.208333333333333,12.04,33.0890051284715,1204.11666666667,49.6409166666667,24.2193333333333,15.3047286874525,37.256,45.617,1472.45,34.7629887177384,-19.4982440723057,6.50800178192224,15.5749709292672,36.977412437932,33.8006744720709,167.996180450116,318.607891126494,"(0, -0.1 MPa)","VPD 3-4 kPa",2.39320323674941,29.1595398624032
"3d","fag","fag01",4,2024-09-18 13:00:00,5,132.5,2024-09-18 12:55:00,916.375,0.875,12.0386666666666,32.8340480426117,943.491666666667,49.6017916666666,24.1712083333334,15.2773335740246,33.42725,51.172,564.95,25.5126380301829,-19.4489458237642,5.60076048216967,13.3876706849562,31.1614934012226,19.1922466769349,257.652056838793,942.292741550609,"(0, -0.1 MPa)","VPD 1-2 kPa",2.39033087159798,26.4822905520039
"3d","fag","fag01",4,2024-09-19 08:00:00,5,179,2024-09-19 07:30:00,922.75,0,12.04,35.6250410290947,489.95,75.7453333333333,18.6233333333333,5.22898852540238,25.566,68.0955,523.7,10.4964083835956,-21.626961266841,2.64485757991875,11.5482531284446,25.0907299956778,9.57960938106314,247.256450494758,812.663377243646,"(0, -0.1 MPa)",NA,4.36630433945686,22.4031392366719
"3d","fag","fag01",4,2024-09-19 09:00:00,5,183,2024-09-19 09:10:00,921,0,12.0353333333333,32.0342772783509,1023.28333333333,62.98825,22.3516666666667,10.0400476833977,34.94,56.996,1018.7,24.2094335980536,-21.8270730756279,6.50631947702316,13.8974876903396,33.5290197941806,19.9605864566826,286.495655273308,1477.99504068678,"(0, -0.1 MPa)","VPD 1-2 kPa",2.13599835351124,32.0863379535547
"3d","fag","fag01",4,2024-09-19 10:00:00,5,184.5,2024-09-19 09:45:00,919.729166666667,0,12.0395,33.6887958653851,1174.84583333333,60.0179166666667,23.1916666666666,11.42260762853,36.795,50.879,782.45,30.7404119176365,-21.7068976724047,6.67343062866298,12.9161268187224,34.6135706986686,23.640442730356,248.240859552059,841.606838283547,"(0, -0.1 MPa)",NA,1.93545532087296,31.7164063250555
"3d","fag","fag01",4,2024-09-19 11:00:00,5,187.5,2024-09-19 10:55:00,917.858333333333,0,12.0358333333334,33.7498862122354,1471.7,55.0298666666666,24.5960833333334,13.9679349979252,38.157,51.1725,1423.075,32.7780685228886,-21.2936849537181,8.4318929138267,13.306653628706,36.7253810923512,27.7596734353936,264.901312444818,1109.27370276264,"(0, -0.1 MPa)",NA,1.5781336130213,34.3482605944606
"3d","fag","fag01",4,2024-09-19 12:00:00,5,190,2024-09-19 11:56:40,916.152777777778,0.337962962962963,12.0382222222222,33.4454258509807,1552.31111111111,47.2948888888889,26.2586111111111,18.092921275288,39.7156666666667,45.429,1498.7,39.8645876035912,-20.9011488488443,8.29851444026404,11.1644245259188,38.4294130886409,34.992704677671,205.807955549265,494.547369631754,"(0, -0.1 MPa)","VPD 3-4 kPa",1.34535218397036,33.1567880015452
"3d","fag","fag01",4,2024-09-19 13:00:00,5,192.5,2024-09-19 13:00:00,913.861111111111,0.597222222222222,12.035,33.9742779150735,1222.24166666667,45.61725,27.1185,19.6768315958922,39.165,44.603,1102.45,39.906033768288,-20.5705703933934,7.83877197510709,10.8408508211207,37.0767087257754,32.3400228676334,207.95814875232,503.253958783934,"(0, -0.1 MPa)","VPD 3-4 kPa",1.38297820826362,31.6082764764249
"3d","fag","fag01",4,2024-09-19 14:00:00,5,196,2024-09-19 14:20:00,914.819444444444,0,12.0333333333333,32.8011106116842,544.95,46.2293333333333,26.9738333333333,19.2282320862582,37.213,47.302,558.7,33.6071850422508,-20.299974970537,6.45285344015714,12.0171130446768,34.4822890961817,24.7197098350474,227.704241905124,633.794036157654,"(0, -0.1 MPa)",NA,1.86229443394644,30.1659847976877
"3d","fag","fag01",4,2024-09-20 10:00:00,5,245,2024-09-20 10:00:00,920.99537037037,0,12.04,33.0632587598324,559.116666666667,60.9556111111111,22.7496666666667,10.8544175558101,29.019,61.4896666666667,500.366666666667,15.6561483983395,-24.6885562806526,3.49131268615647,13.0973631382023,27.835826141195,12.9253290739247,238.26949253379,759.155596593594,"(0, -0.1 MPa)","VPD 1-2 kPa",3.75141510244416,24.7648629031046
"3d","fag","fag01",4,2024-09-20 12:00:00,5,251,2024-09-20 12:20:00,919,0,12.0316666666667,34.4778284794532,1421.61666666667,48.26,26.1193333333333,17.5973585105911,38.929,49.328,1626.2,35.4570222467768,-24.5185906217359,8.61842895188439,15.2180665415751,37.8461969240881,31.4867762283771,237.787895889871,718.614621963228,"(0, -0.1 MPa)","VPD 3-4 kPa",1.76575877419605,34.5165770719334
"3d","fag","fag01",4,2024-09-20 13:00:00,5,252.5,2024-09-20 13:00:00,918.25,0,12.0383333333333,32.5959745367445,771.408333333335,48.6526666666666,25.80475,17.1952807570817,33.0945,53.5165,671.2,24.106508505546,-24.5270684704877,5.34711123441549,9.88974156559762,31.21263969334,19.0206816639611,235.621140017273,864.177736899356,"(0, -0.1 MPa)","VPD 1-2 kPa",1.84954850049584,27.1841385577553
"3d","fag","fag01",4,2024-09-22 11:00:00,5,366,2024-09-22 10:30:00,924,0,12.04,36.3388328339064,969.116666666667,71.3425,22.02275,7.62473281925167,36.334,55.617,1068.7,26.9795780944437,-29.5457829064547,6.30795062842668,14.8535638249194,35.114543703096,22.9962254688944,241.018738871345,748.955443035432,"(0, -0.1 MPa)",NA,2.35473685510188,33.8070662196496
"3d","fag","fag01",4,2024-09-22 12:00:00,5,369,2024-09-22 11:40:00,923.333333333333,0,12.0393333333333,33.9204995005731,1090.36666666667,62.9306666666667,24.0693333333333,11.1596593776467,38.286,53.919,1068.7,31.1469778627789,-29.0800736719341,7.91404493110056,12.5177168403764,36.3712098640829,24.4646397105857,282.941767005554,1388.05203588914,"(0, -0.1 MPa)",NA,1.58170909431969,36.4448232326377
"3d","fag","fag01",4,2024-09-24 09:00:00,5,482,2024-09-24 08:56:40,920.976851851852,0,12.04,34.9475039920577,961.616666666667,68.2409444444445,19.6886666666666,7.36288598193434,32.2226666666667,59.7966666666667,1016.2,19.5621652557987,-38.0742584377505,4.97453366282941,16.5832443643855,31.66239442257,18.005469617895,242.362674958576,826.976530401535,"(0, -0.1 MPa)","VPD 1-2 kPa",3.33362793145787,28.9200813918991
"3d","fag","fag01",4,2024-09-24 10:00:00,5,484,2024-09-24 09:40:00,920,0,12.0376666666667,33.655263251317,1049.11666666667,59.7775,21.3865,10.2896095062579,35.025,55.043,1048.7,25.4281559081711,-38.1149629930759,6.29078736524194,15.2441466368783,33.743539390216,21.5414840994632,256.43160984256,920.968752165288,"(0, -0.1 MPa)",NA,2.42324938863865,31.1329044565576
"3d","fag","fag01",4,2024-09-27 10:00:00,5,494.5,2024-09-27 09:50:00,926,1,12.0316666666667,35.3722910290947,1073.49166666666,42.2107916666667,21.6965416666667,15.0684366760711,34.7035,49.347,888.075,28.1576577518315,-75.98808595554,6.68123714793587,15.0790233864859,32.721860069578,22.3441464370692,265.792958386854,1068.61404866466,"(0, -0.1 MPa)",NA,2.25692084453917,27.4188272433651
"3d","fag","fag01",4,2024-09-27 11:00:00,5,497,2024-09-27 10:50:00,925.097222222222,1,12.0393333333333,34.4877817698355,1370.87803030303,39.1554545454545,22.6771590909091,16.841876131206,36.4553333333333,46.911,1368.7,32.5083089212271,-75.9385288498328,7.45221543132499,12.8623494247421,35.2660343406611,28.6427456130202,230.198790731528,663.483534787632,"(0, -0.1 MPa)",NA,1.72597659625832,28.7050966846543
"3d","fag","fag01",4,2024-09-27 12:00:00,5,499.5,2024-09-27 11:50:00,925,1,12.039,34.9644854735392,1176.61666666667,33.1435,23.4365,19.3723279589509,36.2265,41.758,1169.95,35.3733808049431,-75.9968424657492,6.69916482128493,12.0794151782233,34.8436610267213,30.9079327325076,188.840879680765,419.304520931237,"(0, -0.1 MPa)","VPD 3-4 kPa",1.80312255340307,25.2337573255523
"3d","fag","fag01",4,2024-09-28 08:00:00,5,549.5,2024-09-28 07:50:00,933.125,1,12.04,35.3983743624281,728.283333333333,63.7365,14.6375416666667,6.07635925602237,23.3135,63.4065,590.575,10.559476311657,-102.45815744422,2.60902737059787,12.9389078401824,23.1132680256523,10.1839968596439,231.084437892158,807.219618116784,"[-0.1, -0.5)","VPD 1-2 kPa",4.95928405581173,18.2293130057237
"3d","fag","fag01",4,2024-09-28 09:00:00,5,552,2024-09-28 08:53:20,932.421296296296,1,12.039,34.9939854735392,1149.81111111111,56.9368611111111,16.1609444444444,7.96555451731271,26.3021666666667,55.6895,845.783333333333,15.3541676654583,-103.672499307015,2.91872633943941,12.6774926427863,26.8780354400744,16.4975683337614,163.143695274516,334.490047502235,"[-0.1, -0.5)","VPD 1-2 kPa",4.34350164024668,19.1374590114846
"3d","fag","fag01",4,2024-09-28 10:00:00,5,554.5,2024-09-28 09:50:00,932,1,12.0396666666666,33.2013188068725,1203.28333333334,51.8265,17.4778333333334,9.66033937802462,28.9765,49.951,899.95,20.1089309376772,-104.038843029137,3.38711794730623,12.3184985801084,29.2693625780992,20.8063791789475,147.139685106097,251.720759693786,"[-0.1, -0.5)",NA,3.63686732252865,20.0683014989708
"3d","fag","fag01",4,2024-09-28 11:00:00,5,557,2024-09-28 10:53:20,931.481481481481,1,12.0398888888889,34.6869299179837,1528.83888888889,50.2434444444444,18.366,10.5589480399885,30.7353333333333,48.84,1350.36666666667,22.7638061613326,-103.919137399982,4.5195549445484,12.2942257700319,31.7319219011073,25.3771774303802,161.845827287649,306.691975111291,"[-0.1, -0.5)",NA,2.72022929710402,21.7085700746403
"3d","fag","fag01",4,2024-09-28 12:00:00,5,559.5,2024-09-28 11:50:00,930.666666666667,1,12.039,35.3061243624281,1589.11666666667,46.9298333333333,19.701,12.234586130482,32.666,45.36,1443.7,27.0973498978463,-103.704001415346,4.98248898179627,11.8840948079485,33.5807264002597,29.7159789137909,150.483063175054,264.09962185188,"[-0.1, -0.5)",NA,2.38517232077532,22.4929659155274
"3d","fag","fag01",4,2024-09-28 13:00:00,5,562,2024-09-28 12:53:20,930,1,12.0307777777778,35.9862076957614,1416.2,44.0868888888889,20.0174444444445,13.1431656084957,32.5373333333333,41.6116666666667,1360.36666666667,28.7352313416079,-103.759789949457,4.17439371926319,12.0316980940365,34.1270193442873,33.2968793996797,113.941728965088,175.730135003875,"[-0.1, -0.5)","VPD 3-4 kPa",2.88226240819473,20.4853406583662
"3d","fag","fag01",4,2024-09-28 14:00:00,5,564.5,2024-09-28 13:50:00,929.534722222222,1,12.0311666666666,36.031763251317,1045.99166666667,42.5364166666667,20.4340833333333,13.8609606112976,33.3095,42.686,1198.7,29.4631899385556,-104.1587132401,5.10796169308918,13.4987152128461,33.1862061407761,29.1133716495732,157.822644876506,291.237094370374,"[-0.1, -0.5)",NA,2.64268137153596,21.9455376350417
"3d","fag","fag01",4,2024-09-28 15:00:00,5,567,2024-09-28 14:53:20,929.356481481482,1,12.0315555555556,36.008263251317,124.533333333333,43.1164444444445,19.9482777777778,13.3128129588217,29.334,44.8353333333333,684.533333333333,23.3504307613747,-104.897321090899,3.64412442137665,11.7880277149474,28.4451365264716,21.3490508541999,146.315022814313,258.547675913756,"[-0.1, -0.5)",NA,3.23480385186578,18.388851545865
"3d","fag","fag01",4,2024-09-29 08:00:00,5,609.5,2024-09-29 07:55:00,929.923611111112,1,12.0308333333333,38.1272582601411,704.741666666667,69.9700833333333,12.8020833333333,4.48650607937716,23.571,62.4175,647.45,11.2005244546986,-129.82221905325,2.47122085696884,14.4285906485716,23.7195500251154,11.4294319888568,196.154191691968,437.90088374059,"[-0.1, -0.5)","VPD 1-2 kPa",5.83864878280021,18.2258423062162
"3d","fag","fag01",4,2024-09-29 09:00:00,5,612,2024-09-29 08:53:20,930.421296296296,1,12.0373333333333,37.6883743624281,1078.7,60.7547222222222,15.6467777777778,7.0402182553,31.0786666666667,52.4703333333333,900.366666666667,21.8583534922094,-131.845791429365,4.7670320290945,15.049934143684,30.2055375271809,19.5667925927177,221.189692683364,617.618730195385,"[-0.1, -0.5)","VPD 1-2 kPa",3.15708685232868,23.7831646505486
"3d","fag","fag01",4,2024-09-29 10:00:00,5,614.5,2024-09-29 09:55:00,929.784722222223,1,12.04,34.5910508565609,1015.15833333333,53.6388333333334,18.2299166666667,9.75592356783285,34.6175,46.764,963.7,29.4385689571825,-132.906302024394,5.44376207133253,12.979115609992,33.4449099641932,25.9460692162437,187.16053918544,396.428642777944,"[-0.1, -0.5)",NA,2.38421801686403,25.8600328122542
"3d","fag","fag01",4,2024-09-29 11:00:00,5,617,2024-09-29 10:53:20,926.421296296296,1,12.0371111111111,33.9111753344023,1368.56111111111,47.897,20.3617777777778,12.5525814282885,36.913,42.45,1372.03333333333,36.2931395421669,-132.463553134108,5.96694382754448,10.576226490054,36.7020059992895,35.5585125374403,149.205709118063,259.098635157273,"[-0.1, -0.5)","VPD 3-4 kPa",1.77246959175856,26.6329221147086
"3d","fag","fag01",4,2024-09-29 12:00:00,5,619.5,2024-09-29 11:55:00,925.340277777777,1,12.04,35.8439576957614,1446.2,41.8535,22.77875,16.1869089673427,39.5085,36.3245,1401.2,45.9770651021678,-131.642368244256,6.23742870607769,8.86760727987744,39.2003217889693,44.7925714989457,122.13778704174,186.140794868182,"[-0.1, -0.5)",NA,1.42167673535682,26.2197466305404
"3d","fag","fag01",4,2024-09-29 13:00:00,5,622,2024-09-29 12:53:20,922.481902356902,1,12.0344444444444,36.1652817698355,1390.55606060606,39.6801919191919,23.9491767676768,18.0243909494258,41.4746666666667,33.252,1352.03333333333,53.4959271159179,-130.756462141531,6.38452318692297,7.54168971186933,40.8900084376733,51.0590454152562,108.955786004269,157.441980810233,"[-0.1, -0.5)","VPD 5-9 kPa",1.18124556698557,26.6447081735563
"3d","fag","fag01",4,2024-09-29 14:00:00,5,624.5,2024-09-29 13:55:00,922.9375,1,12.0355,36.2397354735392,991.616666666665,38.0057083333333,24.2327916666666,18.8534583336518,42.30775,31.6055,1180.575,57.2672503549157,-129.926247518649,6.46769664894246,6.83936088493125,41.0496695151802,51.8942653011216,108.493741207894,156.182368571894,"[-0.1, -0.5)","VPD 5-9 kPa",1.05746469820126,26.4595936760978
"3d","fag","fag01",4,2024-09-29 15:00:00,5,627,2024-09-29 14:53:20,922.416666666667,1,12.0328888888889,36.6815410290948,128.561111111111,37.7315555555555,23.6064444444444,18.2252010510963,37.056,34.2123333333333,692.45,43.6868462577718,-129.07133592014,4.74180698851602,7.70077579081217,35.2835944023932,37.7266867707248,107.376674059813,154.701667219529,"[-0.1, -0.5)","VPD 3-4 kPa",1.62401713301751,21.6325945764633
"3d","fag","fag01",4,2024-09-30 08:00:00,5,669.5,2024-09-30 07:55:00,928.666666666667,1,12.0351666666666,35.7916639900131,694.325,69.669,14.8164166666667,5.16055412532521,26.8745,59.719,612.45,14.5199167550764,-152.932778748668,2.88741734592458,14.7266856212138,26.480845394694,13.6804545307032,190.887014662884,413.114815019,"[-0.1, -0.5)","VPD 1-2 kPa",5.1002968594061,21.2256284449903
"3d","fag","fag01",4,2024-09-30 09:00:00,5,672,2024-09-30 08:56:40,928.490740740741,1,12.0395555555556,34.538311412419,867.033333333333,59.9852222222222,18.3385555555555,8.54182094064105,33.4953333333333,50.7123333333333,842.033333333333,26.0427877760365,-155.369094085473,4.41092028914519,13.493211060467,32.6808793576935,23.6971989144007,173.948965542737,383.857210493897,"[-0.1, -0.5)",NA,3.05904667868797,26.3445418587619
"3d","fag","fag01",4,2024-09-30 10:00:00,5,674.5,2024-09-30 09:55:00,926.902777777777,1,12.0368333333333,35.1133328339064,1025.575,56.0513333333333,20.62325,10.7406055519753,37.1705,43.1505,933.7,36.2127355138606,-156.043436222278,4.80342474484928,10.9663655087412,36.353058686474,33.4753371349054,127.561409925609,200.008131094359,"[-0.1, -0.5)","VPD 3-4 kPa",2.2830305649111,27.4548701104919
"3d","fag","fag01",4,2024-09-30 11:00:00,5,677,2024-09-30 10:56:40,926.074074074074,1,12.039,32.1919439450175,1562.98240740741,48.0213148148148,22.6768703703704,14.465464481075,40.1733333333333,36.097,1360.78333333333,48.0781590861536,-155.511708625751,4.53466134749244,7.13392760678678,41.443544391964,53.3764868712129,75.7237205729491,96.9810411607845,"[-0.1, -0.5)","VPD 5-9 kPa",1.57319964162962,26.9967697495807
"3d","fag","fag01",4,2024-09-30 12:00:00,5,679.5,2024-09-30 11:55:00,924.875,1,12.0353333333333,33.5959717227954,1598.28333333334,39.6630416666667,24.4902083333333,18.6459585111492,42.919,30.183,1400.575,60.3744149559449,-154.577863832029,4.88964483461447,5.07129374733127,44.0404286871612,65.5516554333224,64.5686118260564,78.9199496807507,"[-0.1, -0.5)","VPD 5-9 kPa",1.03714971513491,26.0898165959705
"3d","fag","fag01",4,2024-09-30 13:00:00,5,682,2024-09-30 12:56:40,922.361111111111,1,12.0342222222222,33.3818328339064,1303.21388888889,34.3402222222222,26.7008611111111,23.2068162177906,44.928,27.2281666666667,1330.78333333333,69.9068926880673,-153.072664921224,5.04917986614069,3.54885495413372,45.603522293558,73.2943292390484,59.5458711452439,71.6830114310605,"[-0.1, -0.5)","VPD 5-9 kPa",0.70285770129363,26.1183222531767
"3d","fag","fag01",4,2024-09-30 14:00:00,5,684.5,2024-09-30 13:55:00,923.916666666667,1,12.031,33.2324995005731,763.268452380952,29.1908154761905,27.5005714285714,26.1548975292585,45.6005,24.359,1158.7,75.1032983967679,-152.070976338696,4.7735388236424,2.68384957060788,45.8129499880252,76.1772669828955,53.9864284640437,63.722998315031,"[-0.1, -0.5)","VPD 5-9 kPa",0.562234784247549,24.1867693549118
"3d","fag","fag01",4,2024-09-30 15:00:00,5,687,2024-09-30 14:56:40,923.736111111111,1,12.0304444444444,35.2778328339064,121.338888888889,29.947,26.5161666666667,24.3814239083657,40.9456666666667,25.535,667.866666666667,60.6802482752029,-151.053140786414,3.54469988630737,3.32376879102871,40.0945507920408,57.8758148257174,55.480320253242,65.9633050729666,"[-0.1, -0.5)","VPD 5-9 kPa",0.937672834833753,19.8969838946513
"3d","fag","fag01",4,2024-10-01 09:00:00,6,2,2024-10-01 08:56:40,924.777777777778,0.722222222222222,12.0303333333333,32.9034022323026,994.116666666667,69.4483055555555,20.8533055555556,7.57378164026493,35.769,51.734,862.033333333333,28.6919470960213,-187.355812720728,4.03931654778359,11.7899555442706,35.3659744886879,27.4169278835333,135.149906350399,228.660449861046,"[-0.1, -0.5)",NA,2.91879960503216,30.4867129208063
"3d","fag","fag01",4,2024-10-01 10:00:00,6,4.5,2024-10-01 10:00:00,923.3125,1,12.0338333333333,33.2084161672397,670.2625,71.5499166666667,20.9325416666667,7.08430589029214,30.199,59.3775,589.95,17.5874140325929,-188.406335415852,2.37331293313688,13.0196466104087,30.3100047752387,17.796037779282,116.747271002221,188.741080885283,"[-0.1, -0.5)","VPD 1-2 kPa",5.48585331020812,25.5950051518096
"3d","fag","fag01",4,2024-10-01 11:00:00,6,7,2024-10-01 10:56:40,922.253086419753,0.902777777777778,12.0381111111111,32.9735180190916,1304.88055555556,62.3896388888889,23.9324722222222,11.3075161450169,39.959,43.6143333333333,1401.2,42.4243352092016,-187.526695356959,4.55308844368622,8.74050340088002,41.4247428856141,48.7846278513838,86.932070275673,120.065273913114,"[-0.1, -0.5)",NA,1.9196867157282,32.2484979232691
"3d","fag","fag01",4,2024-10-01 12:00:00,6,9.5,2024-10-01 12:00:00,920,1,12.0366666666667,35.2748188068726,784.324999999998,55.50875,24.7180833333334,13.9673293064139,37.0205,42.674,618.7,38.5019088603631,-186.142582779449,3.06683750936586,9.2805092269396,36.4960533710976,36.7019767831611,78.4051383923594,101.780203171799,"[-0.1, -0.5)","VPD 3-4 kPa",3.02608442690482,26.9308040350156
"3d","fag","fag01",4,2024-10-01 13:00:00,6,12,2024-10-01 13:00:00,918.722222222222,1,12.0303333333333,35.7502447327985,683.977777777778,52.1391111111111,25.0958333333333,15.3714164001925,33.152,51.2006666666667,698.7,25.5976397008739,-185.294655465831,3.496909452647,12.1097073706084,32.586623249233,23.8888521012124,125.272289810645,198.011148560218,"[-0.1, -0.5)",NA,3.46297424471256,26.0917855126242
"3d","fag","fag01",4,2024-10-01 14:00:00,6,14.5,2024-10-01 14:00:00,917.895833333333,0.979166666666667,12.0356666666667,35.2355410290947,921.408333333335,42.1425833333333,27.40275,21.2263325722061,45.7715,29.9145,1141.2,70.1866776158159,-184.924966410285,5.54620538442634,3.28827892614324,45.2068455033316,67.3111157204297,70.7715950891357,89.1930473602616,"[-0.1, -0.5)","VPD 5-9 kPa",0.592888055566184,29.9640588867007
"3d","fag","fag01",4,2024-10-01 15:00:00,6,17,2024-10-01 15:00:00,916.962962962963,1,12.031,35.4887447327985,134.672222222222,41.1725555555556,26.7628333333333,20.7716602982676,40.5453333333333,31.0783333333333,669.533333333333,55.057676416426,-185.180708084482,3.19508850480224,4.4399662678124,40.183528315518,54.4289242035172,57.566390891891,70.8423712264622,"[-0.1, -0.5)","VPD 5-9 kPa",1.38962230972291,23.7077053306223
"3d","fag","fag01",4,2024-10-02 10:00:00,6,64.5,2024-10-02 10:00:00,918.486111111112,0,12.039,32.9990965846503,831.2,64.0303333333333,24.0103333333333,10.8127837402024,36.3555,52.674,944.95,30.6075392901846,-226.09774935238,3.72203597997354,12.0812086737082,36.7303897122626,32.8427176383051,127.788679303056,237.686000432077,"[-0.1, -0.5)","VPD 3-4 kPa",3.2458602600059,32.0558665067125
"3d","fag","fag01",4,2024-10-02 11:00:00,6,67,2024-10-02 11:00:00,917.592592592593,0,12.0316666666667,32.9330225105763,625.644444444444,65.2247777777778,23.9923888888889,10.4193598280485,31.765,57.672,578.7,20.0707902348774,-226.809993955869,1.98005085840304,13.0676047736208,32.2480332185562,21.3761137019704,82.4746491579172,108.070793653735,"[-0.1, -0.5)",NA,6.5996308721889,27.1799092412335
"3d","fag","fag01",4,2024-10-04 08:00:00,6,146,2024-10-04 07:53:20,921.986111111111,0,12.0341111111111,33.4942076957614,669.811111111111,72.1199444444444,13.8153888888889,4.47831916223299,24.1573333333333,60.5696666666667,580.366666666667,12.0523691515575,-385.093285642909,2.57692362220191,10.0419514168947,23.9061347396226,11.6282260530519,200.713201289866,464.329575181875,"[-0.1, -0.5)","VPD 1-2 kPa",3.8968758446609,18.3208216909368
"3d","fag","fag01",4,2024-10-04 09:00:00,6,148.5,2024-10-04 08:55:00,921.222222222222,0,12.0386666666666,32.6186869315005,1017.03333333333,59.547,16.06025,7.41949614408367,29.148,49.9145,818.7,20.4113271903774,-391.198025165813,3.12132744945878,9.64228079700867,29.3782117721881,20.9606432771653,135.107392297721,223.089855282378,"[-0.1, -0.5)",NA,3.08916028617266,20.253411180098
"3d","fag","fag01",4,2024-10-04 10:00:00,6,151,2024-10-04 09:53:20,919.976851851852,0,12.0395555555555,32.4673068399981,985.783333333333,55.7208888888889,17.3066111111111,8.79077471999937,31.851,41.8393333333333,922.866666666667,27.5808304517726,-392.250306637766,3.32147509208599,8.07713452854213,32.4208966811153,29.2152098114623,103.127975859577,147.955592639466,"[-0.1, -0.5)",NA,2.43179138924972,19.8144803023392
"3d","fag","fag01",4,2024-10-04 11:00:00,6,153.5,2024-10-04 10:55:00,918.270833333333,0,12.038,32.5390688068725,1367.1375,52.2117916666667,18.4865833333333,10.2146561420573,33.824,37.546,1311.825,33.2013204403037,-388.196245592194,3.58050712061383,6.96483914937195,35.9599244899341,39.8702651466055,79.7085562917968,103.115338186303,"[-0.1, -0.5)","VPD 3-4 kPa",1.94521024948497,19.8661217850313
"3d","fag","fag01",4,2024-10-04 12:00:00,6,156,2024-10-04 11:53:20,916.055555555555,0,12.0358888888889,33.7963558439096,1415.78333333333,49.2686666666667,19.7178055555555,11.7068810651777,36.527,31.852,1358.7,41.8630188131557,-383.093158354231,3.41683450509524,5.74437276636122,39.2561682182672,51.6396466602762,57.7611454989429,69.1582697595654,"[-0.1, -0.5)","VPD 5-9 kPa",1.68119724786059,19.5669673462633
"3d","fag","fag01",4,2024-10-04 13:00:00,6,158.5,2024-10-04 12:55:00,914.1875,0,12.0306666666667,32.6621591537228,1324.84583333334,47.0947916666667,20.6055,12.9010117421653,36.7415,31.978,1298.7,42.3727522124633,-378.094280351429,3.62162101413166,5.77080440271109,38.8452958110116,49.8666395062379,63.3676722812035,77.1916798582722,"[-0.1, -0.5)",NA,1.59343133370203,19.8759711101374
"3d","fag","fag01",4,2024-10-04 14:00:00,6,161,2024-10-04 13:53:20,914.564393939394,0,12.0325555555556,32.5187123714394,809.949999999999,44.8059545454545,20.6861565656566,13.5271196041224,33.7956666666667,34.7416666666667,903.283333333333,35.1658726701551,-373.361997977474,3.1310551021396,6.44932226365195,34.5094540722146,37.6754470274633,76.9399751639204,99.8867128782323,"[-0.1, -0.5)","VPD 3-4 kPa",2.05979200405793,18.3532744005999
"3d","fag","fag01",4,2024-10-04 15:00:00,6,163.5,2024-10-04 14:55:00,915.111111111111,0,12.03,35.5673743624281,227.658333333333,44.3993333333334,20.734,13.6623826195694,34.103,33.59,728.7,35.6983740273131,-371.104515931085,3.63600775527986,7.08306754936969,33.3831305549484,33.6943805518276,94.435776629869,128.817673922987,"[-0.1, -0.5)","VPD 3-4 kPa",1.94803422492274,18.0514394078644
"3d","fag","fag01",4,2024-10-05 08:00:00,6,206,2024-10-05 07:56:40,922.703703703704,0,12.0308888888889,36.025800288354,690.741666666667,74.8571,11.2908888888889,3.43837299884269,22.9133333333333,57.2893333333333,602.033333333333,12.2404395710959,-498.745263164535,2.53642299495199,9.96210865087038,22.780499748228,12.0428377199614,193.369164724829,431.965789634826,"[-0.1, -0.5)","VPD 1-2 kPa",3.92762116992988,16.076900588599
"3d","fag","fag01",4,2024-10-05 09:00:00,6,208.5,2024-10-05 08:55:00,922.4375,0,12.035,34.2937910290948,1015.05416666666,62.4265,14.802875,6.37496003476312,29.66275,48.41275,829.325,21.7354330990328,-510.44608850652,3.47848938562709,8.47325385680656,29.5587527397414,21.4594343649871,147.132923952578,256.993492957435,"[-0.5 -1.5)",NA,2.43590044914828,20.2357522996995
"3d","fag","fag01",4,2024-10-05 10:00:00,6,211,2024-10-05 09:56:40,920.763888888889,0,12.0393333333333,33.7211706587244,808.144444444444,61.9050277777778,16.3241944444444,7.15923990411392,31.5933333333333,42.1163333333333,764.95,27.3788423358662,-513.801768245607,2.88126280568563,8.03388706140664,31.8700459044107,28.1915679881747,90.6740399867314,122.276891747475,"[-0.5 -1.5)",NA,2.78832151150991,19.6565732650285
"3d","fag","fag01",4,2024-10-05 11:00:00,6,213.5,2024-10-05 10:55:00,918.479166666667,0,12.04,34.8030784794532,909.325,51.8801666666667,18.5991666666667,10.3628358831736,30.66025,40.07975,1017.45,26.6130526074576,-510.324644233524,2.48160413959967,7.02889355943277,32.8590259177531,32.5490878924188,71.5379709396026,94.1712830705757,"[-0.5 -1.5)","VPD 3-4 kPa",2.83239919182544,17.7385757246421
"3d","fag","fag01",4,2024-10-05 12:00:00,6,216,2024-10-05 11:56:40,915.863756613757,0,12.0331111111111,34.5811938529209,1029.39444444445,48.7960793650793,20.3897301587301,12.3276918760275,35.7976666666667,33.1786666666667,983.7,40.0432428727408,-502.917845010682,3.04896215595218,5.88202951420599,37.0708496755429,44.652513323279,64.1897659183025,80.3887315593983,"[-0.5 -1.5)",NA,1.92919072567795,19.582945659563
"3d","fag","fag01",4,2024-10-05 13:00:00,6,218.5,2024-10-05 12:55:00,913.083333333333,0,12.037,36.0803465846503,867.866666666667,47.5333333333333,21.1988333333334,13.2776728154383,34.8755,32.857,836.2,38.0121865376958,-495.050430739419,2.59200570806401,5.81461674652776,36.0215859238875,42.0313781740025,58.3718021542807,71.8059578638305,"[-0.1, -0.5)",NA,2.24328855775196,18.4311947644441
"3d","fag","fag01",4,2024-10-05 14:00:00,6,221,2024-10-05 13:56:40,911.365740740741,0,12.0334444444444,34.1191151031688,679.533333333334,48.1552222222222,22.2241666666667,13.959324923078,38.9296666666667,29.6703333333333,1032.03333333333,49.5681935354206,-487.940524836547,3.34757111528698,3.97446111725795,40.1172790632566,54.3361978086106,55.3105699540972,66.3497134352244,"[-0.1, -0.5)","VPD 5-9 kPa",1.18726712006452,20.762143886951
"3d","fag","fag01",4,2024-10-05 15:00:00,6,223.5,2024-10-05 14:55:00,912.229166666667,0,12.0308333333333,36.767763251317,280.783333333333,50.0875833333334,22.8181666666667,13.9276588395379,37.707,30.5615,724.95,45.4904230697226,-482.444767691264,3.25870653903199,4.01458465638289,37.4312675425797,44.5150239050436,63.671198835783,77.6052409132577,"[-0.1, -0.5)",NA,1.23195648589316,20.0200401343204
"3d","fag","fag01",4,2024-10-06 09:00:00,6,268.5,2024-10-06 08:55:00,923.743055555555,0,12.038,33.7520251011242,546.338888888889,60.5465833333334,20.3963611111111,9.51282098171155,29.3625,52.943,508.7,19.9040361375769,-558.721889813612,2.13985610351278,8.78738075469013,29.3434910805289,19.7331983238377,90.3411345695164,126.57958121963,"[-0.5 -1.5)","VPD 1-2 kPa",4.10652881764563,21.7498682059098
"3d","fag","fag01",4,2024-10-06 12:00:00,6,276,2024-10-06 11:56:40,919.101851851852,0,12.0361111111111,33.6969113994651,607.45,59.5808888888889,23.6028888888889,11.861863299281,31.1216666666667,51.2573333333333,532.866666666667,22.268474233061,-563.632446173932,2.11194393761898,8.23137007923345,31.2132928305379,22.5343705008515,84.1505439037242,110.950914365388,"[-0.5 -1.5)",NA,3.89753247357197,23.2902896288412
"3d","fag","fag01",4,2024-10-08 08:00:00,6,385.5,2024-10-08 07:50:00,917.25,0,12.037,32.6381243624281,607.866666666667,67.7280833333334,17.9655,6.69300062275879,25.866,64.7005,556.2,12.0007175281242,-795.143738689664,2.13856361541391,9.57757188397125,25.9893536842877,12.2637481329001,159.122669502209,294.489822293377,"[-0.5 -1.5)","VPD 1-2 kPa",4.47850688889494,21.6681211561843
"3d","fag","fag01",4,2024-10-08 09:00:00,6,388,2024-10-08 08:50:00,914.578703703704,0,12.0394444444445,34.6286706587244,930.366666666668,61.7463888888889,19.3906666666667,8.66285371586213,30.778,52.5113333333333,795.366666666667,21.2491005528578,-800.874119002386,2.55106551156541,7.31599997065653,31.6198782791334,23.4837272431676,98.0422682839572,137.783713512928,"[-0.5 -1.5)",NA,2.86782128388667,23.3973211659226
"3d","fag","fag01",4,2024-10-08 10:00:00,6,390.5,2024-10-08 09:50:00,914.548611111112,0,12.0345,33.5544576957614,679.533333333333,60.03425,20.0729166666667,9.42852012965687,28.44,55.3725,612.45,17.4575247509109,-796.980917550796,2.24567242828481,8.55017445039646,28.7378476241962,18.2285040428824,111.009854156153,162.639592163182,"[-0.5 -1.5)","VPD 1-2 kPa",3.80740055526569,21.5653933714144
"3d","fag","fag01",4,2024-10-08 11:00:00,6,393,2024-10-08 10:50:00,914.359126984127,0,12.0301111111111,35.4693188068725,1121.11071428571,55.5581428571429,21.214369047619,11.2566458850732,32.8376666666667,39.1453333333333,1212.86666666667,30.4973486560932,-788.853244262844,1.38790095187247,5.56216441063614,38.217245212378,47.9280210416814,25.7876101696152,27.9096284438605,"[-0.5 -1.5)",NA,4.00760904669171,19.5995386482895
"3d","fag","fag01",4,2024-10-08 12:00:00,6,395.5,2024-10-08 11:50:00,914.208333333333,0,12.0336666666667,35.6858743624281,1383.7,53.0585833333334,21.853,12.3547600057584,34.75725,33.9135,1224.325,36.8571457780485,-780.271691213903,1.42857527634508,2.52389835640412,40.1932808097388,56.5511791332164,23.156211958835,24.9289977742677,"[-0.5 -1.5)","VPD 5-9 kPa",1.7667240909148,18.8996713965233
"3d","fag","fag01",4,2024-10-08 13:00:00,6,398,2024-10-08 12:50:00,913.277777777778,0,12.0345555555555,34.9668928809466,1085.43611111111,49.9802222222222,22.4285,13.640859957938,35.34,31.8193333333333,1147.03333333333,39.5604854051538,-774.45510554874,1.11243585581325,3.76198275413175,40.8633580704744,59.7397639969344,17.0395192243672,18.1590620719259,"[-0.5 -1.5)","VPD 5-9 kPa",3.38175251586219,18.3131909593398
"3d","fag","fag01",4,2024-10-08 14:00:00,6,400.5,2024-10-08 13:50:00,912.125,0,12.0303333333333,33.5953465846503,626.075,51.4866166666666,22.3906333333333,13.2268319288792,30.4995,41.1175,529.325,26.8684129287144,-771.606570047329,0.936309700307952,4.20065736138059,32.3775525233123,32.4298646643944,31.0325144728511,34.8644408726609,"[-0.5 -1.5)","VPD 3-4 kPa",4.48639735335328,18.0314585934799
"3d","fag","fag01",4,2024-10-09 10:00:00,6,450.5,2024-10-09 09:50:00,910.208333333333,0,12.034,33.1733465846503,720.054166666667,63.384375,22.1264583333333,9.87538837234504,30.95,52.6615,655.575,21.46050474693,-948.627674504358,1.74907939067218,6.36444603553521,32.1861906567424,24.7741180343686,68.6460311973072,92.7415424069661,"[-0.5 -1.5)",NA,3.638740510852,23.6955101217393
"3d","fag","fag01",4,2024-10-09 14:00:00,6,460.5,2024-10-09 13:55:00,905.104166666667,0,12.0365,34.3749576957614,554.116666666667,52.04725,25.1130833333333,15.3628495614122,29.3625,52.0635,812.45,19.8399536776801,-923.62472123319,1.3313232604383,5.50145986360477,32.318642949087,28.2972741838673,47.8110704721947,56.7025055473133,"[-0.5 -1.5)",NA,4.13232460296198,21.3885549239443
"3d","fag","fag01",4,2024-10-09 15:00:00,6,463,2024-10-09 14:53:20,904.092592592593,0,12.0327777777778,34.637263251317,373.561111111111,50.6722777777778,25.9918333333333,16.6520304473927,35.7976666666667,36.1173333333333,664.533333333333,39.3245214043438,-919.875795432427,1.22334243328785,1.24603249009849,38.0113178288657,47.7197435439779,19.5149631897511,20.8222148299027,"[-0.5 -1.5)",NA,1.01854759239378,21.3174261383316
"3d","fag","fag01",4,2024-10-10 08:00:00,6,505,2024-10-10 07:53:20,917.892195767196,0,12.0362222222222,34.9038188068725,588.065079365079,72.8638492063492,15.7559365079365,4.95266646657177,25.8733333333333,57.9566666666667,502.033333333333,14.578486738924,-1127.47790514752,1.9588666592904,8.23214471204767,25.9611583909497,14.8065290914822,124.343197826602,196.103984057406,"[-0.5 -1.5)","VPD 1-2 kPa",4.20250386773635,19.4180487090969
"3d","fag","fag01",4,2024-10-10 09:00:00,6,507.5,2024-10-10 08:55:00,918.194444444444,0,12.0391666666666,35.8600410290947,937.102777777778,60.4006388888888,17.7064166666666,8.06479446108405,30.7355,42.4175,723.075,25.5997666860362,-1136.43736717832,1.85912122380127,5.42984492646113,32.2104257651788,29.4824362871721,55.9072499918472,66.4205570711141,"[-0.5 -1.5)",NA,2.92065135771993,18.8540546961464
"3d","fag","fag01",4,2024-10-10 10:00:00,6,510,2024-10-10 09:53:20,918.888888888889,0,12.0388888888889,34.8012817698355,931.130555555554,56.0311388888889,18.5826944444444,9.45587537634616,32.58,36.1496666666667,903.7,31.5815012593479,-1126.257763216,1.74459784368534,4.48093860694814,35.3618485229473,40.0505563298995,39.0661347936777,44.0270760134675,"[-0.5 -1.5)",NA,2.56846506096927,17.8392178905248
"3d","fag","fag01",4,2024-10-10 11:00:00,6,512.5,2024-10-10 10:55:00,918.75,0,12.0353333333333,35.0262354735392,1231.825,54.135375,19.2069166666667,10.2540272710498,34.7785,30.60425,1026.825,38.8758484714331,-1105.86953811383,1.69087776903886,2.71463092234757,38.4697706045356,51.9612056654746,30.00333476658,32.9597328870384,"[-0.5 -1.5)","VPD 5-9 kPa",1.60545662853598,17.075547270219
"3d","fag","fag01",4,2024-10-10 12:00:00,6,515,2024-10-10 11:53:20,917.652777777778,0,12.0301111111111,34.442763251317,1356.89444444444,51.3522222222222,20.2533611111111,11.6075319986814,36.9273333333333,27.139,1304.11666666667,45.7742879833439,-1082.52537153686,1.62058702292498,1.9945200209722,42.4991388772055,67.5968390485696,21.0133490546717,22.4014352167607,"[-0.5 -1.5)","VPD 5-9 kPa",1.23073922767339,17.0401884611187
"3d","fag","fag01",4,2024-10-10 13:00:00,6,517.5,2024-10-10 12:55:00,915.078125,0,12.0308333333334,34.5185410290947,1266.825,47.8736041666667,20.8189791666667,12.8729452704154,36.162,26.74,1222.45,44.1150049677848,-1063.28659995699,1.52439135572788,2.29015296678563,41.3929766176138,63.6839535547067,20.7478264048949,22.0381814344072,"[-0.5 -1.5)","VPD 5-9 kPa",1.50233925046898,16.1015635186171
"3d","fag","fag01",4,2024-10-10 14:00:00,6,520,2024-10-10 13:53:20,913.842592592592,0,12.0317777777778,34.6880225105762,897.311111111109,44.293,20.9563888888889,13.8741693966689,35.769,26.4873333333333,1033.7,43.3270577458128,-1048.24989265822,1.67925726164465,2.48967596789468,39.5233361150311,56.7020832856076,25.8968977367161,27.9518540428371,"[-0.5 -1.5)","VPD 5-9 kPa",1.48260544989772,15.608917295609
"3d","fag","fag01",4,2024-10-10 15:00:00,6,522.5,2024-10-10 14:55:00,913.347222222222,0,12.03,35.5172632513169,229.95,46.0773333333334,20.5964166666666,13.1353571121952,33.3525,28.999,739.95,36.6818856733388,-1037.16021888664,1.67092161678821,3.53588325121705,35.2989317757606,42.6433507899328,34.6155330608679,38.3748516579075,"[-0.5 -1.5)",NA,2.11612754044897,14.9447744588659
"3d","fag","fag01",4,2024-10-11 08:00:00,6,565,2024-10-11 07:56:40,927.402777777778,0,12.0303333333333,35.0699920251833,606.963888888889,76.4574444444444,14.0346111111111,3.80933132302994,24.5935,56.3818333333333,544.533333333333,13.8693733180369,-1414.72698657202,1.5791238767531,7.43855312099629,25.4388422151995,15.6513329250751,100.723776394901,152.111010267594,"[-0.5 -1.5)","VPD 1-2 kPa",4.71055705667057,17.5054192340724
"3d","fag","fag01",4,2024-10-11 09:00:00,6,567.5,2024-10-11 08:55:00,925.333333333333,0,12.0366666666667,35.6766799179836,909.95,68.1997083333333,16.2452916666666,5.93887458884033,30.7995,45.0305,737.45,25.1155051643273,-1413.82633393126,2.1015345227982,4.55489948237333,31.9721742647628,28.1752119831593,69.7305150593126,87.9391109608208,"[-0.5 -1.5)",NA,2.16741596816999,20.0887367392569
"3d","fag","fag01",4,2024-10-11 10:00:00,6,570,2024-10-11 09:53:20,923.753086419753,0,12.0392222222222,34.6852262142799,924.741666666668,61.3398240740741,17.8642777777778,7.96535961712678,35.1181666666667,34.1758333333333,1023.28333333333,38.3202611387765,-1391.16147710988,1.59661887688714,2.49851366065418,38.9127242108803,51.8618317636934,28.9885127248555,31.7693374384086,"[-0.5 -1.5)","VPD 5-9 kPa",1.56487794101836,19.4300144437491
"3d","fag","fag01",4,2024-10-11 11:00:00,6,572.5,2024-10-11 11:00:00,921.298611111112,0,12.0308333333333,33.0636591537228,1355.99166666667,52.5799166666666,20.03,11.2081978344441,40.9885,24.298,1367.45,59.3402992104746,-1354.12640121832,1.6628603296655,0.319328915482828,46.9040869711021,87.6186115025465,16.8349080322809,17.7371403385989,"[-0.5 -1.5)","VPD 5-9 kPa",0.192035921349489,18.9760917945677
"3d","fag","fag01",4,2024-10-11 12:00:00,6,575,2024-10-11 11:56:40,919.180555555556,0,12.0366666666667,34.6071521402059,1292.45,46.1004444444444,21.5546111111111,13.93889957988,41.775,21.7093333333333,1335.36666666667,63.7704163549353,-1307.77242867052,1.51875765250735,0.240230935010534,47.7744404394943,93.2658432985341,13.8792890431153,14.4479725353702,"[-0.5 -1.5)",NA,0.158175950332781,17.6730860485323
"3d","fag","fag01",4,2024-10-11 13:00:00,6,577.5,2024-10-11 13:00:00,914.347222222222,0,12.0328333333334,35.471763251317,1239.95,42.24375,23.022,16.3296753654173,41.868,21.172,1208.7,64.4862167050651,-1253.14148539155,1.5702746166017,0.142064884537409,46.9669065850741,89.1324720001772,15.0172794497957,15.6810526918719,"[-0.5 -1.5)","VPD 5-9 kPa",0.0904713628020413,17.320201537085
"3d","fag","fag01",4,2024-10-11 14:00:00,6,580,2024-10-11 13:56:40,914.171296296296,0,12.03,35.7952817698355,915.227777777777,38.3461111111111,23.2226666666667,17.6453485376778,40.3876666666667,20.9363333333333,962.866666666667,60.0733401961768,-1215.02672661936,1.53867666180748,0.348146875010097,43.9980411235092,76.2485071559022,17.639818158022,18.5761387778308,"[-0.5 -1.5)","VPD 5-9 kPa",0.226263830245615,15.8377704232911
"3d","fag","fag01",4,2024-10-11 15:00:00,6,582.5,2024-10-11 15:00:00,914.381944444445,0,12.031,36.3366799179837,296.2,40.783,22.3570833333333,16.0671513577583,31.7435,31.807,524.95,32.1552728936645,-1184.53701637305,1.59228505809647,3.87058877809872,32.524182693863,34.2818209489115,41.032751320124,46.3919943867267,"[-0.5 -1.5)","VPD 3-4 kPa",2.43083910033414,14.9718942829718
"3d","fag","fag01",4,2024-10-13 10:00:00,6,690,2024-10-13 10:00:00,925.814814814815,0,12.0394444444444,34.8710595476133,524.533333333333,86.728,18.1668888888889,2.82381398133251,24.2573333333333,74.2206666666667,682.866666666667,8.27535811548132,-1700.05878004938,1.40150851587039,9.32280822880394,25.9200720729256,11.8278413740261,87.3032734688956,126.725809592239,"[-1.5 -3.5)","VPD 1-2 kPa",6.65198114976429,22.5849266335086
"3d","fag","fag01",4,2024-10-13 11:00:00,6,692.5,2024-10-13 11:00:00,927.159722222222,0,12.035,32.619513251317,1084.95,77.9893333333333,20.5965833333333,5.37505154188247,37.0845,42.8085,1431.2,36.6308549604842,-1697.64458192849,1.70221417698668,2.91808153426584,43.1773426004309,61.1415537095996,26.3715225527357,29.0423732137431,"[-1.5 -3.5)","VPD 5-9 kPa",1.71428576598483,27.1100360095887
"3d","fag","fag01",4,2024-10-13 13:00:00,6,697,2024-10-13 12:50:00,924.666666666667,0,12.0355555555556,36.5841336216873,1159.04722222222,71.5481388888889,23.3805833333334,8.22966790194129,41.9466666666667,32.3323333333333,1137.45,55.6058654056492,-1633.84315004901,1.16786271139477,0.170855408293343,47.3021887264629,81.7318461748815,12.2529370079355,12.6967764019757,"[-1.5 -3.5)","VPD 5-9 kPa",0.146297511365263,26.5597881907123
"3d","fag","fag01",4,2024-10-13 15:00:00,6,702,2024-10-13 14:50:00,920.554292929293,0,12.0305555555556,34.2289854735392,339.167171717172,62.8327398989899,24.7373055555555,11.6780933912252,37.242,34.8636666666667,588.283333333333,42.4758742046865,-1513.39650022836,0.603135960096087,1.41986041611312,40.1018164465083,53.726980021799,9.60038357863465,9.88846244296285,"[-1.5 -3.5)","VPD 5-9 kPa",2.35412993098094,22.2687720621273
"3d","fag","fag02",2,2024-09-02 12:00:00,4,2,2024-09-02 11:50:00,959.818181818182,1,15.6946666666667,35.4610336752334,1460.06363636364,55.7423636363636,29.9277272727273,18.9708033870598,40.302,58.046,1391.2,31.5928035913793,-0.0979931012856695,8.05850347772893,12.4706938066728,39.1353694309997,27.0426190797461,268.964124018227,863.733106582783,"(0, -0.1 MPa)",NA,1.54751981445906,43.7106325324213
"3d","fag","fag02",2,2024-09-02 13:00:00,4,4,2024-09-02 13:10:00,958,1,12.99,32.3408888888889,1258.7,47.5380909090909,31.548,24.431688161097,43.091,56.02,1464.95,38.3584291808348,-0.0979931012856695,10.2987963223566,9.5292323268191,41.2722929954596,30.4187271567108,302.656157477227,1344.30907688616,"(0, -0.1 MPa)","VPD 3-4 kPa",0.925276316624795,48.8594634540784
"3d","fag","fag02",2,2024-09-02 14:00:00,4,6.5,2024-09-02 14:10:00,956.979166666667,1,12.97,33.0894942528735,882.118560606059,47.5970795454545,31.5967007575757,24.5273481570757,40.431,55.8245,1134.95,34.1072195001388,-0.0979931012856695,7.16347437807678,9.25519696422498,39.1619608292731,28.8096046122154,217.362871802873,552.055491351328,"(0, -0.1 MPa)",NA,1.29199833429289,42.3271136013484
"3d","fag","fag02",2,2024-09-05 12:00:00,4,142,2024-09-05 11:40:00,952.958333333333,1,12.04,36.0123743624281,1807.86666666667,50.0943333333333,21.8941666666667,13.1666201097041,33.567,56.313,1681.2,22.7860648267243,-0.0979931012856695,7.18089477194659,14.3659689635761,33.4162168001459,22.3481118110732,293.176460346262,1175.48578518797,"(0, -0.1 MPa)",NA,2.00058201934656,29.3714759216088
"3d","fag","fag02",2,2024-09-05 13:00:00,4,144,2024-09-05 12:30:00,952,1,12.0416666666667,36.1484299179836,1528.28333333333,46.4576666666667,22.7091666666667,14.855657544414,32.837,53.016,781.2,23.5233716962609,-0.0979931012856695,6.13149051692453,13.9827403620104,30.970666026902,18.5055103071209,303.568780171797,1362.50278294636,"(0, -0.1 MPa)","VPD 1-2 kPa",2.28047981537513,26.5433993242161
"3d","fag","fag02",2,2024-09-06 12:00:00,4,193.5,2024-09-06 11:55:00,941.714285714286,1,12.5858333333333,37.1120272138739,712.842857142857,72.0653428571429,22.6893857142857,7.73770036370073,28.676,73.6755,717.45,10.408409704095,-0.0979931012856695,3.15451174020414,16.3517459180602,28.5109001004825,10.0274228265743,285.242518579764,1061.62301515363,"(0, -0.1 MPa)","VPD 1-2 kPa",5.18360597922583,29.0892777167953
"3d","fag","fag02",2,2024-09-06 13:00:00,4,196,2024-09-06 12:56:40,940.541666666667,1,12.0096666666667,37.0300542784163,882.658333333334,69.266,24.2635277777778,9.40467915215684,30.3848333333333,71.7015,754.116666666667,12.3947520204097,-0.0979931012856695,3.66222690970601,15.3270464634662,30.0019103010171,11.4215743994473,288.135215750161,1147.19944391224,"(0, -0.1 MPa)","VPD 1-2 kPa",4.18517116534884,31.2380278139497
"3d","fag","fag02",2,2024-09-06 15:00:00,4,201,2024-09-06 14:55:00,938.979166666667,1,12.2976666666667,37.8258938492064,435.7,64.5102166666667,25.2181916666666,11.5680704037922,29.68425,69.46925,522.45,13.0878923465171,-0.0979931012856695,2.46191435194164,10.4526185444469,29.4517229908824,12.4446246402083,167.805226357229,336.487150621373,"(0, -0.1 MPa)","VPD 1-2 kPa",4.24572793777463,29.0729727638862
"3d","fag","fag02",2,2024-09-07 08:00:00,4,243,2024-09-07 07:50:00,943.6,1,12.6553333333333,35.4610336752334,683.2,71.8506,20.3292,6.74522969134722,28.376,73.187,873.7,10.40385297218,-0.0979931012856695,3.28023646043715,15.3031116549275,28.5947207601429,10.8996545187712,273.788799155808,915.5434625473,"(0, -0.1 MPa)","VPD 1-2 kPa",4.66524649655534,28.3976723035446
"3d","fag","fag02",2,2024-09-08 14:00:00,4,293,2024-09-08 14:10:00,941,1,12.04,35.5238743624281,689.533333333333,37.9990833333333,26.7146666666667,21.8312634466404,35.24,51.404,1292.45,27.8148568614668,-0.0979931012856695,7.22592529068363,13.8007511884471,34.0618145367433,24.195352534569,268.629155386693,860.288178509612,"(0, -0.1 MPa)",NA,1.90989397665658,29.4220697610264
"3d","fag","fag02",2,2024-09-09 13:00:00,4,345,2024-09-09 13:00:00,944.25,1,12.04,35.2319299179836,1554.11666666667,44.0735,25.8834166666667,18.7541971659978,35.197,55.043,1509.95,25.6709848215149,-0.0979931012856695,7.39714214371573,14.346923327973,34.5063222893228,23.5287533866577,283.280412315504,1031.06795295087,"(0, -0.1 MPa)",NA,1.93952246005729,31.4302114805402
"3d","fag","fag02",2,2024-09-09 14:00:00,4,348,2024-09-09 14:10:00,944,1,12.04,35.2040965846503,793.927272727273,40.2808181818182,26.2716363636364,20.4858916853926,33.953,52.063,1121.2,25.5472457558948,-0.0979931012856695,6.26906157590699,12.2510472237014,32.8377475573931,22.3227438392413,254.18383332915,727.824507241432,"(0, -0.1 MPa)",NA,1.95420751182029,27.7461304585008
"3d","fag","fag02",2,2024-09-10 14:00:00,4,408,2024-09-10 14:20:00,937,1,12.039,35.6960410290948,477.033333333333,39.6866666666667,25.29,19.5219898927465,30.478,54.432,671.2,19.9586040701261,-0.0979931012856695,5.10677802940089,10.9834626944277,28.8200613008167,15.9728915417026,289.397526754792,1117.00440480783,"(0, -0.1 MPa)","VPD 1-2 kPa",2.15076171926671,23.8410010697223
"3d","fag","fag02",2,2024-09-11 12:00:00,4,463,2024-09-11 12:20:00,932,1,12.04,34.1104299179836,1526.61666666667,45.0116666666667,23.9925,16.4756197537226,33.438,55.214,1461.2,23.1913819506866,-0.0979931012856695,7.05475178789044,14.1178549148121,32.7965699935735,21.3618563383561,294.823301027591,1202.41555572326,"(0, -0.1 MPa)",NA,2.00118378920794,28.5912776989507
"3d","fag","fag02",2,2024-09-11 13:00:00,4,465,2024-09-11 13:10:00,923.777777777778,1,12.04,33.8827076957614,1566.2,45.5456666666667,24.114,16.4300165307966,33.695,54.554,1501.2,23.8736203150508,-0.0979931012856695,6.80917917458767,14.2838144233061,33.2977560676886,22.7195370846827,264.868017657706,822.867600840959,"(0, -0.1 MPa)",NA,2.09772926472757,28.6582203641087
"3d","fag","fag02",2,2024-09-11 14:00:00,4,467,2024-09-11 13:55:00,931.340277777777,1,12.04,34.4558465846503,954.324999999998,47.0138333333334,23.79775,15.7135223726074,30.371,56.9475,949.95,18.9935056230368,-0.0979931012856695,5.05916857486651,11.991831933809,29.4723807694016,16.9117722260575,260.127814126076,868.715687603984,"(0, -0.1 MPa)","VPD 1-2 kPa",2.37031673413362,24.7905514411757
"3d","fag","fag02",2,2024-09-12 12:00:00,4,522,2024-09-12 11:56:40,930.49537037037,1,12.04,33.6909669550207,1600.08888888889,46.5073333333333,23.1239444444445,15.2212417822413,31.522,57.7453333333333,1663.7,19.7602833379225,-0.0979931012856695,6.24435131914549,14.6976363870122,31.9661719777477,20.9007718947868,267.861299328201,901.343202582804,"(0, -0.1 MPa)",NA,2.3537491143313,26.8421081692217
"3d","fag","fag02",2,2024-09-12 13:00:00,4,524,2024-09-12 12:50:00,930.097222222222,1,12.04,32.4100965846503,1007.03333333333,44.9958333333333,23.0486666666667,15.5779052119688,32.58,53.919,1263.7,22.7401543475719,-0.0979931012856695,6.08659995946714,13.9694495431711,31.9635830001577,21.0530871022746,258.161958073544,761.420660838213,"(0, -0.1 MPa)",NA,2.29511543985126,26.6080680164651
"3d","fag","fag02",2,2024-09-12 14:00:00,4,528,2024-09-12 14:20:00,930,1,12.04,33.1643743624281,500.158333333333,42.9746666666667,23.1684166666667,16.2546045218155,27.4535,58.0585,592.45,15.4309058814553,-0.0979931012856695,4.0028687754718,10.6101732182311,26.2109289422465,12.8277246206084,281.540488390904,1008.38566772554,"(0, -0.1 MPa)","VPD 1-2 kPa",2.65064228016831,21.3479981305838
"3d","fag","fag02",2,2024-09-13 12:00:00,4,581,2024-09-13 11:40:00,941,1,12.037,34.8433188068725,1640.15833333333,36.2503333333333,20.8485,15.7769924812974,30.135,53.578,1548.7,19.9371860904756,-4.4894744308025,6.51969610288554,14.7316073859587,29.9995399682343,19.604739773802,302.024102495461,1331.92841798714,"(0, -0.1 MPa)","VPD 1-2 kPa",2.25955430337292,23.0105242418573
"3d","fag","fag02",2,2024-09-30 13:00:00,5,683,2024-09-30 13:20:00,922.458333333333,1,12.0306666666667,31.8018328339064,1166.61666666667,29.8811666666667,27.79225,26.3056347669687,41.589,48.01,1311.2,41.911300010024,-85.9202441487305,10.7056596653661,13.5115040731608,39.124393794589,32.0087414705761,290.228468489994,1129.48604044929,"(0, -0.1 MPa)","VPD 3-4 kPa",1.26208981935713,38.7028565778275
"3d","fag","fag02",2,2024-09-30 14:00:00,5,684.5,2024-09-30 13:55:00,923.916666666667,1,12.031,33.2324995005731,763.268452380952,29.1908154761905,27.5005714285714,26.1548975292585,41.353,45.3725,1163.075,43.5028994315544,-87.2078383225421,10.2210756542138,12.6599819831909,38.667025597038,32.8715197245369,270.728063019176,886.48499839996,"(0, -0.1 MPa)","VPD 3-4 kPa",1.2386154267405,36.1241370756097
"3d","fag","fag02",2,2024-10-01 09:00:00,6,3,2024-10-01 09:20:00,924.208333333333,0.75,12.0306666666667,33.3803328339065,930.575,69.0305833333333,21.22025,7.84941944351396,35.24,62.051,1214.95,21.7208412839699,-101.764312383219,6.41591463821398,20.8197141858757,34.4421560987395,19.2474442140305,293.027404600833,1173.09323367737,"[-0.1, -0.5)","VPD 1-2 kPa",3.24501109504651,35.5160853385232
"3d","fag","fag02",2,2024-10-01 11:00:00,6,7,2024-10-01 11:00:00,922.416666666667,0.75,12.039,32.6337772783509,1212.86666666667,62.9609166666667,23.82625,10.9861755089089,38.071,53.773,1231.2,30.8848125722678,-105.46187841886,5.79602226497337,17.3571064065482,37.6177220759249,29.2645994290969,172.676488675012,309.504247039481,"[-0.1, -0.5)",NA,2.99465833860594,35.9263855852327
"3d","fag","fag02",2,2024-10-01 12:00:00,6,9,2024-10-01 11:50:00,920.083333333333,1,12.0363333333333,35.2468743624281,1059.53333333333,53.1228333333333,25.2291666666667,15.1606088156048,39.744,51.819,1418.7,35.2186272848674,-106.978253254289,7.77409386024976,17.3410861040026,38.6574598379944,31.0811788561697,216.772151497843,487.107301415744,"[-0.1, -0.5)","VPD 3-4 kPa",2.23062474106088,37.8778781526856
"3d","fag","fag02",2,2024-10-01 14:00:00,6,14.5,2024-10-01 14:00:00,917.895833333333,0.979166666666667,12.0356666666667,35.2355410290947,921.408333333335,42.1425833333333,27.40275,21.2263325722061,42.3185,48.12,1309.95,43.4196957628606,-114.907672586909,10.3481536896711,14.3509066598901,39.9551801970113,33.5918956623428,265.591740425547,906.362279143623,"[-0.1, -0.5)","VPD 3-4 kPa",1.38680841918828,40.307967763559
"3d","fag","fag02",2,2024-10-02 11:00:00,6,67,2024-10-02 11:00:00,917.592592592593,0,12.0316666666667,32.9330225105763,625.644444444444,65.2247777777778,23.9923888888889,10.4193598280485,30.807,69.1656666666667,626.2,13.9084224328247,-135.877773434907,3.54802218392441,21.8015045616757,30.1027962391596,12.1270536620909,263.528831847088,895.632168115169,"[-0.1, -0.5)","VPD 1-2 kPa",6.14469229094881,30.8689782335851
"3d","fag","fag02",2,2024-10-04 08:00:00,6,146.5,2024-10-04 08:05:00,922.5625,0,12.0361666666666,33.7996243624281,753.908333333333,70.0154166666667,14.2764166666667,4.95009424197001,23.6355,67.5215,648.7,9.69499992754768,-237.617517598935,2.94054773537911,17.1290533736875,23.3582303272978,9.19502324389151,290.427592562083,1173.46933260776,"[-0.1, -0.5)",NA,5.82512338351113,19.7929577745045
"3d","fag","fag02",2,2024-10-04 09:00:00,6,148.5,2024-10-04 08:55:00,921.222222222222,0,12.0386666666666,32.6186869315005,1017.03333333333,59.547,16.06025,7.41949614408367,27.8185,57.314,936.2,16.0650492085992,-235.863239660235,3.56953497757087,15.2724239141966,28.0354627492725,16.561572155696,193.292281579754,385.379810452039,"[-0.1, -0.5)","VPD 1-2 kPa",4.27854720857498,21.5284703478699
"3d","fag","fag02",2,2024-10-04 10:00:00,6,151,2024-10-04 09:53:20,919.976851851852,0,12.0395555555555,32.4673068399981,985.783333333333,55.7208888888889,17.3066111111111,8.79077471999937,29.963,53.944,1267.03333333333,19.6208706813845,-246.557486923078,4.63009426048974,13.4330742764296,30.4434850091997,20.8209767506687,199.635160646707,421.079731026795,"[-0.1, -0.5)",NA,2.90125287319934,22.9402101758938
"3d","fag","fag02",2,2024-10-04 11:00:00,6,153.5,2024-10-04 10:55:00,918.270833333333,0,12.038,32.5390688068725,1367.1375,52.2117916666667,18.4865833333333,10.2146561420573,31.3145,49.469,1347.45,23.2451099592803,-257.050108240864,4.76297221476642,11.7476645659802,31.9926392729554,25.044872620324,168.291483006272,296.331794052096,"[-0.1, -0.5)",NA,2.46645666534846,22.725587484743
"3d","fag","fag02",2,2024-10-04 12:00:00,6,156,2024-10-04 11:53:20,916.055555555555,0,12.0358888888889,33.7963558439096,1415.78333333333,49.2686666666667,19.7178055555555,11.7068810651777,32.8943333333333,44.8923333333333,1335.78333333333,27.6798201354026,-266.545534456895,4.78458035430125,9.76145083432024,33.5519206608879,29.5654476969666,142.330199450298,224.285823093352,"[-0.1, -0.5)",NA,2.04018954881693,22.5486572153622
"3d","fag","fag02",2,2024-10-04 13:00:00,6,158.5,2024-10-04 12:55:00,914.1875,0,12.0306666666667,32.6621591537228,1324.84583333334,47.0947916666667,20.6055,12.9010117421653,33.481,40.977,1285.575,30.7055861420188,-280.486605707679,4.08937293174909,9.12069787879601,34.7173212161848,34.4164925261118,104.799130990352,143.849744828941,"[-0.1, -0.5)","VPD 3-4 kPa",2.23034143156392,21.2700786682097
"3d","fag","fag02",2,2024-10-04 14:00:00,6,161,2024-10-04 13:53:20,914.564393939394,0,12.0325555555556,32.5187123714394,809.949999999999,44.8059545454545,20.6861565656566,13.5271196041224,31.765,41.286,987.866666666667,28.3740161715005,-290.424247417852,3.36932527189549,8.69132205460057,32.5055521524683,30.7376205246945,102.141944855289,141.181116527136,"[-0.1, -0.5)","VPD 3-4 kPa",2.5795437819843,19.4574443912742
"3d","fag","fag02",2,2024-10-05 08:00:00,6,206.5,2024-10-05 08:10:00,922.8125,0,12.0313333333334,35.4102910290948,772.179166666667,72.4104833333334,12.09475,3.93522273778347,21.8335,65.4215,670.575,9.17708176676383,-367.02185320913,2.83738502302602,16.561876960198,21.7160113712878,8.95572179671681,282.764003926801,1089.00838568548,"[-0.1, -0.5)",NA,5.83702135092513,17.1922466055356
"3d","fag","fag02",2,2024-10-05 09:00:00,6,208.5,2024-10-05 08:55:00,922.4375,0,12.035,34.2937910290948,1015.05416666666,62.4265,14.802875,6.37496003476312,28.59,54.7255,728.7,17.8921240987452,-346.258608666653,4.07645427952603,13.7503276976792,27.6710243598813,15.8334436027703,231.45150870816,574.700976216687,"[-0.1, -0.5)","VPD 1-2 kPa",3.37310975539213,21.4997706292084
"3d","fag","fag02",2,2024-10-05 10:00:00,6,211,2024-10-05 09:56:40,920.763888888889,0,12.0393333333333,33.7211706587244,808.144444444444,61.9050277777778,16.3241944444444,7.15923990411392,29.0696666666667,53.6833333333333,892.45,19.6369151349765,-353.836902951053,3.72302288597781,11.4990456814617,28.953709549155,19.119627079703,183.415929179044,389.442047337712,"[-0.1, -0.5)","VPD 1-2 kPa",3.08863147867587,21.684293590345
"3d","fag","fag02",2,2024-10-05 11:00:00,6,213.5,2024-10-05 10:55:00,918.479166666667,0,12.04,34.8030784794532,909.325,51.8801666666667,18.5991666666667,10.3628358831736,30.864,45.043,979.325,25.3944239100344,-363.103410501294,3.2181038536234,9.24719901600609,31.7233380505454,27.963327276671,109.297361712828,155.563162759704,"[-0.1, -0.5)",NA,2.87349303708589,20.1683772284972
"3d","fag","fag02",2,2024-10-05 12:00:00,6,216,2024-10-05 11:56:40,915.863756613757,0,12.0331111111111,34.5811938529209,1029.39444444445,48.7960793650793,20.3897301587301,12.3276918760275,32.766,41.278,1122.03333333333,29.5064451715543,-374.923400087974,3.57447759630199,8.88267687595805,33.8805359026767,33.034089205202,97.3134553597559,130.400071962438,"[-0.1, -0.5)","VPD 3-4 kPa",2.48502798986562,20.584248604833
"3d","fag","fag02",2,2024-10-05 13:00:00,6,218.5,2024-10-05 12:55:00,913.083333333333,0,12.037,36.0803465846503,867.866666666667,47.5333333333333,21.1988333333334,13.2776728154383,33.395,41.282,1072.45,30.8059207489324,-388.571977873135,3.95978206865578,10.5475329811231,33.9031960203533,32.5363400411441,115.584309930769,173.255310109149,"[-0.1, -0.5)","VPD 3-4 kPa",2.66366501950034,21.3255463300155
"3d","fag","fag02",2,2024-10-05 14:00:00,6,221,2024-10-05 13:56:40,911.365740740741,0,12.0334444444444,34.1191151031688,679.533333333334,48.1552222222222,22.2241666666667,13.959324923078,34.9253333333333,38.8033333333333,965.366666666667,34.7071001745326,-401.987603520364,3.82353259574868,7.06293471212504,35.0836154648564,35.1479455859423,96.5009927904423,129.694787621696,"[-0.1, -0.5)","VPD 3-4 kPa",1.8472275403061,21.8269159357167
"3d","fag","fag02",2,2024-10-06 11:00:00,6,273.5,2024-10-06 11:00:00,918.395833333333,0,12.0315,33.0155132513169,533.075,64.0049166666667,21.7064166666667,9.39145803362704,27.4105,61.4405,533.7,14.1441148758516,-493.458166486952,2.30235235540091,12.5913307457305,27.2742017350271,13.8505654294206,147.725243977603,238.308766262536,"[-0.1, -0.5)","VPD 1-2 kPa",5.46889824061617,22.5347825953071
"3d","fag","fag02",2,2024-10-06 12:00:00,6,276,2024-10-06 11:56:40,919.101851851852,0,12.0361111111111,33.6969113994651,607.45,59.5808888888889,23.6028888888889,11.861863299281,30.7353333333333,55.1486666666667,611.2,20.0261074411472,-497.12159812695,2.65116660815716,11.3407079088808,30.5832002010377,19.6623056544883,119.910247143117,173.269150837312,"[-0.1, -0.5)","VPD 1-2 kPa",4.27762927987532,24.5126677898508
"3d","fag","fag02",2,2024-10-08 09:00:00,6,388,2024-10-08 08:50:00,914.578703703704,0,12.0394444444445,34.6286706587244,930.366666666668,61.7463888888889,19.3906666666667,8.66285371586213,30.4783333333333,55.7673333333333,718.7,19.5458355954646,-733.932484591592,2.86311160853357,8.85801029413636,30.629864793296,20.070509612285,136.353781721403,225.421008861313,"[-0.5 -1.5)",NA,3.09384037553229,24.4263374424216
"3d","fag","fag02",2,2024-10-08 10:00:00,6,390.5,2024-10-08 09:50:00,914.548611111112,0,12.0345,33.5544576957614,679.533333333333,60.03425,20.0729166666667,9.42852012965687,28.8475,55.58,673.7,17.7345904197885,-723.365285229673,2.30439099248763,8.73501344518447,29.3689109916361,18.9739633831141,112.078630352163,169.383299116482,"[-0.5 -1.5)","VPD 1-2 kPa",3.79059520439925,22.1637445858272
"3d","fag","fag02",2,2024-10-08 11:00:00,6,393,2024-10-08 10:50:00,914.359126984127,0,12.0301111111111,35.4693188068725,1121.11071428571,55.5581428571429,21.214369047619,11.2566458850732,31.5216666666667,47.1956666666667,1051.2,24.71507203432,-744.850864853596,2.54397115742517,7.51785120026413,33.6442214032338,30.7509710702983,79.9279788143166,108.603496829677,"[-0.5 -1.5)","VPD 3-4 kPa",2.9551636929222,21.9378286356402
"3d","fag","fag02",2,2024-10-08 12:00:00,6,395.5,2024-10-08 11:50:00,914.208333333333,0,12.0336666666667,35.6858743624281,1383.7,53.0585833333334,21.853,12.3547600057584,32.9235,40.5495,1156.2,29.9630799924813,-779.318265706073,2.10603880189172,3.81782413213359,36.3272132000534,40.4588856634914,46.2474891225967,52.7592504383391,"[-0.5 -1.5)",NA,1.81279857175674,20.4007174920111
"3d","fag","fag02",2,2024-10-08 13:00:00,6,398,2024-10-08 12:50:00,913.277777777778,0,12.0345555555555,34.9668928809466,1085.43611111111,49.9802222222222,22.4285,13.640859957938,32.7443333333333,38.8033333333333,922.866666666667,31.1228484877743,-815.989148914288,1.71385217897794,3.88049187122639,35.4953189853676,39.8089163567573,39.389249269901,44.0202250302156,"[-0.5 -1.5)","VPD 3-4 kPa",2.2641928626193,19.3266379063362
"3d","fag","fag02",2,2024-10-08 14:00:00,6,400.5,2024-10-08 13:50:00,912.125,0,12.0303333333333,33.5953465846503,626.075,51.4866166666666,22.3906333333333,13.2268319288792,32.0225,40.7205,775.575,30.4050440191191,-839.175872293263,1.47813276277342,3.69656624575823,34.3230228993095,38.4320428155763,39.7784449917778,44.8844949685481,"[-0.5 -1.5)","VPD 3-4 kPa",2.50083506627807,19.4726285069921
"3d","fag","fag02",2,2024-10-09 10:00:00,6,450.5,2024-10-09 09:50:00,910.208333333333,0,12.034,33.1733465846503,720.054166666667,63.384375,22.1264583333333,9.87538837234504,32.6445,48.022,828.075,27.0553509382169,-1108.11176515257,1.54307223215336,3.9500960501291,35.1044008194237,35.077190808437,45.3910485943155,52.5860160233384,"[-0.5 -1.5)","VPD 3-4 kPa",2.5598905662483,23.7841977417663
"3d","fag","fag02",2,2024-10-10 09:00:00,6,507.5,2024-10-10 08:55:00,918.194444444444,0,12.0391666666666,35.8600410290947,937.102777777778,60.4006388888888,17.7064166666666,8.06479446108405,30.156,44.5665,668.7,23.8591345355401,-1445.74913305644,1.70567691789566,5.42644989015987,31.4748654000182,27.1888587516765,55.5541893274358,64.7668603378244,"[-0.5 -1.5)",NA,3.18140547792288,19.1633498640851
"3d","fag","fag02",2,2024-10-10 10:00:00,6,510,2024-10-10 09:53:20,918.888888888889,0,12.0388888888889,34.8012817698355,931.130555555554,56.0311388888889,18.5826944444444,9.45587537634616,31.236,38.8033333333333,1074.53333333333,28.0587485005554,-1479.54738431181,1.52642995194174,4.05779899123406,35.1882645026577,39.5248391232051,35.1593600452583,38.915641984209,"[-0.5 -1.5)","VPD 3-4 kPa",2.65835912487973,17.7465055176158
"3d","fag","fag02",2,2024-10-10 11:00:00,6,512.5,2024-10-10 10:55:00,918.75,0,12.0353333333333,35.0262354735392,1231.825,54.135375,19.2069166666667,10.2540272710498,32.387,34.1025,1254.95,32.1993606077348,-1515.67920290581,1.35212981790212,1.95706374304729,37.7590120591487,49.0863021844924,24.2356508643224,25.8457781043985,"[-1.5 -3.5)",NA,1.44739337683104,16.6469696705736
"3d","fag","fag02",2,2024-10-10 12:00:00,6,515,2024-10-10 11:53:20,917.652777777778,0,12.0301111111111,34.442763251317,1356.89444444444,51.3522222222222,20.2533611111111,11.6075319986814,32.966,32.5276666666667,1272.86666666667,34.0420197332361,-1581.53675782341,1.22594098605142,1.77835459960132,38.6970507371448,52.7257977039158,20.3873807028586,21.5177165441008,"[-1.5 -3.5)","VPD 5-9 kPa",1.45060375649006,16.4039800655635
"3d","fag","fag02",2,2024-10-10 13:00:00,6,517.5,2024-10-10 12:55:00,915.078125,0,12.0308333333334,34.5185410290947,1266.825,47.8736041666667,20.8189791666667,12.8729452704154,33.76,29.6215,1234.325,37.1084816742342,-1679.51796031632,1.05975602015764,1.35858963067657,39.5867033965118,56.8916982639535,16.2600005547575,16.9694847275846,"[-1.5 -3.5)","VPD 5-9 kPa",1.28198340451463,15.6172857770862
"3d","fag","fag02",2,2024-10-10 14:00:00,6,520,2024-10-10 13:53:20,913.842592592592,0,12.0317777777778,34.6880225105762,897.311111111109,44.293,20.9563888888889,13.8741693966689,33.624,28.93,1044.53333333333,37.1889557425252,-1759.62367096363,1.22205152772772,1.51591998302541,37.9931148649601,51.4466912200036,20.8442291914213,22.03230273213,"[-1.5 -3.5)","VPD 5-9 kPa",1.24047141109026,15.1373142370547
"3d","fag","fag02",2,2024-10-11 09:00:00,6,567.5,2024-10-11 08:55:00,925.333333333333,0,12.0366666666667,35.6766799179836,909.95,68.1997083333333,16.2452916666666,5.93887458884033,30.2845,44.762,685.575,24.356020600296,-2214.43919118478,1.66003122239476,3.01399908963977,31.7896659389588,28.603011070331,57.56296880451,69.1807793601228,"[-1.5 -3.5)",NA,1.81562795264283,19.3896581565065
"3d","fag","fag02",2,2024-10-11 10:00:00,6,570,2024-10-11 09:53:20,923.753086419753,0,12.0392222222222,34.6852262142799,924.741666666668,61.3398240740741,17.8642777777778,7.96535961712678,34.3816666666667,34.1918333333333,1007.86666666667,36.3670562213894,-2016.57291872715,1.10408648126159,0.567799115165285,38.7207196127434,51.2545859433448,18.6269243039111,19.5725521528265,"[-1.5 -3.5)","VPD 5-9 kPa",0.514270507611404,18.6618495790779
"3d","fag","fag02",2,2024-10-11 12:00:00,6,575,2024-10-11 11:56:40,919.180555555556,0,12.0366666666667,34.6071521402059,1292.45,46.1004444444444,21.5546111111111,13.93889957988,37.6853333333333,26.154,1269.53333333333,48.3254343241616,-2027.54839041879,1.14656536256479,0.0566837818463707,43.5664712594068,72.2966483765535,13.7483215680739,14.2545131775722,"[-1.5 -3.5)","VPD 5-9 kPa",0.0494378983502284,17.1126873205761
"3d","fag","fag02",2,2024-10-11 14:00:00,6,580,2024-10-11 13:56:40,914.171296296296,0,12.03,35.7952817698355,915.227777777777,38.3461111111111,23.2226666666667,17.6453485376778,39.63,23.036,1030.36666666667,55.9199219465955,-2183.25468607903,1.7500267812802,0.106389676977322,43.0560421490021,70.3927590842124,21.5522119460657,22.8310758696705,"[-1.5 -3.5)","VPD 5-9 kPa",0.0607931707762177,16.7362454311086
"3d","fag","fag02",2,2024-10-13 11:00:00,6,692.5,2024-10-13 11:00:00,927.159722222222,0,12.035,32.619513251317,1084.95,77.9893333333333,20.5965833333333,5.37505154188247,33.7385,48.4735,1092.45,27.6025953119384,-3238.41597025517,1.17548764415963,0.510651833148915,38.3823156705014,43.4282199842475,23.7300265279111,25.2650593698115,"[-1.5 -3.5)",NA,0.434417014662869,25.525938386111
"3d","fag","fag02",2,2024-10-13 12:00:00,6,694.5,2024-10-13 11:50:00,926.416666666667,0,12.0361666666667,35.199513251317,1248.80416666666,75.2995,21.763625,6.47238335860904,36.3875,42.772,1191.825,34.9067601868116,-3018.26193093553,0.980193129980073,0.137507380492161,42.0426872078475,56.5115414583847,15.1507095273617,15.7635983398793,"[-1.5 -3.5)","VPD 5-9 kPa",0.140286007202434,26.0754390289328
"3d","fag","fag02",2,2024-10-13 13:00:00,6,697,2024-10-13 12:50:00,924.666666666667,0,12.0355555555556,36.5841336216873,1159.04722222222,71.5481388888889,23.3805833333334,8.22966790194129,38.7576666666667,38.429,1121.2,42.7487143311799,-2951.49060382961,1.0345431952847,0.239908562036121,43.8937465675016,64.3312789568574,13.92690742544,14.4420473896379,"[-1.5 -3.5)","VPD 5-9 kPa",0.231898061994503,26.6435805764673
"3d","fag","fag02",2,2024-10-13 14:00:00,6,699.5,2024-10-13 13:50:00,922.291666666667,0,12.03,36.6514854735392,956.408333333335,65.9085416666667,24.7779166666667,10.7101824141873,39.79825,36.0685,968.075,46.8741478050244,-2846.40994503659,1.24141630935922,0.102436560289512,43.659581677758,63.4039320935591,16.9423475734711,17.7199193140794,"[-1.5 -3.5)","VPD 5-9 kPa",0.0825158808670606,26.4413077145666
"3d","fag","fag02",2,2024-10-13 15:00:00,6,701.5,2024-10-13 14:40:00,921.104166666667,0,12.03,34.3165965846503,424.741666666667,59.9947916666667,25.0424583333333,12.7597371056114,37.4705,35.8365,674.95,41.5967258010284,-2798.42075622631,0.71613396644863,0.290280060842154,40.4763142505221,53.0664840029478,11.634245280274,11.9947868322409,"[-1.5 -3.5)","VPD 5-9 kPa",0.40534323805597,23.1762226623802
"3d","fag","fag03",5,2024-08-12 09:00:00,1,1.5,2024-08-12 08:55:00,977.107142857143,1,13.0898333333333,35.8326111111111,935.174454365081,47.4381646825397,29.1969469246032,21.4150002610474,38.731125,54.312875,844.0125,32.3706733701352,-0.0979931012856695,6.28684344926223,12.4987525870088,37.0773494037931,26.0763536597047,221.266401711814,573.335316294838,"(0, -0.1 MPa)",NA,1.98808077342462,37.6024455073142
"3d","fag","fag03",5,2024-08-12 10:00:00,1,5.5,2024-08-12 09:52:30,976.532738095238,1,13.0551666666667,34.9683194444444,914.308878968254,53.7785719246032,29.6871349206349,19.4111302964761,39.06875,58.41275,975.8875,30.0318566034124,-0.0979931012856695,6.36549495619839,13.1478744782773,37.7587529434131,24.9540884307976,229.616553551375,628.34435370216,"(0, -0.1 MPa)",NA,2.06549130409326,41.1814271839259
"3d","fag","fag03",5,2024-08-12 15:00:00,1,26.5,2024-08-12 15:00:00,949.94068287037,1,12.93,32.387530771821,899.055902777778,27.0167222222222,38.7593010912698,50.6266920394538,46.81225,47.02075,903.3875,56.3462081998638,-0.0979931012856695,6.11986016236361,0.0757570773004498,45.3907420097414,48.6785075237679,109.203349700203,158.273144100549,"(0, -0.1 MPa)",NA,0.0123788902508503,49.6637338043399
"3d","fag","fag03",5,2024-08-13 12:00:00,1,111.5,2024-08-13 11:50:00,950.215401785714,1,12.9686666666667,33.3673055555556,1618.49786706349,39.8365873015873,32.5966870039682,29.7605335806216,44.74225,53.834,1554.325,43.9049059759562,-0.0979931012856695,10.8305926963787,0.178779744698019,42.8696519975192,35.1248186989782,272.513169785077,908.065253151423,"(0, -0.1 MPa)","VPD 3-4 kPa",0.0165069216163762,51.1481584723412
"3d","fag","fag03",5,2024-08-13 13:00:00,1,115.5,2024-08-13 12:50:00,948.881324404762,1,12.93,32.5937222222222,1630.54151785714,34.9765783730159,34.0378908730159,34.831309128933,46.14225,51.633125,1629.325,49.3842362640466,-0.0979931012856695,10.267269800087,0.146728061418323,44.5388088994964,41.3162166264792,217.612701269738,486.074137324573,"(0, -0.1 MPa)",NA,0.0142908547525536,52.7073661453882
"3d","fag","fag03",5,2024-08-14 10:00:00,1,143,2024-08-14 09:46:40,977,1,12.8021111111111,36.2126851851852,759.539947089947,75.5609900793651,22.0943829365079,6.54664310662938,28.4186666666667,74.6193333333333,807.45,9.92121202956437,-0.0979931012856695,3.02165609507365,16.689439703197,28.6283469877439,10.3982934418263,274.10889579306,903.468362662382,"(0, -0.1 MPa)","VPD 1-2 kPa",5.52327570645999,29.025288959504
"3d","fag","fag03",5,2024-08-14 11:00:00,1,148,2024-08-14 10:56:40,976.525132275132,1,12.8166666666667,33.8299259259259,1421.69603174603,60.6486448412699,25.6576898148148,13.0393359169117,37.385,59.8206666666667,1410.36666666667,26.055046309739,-0.0979931012856695,6.3786561069138,16.04399234667,37.0742168700591,25.1215903240776,240.795474382613,700.296584402222,"(0, -0.1 MPa)",NA,2.51526216145748,38.5080122858532
"3d","fag","fag03",5,2024-08-14 12:00:00,1,151.5,2024-08-14 11:50:00,975.916666666667,1,12.86925,33.8609027777778,1467.81334325397,55.2480714285714,26.6158864087301,15.6821953632964,36.9345,59.719,979.6375,25.4682935737555,-0.0979931012856695,6.32394160337312,15.6694792341012,35.6225992746517,21.0963471303791,280.029817342181,993.134474443724,"(0, -0.1 MPa)",NA,2.47780264538547,37.5113574176892
"3d","fag","fag03",5,2024-08-14 13:00:00,1,155,2024-08-14 12:45:00,975.027777777778,1,12.8921666666667,34.2616666666666,773.084920634921,53.7678650793651,26.0096746031746,15.6195102936173,32.408,64.2,652.45,17.5400548341275,-0.0979931012856695,4.48469235693955,15.4935173820151,31.2169286303275,14.32572719315,293.069189511053,1140.4949853107,"(0, -0.1 MPa)","VPD 1-2 kPa",3.45475590048906,31.3760435287258
"3d","fag","fag03",5,2024-08-14 14:00:00,1,159,2024-08-14 13:40:00,975.412037037037,1,12.9198333333334,35.3208055555556,1089.74166666667,49.7432430555556,26.2736527777778,17.2771429554148,33.9315,61.5265,1136.825,21.3982549202616,-0.0979931012856695,5.78699358799324,15.0670196074642,33.2168156819785,19.4929507302146,281.465259758366,1004.92455915246,"(0, -0.1 MPa)","VPD 1-2 kPa",2.60360053598903,32.7502798708892
"3d","fag","fag03",5,2024-08-14 15:00:00,1,164,2024-08-14 14:53:20,975.654761904762,1,12.9208888888889,36.3802222222222,928.85873015873,48.2644074074074,26.5314596560847,18.0276808846316,33.924,59.3813333333333,752.866666666667,22.0614102473979,-0.0979931012856695,5.58631186811075,14.0718975182335,32.3612270461254,17.5799229991662,295.644322356456,1207.57439058628,"(0, -0.1 MPa)","VPD 1-2 kPa",2.51899604792249,31.5952055816095
"3d","fag","fag03",5,2024-08-15 09:00:00,1,239,2024-08-15 09:20:00,980,1,12.92,34.8533333333333,1305.64444444444,50.5851111111111,23.7731111111111,14.6114721679833,35.583,57.729,1263.7,24.6565301683823,-0.0979931012856695,7.0032769463746,16.1800950930202,34.5488306510513,21.4156393295788,305.963283791719,1363.35735180121,"(0, -0.1 MPa)",NA,2.3103605950349,33.6731288611705
"3d","fag","fag03",5,2024-08-15 10:00:00,1,241,2024-08-15 09:45:00,979.944444444445,1,12.9193333333334,34.81325,1258.10476190476,48.5998095238095,24.3554682539683,15.7414707554187,35.54,56.789,1178.7,25.1852695348811,-0.0979931012856695,6.82044604858889,16.6216074487128,34.3820496280205,21.5586416377973,296.168473103046,1191.0704829901,"(0, -0.1 MPa)",NA,2.43702645403254,33.0464765309975
"3d","fag","fag03",5,2024-08-15 11:00:00,1,245.5,2024-08-15 10:50:00,979.212962962963,1,12.9205,33.6184649589918,1531.99861111111,44.3342638888889,25.7433958333334,18.5186452846264,38.586,54.6035,1381.2,31.2352399569412,-0.0979931012856695,8.47661753342476,14.2888081263202,37.1515352706667,26.0778196864555,301.423446410311,1291.24818962648,"(0, -0.1 MPa)",NA,1.68567333255004,37.5094311613609
"3d","fag","fag03",5,2024-08-15 12:00:00,1,249,2024-08-15 11:40:00,978.722222222222,1,12.9213333333333,33.3494444444444,1733.7,42.4897777777778,27.498,21.2033150236782,40.774,53.724,1383.7,35.7319757739418,-0.0979931012856695,9.63812467345038,15.0138322283764,38.9274880389185,28.4849718108123,312.303562280331,1498.95782350245,"(0, -0.1 MPa)",NA,1.55775451522579,41.4829429181271
"3d","fag","fag03",5,2024-08-15 14:00:00,1,256,2024-08-15 13:30:00,978,1,12.93,33.2042777777778,1625.575,38.70525,28.939,24.5771349902396,41.375,53.7,1574.95,36.9054200947428,-0.0979931012856695,10.123816028825,13.5085767395802,39.7180337083286,30.191271562965,308.530487078548,1415.85267727118,"(0, -0.1 MPa)","VPD 3-4 kPa",1.33433644992342,42.803910563449
"3d","fag","fag03",5,2024-08-15 15:00:00,1,263.5,2024-08-15 15:15:00,977,1,12.93,33.5818611111111,435.10625,36.1918214285714,29.5929107142857,26.5679688985064,36.355,52.7105,839.95,29.1891473006342,-0.0979931012856695,6.16475710640155,10.6196336084468,34.6015775422009,23.6197550656358,245.152863828621,651.46320431031,"(0, -0.1 MPa)",NA,1.72263617611459,32.0772011558862
"3d","fag","fag03",5,2024-08-16 10:00:00,1,338,2024-08-16 09:30:00,979,1,13.309,38.1134444444444,1456.91428571429,54.3264285714286,24.0261428571429,13.7084058305072,37.042,55.336,1123.7,28.2196946124597,-0.0979931012856695,7.51423511689935,17.450101087998,35.4520237061323,22.9477810501066,305.367312902123,1351.60317835738,"(0, -0.1 MPa)",NA,2.32227243578699,34.9624982329185
"3d","fag","fag03",5,2024-08-16 13:00:00,1,352,2024-08-16 13:00:00,977,1,13.09,33.0241666666667,1689.95,44.286875,29.8825,23.5946986827277,42.061,53.773,1428.7,38.2025603494735,-0.0979931012856695,9.44278833030042,13.7326869936456,40.3684322893248,31.1313067719773,278.14431826096,943.064120002962,"(0, -0.1 MPa)","VPD 3-4 kPa",1.45430422808267,44.4386673950773
"3d","fag","fag03",5,2024-08-16 14:00:00,1,356,2024-08-16 13:56:40,976,1,13.0367777777778,33.2737173800686,1542.34583333333,41.6416342592593,31.1266296296296,26.5390798639392,43.8343333333333,54.0823333333333,1640.78333333333,41.6596168915604,-0.0979931012856695,10.6075153616702,12.0632492900031,42.1683160540635,34.1044154573712,283.512873212008,1027.52437416825,"(0, -0.1 MPa)","VPD 3-4 kPa",1.13723608957411,49.0283394297156
"3d","fag","fag03",5,2024-08-16 15:00:00,1,360.5,2024-08-16 15:00:00,975.508928571428,1,12.9731666666666,33.2491111111111,644.497371031747,39.9404072420635,31.3236820436508,27.6109083567673,40.07675,54.0475,834.325,34.7928407010154,-0.0979931012856695,7.02806587401281,11.4517002302203,38.1175780443177,27.195747864573,232.581478539135,681.586155978158,"(0, -0.1 MPa)",NA,1.62942414534908,40.214435341433
"3d","fag","fag03",5,2024-08-17 10:00:00,1,436,2024-08-17 09:30:00,976,1,12.9186666666667,34.5177777777778,752.45,35.536625,28.362625,24.99618301336,37.085,50.33,611.2,31.4561864363259,-0.0979931012856695,6.81854760072011,13.607882302639,34.5216755777601,23.1316502013178,274.891966229579,906.692185440483,"(0, -0.1 MPa)",NA,1.99571567135527,31.874166767471
"3d","fag","fag03",5,2024-08-17 11:00:00,1,441,2024-08-17 10:40:00,975.375,1,12.9196666666667,32.8883333333333,1403.7,30.379625,30.49125,30.5317655228333,43.434,50.867,1659.95,43.62503156053,-0.0979931012856695,11.6839758397421,13.0429914766423,41.3811330435039,34.5704950897264,308.546200354978,1416.18364534649,"(0, -0.1 MPa)","VPD 3-4 kPa",1.11631448537215,45.1646445441858
"3d","fag","fag03",5,2024-08-17 13:00:00,1,449.333333333333,2024-08-17 12:46:40,973.365079365079,1,12.9268888888889,33.0703148148148,1709.99464285714,27.6988234126984,33.3952506613757,37.3774721613772,45.9223333333333,50.3131666666667,1723.28333333333,50.1890862117674,-0.0979931012856695,12.9947564643137,11.3357229192224,43.624930060163,38.9043965408955,301.696149966119,1288.74459088426,"(0, -0.1 MPa)","VPD 3-4 kPa",0.872330539656718,50.7865805593554
"3d","fag","fag03",5,2024-08-17 14:00:00,1,454,2024-08-17 13:56:00,972.455555555556,1,12.94,34.7616222222222,1547.73869047619,27.1540440476191,34.3722253968254,39.7518803871204,47.0374,49.3284,1440.7,54.1582361264282,-0.0979931012856695,13.24015578034,10.3661603562124,44.2319979488519,39.8597021740774,298.809179568646,1237.30695196472,"(0, -0.1 MPa)","VPD 3-4 kPa",0.782933413185732,52.699533863558
"3d","fag","fag03",5,2024-08-17 15:00:00,1,458.5,2024-08-17 15:00:00,971.502232142857,1,12.9395833333333,34.4784444444444,563.356498015873,28.0814250992063,34.2287137896825,38.9286420544974,42.29725,49.52375,759.95,43.0909563694461,-0.0979931012856695,7.96252313269259,10.4960870269656,39.7734490471158,32.2248624182029,217.938168582587,583.357358615375,"(0, -0.1 MPa)","VPD 3-4 kPa",1.31818606389608,41.4376314791296
"3d","fag","fag03",5,2024-08-18 08:00:00,1,527,2024-08-18 07:50:00,974,1,13.34,35.3258333333333,867.45,57.72425,25.42925,13.7974832422564,33.309,64.2,798.7,18.4048224278677,-0.0979931012856695,5.01117341695304,15.3549210131152,32.2243619432977,15.363368590528,304.424994170514,1333.3354891817,"(0, -0.1 MPa)","VPD 1-2 kPa",3.06413682694931,33.0052960857292
"3d","fag","fag04",4,2024-08-27 10:00:00,3,59,2024-08-27 10:00:00,955.055555555556,1,13.1566666666667,36.0206111111111,1349.95,54.585,27.8173333333333,17.0723152299111,42.147,63.541,1241.2,30.2665346606218,-0.0979931012856695,8.27234091067604,17.0840724347936,40.7680797319941,24.4419580102004,301.248106834741,1348.48203557708,"(0, -0.1 MPa)",NA,2.06520410839759,52.7487281294212
"3d","fag","fag04",4,2024-08-28 09:00:00,3,116.5,2024-08-28 09:00:00,954,1,13.2655,36.3534166666666,1015.15833333334,65.62875,27.9907083333334,13.064147217797,40.36675,68.77275,1008.075,23.6384789134401,-0.0979931012856695,6.53852044250154,18.388180141094,39.2600837324844,19.2927237642121,302.552271144057,1376.31750954235,"(0, -0.1 MPa)","VPD 1-2 kPa",2.81228456847326,51.9669005903878
"3d","fag","fag04",4,2024-08-28 10:00:00,3,119,2024-08-28 10:00:00,953,1,13.1563333333333,36.3976666666667,1224.53333333333,60.0559166666667,29.88,16.9187854413336,42.361,63.15,862.45,30.9364387881093,-0.0979931012856695,7.03700197145648,13.6800587874815,40.667981595019,23.7660567980266,262.961963260611,816.404503303997,"(0, -0.1 MPa)",NA,1.94401804105933,53.0159052773163
"3d","fag","fag04",4,2024-08-28 13:00:00,3,127,2024-08-28 13:10:00,950.541666666667,1,12.96,32.6803333333333,1207.45,37.5271666666667,36.4321666666667,38.1906337595811,46.437,66.374,1183.7,34.8450239585675,-0.0979931012856695,9.34064808158729,12.7279771866126,44.8095898972258,26.5607957307914,305.419157640181,1436.28532077779,"(0, -0.1 MPa)",NA,1.36264390601575,68.7802182901909
"3d","fag","fag04",4,2024-08-28 14:00:00,3,129.5,2024-08-28 14:10:00,949.541666666667,1,12.93,32.5182777777778,1057.24166666667,33.4245,37.0131666666666,42.0024579969251,47.5525,62.9425,1083.7,40.6427178808166,-0.0979931012856695,9.45574565746975,12.0087635826574,45.6191173700318,30.3742400137778,269.7255722285,896.167610642517,"(0, -0.1 MPa)","VPD 3-4 kPa",1.26999646750977,69.0194098202684
"3d","fag","fag04",4,2024-08-28 15:00:00,3,131.5,2024-08-28 15:00:00,949,1,12.9301666666667,33.5491111111111,242.658333333333,36.052,36.10325,38.4014444788764,42.4685,65.1895,613.7,30.4953092073387,-0.0979931012856695,5.64043911017341,10.5297514484697,40.8033835962323,23.1687172975472,205.916551636056,455.854899143699,"(0, -0.1 MPa)",NA,1.86683186234164,55.0372172079895
"3d","fag","fag05",3,2024-08-20 08:00:00,2,1.5,2024-08-20 08:10:00,966.375,1,13.3473333333333,38.0931666666666,845.8875,49.5087083333333,21.7154583333334,13.231706944785,30.16675,52.9915,736.825,20.4473922829634,-0.0979931012856695,3.8464379863472,12.3314767340369,29.4473372674228,18.6623661532902,193.049668331908,364.685980231116,"(0, -0.1 MPa)","VPD 1-2 kPa",3.20594710685758,22.8000998347319
"3d","fag","fag05",3,2024-08-20 09:00:00,2,3.5,2024-08-20 09:00:00,966,1,13.265,37.1470833333333,1119.74166666666,47.9654583333333,23.23725,14.8940775916215,33.438,46.386,1011.2,27.7635175135067,-0.0979931012856695,3.92370270470902,11.613330564777,33.6861656010334,28.4860708831673,128.368985556198,188.322498341787,"(0, -0.1 MPa)",NA,2.95978860754137,24.0199045050808
"3d","fag","fag05",3,2024-08-20 10:00:00,2,6,2024-08-20 09:56:40,965.430555555556,1,13.2164444444444,35.9088518518518,1166.06111111111,43.0716388888889,25.4681944444444,18.6816840778162,35.6045,46.8701666666667,1280.78333333333,31.0970768028877,-0.0979931012856695,5.1485582023773,12.1111829124763,35.7453537452948,31.5450297919551,150.519667191318,238.390539378395,"(0, -0.1 MPa)","VPD 3-4 kPa",2.35234456646214,27.3715922944489
"3d","fag","fag05",3,2024-08-20 11:00:00,2,8.5,2024-08-20 11:00:00,964.104166666667,1,13.1558333333334,37.1156111111111,1456.5125,32.74025,28.4178333333333,26.2410901409019,38.9725,44.2125,1446.825,39.1449860409555,-0.0979931012856695,7.87399372399974,12.7749312652817,37.811521017935,34.839290378844,206.756345915471,421.573412432264,"(0, -0.1 MPa)","VPD 3-4 kPa",1.62242080868619,31.009462307583
"3d","fag","fag05",3,2024-08-20 12:00:00,2,11,2024-08-20 12:00:00,962.189814814815,1,13.1033333333333,35.844,1542.03333333333,29.2652777777778,30.1372222222222,30.4026486521797,40.431,41.5383333333333,1405.36666666667,44.3214135465609,-0.0979931012856695,8.63834519753468,11.9188138715047,38.7594549568684,37.8566514705614,209.061550629863,435.240896317862,"(0, -0.1 MPa)","VPD 3-4 kPa",1.37975660834974,31.4950918290478
"3d","fag","fag05",3,2024-08-20 13:00:00,2,13.5,2024-08-20 13:00:00,960.333333333333,1,13.0518333333333,35.1085833333333,1447.24166666666,25.7225,32.2623333333334,36.125749067788,42.0395,41.282,1496.2,48.4975385261327,-0.0979931012856695,9.1010840820288,12.0223674375817,40.3631163222853,41.5027206401518,200.001028018647,400.236656557837,"(0, -0.1 MPa)",NA,1.32098191042112,34.0774432410786
"3d","fag","fag05",3,2024-08-20 14:00:00,2,16,2024-08-20 14:00:00,958.263888888889,1,13.01,35.469462962963,1252.03333333333,19.9917777777778,33.4116666666667,41.3794645617759,40.9173333333333,39.0803333333333,1322.03333333333,47.4261856208305,-0.0979931012856695,8.75689789234497,11.340648901082,38.9470156946458,39.6970260340969,202.471600411969,411.024635019951,"(0, -0.1 MPa)","VPD 3-4 kPa",1.2950532300937,30.4059106319688
"3d","fag","fag05",3,2024-08-20 15:00:00,2,18.5,2024-08-20 15:00:00,956.333333333333,1,12.9895,35.9613055555556,595.158333333334,17.8923333333333,33.2721666666666,42.1283511694496,34.811,35.4825,566.2,36.1167776156204,-0.0979931012856695,3.85687243694029,7.38318590793697,33.3429480036376,31.7217321969118,111.620041016046,153.477177267388,"(0, -0.1 MPa)","VPD 3-4 kPa",1.91429351855727,19.8330204389516
"3d","fag","fag05",3,2024-08-21 08:00:00,2,60.5,2024-08-21 07:50:00,958.069444444445,1,13.4038333333333,36.8708888888889,779.95,58.0738333333333,23.4080833333334,12.1352105032332,29.8555,58.7545,607.45,17.4564061798121,-0.0979931012856695,2.40594220413804,11.5394166777793,29.9494858492929,17.7263830696124,127.789468852247,187.784252258357,"(0, -0.1 MPa)","VPD 1-2 kPa",4.79621524487677,24.8321299367374
"3d","fag","fag05",3,2024-08-21 09:00:00,2,63,2024-08-21 08:53:20,958,1,13.3373333333333,36.7272222222222,1147.72777777778,51.1420555555555,25.4747222222222,16.0380491373124,34.8966666666667,51.982,1022.03333333333,27.1646202747764,-0.0979931012856695,4.62077610990834,12.089745537163,34.6001557943284,26.1883348788986,160.267364641818,264.487507888218,"(0, -0.1 MPa)",NA,2.61638851344451,29.1935807721107
"3d","fag","fag05",3,2024-08-21 10:00:00,2,65.5,2024-08-21 09:50:00,958,1,13.2671666666667,36.9453055555555,1183.49166666666,45.222,27.0988333333333,19.7380641672147,37.428,48.95,1327.45,32.9556496530948,-0.0979931012856695,6.21096464052598,12.2315531201033,36.9430899351378,31.2700552220326,180.76435930354,323.279256155964,"(0, -0.1 MPa)","VPD 3-4 kPa",1.96934837469425,31.584005919605
"3d","fag","fag05",3,2024-08-21 11:00:00,2,68,2024-08-21 10:53:20,957.069444444444,1,13.1981111111111,35.8016851851852,1466.61666666667,40.3212777777778,28.9088333333333,23.9162626174122,40.3163333333333,45.861,1532.86666666667,40.9061187645204,-0.0979931012856695,7.58921427949285,10.8636146365572,39.5665305701035,37.9302301955307,181.36926128375,326.224499979765,"(0, -0.1 MPa)","VPD 3-4 kPa",1.43145446109122,34.5612509735555
"3d","fag","fag05",3,2024-08-21 12:00:00,2,70.5,2024-08-21 11:50:00,956,1,13.1288333333333,33.1142222222222,1654.11666666666,35.9770833333334,30.2838333333333,27.7410691028051,42.9405,42.2345,1392.45,49.9877564420691,-0.0979931012856695,8.1845047619893,9.28540252498711,41.4739752091039,43.5839780939689,168.533462460721,285.954425588166,"(0, -0.1 MPa)",NA,1.13451000335544,36.5479788087062
"3d","fag","fag05",3,2024-08-21 13:00:00,2,73,2024-08-21 12:53:20,954.796296296296,1,13.0452222222222,35.1757407407407,1602.72777777778,32.7276666666667,31.8232777777778,31.8537727275924,44.0203333333333,42.0513333333333,1662.03333333333,53.0798873970028,-0.0979931012856695,9.2304134880658,9.6182142414501,42.7270228524617,47.142916195333,175.952650743728,312.472539359348,"(0, -0.1 MPa)",NA,1.04201336742776,38.4908788350575
"3d","fag","fag05",3,2024-08-21 14:00:00,2,75.5,2024-08-21 13:50:00,954,1,12.99,32.56875,1435.36666666666,36.7938333333333,31.4545833333333,29.2750473869697,42.1255,45.055,1522.45,45.6335212110905,-0.0979931012856695,5.96026114986479,9.77430395136934,42.5577575501446,47.5054294523456,111.816591598768,153.843874293424,"(0, -0.1 MPa)",NA,1.6399120282827,37.3603347287405
"3d","fag","fag05",3,2024-08-21 15:00:00,2,77.5,2024-08-21 14:40:00,953.083333333333,1,12.99,32.5599166666667,911.095833333335,36.884375,31.6545833333333,29.5634740679402,37.3635,47.448,843.075,34.2828590568093,-0.0979931012856695,2.18262858594549,8.37837545193528,39.0023071714586,40.1597936703706,42.3810396956083,53.0554898794536,"(0, -0.1 MPa)",NA,3.83866293417295,30.5077593989162
"3d","fag","fag05",3,2024-08-22 08:00:00,2,120.5,2024-08-22 07:55:00,952,1,13.3521666666667,37.4870555555555,698.075,58.5971666666667,23.9155833333333,12.3944563574745,31.679,54.945,574.95,21.2066132348906,-0.0979931012856695,2.40636643547785,10.6081716159778,31.6477268912819,21.0987687903132,102.510196195111,140.379975632053,"(0, -0.1 MPa)",NA,4.40837748548102,25.7688402169612
"3d","fag","fag05",3,2024-08-22 09:00:00,2,123,2024-08-22 08:53:20,951.523148148148,1,13.2668888888889,36.9943703703704,1073.42222222222,53.3703888888889,26.2050555555556,15.9552807926971,37.4563333333333,47.2443333333333,967.033333333333,34.2222187742607,-0.0979931012856695,4.54926815294434,9.62275217227451,37.0162430098684,32.7087809412006,125.377673004633,180.747735808,"(0, -0.1 MPa)","VPD 3-4 kPa",2.11523081268501,30.530410471288
"3d","fag","fag05",3,2024-08-22 10:00:00,2,125.5,2024-08-22 09:55:00,951,1,13.172,36.1451388888889,1171.61666666666,51.6449166666667,27.9620833333333,18.3284898550395,41.096,44.249,1338.7,43.8183338393846,-0.0979931012856695,5.72941948825417,8.47277451360694,41.0491668540776,43.6168815200211,117.51679082782,164.660219102835,"(0, -0.1 MPa)",NA,1.47881902014277,34.7544233042074
"3d","fag","fag05",3,2024-08-22 11:00:00,2,128,2024-08-22 10:53:20,949.801587301587,1,13.0865555555556,34.8082592592592,1463.68015873016,48.5588571428571,30.3514761904762,22.4429124400073,43.4053333333333,44.2,1500.36666666667,49.538727866244,-0.0979931012856695,7.09522883469038,7.67474803028153,42.9332050270633,47.3281544597147,132.791755577246,196.499891819958,"(0, -0.1 MPa)",NA,1.0816773086666,39.186563802325
"3d","fag","fag05",3,2024-08-22 12:00:00,2,130.5,2024-08-22 11:55:00,948.75,1,13,32.9344927367696,1633.49166666666,40.148125,32.4795416666667,29.384500874059,45.579,42.4055,1414.95,57.1259803583235,-0.0979931012856695,7.87920507926099,5.95656707360541,44.3905505831633,51.2500291933246,135.519952528877,202.355923155555,"(0, -0.1 MPa)","VPD 5-9 kPa",0.755985789643147,42.0593375710065
"3d","fag","fag05",3,2024-08-22 13:00:00,2,133,2024-08-22 12:53:20,947.388888888889,1,12.94,34.6518333333334,1579.95,38.2453888888889,33.96275,32.9344565251674,46.3366666666667,42.8736666666667,1640.78333333333,58.9082623215007,-0.0979931012856695,7.6383488041091,6.81383330306185,45.9780876110317,57.0493272781725,117.35310838982,164.970497694451,"(0, -0.1 MPa)","VPD 5-9 kPa",0.892055793445346,44.2015404109102
"3d","fag","fag05",3,2024-08-22 14:00:00,2,135.5,2024-08-22 13:55:00,946.020833333333,1,12.93,35.4920833333333,1424.325,35.1104166666667,34.7745,36.2071346119234,46.008,43.272,1513.075,57.5141103219823,-0.0979931012856695,6.5525843509224,7.63638282455489,46.0227294362962,57.5814091229848,99.4337222080742,131.529837294567,"(0, -0.1 MPa)","VPD 5-9 kPa",1.16540015596746,43.8706876276077
"3d","fag","fag05",3,2024-08-22 15:00:00,2,137,2024-08-22 14:30:00,945.916666666667,1,12.93,33.8398333333333,1169.11666666667,32.3343333333333,36.0891666666667,40.5868101181308,44.721,41.636,1027.45,55.3914686959039,-0.0979931012856695,3.85201011998105,7.02314393253004,45.2783149401355,58.1509601527583,58.1154230674365,67.6999869363726,"(0, -0.1 MPa)","VPD 5-9 kPa",1.82324129838075,39.5154408646195
"3d","fag","fag06",1,2024-08-27 14:00:00,3,69.5,2024-08-27 14:10:00,951.285714285714,1,12.933,34.6779722222222,557.479761904762,39.1121666666667,33.0628928571428,30.8974475826464,38.7795,68.8645,624.325,22.0616734542737,-0.0979931012856695,5.22234883863196,12.4608857726213,37.3804304179269,16.8555160230502,282.140420674771,1044.7754474985,"(0, -0.1 MPa)","VPD 1-2 kPa",2.3860692109349,47.8012220258231
"3d","fag","fag06",1,2024-08-28 09:00:00,3,116,2024-08-28 08:50:00,954,1,13.281,36.3228888888889,979.325,67.0796666666667,27.5349166666667,12.1695442092436,36.699,70.183,609.95,18.4898370349116,-0.0979931012856695,4.68534607133767,14.6191219978433,35.4854655081384,14.4958886353037,291.941332570203,1108.91365817149,"(0, -0.1 MPa)","VPD 1-2 kPa",3.12017976372651,43.5212205326223
"3d","fag","fag06",1,2024-08-28 14:00:00,3,130,2024-08-28 14:20:00,949.083333333333,1,12.93,32.6925,970.366666666667,32.5783333333333,37.0935,42.7200508333726,44.12,66.838,1141.2,30.511226357928,-0.0979931012856695,8.06917238419656,11.6624768590067,42.7511017389286,24.1886718160679,292.058575273778,1110.60713191241,"(0, -0.1 MPa)",NA,1.4453126422045,61.4953666036786
"3d","fag","fag07",6,2024-09-02 14:00:00,4,6.5,2024-09-02 14:10:00,956.979166666667,1,12.97,33.0894942528735,882.118560606059,47.5970795454545,31.5967007575757,24.5273481570757,40.7955,52.955,510.575,37.1978728456461,-0.0979931012856695,7.33994243755557,12.0555135298876,38.0212203629925,26.2172853487966,247.57384239815,693.583374066548,"(0, -0.1 MPa)",NA,1.64245341601105,40.9357913022789
"3d","fag","fag07",6,2024-09-12 13:00:00,4,525,2024-09-12 13:10:00,930,1,12.04,32.2871521402059,1292.45,44.803,22.9378333333333,15.5163939890127,32.237,54.457,1681.2,22.044261620845,-10.2990105360832,6.95181113328429,15.6637696233814,32.2138035109676,21.9809214935031,282.31475670847,995.959991520273,"(0, -0.1 MPa)",NA,2.25319263182877,26.3589213509509
"3d","fag","fag07",6,2024-09-27 08:00:00,5,490,2024-09-27 08:00:00,927,1,12.04,34.6000965846503,770.575,47.71525,19.8799166666667,12.1835153175599,31.3145,54.908,706.2,20.7158404251365,-140.086247651795,5.45280796223502,20.8810382924869,29.6069140303985,16.4408161515298,296.359369381116,1195.89700253559,"[-0.1, -0.5)","VPD 1-2 kPa",3.82941017492354,25.2242122867304
"3d","fag","fag07",6,2024-09-27 09:00:00,5,492,2024-09-27 08:50:00,926.041666666667,1,12.04,35.1188373253911,1064.88055555555,44.9312777777778,20.5493611111111,13.3813079380769,33.495,51.274,967.45,25.3672683835919,-141.762848980357,6.41244720295535,20.9854234270229,31.9143455003169,20.9501769441315,273.254805945087,915.922754432596,"[-0.1, -0.5)",NA,3.27260759626235,26.6358254785785
"3d","fag","fag07",6,2024-09-27 10:00:00,5,494.5,2024-09-27 09:50:00,926,1,12.0316666666667,35.3722910290947,1073.49166666666,42.2107916666667,21.6965416666667,15.0684366760711,36.22675,45.5375,943.7,32.9584135971161,-140.879337720912,7.27401035111649,18.4745485591121,34.0998640122027,26.2724564738901,247.635315654053,706.219416950752,"[-0.1, -0.5)",NA,2.53980234662113,27.518031716521
"3d","fag","fag07",6,2024-09-27 11:00:00,5,497,2024-09-27 10:50:00,925.097222222222,1,12.0393333333333,34.4877817698355,1370.87803030303,39.1554545454545,22.6771590909091,16.841876131206,37.9423333333333,40.236,1400.36666666667,39.6526276165786,-139.400045808399,6.61910143911845,14.4882983392634,37.3452746916574,37.5380162424621,155.123640094112,256.007875764794,"[-0.1, -0.5)","VPD 3-4 kPa",2.18886180738045,26.6956951104757
"3d","fag","fag07",6,2024-09-27 12:00:00,5,499.5,2024-09-27 11:50:00,925,1,12.039,34.9644854735392,1176.61666666667,33.1435,23.4365,19.3723279589509,35.905,41.1235,1487.45,35.3621696946159,-139.025964564644,6.42860242658687,12.8644800859655,35.7045694757592,34.719071873199,168.20563977144,303.549527362137,"[-0.1, -0.5)","VPD 3-4 kPa",2.00113169742177,24.4157994883693
"3d","fag","fag07",6,2024-09-27 14:00:00,5,504.5,2024-09-27 13:50:00,925.277777777778,1,12.0366666666667,35.3220965846504,542.658333333334,43.6229166666666,21.1273333333334,14.2489012189621,26.7885,48.962,537.45,18.1363456550161,-144.64346922523,2.69883634433528,15.3094421314109,26.3347915021244,17.0974049826089,140.115975568801,240.648943049423,"[-0.1, -0.5)","VPD 1-2 kPa",5.67260855351405,17.3145745223941
"3d","fag","fag07",6,2024-09-28 08:00:00,5,549.5,2024-09-28 07:50:00,933.125,1,12.04,35.3983743624281,728.283333333333,63.7365,14.6375416666667,6.07635925602237,24.322,60.8305,600.575,12.0988741909314,-202.162270992068,2.7980000255182,20.4416475010258,23.967264933413,11.4375532553777,223.116108428814,515.331876474762,"[-0.1, -0.5)","VPD 1-2 kPa",7.30580676004103,18.5822427064296
"3d","fag","fag07",6,2024-09-28 09:00:00,5,552,2024-09-28 08:53:20,932.421296296296,1,12.039,34.9939854735392,1149.81111111111,56.9368611111111,16.1609444444444,7.96555451731271,27.9896666666667,53.773,933.283333333333,17.603785418671,-206.108947206537,3.76970320908708,19.348165787255,28.0048441677717,17.6544289386654,192.668469867575,377.11471656876,"[-0.1, -0.5)","VPD 1-2 kPa",5.13254352242246,20.4009762764597
"3d","fag","fag07",6,2024-09-28 10:00:00,5,554.5,2024-09-28 09:50:00,932,1,12.0396666666666,33.2013188068725,1203.28333333334,51.8265,17.4778333333334,9.66033937802462,30.0275,50.3295,992.45,21.2059909982793,-206.63101734791,4.3562673025955,17.1532485088302,29.759855753839,20.5617133423327,190.800721727945,370.015729761015,"[-0.1, -0.5)",NA,3.93760238234466,21.48249264121
"3d","fag","fag07",6,2024-09-28 11:00:00,5,557,2024-09-28 10:53:20,931.481481481481,1,12.0398888888889,34.6869299179837,1528.83888888889,50.2434444444444,18.366,10.5589480399885,30.921,45.967,1394.53333333333,24.2704176683318,-205.823888478782,4.13666135392492,16.1838764334438,32.5099462041992,28.5064244378737,130.948153957592,198.393141315482,"[-0.1, -0.5)",NA,3.91230392066983,20.6491019402814
"3d","fag","fag07",6,2024-09-28 12:00:00,5,559.5,2024-09-28 11:50:00,930.666666666667,1,12.039,35.3061243624281,1589.11666666667,46.9298333333333,19.701,12.234586130482,31.2075,44.6395,1439.95,25.2790738120723,-205.397714142362,3.94836687945651,14.6591749150807,33.2304469553088,30.8023694284995,114.701952874108,161.821515741639,"[-0.1, -0.5)","VPD 3-4 kPa",3.71271853974686,20.3825814522816
"3d","fag","fag07",6,2024-09-28 13:00:00,5,562,2024-09-28 12:53:20,930,1,12.0307777777778,35.9862076957614,1416.2,44.0868888888889,20.0174444444445,13.1431656084957,32.2653333333333,42.3603333333333,1372.03333333333,27.9615664653641,-207.603706494598,4.39808668765594,14.2101619708118,33.4888917178402,31.4064070421519,125.525954617396,185.249081096547,"[-0.1, -0.5)","VPD 3-4 kPa",3.23098724058697,20.5365638755406
"3d","fag","fag07",6,2024-09-28 14:00:00,5,564.5,2024-09-28 13:50:00,929.534722222222,1,12.0311666666666,36.031763251317,1045.99166666667,42.5364166666667,20.4340833333333,13.8609606112976,33.803,38.022,1207.45,32.7619774633685,-211.445165069434,4.29099420151944,12.5394914568488,34.484001273528,34.803755455565,110.230577024233,153.522838038464,"[-0.1, -0.5)","VPD 3-4 kPa",2.92228114696789,20.0944241348321
"3d","fag","fag07",6,2024-09-29 08:00:00,5,609.5,2024-09-29 07:55:00,929.923611111112,1,12.0308333333333,38.1272582601411,704.741666666667,69.9700833333333,12.8020833333333,4.48650607937716,25.2015,59.316,541.2,13.251655392796,-280.254026150533,2.93381489882757,20.6065937078264,24.5183841313141,11.9750932615822,229.180117579772,600.393843240023,"[-0.1, -0.5)","VPD 1-2 kPa",7.02382202642074,19.0965541730709
"3d","fag","fag07",6,2024-09-29 09:00:00,5,612,2024-09-29 08:53:20,930.421296296296,1,12.0373333333333,37.6883743624281,1078.7,60.7547222222222,15.6467777777778,7.0402182553,32.4083333333333,47.2283333333333,829.533333333333,26.0269024396824,-285.189320832622,4.49006613189223,17.1732399637587,31.4859665718732,23.5919655915174,174.492810384023,321.102018652763,"[-0.1, -0.5)",NA,3.8247187144483,23.0820262979627
"3d","fag","fag07",6,2024-09-29 10:00:00,5,614.5,2024-09-29 09:55:00,929.784722222223,1,12.04,34.5910508565609,1015.15833333333,53.6388333333334,18.2299166666667,9.75592356783285,35.776,40.2075,974.95,35.2527626646772,-285.528213648347,4.43119988074081,12.1833422132689,35.4092683892287,34.0826932891381,115.50994405969,163.447802402757,"[-0.1, -0.5)","VPD 3-4 kPa",2.7494454191112,23.7032983666757
"3d","fag","fag07",6,2024-09-29 11:00:00,5,617,2024-09-29 10:53:20,926.421296296296,1,12.0371111111111,33.9111753344023,1368.56111111111,47.897,20.3617777777778,12.5525814282885,37.199,35.466,1361.2,41.148165653589,-280.457983431412,3.97003644694757,8.8476107212562,39.015944475975,47.7358001732448,73.3287938776406,90.1596688925708,"[-0.1, -0.5)",NA,2.22859685030318,22.6005689869641
"3d","fag","fag07",6,2024-09-29 12:00:00,5,619.5,2024-09-29 11:55:00,925.340277777777,1,12.04,35.8439576957614,1446.2,41.8535,22.77875,16.1869089673427,38.071,33.077,1428.7,44.7284851116122,-276.277902406528,4.0392552217332,7.77627739907643,40.1497119515343,52.6097179742804,67.3397697849586,81.2229392780017,"[-0.1, -0.5)","VPD 5-9 kPa",1.9251760466227,22.0991400145564
"3d","fag","fag07",6,2024-09-29 13:00:00,5,622,2024-09-29 12:53:20,922.481902356902,1,12.0344444444444,36.1652817698355,1390.55606060606,39.6801919191919,23.9491767676768,18.0243909494258,41.1316666666667,28.8483333333333,1357.86666666667,56.0996934363287,-276.479253235176,4.30284179102752,5.20785386922938,42.6448813908575,62.5677095421685,59.7442937892151,70.4340682472979,"[-0.1, -0.5)","VPD 5-9 kPa",1.21032892264109,22.7010820899642
"3d","fag","fag07",6,2024-09-29 14:00:00,5,624.5,2024-09-29 13:55:00,922.9375,1,12.0355,36.2397354735392,991.616666666665,38.0057083333333,24.2327916666666,18.8534583336518,43.777,25.07325,1185.575,67.7291561796565,-279.284800865099,4.68218717730656,2.91981958010801,44.1450065098204,69.467243393878,58.3498885783074,68.5025791825934,"[-0.1, -0.5)","VPD 5-9 kPa",0.623601635205802,22.6626591739878
"3d","fag","fag07",6,2024-09-30 08:00:00,5,669.5,2024-09-30 07:55:00,928.666666666667,1,12.0351666666666,35.7916639900131,694.325,69.669,14.8164166666667,5.16055412532521,27.625,56.911,658.7,16.2224304989687,-370.304016536216,2.85689314305997,18.5051011010942,27.4492346392268,15.8204302683862,163.134994594084,278.640442831172,"[-0.1, -0.5)","VPD 1-2 kPa",6.47735150544472,21.136943549526
"3d","fag","fag07",6,2024-09-30 09:00:00,5,672,2024-09-30 08:56:40,928.490740740741,1,12.0395555555556,34.538311412419,867.033333333333,59.9852222222222,18.3385555555555,8.54182094064105,34.9966666666667,43.5003333333333,937.033333333333,32.2204808304818,-378.993920091169,3.44664852829868,13.0003534853803,35.4948474988491,33.9714494438238,96.5619400251219,134.427761560393,"[-0.1, -0.5)","VPD 3-4 kPa",3.77188256320334,24.5657303660482
"3d","fag","fag07",6,2024-09-30 10:00:00,5,674.5,2024-09-30 09:55:00,926.902777777777,1,12.0368333333333,35.1133328339064,1025.575,56.0513333333333,20.62325,10.7406055519753,38.286,35.3965,956.2,43.7384685748785,-377.005705740638,3.04380844576431,7.97107598846567,39.3696690846857,47.8952909702451,56.3911403247349,65.9111957129229,"[-0.1, -0.5)",NA,2.61878371471044,23.9251318747391
"3d","fag","fag07",6,2024-09-30 11:00:00,5,677,2024-09-30 10:56:40,926.074074074074,1,12.039,32.1919439450175,1562.98240740741,48.0213148148148,22.6768703703704,14.465464481075,40.2661666666667,30.4435,1375.36666666667,52.3040248528549,-369.834334102248,2.62936170252453,4.59362092812552,44.1655327366313,69.4182412643106,33.1407284973632,36.2414560363556,"[-0.1, -0.5)","VPD 5-9 kPa",1.74704793323605,22.8813357614039
"3d","fag","fag07",6,2024-09-30 12:00:00,5,679.5,2024-09-30 11:55:00,924.875,1,12.0353333333333,33.5959717227954,1598.28333333334,39.6630416666667,24.4902083333333,18.6459585111492,41.16,27.619,1409.325,57.0807321081983,-365.466270464556,2.767179991328,3.32727868967222,45.0553208823024,74.8360800501195,32.0808469171416,34.9341480783008,"[-0.1, -0.5)","VPD 5-9 kPa",1.20240775811458,21.7662895218304
"3d","fag","fag07",6,2024-09-30 13:00:00,5,682,2024-09-30 12:56:40,922.361111111111,1,12.0342222222222,33.3818328339064,1303.21388888889,34.3402222222222,26.7008611111111,23.2068162177906,44.5993333333333,24.233,1343.7,71.5645222109995,-365.704919918832,3.57613225857146,1.68789646611144,47.0666566106754,84.1847490365945,36.4073764165069,40.1167229492522,"[-0.1, -0.5)","VPD 5-9 kPa",0.471989385198436,22.8549898611306
"3d","fag","fag07",6,2024-09-30 14:00:00,5,684.5,2024-09-30 13:55:00,923.916666666667,1,12.031,33.2324995005731,763.268452380952,29.1908154761905,27.5005714285714,26.1548975292585,46.115,21.4775,1162.45,80.0495837974933,-370.038007882848,3.84848939327115,0.430472649706206,47.3715035195567,86.7842807351398,38.0753693578335,42.1485638723952,"[-0.1, -0.5)","VPD 5-9 kPa",0.111854965862414,21.8938889398864
"3d","fag","fag07",6,2024-10-01 08:00:00,6,0,2024-10-01 08:20:00,924.666666666667,1,12.0356666666667,32.6658188068725,818.7,74.2411666666667,19.1955,5.76799628698558,31.55,58.022,658.7,19.5439099954836,-527.345813329735,3.26194553099132,14.52907730908,31.0482124639862,18.2347501486578,158.946792072002,266.430485411164,"[-0.5 -1.5)","VPD 1-2 kPa",4.45411401601931,27.013596306588
"3d","fag","fag07",6,2024-10-01 09:00:00,6,2,2024-10-01 08:56:40,924.777777777778,0.722222222222222,12.0303333333333,32.9034022323026,994.116666666667,69.4483055555555,20.8533055555556,7.57378164026493,35.6686666666667,45.82,759.533333333333,31.8052143882797,-529.618452381625,2.41448322659816,8.88829372442775,36.5585412106441,34.7514324779826,61.910199861906,76.753027473402,"[-0.5 -1.5)","VPD 3-4 kPa",3.68124061766655,26.8529853941227
"3d","fag","fag07",6,2024-10-01 10:00:00,6,4.5,2024-10-01 10:00:00,923.3125,1,12.0338333333333,33.2084161672397,670.2625,71.5499166666667,20.9325416666667,7.08430589029214,31.0035,53.9925,826.2,21.1295333652466,-527.109179725625,1.52132796184302,11.9024747420968,33.4055404977229,27.889863990507,44.5232432990744,51.1134699005318,"[-0.5 -1.5)",NA,7.82374020633754,24.3685753099368
"3d","fag","fag07",6,2024-10-01 11:00:00,6,7,2024-10-01 10:56:40,922.253086419753,0.902777777777778,12.0381111111111,32.9735180190916,1304.88055555556,62.3896388888889,23.9324722222222,11.3075161450169,40.288,36.8656666666667,1403.28333333333,47.9245401305309,-517.849515794678,2.27865734390734,5.24714316696988,44.8950189855422,68.5251119623549,28.8545446979147,31.2505259554849,"[-0.5 -1.5)","VPD 5-9 kPa",2.30273462616029,27.7404443581706
"3d","fag","fag07",6,2024-10-01 12:00:00,6,9.5,2024-10-01 12:00:00,920,1,12.0366666666667,35.2748188068726,784.324999999998,55.50875,24.7180833333334,13.9673293064139,34.2535,41.868,586.2,32.0171905170533,-513.802326674449,1.13236452445378,7.81225829372153,36.0069353919426,37.7002056310623,26.0714415440133,27.9241664134784,"[-0.5 -1.5)","VPD 3-4 kPa",6.89906662122779,22.6892794189247
"3d","fag","fag07",6,2024-10-01 13:00:00,6,12,2024-10-01 13:00:00,918.722222222222,1,12.0303333333333,35.7502447327985,683.977777777778,52.1391111111111,25.0958333333333,15.3714164001925,34.5393333333333,42.556,714.533333333333,33.0385987677322,-511.951847530467,1.84091501509122,8.57876266858165,35.9654613498201,37.578450892998,40.9042951633042,45.793262927019,"[-0.5 -1.5)","VPD 3-4 kPa",4.66005361369524,23.4312247391772
"3d","fag","fag07",6,2024-10-01 14:00:00,6,14.5,2024-10-01 14:00:00,917.895833333333,0.979166666666667,12.0356666666667,35.2355410290947,921.408333333335,42.1425833333333,27.40275,21.2263325722061,45.729,26.093,1149.95,73.8716971452136,-514.752059445293,3.75618850488149,0.551807719034386,47.0286001269952,80.7255655516193,39.6404003466563,44.0812603691881,"[-0.5 -1.5)","VPD 5-9 kPa",0.146906290330548,26.079470916067
"3d","fag","fag07",6,2024-10-02 09:00:00,6,62,2024-10-02 09:00:00,919.625,0,12.0366666666667,33.0410225105763,679.116666666667,69.0710111111111,22.6895111111111,8.59001203935445,31.6933333333333,56.809,532.033333333333,20.4280897947465,-715.482625805433,1.32348834256145,12.0497221371986,32.8137228672564,23.4863443494024,50.4566312204277,58.5412572213568,"[-0.5 -1.5)",NA,9.10451701741314,26.6646967735458
"3d","fag","fag07",6,2024-10-02 10:00:00,6,64.5,2024-10-02 10:00:00,918.486111111112,0,12.039,32.9990965846503,831.2,64.0303333333333,24.0103333333333,10.8127837402024,37.5135,43.6265,893.7,37.4167950391843,-717.87087578368,1.75930435816055,7.21234096566145,40.1064637912265,47.9379795955326,41.6243477422086,49.6055186824092,"[-0.5 -1.5)",NA,4.0995413512204,28.2801343418586
"3d","fag","fag07",6,2024-10-04 08:00:00,6,146,2024-10-04 07:53:20,921.986111111111,0,12.0341111111111,33.4942076957614,669.811111111111,72.1199444444444,13.8153888888889,4.47831916223299,26.1163333333333,51.9576666666667,602.866666666667,16.8406377410832,-1275.6521356518,2.0549673071968,8.76043224313453,26.5721836827871,17.9072802310421,111.48329122628,160.365554222489,"[-0.5 -1.5)","VPD 1-2 kPa",4.26305188041396,17.660149452292
"3d","fag","fag07",6,2024-10-04 09:00:00,6,148.5,2024-10-04 08:55:00,921.222222222222,0,12.0386666666666,32.6186869315005,1017.03333333333,59.547,16.06025,7.41949614408367,31.143,38.9865,919.95,27.7798332622311,-1281.28674760272,2.08149863339837,6.17957823643272,33.268482183008,33.6078667347998,55.2745357839923,64.3828325885723,"[-0.5 -1.5)","VPD 3-4 kPa",2.96881205554461,17.7361932987691
"3d","fag","fag07",6,2024-10-04 10:00:00,6,151,2024-10-04 09:53:20,919.976851851852,0,12.0395555555555,32.4673068399981,985.783333333333,55.7208888888889,17.3066111111111,8.79077471999937,33.2666666666667,32.7066666666667,982.033333333333,34.5417657590206,-1263.98155906146,1.84000948498675,4.37303905445173,36.1771884696705,43.6275862892756,37.6842509403339,41.7544017569788,"[-0.5 -1.5)",NA,2.3766394087274,16.7747166382696
"3d","fag","fag07",6,2024-10-04 11:00:00,6,153.5,2024-10-04 10:55:00,918.270833333333,0,12.038,32.5390688068725,1367.1375,52.2117916666667,18.4865833333333,10.2146561420573,33.93125,30.1465,1341.825,37.1905743847408,-1229.42373353119,1.70868696868792,3.34681031587793,39.1522514015525,54.8062606603521,27.4282438873623,29.5165294175761,"[-0.5 -1.5)","VPD 5-9 kPa",1.95870301419101,16.0466230631443
"3d","fag","fag07",6,2024-10-04 12:00:00,6,156,2024-10-04 11:53:20,916.055555555555,0,12.0358888888889,33.7963558439096,1415.78333333333,49.2686666666667,19.7178055555555,11.7068810651777,34.468,29.231,1378.7,38.8187601995977,-1211.88755355058,1.68863643431854,2.24667438433978,39.9493999381324,57.8787937789519,25.4151701477883,27.1680213781266,"[-0.5 -1.5)","VPD 5-9 kPa",1.33046660529177,16.0309151457037
"3d","fag","fag07",6,2024-10-04 13:00:00,6,158.5,2024-10-04 12:55:00,914.1875,0,12.0306666666667,32.6621591537228,1324.84583333334,47.0947916666667,20.6055,12.9010117421653,36.01225,26.9905,1314.95,43.7009090674594,-1215.62390726346,1.68586463701623,1.59539307121043,41.1378007694865,62.6949870538312,23.4161248749442,24.9064481318431,"[-0.5 -1.5)","VPD 5-9 kPa",0.946335213504497,16.1194267110053
"3d","fag","fag07",6,2024-10-04 14:00:00,6,161,2024-10-04 13:53:20,914.564393939394,0,12.0325555555556,32.5187123714394,809.949999999999,44.8059545454545,20.6861565656566,13.5271196041224,34.1243333333333,27.7086666666667,986.2,39.503110171553,-1219.25846297192,1.46144983032527,2.06649546180307,37.7045402676819,51.7814171894425,25.8226733083822,27.7248419172005,"[-0.5 -1.5)","VPD 5-9 kPa",1.41400369613998,14.9084743690879
"3d","fag","fag07",6,2024-10-04 15:00:00,6,163.5,2024-10-04 14:55:00,915.111111111111,0,12.03,35.5673743624281,227.658333333333,44.3993333333334,20.734,13.6623826195694,29.277,32.9915,508.7,27.7368921262269,-1227.28658986303,1.10177400284301,3.12197445453937,30.6262506373595,31.4036877606931,31.3514842763495,34.0667860970776,"[-0.5 -1.5)","VPD 3-4 kPa",2.83358878180412,13.4867730594506
"3d","fag","fag07",6,2024-10-05 08:00:00,6,206,2024-10-05 07:56:40,922.703703703704,0,12.0308888888889,36.025800288354,690.741666666667,74.8571,11.2908888888889,3.43837299884269,24.143,49.4343333333333,561.616666666667,15.7940760077312,-1566.98373330895,1.74254646332992,8.05008264746254,24.8068535659597,17.295411147792,101.047482686221,141.009523504187,"[-1.5 -3.5)","VPD 1-2 kPa",4.6197233857852,14.9398085987272
"3d","fag","fag07",6,2024-10-05 09:00:00,6,208.5,2024-10-05 08:55:00,922.4375,0,12.035,34.2937910290948,1015.05416666666,62.4265,14.802875,6.37496003476312,32.151,36.093,1009.95,31.0658173963746,-1575.60006066282,1.89300260585031,4.22625535430434,35.0904164560964,39.7982191487936,42.8351457885363,48.13597004163,"[-1.5 -3.5)","VPD 3-4 kPa",2.23256710859411,17.3855336641942
"3d","fag","fag07",6,2024-10-05 10:00:00,6,211,2024-10-05 09:56:40,920.763888888889,0,12.0393333333333,33.7211706587244,808.144444444444,61.9050277777778,16.3241944444444,7.15923990411392,31.7295,34.3548333333333,789.533333333333,32.0154223601973,-1543.39481274358,1.2514139220967,2.62534429750695,34.4939243891421,40.9447751344082,28.0159355641147,30.2452334204763,"[-1.5 -3.5)",NA,2.09790242153314,16.1583649598874
"3d","fag","fag07",6,2024-10-05 11:00:00,6,213.5,2024-10-05 10:55:00,918.479166666667,0,12.04,34.8030784794532,909.325,51.8801666666667,18.5991666666667,10.3628358831736,30.564,33.8095,821.2,29.3044499784883,-1505.22558893712,1.03345602520851,2.54866336741414,33.8326453450628,38.863985868089,21.171233662037,22.65409379979,"[-1.5 -3.5)","VPD 3-4 kPa",2.46615560337936,14.8814167450943
"3d","fag","fag07",6,2024-10-05 12:00:00,6,216,2024-10-05 11:56:40,915.863756613757,0,12.0331111111111,34.5811938529209,1029.39444444445,48.7960793650793,20.3897301587301,12.3276918760275,34.3243333333333,29.4993333333333,1031.2,38.5567499637489,-1484.00292801227,1.20618600006959,1.39260484183982,38.6200862118102,53.0150313038084,20.1563276236938,21.2670497049103,"[-0.5 -1.5)","VPD 5-9 kPa",1.15455231760232,16.0494773283953
"3d","fag","fag07",6,2024-10-05 13:00:00,6,218.5,2024-10-05 12:55:00,913.083333333333,0,12.037,36.0803465846503,867.866666666667,47.5333333333333,21.1988333333334,13.2776728154383,33.374,30.3905,621.2,36.0108462905411,-1475.35916528277,1.3217652737829,1.56051752258262,35.0567821677845,41.024151068358,28.3165609628602,30.5175579229014,"[-0.5 -1.5)",NA,1.18063135227967,15.6807507956404
"3d","fag","fag07",6,2024-10-05 14:00:00,6,221,2024-10-05 13:56:40,911.365740740741,0,12.0334444444444,34.1191151031688,679.533333333334,48.1552222222222,22.2241666666667,13.959324923078,38.8293333333333,25.0386666666667,815.366666666667,52.5957807895914,-1466.43595345705,1.71939538676403,0.248349164772044,41.0240325166529,61.9166542945613,23.1491876829049,24.640901322304,"[-0.5 -1.5)","VPD 5-9 kPa",0.144439822674787,17.4268446500029
"3d","fag","fag07",6,2024-10-06 11:00:00,6,273.5,2024-10-06 11:00:00,918.395833333333,0,12.0315,33.0155132513169,533.075,64.0049166666667,21.7064166666667,9.39145803362704,28.6975,48.9865,561.2,20.2519358741205,-1631.91359454353,0.770506446981946,4.81248983536554,30.8736174120552,25.5367444127854,26.6427077521474,28.5776137487972,"[-1.5 -3.5)",NA,6.24587873886837,19.3654448501249
"3d","fag","fag07",6,2024-10-06 12:00:00,6,276,2024-10-06 11:56:40,919.101851851852,0,12.0361111111111,33.6969113994651,607.45,59.5808888888889,23.6028888888889,11.861863299281,31.636,43.5733333333333,530.366666666667,26.4884641924909,-1637.31653963285,0.595242073896842,2.84609082715712,33.9463329316375,32.9773596197387,16.1951168261597,16.9523432902593,"[-1.5 -3.5)","VPD 3-4 kPa",4.78140063004074,20.3858499716027
"3d","fag","fag07",6,2024-10-08 09:00:00,6,388,2024-10-08 08:50:00,914.578703703704,0,12.0394444444445,34.6286706587244,930.366666666668,61.7463888888889,19.3906666666667,8.66285371586213,33.1233333333333,39.8533333333333,792.866666666667,30.7067903931042,-2166.35375273289,0.867944067694044,1.20106089463528,36.5485142361213,41.4016800753241,18.7937704734893,19.8259719600021,"[-1.5 -3.5)",NA,1.38379987759611,20.2765836616304
"3d","fag","fag07",6,2024-10-08 10:00:00,6,390.5,2024-10-08 09:50:00,914.548611111112,0,12.0345,33.5544576957614,679.533333333333,60.03425,20.0729166666667,9.42852012965687,29.7485,42.0025,653.7,24.3673000020463,-2111.53093342711,0.238128838668005,1.53507503708164,33.5027851525087,34.3432522996206,5.94150330959694,6.0743570762396,"[-1.5 -3.5)","VPD 3-4 kPa",6.44640542350194,17.6431813058486
"3d","fag","fag07",6,2024-10-08 15:00:00,6,403,2024-10-08 14:53:20,912.509259259259,0,12.0326666666667,36.263337325391,359.811111111111,51.2243333333333,21.8558888888889,12.8407276410767,27.4893333333333,41.0336666666667,562.033333333333,21.8701037647384,-2036.88572707504,0.15662246886556,0.633011821887537,30.8154425034105,30.3388318469044,3.72438993436948,3.77997086053022,"[-1.5 -3.5)","VPD 3-4 kPa",4.04164119281567,15.1196589541624
"3d","fag","fag07",6,2024-10-09 09:00:00,6,449,2024-10-09 09:20:00,909.666666666667,0,12.0353333333333,36.8150410290948,474.741666666667,67.8935833333333,20.0603333333333,7.56909748843018,27.4105,54.994,961.2,16.8122824873165,-2347.9859965365,0.690267852921917,3.76591251873199,32.1673269750477,28.1573342184169,21.4633855359468,22.6999899413115,"[-1.5 -3.5)",NA,5.45572635722613,20.1703735165944
"3d","fag","fag07",6,2024-10-09 10:00:00,6,450,2024-10-09 09:40:00,909.583333333333,0,12.038,32.7388188068725,765.366666666667,66.9513333333333,21.3901666666667,8.49054294119849,33.824,42.076,872.45,30.6484109699077,-2353.94061572227,0.817068429018346,0.430062810609315,37.8179050715071,43.6392766319105,16.2049726834279,16.9000668164805,"[-1.5 -3.5)",NA,0.526348583956435,22.2630091148718
"3d","fag","fag07",6,2024-10-09 14:00:00,6,460.5,2024-10-09 13:55:00,905.104166666667,0,12.0365,34.3749576957614,554.116666666667,52.04725,25.1130833333333,15.3628495614122,31.079,43.26,732.45,25.8597242702176,-2212.34569035412,0.255399765331287,0.187347297143959,35.2707535141669,38.4573508874068,4.77625554816221,4.87529866588027,"[-1.5 -3.5)","VPD 3-4 kPa",0.733545298684769,19.608780113361
"3d","fag","fag07",6,2024-10-10 08:00:00,6,505,2024-10-10 07:53:20,917.892195767196,0,12.0362222222222,34.9038188068725,588.065079365079,72.8638492063492,15.7559365079365,4.95266646657177,27.9466666666667,46.675,539.533333333333,20.9409117637443,-2574.81188622381,0.761416503403311,1.82362171328582,30.0305100049667,26.20768934493,31.0084957035939,34.6762472295645,"[-1.5 -3.5)",NA,2.3950383333363,17.6637416211857
"3d","fag","fag07",6,2024-10-10 09:00:00,6,507.5,2024-10-10 08:55:00,918.194444444444,0,12.0391666666666,35.8600410290947,937.102777777778,60.4006388888888,17.7064166666666,8.06479446108405,31.7545,34.54825,844.325,30.8362185102165,-2562.12948685502,0.530747874854019,0.314575523725104,36.1431270756956,43.897663661265,10.6296114171565,10.9245552149163,"[-1.5 -3.5)",NA,0.592702370803891,16.2723670184229
"3d","fag","fag07",6,2024-10-10 13:00:00,6,517.5,2024-10-10 12:55:00,915.078125,0,12.0308333333334,34.5185410290947,1266.825,47.8736041666667,20.8189791666667,12.8729452704154,34.253,27.1305,1239.95,39.50754613062,-2356.9262257033,0.84390065649222,0.0519519926852195,40.5011822171146,61.4113729863651,11.9449030459953,12.3189330330778,"[-1.5 -3.5)","VPD 5-9 kPa",0.0615617398630362,14.7022637823256
"3d","fag","fag07",6,2024-10-10 14:00:00,6,520,2024-10-10 13:53:20,913.842592592592,0,12.0317777777778,34.6880225105762,897.311111111109,44.293,20.9563888888889,13.8741693966689,35.1826666666667,25.0386666666667,1041.2,42.7700493752944,-2361.43038010952,1.08635578851915,0.0440781136575234,39.7638540546267,58.9232926814855,16.1000239851444,16.7928087179559,"[-1.5 -3.5)","VPD 5-9 kPa",0.0405742889423066,14.2860653810954
"3d","fag","fag07",6,2024-10-10 15:00:00,6,522.5,2024-10-10 14:55:00,913.347222222222,0,12.03,35.5172632513169,229.95,46.0773333333334,20.5964166666666,13.1353571121952,29.92,29.939,548.7,30.2380811506677,-2369.71321396848,0.418225238344833,0.205688603949056,32.671422823287,38.0465771800493,9.15604980965693,9.38285805507491,"[-1.5 -3.5)","VPD 3-4 kPa",0.491812987573607,12.7004535838806
"3d","fag","fag07",6,2024-10-11 15:00:00,6,582.5,2024-10-11 15:00:00,914.381944444445,0,12.031,36.3366799179837,296.2,40.783,22.3570833333333,16.0671513577583,31.207,28.6815,526.2,32.6770659801351,-2506.71629819282,0.584129450780584,0.0645573950694833,33.5358762450042,39.188624310307,13.1216159656105,13.5737191100449,"[-1.5 -3.5)","VPD 3-4 kPa",0.110518986815703,13.095719801433
"3d","fag","fag08",6,2024-08-20 08:00:00,2,1.5,2024-08-20 08:10:00,966.375,1,13.3473333333333,38.0931666666666,845.8875,49.5087083333333,21.7154583333334,13.231706944785,32.6445,50.3785,783.075,24.7611366324183,-0.0979931012856695,6.0365768498786,15.1888061501791,30.7771643870379,19.7243423723851,284.321943713192,981.423680406641,"(0, -0.1 MPa)","VPD 1-2 kPa",2.51612901283358,24.9513182694093
"3d","fag","fag08",6,2024-08-20 09:00:00,2,3.5,2024-08-20 09:00:00,966,1,13.265,37.1470833333333,1119.74166666666,47.9654583333333,23.23725,14.8940775916215,35.27175,48.5715,1058.7,29.4932289431265,-0.0979931012856695,7.30227348324452,16.7437233447761,33.4637386784298,24.0100246136879,281.663644037948,948.203771921682,"(0, -0.1 MPa)",NA,2.2929466258961,27.8495990299272
"3d","fag","fag08",6,2024-08-20 10:00:00,2,6,2024-08-20 09:56:40,965.430555555556,1,13.2164444444444,35.9088518518518,1166.06111111111,43.0716388888889,25.4681944444444,18.6816840778162,38.2856666666667,46.6503333333333,1153.7,36.1538648228985,-0.0979931012856695,8.98291716133228,16.6620620265505,36.0148523163854,28.2442278255299,292.504798667398,1085.10946216495,"(0, -0.1 MPa)",NA,1.85486092405191,31.5312331020672
"3d","fag","fag08",6,2024-08-20 11:00:00,2,8.5,2024-08-20 11:00:00,964.104166666667,1,13.1558333333334,37.1156111111111,1456.5125,32.74025,28.4178333333333,26.2410901409019,42.30775,41.355,1471.825,49.2329685369769,-0.0979931012856695,12.6262953650436,14.7140763544009,39.3659581756746,37.1029373972493,310.229896803767,1374.93057410673,"(0, -0.1 MPa)","VPD 3-4 kPa",1.16535182561445,34.6217112994581
"3d","fag","fag08",6,2024-08-20 12:00:00,2,11,2024-08-20 12:00:00,962.189814814815,1,13.1033333333333,35.844,1542.03333333333,29.2652777777778,30.1372222222222,30.4026486521797,44.2916666666667,38.5673333333333,1522.03333333333,57.0259529122295,-0.0979931012856695,12.9600208757391,13.9001202134648,41.2367050434126,43.3283068194977,270.681295457796,838.391405462816,"(0, -0.1 MPa)",NA,1.07253841230191,35.8009485697236
"3d","fag","fag08",6,2024-08-20 13:00:00,2,13.5,2024-08-20 13:00:00,960.333333333333,1,13.0518333333333,35.1085833333333,1447.24166666666,25.7225,32.2623333333334,36.125749067788,45.643,36.398,1413.7,63.2983358582552,-0.0979931012856695,13.2684940331174,12.0307904846287,42.2382061877455,47.2013679069485,253.261973358417,689.083161168715,"(0, -0.1 MPa)",NA,0.906718611366187,36.2193729700596
"3d","fag","fag08",6,2024-08-20 14:00:00,2,16,2024-08-20 14:00:00,958.263888888889,1,13.01,35.469462962963,1252.03333333333,19.9917777777778,33.4116666666667,41.3794645617759,45.35,34.6766666666667,1227.03333333333,64.0403187840218,-0.0979931012856695,13.1343717617769,11.894400854643,41.5980545317851,46.6608514506871,253.400889711853,697.096557366941,"(0, -0.1 MPa)",NA,0.905593436090915,33.9922549943399
"3d","fag","fag08",6,2024-08-20 15:00:00,2,18.5,2024-08-20 15:00:00,956.333333333333,1,12.9895,35.9613055555556,595.158333333334,17.8923333333333,33.2721666666666,42.1283511694496,41.3105,35.092,823.7,51.9079568022492,-0.0979931012856695,9.96471891096052,12.9186257267257,37.6728267286235,37.7625736768097,238.438285117607,592.834426476367,"(0, -0.1 MPa)","VPD 3-4 kPa",1.29643654197973,27.8765019375529
"3d","fag","fag08",6,2024-08-21 08:00:00,2,60.5,2024-08-21 07:50:00,958.069444444445,1,13.4038333333333,36.8708888888889,779.95,58.0738333333333,23.4080833333334,12.1352105032332,31.915,58.0345,687.45,19.9891277437791,-0.0979931012856695,4.79103812566038,15.8472762067189,30.5394985760705,16.4045180041093,268.549001501589,821.702971491508,"(0, -0.1 MPa)","VPD 1-2 kPa",3.30769152552602,27.5839977218088
"3d","fag","fag08",6,2024-08-21 09:00:00,2,63.5,2024-08-21 09:05:00,958,1,13.326,36.4086944444444,1214.74166666666,49.6939166666667,25.90125,16.9076463218097,38.1575,50.72,1151.2,33.1069878580713,-0.0979931012856695,8.75953870328249,16.3478175467617,36.0736098266862,25.898320846303,307.807542154029,1335.94138005389,"(0, -0.1 MPa)",NA,1.86628749532616,34.0454511196796
"3d","fag","fag08",6,2024-08-21 11:00:00,2,69,2024-08-21 11:20:00,957,1,13.159,34.8221666666667,1635.36666666667,37.6808333333333,29.5045,25.8216438430485,44.335,43.468,1608.7,52.5946869238038,-0.0979931012856695,13.2348184332763,14.0016803017023,41.5430721919614,39.9786612650241,296.80690168686,1143.3548747389,"(0, -0.1 MPa)","VPD 3-4 kPa",1.05794275700057,40.4405620038899
"3d","fag","fag08",6,2024-08-21 12:00:00,2,70.5,2024-08-21 11:50:00,956,1,13.1288333333333,33.1142222222222,1654.11666666666,35.9770833333334,30.2838333333333,27.7410691028051,45.021,42.8935,1624.95,55.0527185220905,-0.0979931012856695,13.1403950188717,12.4915009762216,42.2597706379769,42.1700747368193,278.368117177209,913.686612100261,"(0, -0.1 MPa)",NA,0.950618376257469,41.3424149838079
"3d","fag","fag08",6,2024-08-21 13:00:00,2,73,2024-08-21 12:53:20,954.796296296296,1,13.0452222222222,35.1757407407407,1602.72777777778,32.7276666666667,31.8232777777778,31.8537727275924,46.68,40.7896666666667,1570.36666666667,62.177844024936,-0.0979931012856695,13.6993039787704,11.8753361052859,43.6160021352095,46.9006364490992,261.107853399165,789.921876452934,"(0, -0.1 MPa)",NA,0.866856894604937,42.7939983677635
"3d","fag","fag08",6,2024-08-21 14:00:00,2,75.5,2024-08-21 13:50:00,954,1,12.99,32.56875,1435.36666666666,36.7938333333333,31.4545833333333,29.2750473869697,45.643,42.5765,1394.95,57.1545118544171,-0.0979931012856695,10.0740014550365,12.0034789372143,43.3870011514753,46.2163709691659,193.646439324643,374.625675457198,"(0, -0.1 MPa)",NA,1.19153039542327,42.3675513286373
"3d","fag","fag08",6,2024-08-21 15:00:00,2,78,2024-08-21 14:53:20,953.055555555556,1,12.98,32.6804259259259,723.908333333334,36.8764444444444,31.5700555555555,29.4251040597199,42.3185,44.2005,908.283333333333,47.7548084705241,-0.0979931012856695,6.5394678902936,12.204774299653,40.5319562497979,39.8571615711947,139.105275215794,228.252371391754,"(0, -0.1 MPa)","VPD 3-4 kPa",1.86632528890742,37.0247782446631
"3d","fag","fag08",6,2024-08-22 08:00:00,2,120.5,2024-08-22 07:55:00,952,1,13.3521666666667,37.4870555555555,698.075,58.5971666666667,23.9155833333333,12.3944563574745,32.9445,58.291,663.7,21.3292746981687,-0.0979931012856695,5.13523193868263,15.5066018990004,31.403719325162,17.0096902826838,269.432442484532,951.561306885431,"(0, -0.1 MPa)","VPD 1-2 kPa",3.01964976152145,29.361185069374
"3d","fag","fag08",6,2024-08-22 09:00:00,2,122.5,2024-08-22 08:40:00,951.763888888889,1,13.2903333333334,36.8527777777778,1003.90833333333,53.6330833333333,25.82975,15.5119437977767,37.9855,52.271,921.2,31.9233216254502,-0.0979931012856695,8.24028567538019,16.2867293017166,35.6868311506608,24.0308091686836,309.923847517229,1367.26426216491,"(0, -0.1 MPa)",NA,1.97647629503636,34.7617549996053
"3d","fag","fag08",6,2024-08-22 11:00:00,2,128,2024-08-22 10:53:20,949.801587301587,1,13.0865555555556,34.8082592592592,1463.68015873016,48.5588571428571,30.3514761904762,22.4429124400073,45.35,47.0493333333333,1457.86666666667,52.0151502649214,-0.0979931012856695,13.041176273772,13.7465499962974,42.5236384384785,38.6483970571894,299.04783765924,1189.89680806143,"(0, -0.1 MPa)","VPD 3-4 kPa",1.05408819785252,46.1207229447379
"3d","fag","fag08",6,2024-08-22 12:00:00,2,130.5,2024-08-22 11:55:00,948.75,1,13,32.9344927367696,1633.49166666666,40.148125,32.4795416666667,29.384500874059,47.39175,43.85825,1600.575,61.0796485561922,-0.0979931012856695,12.7618308603977,10.7812411434034,44.7351463546686,47.2819457572646,236.826284025064,578.743723485947,"(0, -0.1 MPa)",NA,0.844803638391696,47.7035927275441
"3d","fag","fag08",6,2024-08-22 13:00:00,2,133,2024-08-22 12:53:20,947.388888888889,1,12.94,34.6518333333334,1579.95,38.2453888888889,33.96275,32.9344565251674,48.811,42.5563333333333,1552.45,67.1075646165651,-0.0979931012856695,12.3463707027824,10.157908369889,46.1496322818905,52.4116553561696,205.478634525502,423.784715723247,"(0, -0.1 MPa)","VPD 5-9 kPa",0.822744482117309,49.7128795694023
"3d","fag","fag08",6,2024-08-22 14:00:00,2,135.5,2024-08-22 13:55:00,946.020833333333,1,12.93,35.4920833333333,1424.325,35.1104166666667,34.7745,36.2071346119234,49.054,41.78875,1389.95,68.8356580556724,-0.0979931012856695,11.8648442956343,9.15105858183363,46.2085296849038,53.0148260669325,194.772515441395,379.300155009451,"(0, -0.1 MPa)","VPD 5-9 kPa",0.771275067233773,49.4130252950924
"3d","fag","fag08",6,2024-08-22 15:00:00,2,138,2024-08-22 14:53:20,945.305555555556,1,12.93,32.9570321948834,673.005555555557,33.0891777777778,35.5915,39.065891992726,45.5643333333333,42.1166666666667,878.7,59.1804475473116,-0.0979931012856695,6.1579227249569,8.43232694808682,44.3299525737829,51.8285385036077,95.9184355671694,146.590716796414,"(0, -0.1 MPa)","VPD 5-9 kPa",1.36934601564781,41.7414947929434
"3d","fag","fag09",2,2024-08-12 09:00:00,1,1.5,2024-08-12 08:55:00,977.107142857143,1,13.0898333333333,35.8326111111111,935.174454365081,47.4381646825397,29.1969469246032,21.4150002610474,38.75775,47.149,929.325,37.3590824419344,-0.0979931012856695,7.70571306895035,14.7800164889789,36.6024482071858,29.46523219987,237.617366973325,553.743897086016,"(0, -0.1 MPa)",NA,1.91805954318932,32.6894744243094
"3d","fag","fag09",2,2024-08-12 10:00:00,1,5.5,2024-08-12 09:52:30,976.532738095238,1,13.0551666666667,34.9683194444444,914.308878968254,53.7785719246032,29.6871349206349,19.4111302964761,38.7255,51.12925,871.2,34.586724206435,-0.0979931012856695,7.29053514920753,15.2060036976409,36.6861810541404,27.1575851719263,242.93574518669,566.186896147937,"(0, -0.1 MPa)",NA,2.0857184536438,35.3876125804113
"3d","fag","fag09",2,2024-08-12 14:00:00,1,22,2024-08-12 13:56:00,951.427083333333,1,12.93,32.0755970947078,1472.17123015873,28.2470333333333,38.0980333333333,48.0372537529951,48.0416,40.6398,1452.95,66.7407367801222,-0.0979931012856695,9.54353284254608,0.100043252668242,46.190323031467,56.667208833089,147.881370952661,221.606270702034,"(0, -0.1 MPa)","VPD 5-9 kPa",0.0104828321250427,45.6758627572448
"3d","fag","fag09",2,2024-08-13 10:00:00,1,104.5,2024-08-13 10:05:00,951.830026455026,1,13.085,36.2468888888889,1141.29920634921,46.7414444444445,29.9960952380952,22.7361888828622,41.7605,46.581,1416.825,43.506156825254,-0.0979931012856695,11.9939416292063,0.468133554493209,39.1531545498736,32.9634231756106,326.588605776979,1199.52838469834,"(0, -0.1 MPa)","VPD 3-4 kPa",0.0390308348135749,37.8916261031351
"3d","fag","fag09",2,2024-08-13 12:00:00,1,111.666666666667,2024-08-13 11:53:20,950.214285714286,1,12.9666666666667,33.1074814814815,1598.95132275132,39.8427830687831,32.586291005291,29.7517548276602,44.3346666666667,45.885,1667.86666666667,50.4117199658504,-0.0979931012856695,12.9235058968402,0.179056221429316,41.8636521720105,39.1460749818023,293.774235265487,860.446603080515,"(0, -0.1 MPa)","VPD 3-4 kPa",0.0138550810328561,42.6884886869013
"3d","fag","fag09",2,2024-08-13 13:00:00,1,115.5,2024-08-13 12:50:00,948.881324404762,1,12.93,32.5937222222222,1630.54151785714,34.9765783730159,34.0378908730159,34.831309128933,45.4715,44.05375,1624.0125,55.1935037456832,-0.0979931012856695,11.9077101215697,1.02221779087008,43.1643230442926,44.1107433536806,239.290787555067,524.107251409271,"(0, -0.1 MPa)",NA,0.0858450348920092,43.4541421730774
"3d","fag","fag09",2,2024-08-13 14:00:00,1,119.5,2024-08-13 13:50:00,947.888020833333,1,12.93,32.1593297017181,1564.7974702381,31.1298244047619,35.5797574404762,40.1968035712658,47.06975,42.68625,1534.6375,61.3786725714477,-0.0979931012856695,12.0272408410408,0.123227194400102,44.5452521580289,48.3833413371081,218.576763829261,432.91133908851,"(0, -0.1 MPa)",NA,0.010245674467548,45.6782805444358
"3d","fag","fag09",2,2024-08-13 15:00:00,1,123.5,2024-08-13 14:50:00,947.066550925926,1,12.93,32.9693333333333,981.617906746032,33.7021592261905,34.9762425595238,37.4948283959988,42.86575,44.4385,915.8875,48.7580237913079,-0.0979931012856695,5.27353606882372,0.191673355053829,42.4698069827951,46.2366266116806,100.999451590224,172.302196363167,"(0, -0.1 MPa)",NA,0.0363462679599312,38.3054492941095
"3d","fag","fag09",2,2024-08-14 10:00:00,1,143,2024-08-14 09:46:40,977,1,12.8021111111111,36.2126851851852,759.539947089947,75.5609900793651,22.0943829365079,6.54664310662938,27.003,71.0706666666667,715.783333333333,10.4498193536809,-0.0979931012856695,2.76119645461935,17.9461682373611,27.1359933489583,10.7509188268623,255.765904304286,695.515246916325,"(0, -0.1 MPa)","VPD 1-2 kPa",6.49941738384389,25.4516553992176
"3d","fag","fag09",2,2024-08-14 11:00:00,1,147.5,2024-08-14 10:50:00,976.634920634921,1,12.8283333333333,34.5683194444444,1332.01845238095,62.1900907738096,25.2904102182539,12.294727206621,34.0655,54.597,1274.0125,24.8336720354899,-0.0979931012856695,4.89403531081878,15.1470512899896,34.3858499644963,25.7835753259736,178.220343561259,303.085002936944,"(0, -0.1 MPa)",NA,3.09500245257843,29.2795124715505
"3d","fag","fag09",2,2024-08-14 12:00:00,1,151.5,2024-08-14 11:50:00,975.916666666667,1,12.86925,33.8609027777778,1467.81334325397,55.2480714285714,26.6158864087301,15.6821953632964,34.90725,52.729,1612.45,26.6309244580102,-0.0979931012856695,5.54013187737702,14.3877315188465,35.8608492675752,29.6742854009872,176.267555753417,299.885403597963,"(0, -0.1 MPa)",NA,2.59700163052046,29.6304528062332
"3d","fag","fag09",2,2024-08-14 13:00:00,1,155.5,2024-08-14 12:50:00,975.027777777778,1,12.88775,34.6381666666667,769.46884920635,53.883845734127,25.9315873015873,15.5104898775143,30.907,52.387,714.95,21.5690797012368,-0.0979931012856695,2.426101388176,9.98909149895974,31.4250364554017,22.9124110645652,102.392882781719,135.565877768301,"(0, -0.1 MPa)",NA,4.11734297158527,23.514293904972
"3d","fag","fag09",2,2024-08-14 14:00:00,1,159.5,2024-08-14 13:47:30,975.206018518518,1,12.9199166666667,35.3214722222222,1318.00431547619,49.0997643849206,26.5557906746032,17.7844951780561,32.344,48.492,1210.8875,25.6452708999884,-0.0979931012856695,3.28985677065031,9.83647900108538,34.0417917755243,30.6390245996979,97.5090340542256,125.508591879014,"(0, -0.1 MPa)","VPD 3-4 kPa",2.98994141290261,23.6138049644753
"3d","fag","fag09",2,2024-08-14 15:00:00,1,164,2024-08-14 14:54:00,975.6,1,12.9204666666667,36.4759111111111,995.554166666666,48.2040373015873,26.5642472222222,18.0856433646448,31.2501,48.1074,733.2,24.1777384652572,-0.0979931012856695,2.63225714831421,8.48215884872022,31.5890836214412,25.326219461767,94.3328843790729,120.301611293364,"(0, -0.1 MPa)",NA,3.2223898999201,22.0193205518209
"3d","fag","fag09",2,2024-08-15 08:00:00,1,233.5,2024-08-15 07:55:00,979.735367063492,1,12.9233333333333,37.4149166666667,940.222817460318,57.7188387896825,21.4064538690476,10.8444185009721,29.35175,54.14525,812.1375,18.8914112839175,-0.0979931012856695,4.65941131876994,15.9424171317739,28.3696732759034,16.6190606745732,267.438303736893,713.983705654906,"(0, -0.1 MPa)","VPD 1-2 kPa",3.42155178864584,22.2299862402639
"3d","fag","fag09",2,2024-08-15 09:00:00,1,237.5,2024-08-15 08:55:00,979.67117228836,1,12.9239166666667,36.7207083333333,1259.79499007936,52.639996031746,23.027755952381,13.4059079459545,31.75425,49.756,1107.1375,23.7036937338341,-0.0979931012856695,5.47418856984246,16.4416790285582,31.0944528220497,21.9439621433254,236.54892497456,520.071144937908,"(0, -0.1 MPa)",NA,3.00349153464243,23.4349475619458
"3d","fag","fag09",2,2024-08-15 10:00:00,1,241.5,2024-08-15 09:55:00,979.918650793651,1,12.92075,34.6360277777778,1228.29077380953,48.3145654761905,24.4676537698413,15.9342899678785,34.02775,47.66775,1120.2625,28.0344790046631,-0.0979931012856695,6.62770467098337,17.3133564761831,32.7452581839151,24.3118965160521,260.273127785083,711.656373565805,"(0, -0.1 MPa)",NA,2.61227036140919,25.5097758476635
"3d","fag","fag09",2,2024-08-15 11:00:00,1,245.333333333333,2024-08-15 10:46:40,979.308641975309,1,12.9207777777778,33.3191618245131,1417.29788359788,44.8663544973545,25.588126984127,18.183363139781,35.1113333333333,49.4708333333333,1557.03333333333,28.8058633296795,-0.0979931012856695,8.21341361098421,18.8886143650464,34.1070619733683,25.6580469783804,298.295417807312,977.962416948866,"(0, -0.1 MPa)",NA,2.29972764792774,28.1150755156563
"3d","fag","fag09",2,2024-08-15 12:00:00,1,249.333333333333,2024-08-15 11:46:40,978.574074074074,1,12.9203333333333,33.2346666666666,1729.95,42.1304675925926,27.4308333333333,21.2607500363753,38.429,47.2933333333333,1705.78333333333,35.9455731325889,-0.0979931012856695,10.6321483078904,18.3426212166093,36.7116511938597,29.8580922643292,331.436450737219,1271.95808948433,"(0, -0.1 MPa)",NA,1.72520366396665,32.2140191388697
"3d","fag","fag09",2,2024-08-15 13:00:00,1,253.5,2024-08-15 12:50:00,978,1,12.92425,32.2934166666667,1695.69652777778,39.9918621031746,28.6404161706349,23.6521887820772,39.42275,43.91925,1679.95,40.2953721906078,-0.0979931012856695,9.70067018066642,16.5142405681814,37.9584646553753,34.8536952064396,259.602355417132,631.211200277502,"(0, -0.1 MPa)","VPD 3-4 kPa",1.70238140877056,31.556622540058
"3d","fag","fag09",2,2024-08-15 14:00:00,1,258.25,2024-08-15 13:57:30,977.256944444445,1,12.9298333333333,33.06575,1528.18908730159,37.5297777777778,29.2940054563492,25.571574162336,39.3265,42.39925,1474.0125,41.1768083544243,-0.0979931012856695,9.29803514283493,17.2770432102042,37.5833901620346,34.7794685587881,251.69409747836,632.870376159217,"(0, -0.1 MPa)","VPD 3-4 kPa",1.85813916002651,30.3078392851875
"3d","fag","fag09",2,2024-08-16 08:00:00,1,331.333333333333,2024-08-16 07:53:20,979.956790123457,1,13.42,38.6106481481481,925.262500000002,59.4847916666667,21.2786296296296,10.3117828913032,30.3923333333333,54.286,793.7,19.9884286855901,-0.0979931012856695,5.67973262894231,19.2440405081641,28.8356448636073,16.2618062422481,332.407085943518,1297.71378178745,"(0, -0.1 MPa)","VPD 1-2 kPa",3.38819479108962,23.6608103141329
"3d","fag","fag09",2,2024-08-16 09:00:00,1,335,2024-08-16 08:50:00,979.28125,1,13.3683333333333,38.4090555555556,1246.5125,55.978625,22.86375,12.3171508915164,34.082,50.281,1153.7,26.6880263289059,-0.0979931012856695,7.52646350425219,21.1815663589825,32.475813361574,22.0697912843554,320.996868642051,1127.20732158736,"(0, -0.1 MPa)",NA,2.81427875748227,26.9896951234683
"3d","fag","fag09",2,2024-08-16 10:00:00,1,339,2024-08-16 09:40:00,979,1,13.3,38.1246666666667,1392.1375,53.73325,24.1185,13.9620415906007,36.055,48.742,1213.7,30.6845170731796,-0.0979931012856695,8.57290161159394,21.4120692354266,34.1449290377009,24.6877173402801,325.542641807007,1185.32951295386,"(0, -0.1 MPa)",NA,2.49764551204799,29.1783669121098
"3d","fag","fag09",2,2024-08-16 13:00:00,1,351.5,2024-08-16 12:50:00,977,1,13.0986666666666,32.5261871812141,1698.25357142857,44.7219375,29.82225,23.3277318969861,42.1895,46.801,1691.2,44.2637336154613,-0.0979931012856695,12.4376635025764,18.8880250581924,39.9012651543531,34.7733588745419,329.316520456671,1246.29254724715,"(0, -0.1 MPa)","VPD 3-4 kPa",1.51861521694005,38.9387334478584
"3d","fag","fag09",2,2024-08-16 14:00:00,1,356.5,2024-08-16 14:05:00,976,1,13.0276666666667,33.3446038478807,1517.45,41.0833888888889,31.2096944444445,26.9113054711996,42.383,47.204,1476.2,44.3848984854265,-0.0979931012856695,12.2887673424759,18.9364052705924,39.8155427163564,33.7070641225346,335.156830893201,1326.77357757038,"(0, -0.1 MPa)","VPD 3-4 kPa",1.54095237893707,39.6745817942576
"3d","fag","fag09",2,2024-08-17 07:00:00,1,425.5,2024-08-17 06:55:00,977,1,12.9395,37.8458611111111,413.422222222223,57.8233888888889,21.3602222222222,10.809938480062,24.858,64.6765,506.2,11.8774741914475,-0.0979931012856695,2.96496990722533,13.2138063394578,24.1627556990536,10.3893604371329,263.238475163321,652.734649544918,"(0, -0.1 MPa)","VPD 1-2 kPa",4.45664096193929,20.4004840597575
"3d","fag","fag09",2,2024-08-17 13:00:00,1,451,2024-08-17 13:10:00,973,1,12.94,34.7676666666667,1663.7,27.4616666666667,33.7155555555556,38.1519926749632,45.579,40.879,1646.2,58.6383864483492,-0.0979931012856695,16.0313862513264,19.0576896556661,42.2004582831478,42.7032024226572,342.040991891977,1437.85743099104,"(0, -0.1 MPa)",NA,1.18877365668171,40.5452986184616
"3d","fag","fag09",2,2024-08-17 14:00:00,1,456,2024-08-17 14:20:00,972,1,12.94,34.8076666666667,1421.825,27.6985,34.217875,39.1048103800478,45.6,42.137,1353.7,57.4629048038807,-0.0979931012856695,14.9508591685498,18.4182754154659,42.093055766603,40.9467363701104,332.155661860911,1277.97212131864,"(0, -0.1 MPa)",NA,1.23192086874914,41.8379985589774
"3d","fag","fag09",2,2024-08-18 08:00:00,1,526.5,2024-08-18 07:40:00,974,1,13.34,35.3643611111111,794.860714285714,57.6827678571428,25.4001964285714,13.7873347752009,32.3015,55.6655,676.2,21.5371496511028,-0.0979931012856695,4.42409240997459,16.1164747522847,31.0915742745823,18.3192155701814,226.463415222016,458.485950813541,"(0, -0.1 MPa)","VPD 1-2 kPa",3.64288836190411,27.0421245743437
"3d","fag","fag09",2,2024-08-18 21:00:00,1,528,2024-08-18 21:00:00,960.747698565618,0.999871547848426,13.39,35.725,494.713166345536,49.8061939627489,23.0087797045601,15.5340681690382,32.323,50.794,881.2,23.933130729818,-0.0979931012856695,2.85839603060567,13.7220044138256,33.0812391402878,26.0525275203712,101.27021444567,130.780073446351,"(0, -0.1 MPa)",NA,4.80059595203049,24.7055123824407
"3d","ile","ilex01",6,2024-08-26 10:00:00,3,0,2024-08-26 10:20:00,962,1,13.22,37.2188888888889,1352.45,49.9341666666667,24.8896666666667,15.8357676192936,38.629,52.015,1376.2,33.03933466718,-0.0979931012856695,3.26481817323179,6.06512474706783,40.7312196167422,41.2258304809359,71.7154999135206,88.8966464618101,"(0, -0.1 MPa)",NA,1.85772206145988,35.8141292635901
"3d","ile","ilex01",6,2024-08-26 11:00:00,3,1.5,2024-08-26 10:55:00,961.166666666667,1,13.1916666666666,36.9204722222222,1285.575,48.2505,25.8459166666666,17.3300295266265,39.916,51.3555,1511.2,35.9124959078462,-0.0979931012856695,3.4927672410607,5.84399203607571,42.3317761018032,45.966684699127,68.5097875667287,84.0549818379609,"(0, -0.1 MPa)",NA,1.67316961959967,37.8853330650101
"3d","ile","ilex01",6,2024-08-26 12:00:00,3,4,2024-08-26 11:56:40,960,1,13.14,36.2218888888889,1250.92222222222,47.4861111111111,26.7615555555556,18.5483156170047,40.488,53.545,1567.86666666667,35.3230637706992,-0.0979931012856695,3.82234108795018,5.7555233939561,42.6925490124508,44.6841482641005,76.7813392870142,96.9029586425252,"(0, -0.1 MPa)",NA,1.50575871214116,40.721911617866
"3d","ile","ilex01",6,2024-08-26 13:00:00,3,6.5,2024-08-26 12:55:00,958.805555555555,1,13.11,35.5814166666667,1235.08888888889,48.3093611111111,27.9705833333334,19.5993655153081,41.9535,52.149,1534.95,39.3383214896609,-0.0979931012856695,3.79177529525733,5.43890331890992,44.1077534590482,49.1044162427773,68.8457657280208,84.5317723039682,"(0, -0.1 MPa)",NA,1.4343949457429,42.8538207479182
"3d","ile","ilex01",6,2024-08-26 14:00:00,3,9,2024-08-26 13:56:40,957.666666666667,1,13.0776666666667,36.4683148148148,1094.95,45.8480277777778,28.93325,21.7131644294567,43.9485,49.4465,1369.53333333333,46.1324109714707,-0.0979931012856695,4.1059355556677,5.48306164138479,45.1179304960628,51.7778641993672,70.3165448528991,86.765965029457,"(0, -0.1 MPa)","VPD 5-9 kPa",1.3353988554,45.0917952435507
"3d","ile","ilex01",6,2024-08-26 15:00:00,3,11.5,2024-08-26 14:55:00,956.958333333333,1,13.025,36.1763333333333,325.991666666667,44.9872916666666,29.2392083333334,22.4458132622257,39.3585,52.1855,758.075,35.5182078260738,-0.0979931012856695,2.50270967790826,5.25139017199977,39.7575066021883,37.4466878876591,57.2087262925493,67.921556590884,"(0, -0.1 MPa)","VPD 3-4 kPa",2.0982818016626,37.3672512407588
"3d","ile","ilex01",6,2024-08-27 08:00:00,3,54,2024-08-27 07:56:40,956.875,1,13.3648888888889,36.5979814814815,755.505555555556,66.5106111111111,23.4645555555555,9.80297819458427,35.0253333333333,61.083,737.866666666667,22.3175112218086,-0.0979931012856695,2.13365303652102,6.81538823063588,35.733297382855,24.5623434258404,78.1836365137816,99.1825657995392,"(0, -0.1 MPa)",NA,3.19423454234554,34.5498292790251
"3d","ile","ilex01",6,2024-08-27 09:00:00,3,56.5,2024-08-27 09:00:00,956,1,13.2518333333333,35.2546666666667,1029.53333333333,58.911,26.1835833333334,14.0379582232672,39.444,55.2135,1009.95,32.2612218592743,-0.0979931012856695,2.88319070247509,6.38399731307667,40.4599618256078,36.2479442773922,71.4144904074523,88.4359082146487,"(0, -0.1 MPa)","VPD 3-4 kPa",2.21421264559306,39.7168637441092
"3d","ile","ilex01",6,2024-08-27 10:00:00,3,59,2024-08-27 09:56:40,955.351851851852,1,13.163,35.6113888888889,1322.91296296296,54.3399814814815,27.839962962963,17.1936177757807,42.9333333333333,51.909,1116.2,41.6213797103895,-0.0979931012856695,3.79133472249487,5.33239097632251,43.431741923186,43.9927573179472,76.9527647618897,97.1831625572765,"(0, -0.1 MPa)",NA,1.40646800312412,44.9030888260879
"3d","ile","ilex01",6,2024-08-27 11:00:00,3,61.5,2024-08-27 11:00:00,954.25,1,13.085,34.8038888888889,1330.99166666666,48.9191666666667,29.8592083333333,21.6050902137606,45.04275,51.08675,1524.325,47.2183418521233,-0.0979931012856695,4.52218909912059,4.29578864327356,46.3685058223715,53.979447668987,73.5148871315205,91.6896595505773,"(0, -0.1 MPa)","VPD 5-9 kPa",0.949935650437293,49.2944805875414
"3d","ile","ilex01",6,2024-08-27 12:00:00,3,64,2024-08-27 11:56:40,953.166666666667,1,13.0148888888889,35.1585185185185,1274.18611111111,45.2878611111111,31.6969722222222,25.7138770922201,45.9646666666667,51.3146666666667,1595.36666666667,49.2687768716685,-0.0979931012856695,4.64511570092317,4.06516588339506,47.4575530169308,57.2195785371156,70.8114423869169,87.5585521228045,"(0, -0.1 MPa)","VPD 5-9 kPa",0.875148466718956,51.9096336601449
"3d","ile","ilex01",6,2024-08-27 13:00:00,3,66.5,2024-08-27 13:00:00,952.1875,1,12.9456666666667,35.5058055555555,1258.49166666666,41.6510416666667,33.1695416666667,29.7828930472292,47.8525,49.33475,1578.7,56.4183885185469,-0.0979931012856695,4.84017205796009,3.45661496223011,49.1352016431012,63.818304296013,65.6984234936794,79.867718973696,"(0, -0.1 MPa)","VPD 5-9 kPa",0.714151257607755,54.9227842322922
"3d","ile","ilex01",6,2024-08-27 14:00:00,3,69,2024-08-27 13:56:40,951.52380952381,1,12.9326666666667,34.1300925925926,759.900396825398,39.5089722222222,33.3513174603175,31.1894790535946,43.391,50.4026666666667,912.866666666667,45.7022017064544,-0.0979931012856695,2.5910618723224,4.4471398863252,44.4642647811692,50.7732177579516,43.980379642168,50.0768828575571,"(0, -0.1 MPa)","VPD 5-9 kPa",1.71633874660785,44.6523786004484
"3d","ile","ilex01",6,2024-08-27 15:00:00,3,71.5,2024-08-27 15:00:00,950.805555555555,1,12.9341666666667,36.0006388888889,330.158333333334,33.5366666666666,34.25525,36.0313015803162,41.6965,48.84,823.7,42.9032149339285,-0.0979931012856695,2.30665414761286,4.19208114424468,42.6711508092232,47.7651385521938,39.3238842726767,44.3527504644804,"(0, -0.1 MPa)",NA,1.81738608216713,39.595573526565
"3d","ile","ilex01",6,2024-08-28 08:00:00,3,114,2024-08-28 08:00:00,954,1,13.3566666666667,34.9465,525.658333333333,73.5007333333333,25.3578666666667,8.6579775345823,33.2448333333333,69.65,583.283333333333,15.992766995055,-0.0979931012856695,1.33841091552938,5.46075523405648,34.2698566255555,19.0970465329307,58.6403604961871,71.2540347369409,"(0, -0.1 MPa)","VPD 1-2 kPa",4.08002891391287,35.6786849020293
"3d","ile","ilex01",6,2024-08-28 09:00:00,3,116.5,2024-08-28 09:00:00,954,1,13.2655,36.3534166666666,1015.15833333334,65.62875,27.9907083333334,13.064147217797,40.495,57.9855,991.825,31.9743877489102,-0.0979931012856695,2.79464087310074,6.02527542021561,41.541190676948,36.3038448712341,68.7063830704303,84.3478578634596,"(0, -0.1 MPa)","VPD 3-4 kPa",2.15601062670009,44.1153923460696
"3d","ile","ilex01",6,2024-08-28 10:00:00,3,119,2024-08-28 10:00:00,953.305555555556,1,13.1705555555555,36.4027592592593,1250.99166666667,59.4306666666667,29.9769722222222,17.3381972687959,43.1695,56.1863333333333,1133.7,38.4288977299065,-0.0979931012856695,3.74221194219899,5.20983683960848,43.7706188464822,41.2658005434531,80.1220321617408,102.188003027335,"(0, -0.1 MPa)",NA,1.39218112711892,49.2054529627166
"3d","ile","ilex01",6,2024-08-28 11:00:00,3,121.5,2024-08-28 11:00:00,952.3125,1,13.0825,34.8416111111111,1313.74464285714,49.4514107142857,32.6439821428571,25.1183433746,45.3,52.906,1504.95,46.0462375337081,-0.0979931012856695,4.05459974308098,4.21421375536471,47.0827845063143,55.3499192739556,63.9565348708341,77.3139390020685,"(0, -0.1 MPa)","VPD 5-9 kPa",1.03936615754887,51.7289226748875
"3d","ile","ilex01",6,2024-08-28 12:00:00,3,124,2024-08-28 12:00:00,951.518518518519,1,12.9904444444444,33.3939814814815,1258.28333333333,42.4395,34.6817777777778,32.0001788591992,46.2506666666667,52.6333333333333,1565.36666666667,48.6397526496871,-0.0979931012856695,4.02288530831341,3.71055513739179,48.3579301179392,60.2252518381967,58.2548536467971,69.2535908612606,"(0, -0.1 MPa)","VPD 5-9 kPa",0.922361651654305,54.0262191110165
"3d","ile","ilex01",6,2024-08-28 13:00:00,3,126.5,2024-08-28 13:00:00,950.770833333333,1,12.96,33.4195833333333,1225.36666666666,38.30425,36.19625,37.2364039035144,47.5095,50.0125,1511.2,54.7193348018273,-0.0979931012856695,3.70056656521409,3.39178229216242,49.8581662926262,68.3865880517365,46.7360770759795,53.5030680504988,"(0, -0.1 MPa)","VPD 5-9 kPa",0.916557568250683,54.7220841538999
"3d","ile","ilex01",6,2024-08-28 14:00:00,3,129,2024-08-28 14:00:00,949.694444444444,1,12.94,33.0133888888889,1093.00555555556,34.2311111111111,36.9315,41.3141747860092,48.768,47.3423333333333,1339.53333333333,61.381629528334,-0.0979931012856695,3.80762143384911,3.13867785618184,50.298765200944,70.6174797331614,46.337238675629,52.9608419171023,"(0, -0.1 MPa)","VPD 5-9 kPa",0.824314578198223,55.1848134873939
"3d","ile","ilex01",6,2024-08-28 15:00:00,3,131.5,2024-08-28 15:00:00,949,1,12.9301666666667,33.5491111111111,242.658333333333,36.052,36.10325,38.4014444788764,41.611,51.917,652.45,39.9797130429686,-0.0979931012856695,1.27998133144255,3.43147943924739,43.2330080255944,47.3225057825097,21.0974016111639,22.6936616265492,"(0, -0.1 MPa)",NA,2.680882412074,41.9010043714541
"3d","ile","ilex03",3,2024-08-26 10:00:00,3,0,2024-08-26 10:20:00,962,1,13.22,37.2188888888889,1352.45,49.9341666666667,24.8896666666667,15.8357676192936,35.669,63.541,1478.7,21.3673276672175,-0.0979931012856695,5.63323130278405,10.7840435121307,35.6116740158546,21.1826941085864,243.110170861476,490.14705798306,"(0, -0.1 MPa)",NA,1.91436192346674,37.2391279876756
"3d","ile","ilex03",3,2024-08-26 11:00:00,3,1.5,2024-08-26 10:55:00,961.166666666667,1,13.1916666666666,36.9204722222222,1285.575,48.2505,25.8459166666666,17.3300295266265,36.7845,61.1845,1568.7,24.1861914115691,-0.0979931012856695,5.81421669793766,10.7505908959431,36.8472301885118,24.4073287461567,218.002336597379,402.336898898038,"(0, -0.1 MPa)",NA,1.84901792527899,38.1186869812498
"3d","ile","ilex03",3,2024-08-26 12:00:00,3,4,2024-08-26 11:56:40,960,1,13.14,36.2218888888889,1250.92222222222,47.4861111111111,26.7615555555556,18.5483156170047,37.9136666666667,60.6103333333333,1426.2,26.0996138270653,-0.0979931012856695,6.0531971319141,10.3893975917702,37.5088240261345,24.6818130252394,222.866705985176,414.911968338764,"(0, -0.1 MPa)",NA,1.71634879310215,40.1512656754417
"3d","ile","ilex03",3,2024-08-26 13:00:00,3,6.5,2024-08-26 12:55:00,958.805555555555,1,13.11,35.5814166666667,1235.08888888889,48.3093611111111,27.9705833333334,19.5993655153081,39.637,59.646,1618.7,29.3385021601019,-0.0979931012856695,6.41614121886881,9.91116485737593,39.4788747438924,28.7248515158549,201.5020145224,346.660039854288,"(0, -0.1 MPa)",NA,1.54472361490873,43.3505693452887
"3d","ile","ilex03",3,2024-08-26 14:00:00,3,9,2024-08-26 13:56:40,957.666666666667,1,13.0776666666667,36.4683148148148,1094.95,45.8480277777778,28.93325,21.7131644294567,39.4726666666667,59.0393333333333,1321.2,29.5129696988906,-0.0979931012856695,5.84727228612567,9.75369182923992,38.944348124668,27.5513470533076,190.942575123133,316.29948916377,"(0, -0.1 MPa)",NA,1.66807553196785,42.5341248346082
"3d","ile","ilex03",3,2024-08-27 08:00:00,3,54,2024-08-27 07:56:40,956.875,1,13.3648888888889,36.5979814814815,755.505555555556,66.5106111111111,23.4645555555555,9.80297819458427,32.237,67.9443333333333,636.2,15.6407128055842,-0.0979931012856695,2.98129788736431,9.25364307266261,31.7643694271852,14.3662425975278,188.673790194206,310.842634560635,"(0, -0.1 MPa)","VPD 1-2 kPa",3.10389750446693,32.8872199823003
"3d","ile","ilex03",3,2024-08-27 09:00:00,3,56.5,2024-08-27 09:00:00,956,1,13.2518333333333,35.2546666666667,1029.53333333333,58.911,26.1835833333334,14.0379582232672,36.5485,63.956,1064.95,22.1658859617334,-0.0979931012856695,4.57412555721617,9.17426573475857,36.1681101426212,20.904762173241,198.26152586562,336.628127519637,"(0, -0.1 MPa)",NA,2.00568734285949,39.3349569744533
"3d","ile","ilex03",3,2024-08-27 10:00:00,3,59,2024-08-27 09:56:40,955.351851851852,1,13.163,35.6113888888889,1322.91296296296,54.3399814814815,27.839962962963,17.1936177757807,39.43,61.807,1369.53333333333,27.4959917679999,-0.0979931012856695,5.98663467848266,9.26372793378328,38.9672577173429,25.7318850030631,209.248506899931,370.02688257552,"(0, -0.1 MPa)",NA,1.54740157555951,44.426473136649
"3d","ile","ilex03",3,2024-08-27 11:00:00,3,61.5,2024-08-27 11:00:00,954.25,1,13.085,34.8038888888889,1330.99166666666,48.9191666666667,29.8592083333333,21.6050902137606,41.932,58.779,1556.2,33.8588009892099,-0.0979931012856695,6.98970090760126,8.44741942302674,41.3540902989015,31.394591449054,198.392553921632,337.206311003595,"(0, -0.1 MPa)","VPD 3-4 kPa",1.20855234504244,48.247508241202
"3d","ile","ilex03",3,2024-08-27 12:00:00,3,64,2024-08-27 11:56:40,953.166666666667,1,13.0148888888889,35.1585185185185,1274.18611111111,45.2878611111111,31.6969722222222,25.7138770922201,43.6125,56.8621666666667,1442.03333333333,38.6590239696696,-0.0979931012856695,7.37374345189753,8.34228710086096,42.6145253777112,34.1253503196725,191.257614269626,316.977567452235,"(0, -0.1 MPa)","VPD 3-4 kPa",1.13135033179303,50.9583143145347
"3d","ile","ilex03",3,2024-08-27 13:00:00,3,66.5,2024-08-27 13:00:00,952.1875,1,12.9456666666667,35.5058055555555,1258.49166666666,41.6510416666667,33.1695416666667,29.7828930472292,44.742,55.519,1665.575,42.2660114568832,-0.0979931012856695,7.29234587857565,8.01520540270996,44.2641580056041,39.9521692495858,160.684245963886,241.303542736475,"(0, -0.1 MPa)","VPD 3-4 kPa",1.09912578697865,52.7484124113357
"3d","ile","ilex03",3,2024-08-27 14:00:00,3,69,2024-08-27 13:56:40,951.52380952381,1,12.9326666666667,34.1300925925926,759.900396825398,39.5089722222222,33.3513174603175,31.1894790535946,40.6883333333333,58.0383333333333,1012.86666666667,33.1353971171311,-0.0979931012856695,4.19303813357505,7.54845576281645,40.482350829062,32.2968513947633,111.981312983671,147.882454975269,"(0, -0.1 MPa)","VPD 3-4 kPa",1.80023541936656,44.6111134440675
"3d","ile","ilex03",3,2024-08-28 09:00:00,3,116.5,2024-08-28 09:00:00,954,1,13.2655,36.3534166666666,1015.15833333334,65.62875,27.9907083333334,13.064147217797,37.471,66.868,813.075,21.5557847784182,-0.0979931012856695,4.33356698020651,9.20808078460771,36.6780297795611,18.7596232754479,208.592824489601,367.886765897811,"(0, -0.1 MPa)","VPD 1-2 kPa",2.12482715201252,43.2461244684532
"3d","ile","ilex03",3,2024-08-28 10:00:00,3,119,2024-08-28 10:00:00,953.305555555556,1,13.1705555555555,36.4027592592593,1250.99166666667,59.4306666666667,29.9769722222222,17.3381972687959,40.2876666666667,65.1443333333333,1372.86666666667,26.2779455971933,-0.0979931012856695,6.06755147436484,8.93581394831261,39.8319281600501,24.4738238743325,222.752338288291,419.187534928628,"(0, -0.1 MPa)",NA,1.47272157246066,49.0185277700979
"3d","ile","ilex03",3,2024-08-28 11:00:00,3,121.5,2024-08-28 11:00:00,952.3125,1,13.0825,34.8416111111111,1313.74464285714,49.4514107142857,32.6439821428571,25.1183433746,42.98325,61.3675,1518.075,33.5151623977578,-0.0979931012856695,7.01845007225246,8.71267928199851,42.3554963500495,30.7134735446205,202.166345303758,348.404166221532,"(0, -0.1 MPa)","VPD 3-4 kPa",1.24139648958168,53.2234860769354
"3d","ile","ilex03",3,2024-08-28 12:00:00,3,124,2024-08-28 12:00:00,951.518518518519,1,12.9904444444444,33.3939814814815,1258.28333333333,42.4395,34.6817777777778,32.0001788591992,44.2346666666667,58.5433333333333,1432.03333333333,38.3856888280247,-0.0979931012856695,6.72255346294724,8.20522673297308,43.6146689844165,35.5355527784074,169.920108326605,269.522735898846,"(0, -0.1 MPa)","VPD 3-4 kPa",1.22055209797853,54.1841871832995
"3d","ile","ilex03",3,2024-08-28 13:00:00,3,126.5,2024-08-28 13:00:00,950.770833333333,1,12.96,33.4195833333333,1225.36666666666,38.30425,36.19625,37.2364039035144,45.064,57.595,1603.7,40.9664352270898,-0.0979931012856695,6.37929175507005,8.01543261247931,44.9963488093496,40.6278107263422,137.374993872767,192.450481037788,"(0, -0.1 MPa)",NA,1.25647688179631,55.6351454433994
"3d","ile","ilex03",3,2024-08-28 14:00:00,3,129,2024-08-28 14:00:00,949.694444444444,1,12.94,33.0133888888889,1093.00555555556,34.2311111111111,36.9315,41.3141747860092,44.0203333333333,55.8403333333333,1326.2,40.4499250514531,-0.0979931012856695,4.9913335446034,7.30453033933834,44.1570179930542,41.0640157706916,105.801916790405,137.688359018976,"(0, -0.1 MPa)",NA,1.46344263994057,51.1123746637259
"3d","ile","ilex04",5,2024-08-20 08:00:00,2,1.5,2024-08-20 08:10:00,966.375,1,13.3473333333333,38.0931666666666,845.8875,49.5087083333333,21.7154583333334,13.231706944785,31.4215,54.457,691.2,21.2612846920072,-0.0979931012856695,4.56200952790267,11.1191605980439,29.9969645781763,17.5627488442573,241.568747585,510.528370215346,"(0, -0.1 MPa)","VPD 1-2 kPa",2.43733831111832,25.1695654072058
"3d","ile","ilex04",5,2024-08-20 09:00:00,2,3.5,2024-08-20 09:00:00,966,1,13.265,37.1470833333333,1119.74166666666,47.9654583333333,23.23725,14.8940775916215,34.0175,51.0625,1045.575,26.1851215352663,-0.0979931012856695,5.10688610899251,11.7385254955962,33.1240166608949,23.5709262240429,200.814150239604,357.758349925757,"(0, -0.1 MPa)",NA,2.29856809904695,27.3109054845134
"3d","ile","ilex04",5,2024-08-20 10:00:00,2,6,2024-08-20 09:56:40,965.430555555556,1,13.2164444444444,35.9088518518518,1166.06111111111,43.0716388888889,25.4681944444444,18.6816840778162,36.5556666666667,48.083,1316.61666666667,32.0604223341583,-0.0979931012856695,5.66587226432868,10.6145674598375,36.0100983202116,30.2468549298296,173.437554492379,279.789426340766,"(0, -0.1 MPa)","VPD 3-4 kPa",1.87342159594119,29.584151301049
"3d","ile","ilex04",5,2024-08-20 11:00:00,2,8.5,2024-08-20 11:00:00,964.104166666667,1,13.1558333333334,37.1156111111111,1456.5125,32.74025,28.4178333333333,26.2410901409019,41.0315,40.757,1493.7,46.4807618541059,-0.0979931012856695,7.96942293999555,8.80320994997904,39.5530155150689,40.5383307554056,179.635391380765,295.47180369234,"(0, -0.1 MPa)",NA,1.1046232602111,31.9026557493913
"3d","ile","ilex04",5,2024-08-20 12:00:00,2,11,2024-08-20 12:00:00,962.189814814815,1,13.1033333333333,35.844,1542.03333333333,29.2652777777778,30.1372222222222,30.4026486521797,42.7616666666667,38.8523333333333,1548.7,52.4349747492095,-0.0979931012856695,8.23599873521831,8.67170079362739,41.2660989700563,45.9571902985176,162.684983838187,252.63197947427,"(0, -0.1 MPa)",NA,1.05290215217566,33.3086345640549
"3d","ile","ilex04",5,2024-08-20 13:00:00,2,13.5,2024-08-20 13:00:00,960.333333333333,1,13.0518333333333,35.1085833333333,1447.24166666666,25.7225,32.2623333333334,36.125749067788,43.8625,37.961,1426.2,56.348261523977,-0.0979931012856695,8.62323750712266,8.38723767849458,41.9000697984908,47.4993309756215,163.816872191073,254.785137643352,"(0, -0.1 MPa)",NA,0.972632108482093,34.4638438008359
"3d","ile","ilex04",5,2024-08-20 14:00:00,2,16,2024-08-20 14:00:00,958.263888888889,1,13.01,35.469462962963,1252.03333333333,19.9917777777778,33.4116666666667,41.3794645617759,43.3623333333333,36.7033333333333,1147.03333333333,55.9946316727249,-0.0979931012856695,8.85815683862654,8.38201030459039,40.6866682371583,44.4182323409968,180.447855966053,297.820780851508,"(0, -0.1 MPa)",NA,0.946247674012738,32.4674987988808
"3d","ile","ilex04",5,2024-08-20 15:00:00,2,18.5,2024-08-20 15:00:00,956.333333333333,1,12.9895,35.9613055555556,595.158333333334,17.8923333333333,33.2721666666666,42.1283511694496,39.058,38.193,679.95,43.921182674941,-0.0979931012856695,6.84378342251277,8.30138067136303,36.2122182033789,33.7936091946068,183.023091285741,305.527556777035,"(0, -0.1 MPa)","VPD 3-4 kPa",1.21298120628065,26.9108179657697
"3d","ile","ilex04",5,2024-08-21 08:00:00,2,60.5,2024-08-21 07:50:00,958.069444444445,1,13.4038333333333,36.8708888888889,779.95,58.0738333333333,23.4080833333334,12.1352105032332,31.4865,61.551,666.2,17.8826873611082,-0.0979931012856695,3.82089873499947,11.6830656936456,30.5052249055867,15.3360868476235,228.842814813025,461.32624636189,"(0, -0.1 MPa)","VPD 1-2 kPa",3.05767477861389,28.5535320747154
"3d","ile","ilex04",5,2024-08-21 09:00:00,2,63,2024-08-21 08:53:20,958,1,13.3373333333333,36.7272222222222,1147.72777777778,51.1420555555555,25.4747222222222,16.0380491373124,36.6983333333333,53.4473333333333,1003.7,29.0127656792181,-0.0979931012856695,6.0092264355377,11.5659538381067,35.2723288272322,24.3691945121022,227.534856857321,457.843778446821,"(0, -0.1 MPa)",NA,1.92469928736706,33.1420498901892
"3d","ile","ilex04",5,2024-08-21 10:00:00,2,65.5,2024-08-21 09:50:00,958,1,13.2671666666667,36.9453055555555,1183.49166666666,45.222,27.0988333333333,19.7380641672147,38.951,49.585,1364.95,35.3573735041472,-0.0979931012856695,7.08748871870407,11.5196521029105,37.7428901013171,30.9317689104255,208.144393308886,381.040682951013,"(0, -0.1 MPa)","VPD 3-4 kPa",1.62535032648585,34.7374455648566
"3d","ile","ilex04",5,2024-08-21 11:00:00,2,68,2024-08-21 10:53:20,957.069444444444,1,13.1981111111111,35.8016851851852,1466.61666666667,40.3212777777778,28.9088333333333,23.9162626174122,42.204,45.4376666666667,1566.2,45.5798935698073,-0.0979931012856695,8.33574519618815,9.95902595422093,40.798188149473,39.6079647680451,190.108864712693,325.630936413146,"(0, -0.1 MPa)","VPD 3-4 kPa",1.19473732939619,37.8332067218676
"3d","ile","ilex04",5,2024-08-21 12:00:00,2,70.5,2024-08-21 11:50:00,956,1,13.1288333333333,33.1142222222222,1654.11666666666,35.9770833333334,30.2838333333333,27.7410691028051,44.4845,42.1365,1652.45,54.2806340744607,-0.0979931012856695,8.75099281294175,7.87343070697398,43.0424420163491,47.5112972996318,164.449756259369,256.307621933131,"(0, -0.1 MPa)",NA,0.899718566255711,39.5056432998886
"3d","ile","ilex04",5,2024-08-21 13:00:00,2,73,2024-08-21 12:53:20,954.796296296296,1,13.0452222222222,35.1757407407407,1602.72777777778,32.7276666666667,31.8232777777778,31.8537727275924,45.8363333333333,40.464,1598.7,59.8816410964569,-0.0979931012856695,9.10356131530905,7.81481615852384,44.1095133694506,51.353830349916,158.552836825624,244.808581635445,"(0, -0.1 MPa)","VPD 5-9 kPa",0.858435055013252,40.6656217234671
"3d","ile","ilex04",5,2024-08-21 14:00:00,2,75.5,2024-08-21 13:50:00,954,1,12.99,32.56875,1435.36666666666,36.7938333333333,31.4545833333333,29.2750473869697,44.249,43.3695,1326.2,52.4798963907893,-0.0979931012856695,6.33612580206657,8.51060367268935,43.3673691129799,48.3553015497002,116.548020750893,156.228462043765,"(0, -0.1 MPa)",NA,1.34318729434216,40.1699603817847
"3d","ile","ilex04",5,2024-08-21 15:00:00,2,78,2024-08-21 14:53:20,953.055555555556,1,12.98,32.6804259259259,723.908333333334,36.8764444444444,31.5700555555555,29.4251040597199,40.388,46.7643333333333,757.45,41.2485586819735,-0.0979931012856695,3.96155173853425,8.20454897985311,39.5652282702938,37.7237410637109,88.7967891762344,114.230325484369,"(0, -0.1 MPa)","VPD 3-4 kPa",2.07104425774551,35.3765814320455
"3d","ile","ilex04",5,2024-08-22 08:00:00,2,120.5,2024-08-22 07:55:00,952,1,13.3521666666667,37.4870555555555,698.075,58.5971666666667,23.9155833333333,12.3944563574745,32.623,59.9265,621.2,20.1592873064884,-0.0979931012856695,3.89205213715838,11.4694630960166,31.508844413047,16.9984194755108,204.675298744358,380.862240243208,"(0, -0.1 MPa)","VPD 1-2 kPa",2.94689348750364,29.6443326113632
"3d","ile","ilex04",5,2024-08-22 09:00:00,2,123,2024-08-22 08:53:20,951.523148148148,1,13.2668888888889,36.9943703703704,1073.42222222222,53.3703888888889,26.2050555555556,15.9552807926971,37.9573333333333,53.366,993.7,31.1534497387454,-0.0979931012856695,6.27669783110767,12.2402762039778,36.3908855553611,25.7239845239742,220.44179924813,425.081683399384,"(0, -0.1 MPa)",NA,1.95011398243743,35.4359136245081
"3d","ile","ilex04",5,2024-08-22 10:00:00,2,125.5,2024-08-22 09:55:00,951,1,13.172,36.1451388888889,1171.61666666666,51.6449166666667,27.9620833333333,18.3284898550395,41.332,50.22,1347.45,39.6718935550077,-0.0979931012856695,7.62230383296892,11.0179370725969,39.872938875371,33.744943970217,202.918061252488,365.606932273159,"(0, -0.1 MPa)","VPD 3-4 kPa",1.44548647154956,39.9392534329271
"3d","ile","ilex04",5,2024-08-22 11:00:00,2,128,2024-08-22 10:53:20,949.801587301587,1,13.0865555555556,34.8082592592592,1463.68015873016,48.5588571428571,30.3514761904762,22.4429124400073,44.1203333333333,47.6516666666667,1556.2,48.3289265913709,-0.0979931012856695,8.40435378049645,10.0504181656163,42.727123561335,41.8774706985048,178.637824440734,293.809154257175,"(0, -0.1 MPa)",NA,1.19585853096044,43.8434313177228
"3d","ile","ilex04",5,2024-08-22 12:00:00,2,130.5,2024-08-22 11:55:00,948.75,1,13,32.9344927367696,1633.49166666666,40.148125,32.4795416666667,29.384500874059,46.866,43.431,1626.825,59.9226366430955,-0.0979931012856695,8.72913172507661,7.8748377527035,45.4469360695002,52.5167432222787,145.664142008773,213.682779510115,"(0, -0.1 MPa)","VPD 5-9 kPa",0.902132995665659,45.9975235285497
"3d","ile","ilex04",5,2024-08-22 13:00:00,2,133,2024-08-22 12:53:20,947.388888888889,1,12.94,34.6518333333334,1579.95,38.2453888888889,33.96275,32.9344565251674,48.0455,42.4418333333333,1576.2,64.705733735467,-0.0979931012856695,8.16447083979631,7.40671938800227,46.8025454990105,57.860215455882,122.907764138856,168.204925453431,"(0, -0.1 MPa)","VPD 5-9 kPa",0.907189153263858,47.710565791535
"3d","ile","ilex04",5,2024-08-22 14:00:00,2,135.5,2024-08-22 13:55:00,946.020833333333,1,12.93,35.4920833333333,1424.325,35.1104166666667,34.7745,36.2071346119234,47.595,42.2955,1299.95,63.4116234348421,-0.0979931012856695,7.13448894499065,8.16670945558178,46.2272073159678,56.0604459939489,111.031585684608,146.533065735831,"(0, -0.1 MPa)","VPD 5-9 kPa",1.14468037143934,46.4786337112073
"3d","ile","ilex04",5,2024-08-22 15:00:00,2,138,2024-08-22 14:53:20,945.305555555556,1,12.93,32.9570321948834,673.005555555557,33.0891777777778,35.5915,39.065891992726,44.578,43.7483333333333,763.7,54.716332175227,-0.0979931012856695,4.06632930416343,6.89437914567451,43.8358773903249,50.553204112681,65.1756292351253,79.4473417188271,"(0, -0.1 MPa)","VPD 5-9 kPa",1.69547978778194,41.2152073113849
"3d","ile","ilex05",5,2024-09-02 10:00:00,4,0.5,2024-09-02 09:50:00,962.208333333333,1,13.185,34.8565833333333,750.575,65.9010833333333,27.1880416666666,12.363385450799,39.7445,64.029,1218.7,26.8665291311399,-0.0979931012856695,2.92341278322675,2.86892048641144,41.3234359470274,33.3764228615632,84.9959957406078,106.917314341035,"(0, -0.1 MPa)","VPD 3-4 kPa",0.981360040180448,46.8042114704649
"3d","ile","ilex05",5,2024-09-02 12:00:00,4,2,2024-09-02 11:50:00,959.818181818182,1,15.6946666666667,35.4610336752334,1460.06363636364,55.7423636363636,29.9277272727273,18.9708033870598,45.407,52.5885,1443.7,46.612780748001,-0.0979931012856695,4.06808267222775,3.61502882516196,46.7732981382709,53.7108739888002,66.7470848877794,78.2381095212441,"(0, -0.1 MPa)","VPD 5-9 kPa",0.888632094387184,51.701486895615
"3d","ile","ilex05",5,2024-09-02 14:00:00,4,6,2024-09-02 14:00:00,957.263888888889,1,12.9734444444444,32.9261998722861,1068.13181818182,46.5559696969697,31.8096338383838,25.3111542825446,43.7126666666667,49.4626666666667,840.783333333333,46.1053969307803,-0.0979931012856695,2.75920202005823,3.29002103680733,44.1495735409365,48.504816050341,49.5258720781265,55.850358647294,"(0, -0.1 MPa)",NA,1.1923813526122,44.5582284564099
"3d","ile","ilex05",5,2024-09-05 07:00:00,4,132,2024-09-05 07:20:00,926.416666666667,0,13.574,37.0445965846503,555.991666666667,68.7505,17.2739166666667,6.18853140769341,25.416,74.481,514.95,8.32119971886779,-0.0979931012856695,1.78798354402117,0.153815418434702,25.4929483677628,8.47057026449765,189.52926854468,325.118968403186,"(0, -0.1 MPa)",NA,0.0860273121355309,24.2866599890666
"3d","ile","ilex05",5,2024-09-05 09:00:00,4,135.5,2024-09-05 08:40:00,926.055555555555,0,13.525,37.3780965846503,668.908333333333,61.03075,18.3640833333333,8.28961726928323,25.5445,70.2805,589.95,9.85343551919632,-0.0979931012856695,1.8160209962772,0.0342473533304205,25.8607574758752,10.5866441736357,156.361156176452,239.184455543256,"(0, -0.1 MPa)","VPD 1-2 kPa",0.0188584567032137,23.0925099737578
"3d","ile","ilex05",5,2024-09-05 10:00:00,4,138,2024-09-05 10:10:00,955.097222222222,1,12.05,37.900263251317,935.783333333333,55.7596666666667,19.9245,10.3443206878493,29.363,68.864,986.2,12.791557407738,-0.0979931012856695,2.29632665591744,10.2691214824152,30.6322965929758,15.8962941861317,132.735188795966,187.498905187288,"(0, -0.1 MPa)","VPD 1-2 kPa",4.47197765002315,28.2912965482552
"3d","ile","ilex05",5,2024-09-05 11:00:00,4,140,2024-09-05 10:53:20,953.648148148148,1,12.0464444444445,36.6315595476133,1540.08888888889,52.1870555555556,21.4175,12.2583952618204,34.9823333333333,60.0163333333333,1346.2,22.5951702460423,-0.0979931012856695,3.13747995772397,9.29143186242205,36.7572430584791,28.5410642726562,99.9935577555916,128.469890705447,"(0, -0.1 MPa)",NA,2.96143146334626,33.8658729338244
"3d","ile","ilex05",5,2024-09-05 12:00:00,4,142.5,2024-09-05 11:55:00,952.520833333333,1,12.0426666666666,36.0068743624281,1736.61666666667,48.0995833333333,22.1264166666667,13.8998468670703,35.4115,61.062,1329.95,22.5176623526421,-0.0979931012856695,3.39192181181861,9.20948206478447,36.8557911946921,27.2698690452014,112.857052514355,150.575306757869,"(0, -0.1 MPa)",NA,2.71512215661796,35.2822676067509
"3d","ile","ilex05",5,2024-09-05 13:00:00,4,145,2024-09-05 12:53:20,951.449074074074,1,12.0432222222222,36.0689669550207,1246.75555555556,46.3455,22.8008888888889,14.9612191577446,34.4676666666667,64.184,1147.03333333333,19.7168365816484,-0.0979931012856695,3.39332538354111,9.04514773976904,35.2052878037961,22.0839369929382,140.207219982245,204.040189724172,"(0, -0.1 MPa)",NA,2.66557041173869,35.199247912822
"3d","ile","ilex05",5,2024-09-05 14:00:00,4,147.5,2024-09-05 13:55:00,950.118055555555,1,12.0465,35.7839576957615,1306.825,44.26925,24.1050833333333,16.8184862225948,37.771,60.3785,1366.2,26.0527383912613,-0.0979931012856695,4.09828286387502,8.52408593843264,38.6295756751584,29.1727128976879,126.462254487493,176.282865150437,"(0, -0.1 MPa)",NA,2.0799164483178,39.6898195101088
"3d","ile","ilex05",5,2024-09-06 12:00:00,4,193.5,2024-09-06 11:55:00,941.714285714286,1,12.5858333333333,37.1120272138739,712.842857142857,72.0653428571429,22.6893857142857,7.73770036370073,30.414,73.1505,621.2,11.7200328544481,-0.0979931012856695,1.48982863373547,8.88901345103977,31.2370993763575,13.8155330905052,97.3819760401711,123.970021349996,"(0, -0.1 MPa)","VPD 1-2 kPa",5.96646704846327,31.9225456382687
"3d","ile","ilex05",5,2024-09-06 13:00:00,4,196,2024-09-06 12:56:40,940.541666666667,1,12.0096666666667,37.0300542784163,882.658333333334,69.266,24.2635277777778,9.40467915215684,33.1663333333333,73.529,866.616666666667,13.5720749483499,-0.0979931012856695,2.27631189300971,9.39516934024964,34.0247517929534,16.0854655103879,124.791918747671,174.464011695958,"(0, -0.1 MPa)","VPD 1-2 kPa",4.12736469422363,37.500392535125
"3d","ile","ilex05",5,2024-09-06 14:00:00,4,198.5,2024-09-06 14:00:00,939.375,1,12.1315,36.3810167548501,1116.825,60.2525,27.2364166666667,14.440828053114,39.562,60.7385,1178.075,28.6324359405297,-0.0979931012856695,3.2738924336368,7.44994449296715,40.8729861725047,33.547907387829,88.2964183707111,112.50307999949,"(0, -0.1 MPa)","VPD 3-4 kPa",2.275561779741,43.9679156093322
"3d","ile","ilex05",5,2024-09-07 08:00:00,4,243.5,2024-09-07 08:00:00,943.8,1,12.3675,37.048753427655,760.741666666667,69.3418833333334,20.7220166666667,7.54585651981952,33.8245,63.309,814.95,19.497339783329,-0.0979931012856695,2.29900445542596,9.92893652144251,34.5393376592484,21.6510765904766,94.9843654637812,120.180804710852,"(0, -0.1 MPa)",NA,4.3187982946309,33.4986252898372
"3d","ile","ilex05",5,2024-09-07 09:00:00,4,246,2024-09-07 09:00:00,944,1,12.2518888888889,38.3402750996566,1198.67222222222,60.4783444444444,22.2698666666667,10.7083262615167,37.328,58.6326666666667,972.866666666667,26.5766901254115,-0.0979931012856695,3.38329736266498,10.1557101502623,37.6044331969672,27.495025372234,110.351581229368,147.727463418552,"(0, -0.1 MPa)",NA,3.00171964259823,37.6265144087173
"3d","ile","ilex05",5,2024-09-08 08:00:00,4,285.5,2024-09-08 08:00:00,944,1,12.0735,37.116013251317,946.616666666668,68.443,19.2095833333333,7.06467332020908,33.331,61.783,831.2,19.7363015368089,-0.0979931012856695,2.46607862874103,10.0674522405031,33.92615595094,21.4893111935984,103.080506237318,133.378993101735,"(0, -0.1 MPa)",NA,4.08237276912889,31.8018648958451
"3d","ile","ilex05",5,2024-09-08 09:00:00,4,287,2024-09-08 08:40:00,943.958333333333,1,12.047,36.8399854735392,1190.36666666667,64.2853333333333,20.986,8.91419930121998,35.798,59.731,1023.7,23.7682875764056,-0.0979931012856695,2.91705491929263,10.1363860784902,36.6500975063457,26.59012940356,98.2301968925688,125.317426320078,"(0, -0.1 MPa)",NA,3.47486981182659,35.2554964172511
"3d","ile","ilex05",5,2024-09-08 10:00:00,4,288,2024-09-08 10:00:00,943.111111111111,1,14.0993333333333,36.0849370905831,1189.53333333333,57.3771666666667,22.9453333333333,12.0534009920739,37.986,60.342,1208.7,26.3744518691447,-0.0979931012856695,3.71573530985004,9.26702436926163,38.704043191219,29.001901582762,113.832398343754,151.873839712678,"(0, -0.1 MPa)",NA,2.49399475379629,40.1302933755592
"3d","ile","ilex05",5,2024-09-08 11:00:00,4,289,2024-09-08 10:40:00,942.888888888889,1,12.0576666666667,33.2309325396825,1383.28333333333,54.3636666666667,23.9103333333333,13.6075449967004,38.372,60.928,1398.7,26.5323274304252,-0.0979931012856695,3.59977109529514,8.85669100672756,39.8606852917734,32.1794094263449,99.0486880979997,126.65262513453,"(0, -0.1 MPa)","VPD 3-4 kPa",2.46034838668024,41.3739159930627
"3d","ile","ilex05",5,2024-09-08 12:00:00,4,290,2024-09-08 11:30:00,943,1,14.28,35.4610336752334,982.985714285714,50.6741428571429,23.9311428571429,14.7445731682871,28.762,77.167,673.7,9.06018741320423,-0.0979931012856695,2.22065693878184,8.05088104228886,28.967373237819,9.53472804180758,211.384759960463,395.21360942968,"(0, -0.1 MPa)",NA,3.62545015472099,30.6200447648023
"3d","ile","ilex05",5,2024-09-08 14:00:00,4,292,2024-09-08 13:50:00,941.583333333333,1,12.0426666666667,35.5839113994651,1205.99166666667,38.4293055555555,26.8682222222222,21.8768396803657,38.9436666666667,61.5466666666667,1284.95,26.9335729353819,-0.0979931012856695,4.68064693587268,8.59179890905167,39.1058832441258,27.5504089911975,150.675262706844,225.95314077034,"(0, -0.1 MPa)",NA,1.83560072502024,43.1003693240696
"3d","ile","ilex05",5,2024-09-09 08:00:00,4,332,2024-09-09 07:50:00,948.111111111111,1,12.04,37.3782447327985,786.061111111111,60.5591666666667,19.1107222222222,8.80150060414623,30.106,64.176,753.7,15.6044664218233,-0.0979931012856695,2.09653121857743,8.91984237736153,30.7795670634085,17.3306656975117,111.621106565077,148.324256700021,"(0, -0.1 MPa)","VPD 1-2 kPa",4.25457169362542,27.5163259769582
"3d","ile","ilex05",5,2024-09-09 09:00:00,4,334.5,2024-09-09 08:50:00,947.520833333333,1,12.04,36.5749576957614,1176.40833333334,54.7078333333334,21.0898333333334,11.379085883479,34.21,60.305,968.7,21.4759909714517,-0.0979931012856695,2.93469316111794,9.1432124870158,34.8276940932429,23.352434637615,113.485194716985,151.261963650293,"(0, -0.1 MPa)",NA,3.1155599529638,32.6017640124797
"3d","ile","ilex05",5,2024-09-09 10:00:00,4,337,2024-09-09 09:50:00,946.986111111111,1,12.04,36.3412076957614,1200.08888888889,51.0457777777778,22.5517777777778,13.4657628800814,35.769,60.8463333333333,1148.7,23.0773433428072,-0.0979931012856695,3.41199521666226,8.89462932151541,36.5427879957893,25.6467844638038,119.531236402589,162.200147320856,"(0, -0.1 MPa)",NA,2.60687039597214,35.8565874785832
"3d","ile","ilex05",5,2024-09-09 11:00:00,4,339.5,2024-09-09 10:50:00,946.201388888889,1,12.04,36.0764854735392,1485.15833333334,47.628125,23.9396666666666,15.643780504593,35.6475,63.2725,1368.7,21.4988219276547,-0.0979931012856695,3.5676333345099,9.26720513490274,36.9940506681579,25.9808467461054,123.301023353056,169.469247526687,"(0, -0.1 MPa)",NA,2.59757779625518,37.037918259393
"3d","ile","ilex05",5,2024-09-09 12:00:00,4,342,2024-09-09 11:50:00,945.319444444444,1,12.04,35.7507076957614,1653.075,45.9364166666667,24.8938611111111,17.0919213055594,35.9478333333333,64.1313333333333,1474.11666666667,21.3475315355188,-0.0979931012856695,3.68787698927028,9.24387825741373,37.5224807929488,26.6976123363644,123.566548292902,169.76864671968,"(0, -0.1 MPa)",NA,2.50655818627042,38.1656720184183
"3d","ile","ilex05",5,2024-09-09 13:00:00,4,344.5,2024-09-09 12:50:00,944.5625,1,12.04,35.4026521402058,1576.825,44.35425,25.833375,18.6040186534,36.5055,65.714,1503.7,21.0382980162024,-0.0979931012856695,3.96554948479169,8.85400202343391,37.8730551545763,25.7791432521631,137.147106482803,196.466273890537,"(0, -0.1 MPa)",NA,2.23273018213238,40.3212570939211
"3d","ile","ilex05",5,2024-09-09 14:00:00,4,347,2024-09-09 13:50:00,944.013888888889,1,12.0398888888889,35.3001521402058,1230.23409090909,40.7102449494949,26.1969065656566,20.253385773712,37.7423333333333,63.138,1269.95,24.2065797139011,-0.0979931012856695,4.32509728819259,8.63307592480546,38.1027084023341,25.4944214625658,151.340676503957,227.698411004491,"(0, -0.1 MPa)",NA,1.99604201930291,41.4393480231437
"3d","ile","ilex05",5,2024-09-09 15:00:00,4,349.5,2024-09-09 14:50:00,944,1,12.0395,35.400513251317,223.908333333333,41.48325,25.95325,19.7010954627212,32.709,67.2405,546.2,16.9525339229077,-0.0979931012856695,3.00217590299001,6.3658840750642,31.9600953656036,15.0630931979955,190.133575823139,335.14774950638,"(0, -0.1 MPa)","VPD 1-2 kPa",2.12042341313982,33.4237514730896
"3d","ile","ilex05",5,2024-09-10 08:00:00,4,392,2024-09-10 07:53:20,942.67297979798,1,12.04,36.3281336216874,811.313636363636,54.2878535353535,20.0809242424242,10.7970373699128,29.9916666666667,63.191,763.283333333333,15.7927968087909,-0.0979931012856695,2.23716126014313,9.32459869893459,30.5480090162936,17.2113444574688,119.164455390861,161.911599148389,"(0, -0.1 MPa)","VPD 1-2 kPa",4.16804942274836,26.9168448991493
"3d","ile","ilex05",5,2024-09-10 09:00:00,4,394.5,2024-09-10 08:50:00,941.958333333333,1,12.04,36.0158188068725,1176.09583333334,51.8485416666667,21.183625,12.162848755269,33.567,60.6105,1000.575,20.5611038650364,-0.0979931012856695,2.97302458750497,9.59931216691782,34.2465669987404,22.5702804048255,118.557149789312,160.488192542265,"(0, -0.1 MPa)",NA,3.22880349098417,31.6129462352684
"3d","ile","ilex05",5,2024-09-10 10:00:00,4,397,2024-09-10 09:53:20,941.083333333333,1,12.04,35.9135410290948,1209.53333333334,48.3633888888889,22.2027222222222,13.8942546220676,34.8106666666667,60.4396666666667,1202.03333333333,22.1092672376954,-0.0979931012856695,3.33766985069584,9.3531225408143,35.8328358050824,25.3623027148908,117.779951504546,159.124055108624,"(0, -0.1 MPa)",NA,2.80229110703216,33.7822593254508
"3d","ile","ilex05",5,2024-09-10 11:00:00,4,399.5,2024-09-10 10:50:00,940.229166666667,1,12.04,35.8590688068725,1469.6375,45.9275833333333,22.990625,15.2508789128561,34.854,62.1365,1393.7,21.2143359256462,-0.0979931012856695,3.52277778136067,9.42479491376253,36.3346171346424,25.9734258657097,121.063803777579,165.059757498834,"(0, -0.1 MPa)",NA,2.67538729341088,34.8141240044876
"3d","ile","ilex05",5,2024-09-10 12:00:00,4,402,2024-09-10 11:53:20,939.351851851852,1,12.04,35.6282076957614,1641.96388888889,42.6265277777778,24.2033611111111,17.4164020335313,35.3683333333333,63.4186666666667,1427.03333333333,21.0858977354224,-0.0979931012856695,3.82327690305441,9.01462478982163,36.6397046274965,25.2470679651159,134.842515807457,192.056330050462,"(0, -0.1 MPa)",NA,2.35782681150294,36.5568513226215
"3d","ile","ilex05",5,2024-09-10 13:00:00,4,404.5,2024-09-10 12:55:00,938.305555555555,1,12.04,35.6225965846503,1570.15833333333,38.9726666666667,25.2275833333333,19.6802689711195,36.6555,62.0515,1527.45,23.4772023484978,-0.0979931012856695,4.17307051599654,8.9612351271669,37.9426482138499,27.9718074646925,132.404214258151,187.025741493977,"(0, -0.1 MPa)",NA,2.14739604634429,38.3874674020914
"3d","ile","ilex05",5,2024-09-10 14:00:00,4,407,2024-09-10 13:53:20,937.462962962963,1,12.0396666666667,35.6051891772429,1114.67222222222,38.9086111111111,25.4151666666667,19.9237249100148,37.4136666666667,61.286,1326.2,24.9634503050356,-0.0979931012856695,4.38395281626765,8.92122111288938,37.9074601891009,26.7188148647993,145.565476687768,214.72273444468,"(0, -0.1 MPa)",NA,2.03497197318939,39.5127819198646
"3d","ile","ilex05",5,2024-09-10 15:00:00,4,409.5,2024-09-10 14:55:00,937,1,12.0395,35.751013251317,179.116666666667,39.8963333333333,25.09525,19.2297739754016,30.607,65.641,519.95,16.1194902414504,-0.0979931012856695,2.56502528650591,5.87348589880945,30.1086767421618,15.1937957169345,182.270154591573,343.095032075408,"(0, -0.1 MPa)","VPD 1-2 kPa",2.28983547636303,28.9632886793718
"3d","ile","ilex05",5,2024-09-11 08:00:00,4,452,2024-09-11 07:53:20,936.277777777778,1,12.04,35.6985595476133,781.616666666667,57.8293611111111,18.5493611111111,9.06533364445272,28.6476666666667,64.1026666666667,734.95,14.2322353503879,-0.0979931012856695,1.98102654541057,9.16686523789874,29.3687155180846,15.935017537982,112.576975805627,149.688251283149,"(0, -0.1 MPa)","VPD 1-2 kPa",4.62733084477619,25.268099149176
"3d","ile","ilex05",5,2024-09-11 09:00:00,4,454.5,2024-09-11 08:55:00,935.857142857143,1,12.04,35.2135688068726,1131.5125,52.8725119047619,20.0567142857143,11.106602039243,32.323,59.402,898.7,19.763185385725,-0.0979931012856695,2.55007897134356,9.29690938813731,33.0766284032304,21.860879964952,104.558993437344,135.825331833023,"(0, -0.1 MPa)",NA,3.64573391358113,28.8923267815439
"3d","ile","ilex05",5,2024-09-11 10:00:00,4,457,2024-09-11 09:53:20,934.949074074074,1,12.0395555555556,34.3675780661318,1200.36666666667,50.0333888888889,21.2292222222222,12.6781445354126,33.4236666666667,61.9126666666667,1130.36666666667,19.7247651502614,-0.0979931012856695,3.00242208454834,8.6490589802218,34.527757465582,23.0442931510743,116.591390418736,157.06186404012,"(0, -0.1 MPa)",NA,2.88069389868043,32.0343262612578
"3d","ile","ilex05",5,2024-09-11 11:00:00,4,459.5,2024-09-11 10:55:00,933.916666666667,1,12.04,34.9732354735392,1474.325,46.06725,22.4731666666666,14.7446938812186,34.8535,62.967,1396.2,20.7486706926689,-0.0979931012856695,3.62428549737443,8.90110898225999,36.2244177750378,25.1429276546268,127.71043320948,177.685982430123,"(0, -0.1 MPa)",NA,2.45596242037452,35.2784637996796
"3d","ile","ilex05",5,2024-09-11 12:00:00,4,462,2024-09-11 11:53:20,932.606481481481,1,12.04,34.9218188068725,1605.78333333334,44.4757777777778,23.7553333333333,16.4022785960954,35.2256666666667,63.7446666666667,1384.53333333333,20.7443637811488,-0.0979931012856695,3.71875614161026,9.02174373325336,36.4604338819239,24.7601184599268,133.152725868966,188.707066257987,"(0, -0.1 MPa)",NA,2.42601111492803,36.4566280251938
"3d","ile","ilex05",5,2024-09-11 13:00:00,4,464.5,2024-09-11 12:55:00,927.888888888889,1,12.04,33.9601521402058,1524.53333333334,45.7173333333334,23.95675,16.2260034404445,35.283,64.0295,1449.95,20.6381079833678,-0.0979931012856695,3.6128570728586,9.49180046450822,36.8550709312623,25.7973693944787,123.07532106372,169.051248896189,"(0, -0.1 MPa)",NA,2.62722833289334,36.7356043328628
"3d","ile","ilex05",5,2024-09-11 14:00:00,4,467,2024-09-11 13:53:20,931.365740740741,1,12.04,34.3565965846503,1038.7,46.3785,24.0640555555556,16.1594896136419,33.152,63.6713333333333,878.7,19.3617174534129,-0.0979931012856695,2.86486615715187,8.38433161019912,33.5068446058871,20.631160263325,134.619897405694,198.834750442299,"(0, -0.1 MPa)",NA,2.9266049966308,32.4468191684249
"3d","ile","ilex05",5,2024-09-11 15:00:00,4,469.5,2024-09-11 14:55:00,931.020833333333,1,12.04,34.3710410290947,356.616666666667,47.57175,23.8975833333333,15.6140047473595,29.3625,69.8655,529.95,12.7617778279393,-0.0979931012856695,2.21792446103373,6.59222521345501,29.1553990649502,12.4452338559997,175.870462029556,304.075401271606,"(0, -0.1 MPa)","VPD 1-2 kPa",2.97224965469857,28.7019137022834
"3d","ile","ilex05",5,2024-09-12 09:00:00,4,514.5,2024-09-12 09:00:00,931.201388888889,1,12.04,34.3362076957614,940.575,56.2534166666667,20.8805833333333,10.8512729108783,30.7995,66.435,883.7,14.9759657298729,-0.0989960328444555,2.42514019967949,9.78556922903126,31.5809955858168,17.0034457929751,127.392185353023,177.01964797159,"(0, -0.1 MPa)","VPD 1-2 kPa",4.03505299624514,29.6375839769163
"3d","ile","ilex05",5,2024-09-12 10:00:00,4,517,2024-09-12 09:56:40,931.361111111111,1,12.0397777777778,33.5474299179836,931.477777777777,53.0643333333333,21.4568333333333,12.0578941659805,30.4923333333333,66.6016666666667,864.533333333333,14.7292002907694,-0.0999989644032415,2.37849404506198,9.36073303328871,31.2538628405019,16.7405533216565,128.814705015002,180.57642803867,"(0, -0.1 MPa)","VPD 1-2 kPa",3.93557135563263,29.1951880610795
"3d","ile","ilex05",5,2024-09-12 11:00:00,4,519.5,2024-09-12 11:00:00,930.9375,1,12.04,34.0749576957614,1024.74166666667,50.0165833333333,22.09075,13.3457532241012,31.958,63.834,871.2,17.2484504584667,-0.149991540158023,2.64551487529293,9.61509582794015,32.5293128725561,18.9358051208125,128.109813235826,180.756269071108,"(0, -0.1 MPa)","VPD 1-2 kPa",3.63448942122296,30.4144158748337
"3d","ile","ilex05",5,2024-09-12 12:00:00,4,522,2024-09-12 11:56:40,930.49537037037,1,12.04,33.6909669550207,1600.08888888889,46.5073333333333,23.1239444444445,15.2212417822413,33.9816666666667,66.032,1511.2,18.1698646916869,-0.289997622366344,3.42105944231327,9.3501193900798,35.9378513420348,24.2619820674717,124.787922463449,172.271445496621,"(0, -0.1 MPa)",NA,2.73310638056537,35.2469435257182
"3d","ile","ilex05",5,2024-09-12 13:00:00,4,524.5,2024-09-12 13:00:00,930.048611111111,1,12.04,32.3486243624281,1149.74166666666,44.8994166666667,22.99325,15.5471496004907,31.4645,66.703,1246.2,15.39638214064,-0.754954518974654,2.73268201701122,8.5093785501217,33.2138934196699,20.3346400874524,118.736527052477,160.922395862296,"(0, -0.1 MPa)",NA,3.11392928161782,30.9049268151845
"3d","ile","ilex05",5,2024-09-12 14:00:00,4,527,2024-09-12 13:56:40,929.972222222222,1,12.04,32.5464854735392,1010.55606060606,42.7785934343434,23.410297979798,16.5573514683481,34.3676666666667,60.7733333333333,1398.7,21.4562280096946,-1.82987915658114,3.1430358059667,8.67152284977952,36.3228177721426,27.6627130245612,100.45216279679,128.998504161044,"(0, -0.1 MPa)",NA,2.75896406694369,33.1442007919819
"3d","ile","ilex05",5,2024-09-13 08:00:00,4,572,2024-09-13 08:00:00,943.416666666667,1,12.04,34.8866521402059,878.7,53.9383333333333,16.7596666666667,8.8588625891953,27.5036666666667,62.3686666666667,812.866666666667,13.9816146900352,-11.4835697578018,1.89980509996604,9.1999572718751,28.6314415919288,16.5403136423831,106.215386264721,139.054184769148,"(0, -0.1 MPa)","VPD 1-2 kPa",4.84257952146752,23.000230554045
"3d","ile","ilex05",5,2024-09-13 09:00:00,4,574.5,2024-09-13 09:00:00,942.923611111111,1,12.04,34.9970688068725,1217.24166666666,45.6075,18.1210833333334,11.3662653744608,30.371,60,984.95,17.4150149340034,-11.7503132003372,2.54980577273985,10.4281252748567,31.423139984434,20.1057807007084,114.97499480184,153.923383032734,"(0, -0.1 MPa)",NA,4.08977240005668,26.1193746252345
"3d","ile","ilex05",5,2024-09-13 10:00:00,4,577,2024-09-13 10:00:00,942.291666666667,1,12.04,34.8275410290947,1201.61666666667,39.5615555555556,19.4287777777778,13.704669589293,31.4076666666667,60.8873333333333,1212.03333333333,18.0655711228134,-11.9895523164056,2.95977975523382,9.808891182574,32.8348671619123,21.956293798094,121.771920443337,166.354854276824,"(0, -0.1 MPa)",NA,3.31406117810921,28.1195111217836
"3d","ile","ilex05",5,2024-09-13 11:00:00,4,579.5,2024-09-13 11:00:00,941.854166666667,1,12.04,34.8595410290947,1544.3875,38.0437333333333,20.302725,14.8227765161606,32.4515,61.4655,1398.075,18.8839292067592,-12.163184691666,3.29128924247895,9.76287574593864,34.1837933738238,23.8714702913502,124.058161425567,170.639825116926,"(0, -0.1 MPa)",NA,2.9662770503225,30.1133728707411
"3d","ile","ilex05",5,2024-09-13 12:00:00,4,582,2024-09-13 12:00:00,940.847222222222,1,12.0386666666667,34.8263743624281,1627.31111111111,33.9723611111111,21.5402222222222,17.0685582508598,32.9735,62.2383333333333,1425.36666666667,19.0694980692153,-12.2961481185756,3.54981171478186,9.45584322844116,34.5045309664052,23.5679077393824,135.240232191044,192.544373952305,"(0, -0.1 MPa)",NA,2.66375909152191,31.4005412200878
"3d","ile","ilex05",5,2024-09-13 13:00:00,4,584.5,2024-09-13 13:00:00,940,1,12.04,33.9738465846503,1532.65833333334,30.7427083333334,22.104125,18.5052880910804,33.6525,61.465,1439.95,20.195629379581,-12.5834479947277,3.70961284666969,9.47626038280528,35.077531837258,24.5137547072803,135.524025067775,193.120066028376,"(0, -0.1 MPa)",NA,2.55451465543436,32.2121493124281
"3d","ile","ilex05",5,2024-09-13 14:00:00,4,587,2024-09-13 14:00:00,939.80753968254,1,12.04,34.1467076957614,941.160317460319,30.1839603174603,21.7193373015873,18.2225803596652,33.9958333333333,59.7111666666667,1187.45,21.5249979399905,-12.9721056549781,3.75163726375286,9.7856450579745,34.5744129159042,23.2903430327141,145.031955946659,213.738411028609,"(0, -0.1 MPa)",NA,2.60836652640177,31.8981406306733
"3d","ile","ilex05",5,2024-09-14 08:00:00,4,631.5,2024-09-14 07:50:00,941.743055555556,1,12.04,36.0582910290947,793.213888888889,64.1183333333334,12.6278611111111,5.33071301792359,27.1535,61.685,750.575,13.9520754228818,-15.6746998212421,1.93853141476152,9.40095798802703,27.9973348575962,15.7519500869605,111.272767734237,147.682521363883,"(0, -0.1 MPa)","VPD 1-2 kPa",4.84952573708151,22.2864007130447
"3d","ile","ilex05",5,2024-09-14 09:00:00,4,634,2024-09-14 08:50:00,940.569444444445,1,12.04,37.5522447327984,1171.89444444444,52.8765277777778,16.0095555555555,8.64260824438811,32.423,56.3166666666667,966.616666666667,21.3749868607858,-16.0768789471974,2.8337304612996,10.7220819469955,33.1441708625747,23.3752768160428,109.302903043932,144.313333512516,"(0, -0.1 MPa)",NA,3.7837338778079,27.5465563476433
"3d","ile","ilex05",5,2024-09-14 10:00:00,4,636.5,2024-09-14 09:50:00,939.375,1,12.04,37.3346243624281,1273.59583333334,47.003,17.7966666666666,10.8579760643015,33.6315,58.8155,1136.825,21.5546416050611,-16.3153233966859,3.4820422884251,10.7635836546572,34.2798832667469,23.4821815116611,132.910646513864,188.145974772852,"(0, -0.1 MPa)",NA,3.09116971107365,30.787480820798
"3d","ile","ilex05",5,2024-09-14 11:00:00,4,639,2024-09-14 10:50:00,937.986111111111,1,12.0395555555556,37.2378188068725,1441.2,41.3357777777778,20.0840833333334,13.8811208960432,35.7331666666667,59.3815,1383.7,23.8948413642176,-16.3429216179795,4.20660841822869,10.1330870807346,36.5288292853015,26.5474187008611,141.285296698446,205.302044939222,"(0, -0.1 MPa)",NA,2.40884961785947,34.9244696286674
"3d","ile","ilex05",5,2024-09-14 12:00:00,4,641.5,2024-09-14 11:50:00,936.0625,1,12.04,36.7367910290947,1644.325,38.416,21.5830833333333,15.9637625600899,36.806,59.597,1494.95,25.1985530432783,-16.2347849967443,4.52715716914495,9.61280275841525,37.679652414871,28.2319317113889,142.183049025162,207.438313694519,"(0, -0.1 MPa)",NA,2.12336404486501,37.1732493568191
"3d","ile","ilex05",5,2024-09-14 13:00:00,4,644,2024-09-14 12:50:00,934.013888888889,1,12.0383333333333,36.7051706587244,1562.17222222222,32.5682222222222,23.1763333333333,19.2454525320226,37.528,58.6,1556.2,26.8861285567117,-16.2629295942796,4.81409734976103,9.42283435508314,38.3576072812163,29.8479927474011,142.208224629367,207.317585161039,"(0, -0.1 MPa)",NA,1.95734187958432,38.0163642059229
"3d","ile","ilex05",5,2024-09-14 14:00:00,4,646.5,2024-09-14 13:50:00,932.291666666667,1,12.0391666666666,36.5489576957614,1244.74166666666,29.4554166666667,24.2533333333334,21.4632773333178,39.4225,56.117,1268.7,31.5634696308682,-16.5729122040612,5.2711341224993,8.87460764973694,39.1030819732953,30.3288697677823,152.507353556673,229.680377678501,"(0, -0.1 MPa)","VPD 3-4 kPa",1.68362394951336,40.3203443647819
"3d","ile","ilex05",5,2024-09-14 15:00:00,4,649,2024-09-14 14:50:00,931.106481481481,1,12.0367777777778,36.9251151031688,178.838888888889,29.5720555555555,23.9042222222222,20.983678618185,31.536,60.9443333333333,527.866666666667,20.001532087491,-16.8188266483079,3.4254150295981,5.95375925081247,30.3962129339215,17.1376019264283,196.070512314731,368.020848574569,"(0, -0.1 MPa)","VPD 1-2 kPa",1.73811325032664,28.3516323676242
"3d","ile","ilex05",5,2024-09-15 08:00:00,4,691.5,2024-09-15 07:50:00,932.979166666667,1,12.0391666666666,37.9421243624281,810.158333333334,56.6142916666667,15.0727083333333,7.48066747974655,29.47,59.4935,758.075,16.850083360468,-19.7424748186276,2.34067566491392,10.0819605273694,29.9047448095798,17.9011009554173,117.892101173642,159.22679919297,"(0, -0.1 MPa)","VPD 1-2 kPa",4.30728642951059,24.5928539878676
"3d","ile","ilex05",5,2024-09-15 09:00:00,4,694,2024-09-15 08:53:20,932.305555555556,1,12.04,36.0793558439096,1192.08888888889,49.2193888888889,18.0188277777778,10.6191427804135,33.7096666666667,56.5566666666667,976.616666666667,22.8478301653726,-20.330164063846,3.04311905301516,10.316347734219,34.2655949210898,24.4789012253727,110.724809573742,146.782397768675,"(0, -0.1 MPa)",NA,3.39005722566045,29.7345982948516
"3d","ile","ilex05",5,2024-09-15 10:00:00,4,696.5,2024-09-15 09:50:00,930.354166666667,1,12.04,35.3064854735392,1270.99166666666,40.417,20.298,14.2692806273045,34.8755,58.5225,1152.45,23.2638052438458,-20.6536144963,3.63496234062638,9.85631147879701,35.4501691875885,25.0727251528859,128.790274788888,180.798842261915,"(0, -0.1 MPa)",NA,2.71153056212917,32.8283043370417
"3d","ile","ilex05",5,2024-09-15 11:00:00,4,699,2024-09-15 10:53:20,928.458333333333,1,12.0394444444444,35.2011151031688,1433.28333333333,29.6471666666666,23.2346111111111,20.1720761831251,37.485,58.3636666666667,1317.86666666667,27.0256501523409,-20.6758308042162,4.72834009658309,8.84308122599408,37.6722379611993,27.6833128508296,150.502456749237,225.739299193588,"(0, -0.1 MPa)",NA,1.87022951931577,37.7747510779694
"3d","ile","ilex05",5,2024-09-15 12:00:00,4,701.5,2024-09-15 11:50:00,928.020833333333,1,12.0396666666666,35.094763251317,1617.03333333334,25.9784166666667,25.1613333333333,23.7919495814622,39.6585,55.2995,1377.45,32.5315956090632,-20.5587279325183,5.19179914908959,7.83953523151144,39.6961853169262,32.6777774935494,138.511477286517,199.284692851598,"(0, -0.1 MPa)","VPD 3-4 kPa",1.50998430532239,40.2377593160312
"3d","ile","ilex05",5,2024-09-15 13:00:00,4,704,2024-09-15 12:53:20,924.611111111111,1,12.0386666666667,35.2570410290947,1529.81111111111,23.9482777777778,26.4398888888889,26.3524168925868,40.3876666666667,54.8716666666667,1389.53333333333,34.1424298320286,-20.6047061154875,5.48736033164116,7.5262262947534,40.2588760366214,33.6287357452914,141.434817001116,205.399634232352,"(0, -0.1 MPa)","VPD 3-4 kPa",1.37155678502754,41.5089330865014
"3d","ile","ilex05",5,2024-09-15 14:00:00,4,706.5,2024-09-15 13:50:00,923.25,1,12.033,35.1714576957614,1155.15833333333,19.3198333333333,27.1165,29.086425906585,42.1255,50.122,1278.7,41.355612715497,-20.9049083754095,5.68858468711793,7.00544398320123,41.5873610491625,39.1527117011808,126.083488318533,174.985145162274,"(0, -0.1 MPa)","VPD 3-4 kPa",1.23149155167987,41.5619730834298
"3d","ile","ilex05",5,2024-09-16 08:00:00,5,0.5,2024-09-16 08:00:00,930.416666666667,1,12.04,35.7853606116843,784.16875,48.6892083333334,17.6371458333333,10.4181917028476,30.82125,57.95475,760.575,18.8278516801556,-25.754257182978,2.54392828975956,9.32834021345784,31.0691150804685,19.4684755714701,117.260176957242,158.132897632207,"(0, -0.1 MPa)","VPD 1-2 kPa",3.66690376100952,25.8865259302006
"3d","ile","ilex05",5,2024-09-16 09:00:00,5,2.5,2024-09-16 08:50:00,928.611111111112,1,12.04,34.6715550561287,968.283333333334,42.8979166666667,19.28275,12.8389005675201,32.9875,57.839,941.2,21.2929166286742,-26.2693082601956,3.09859042028572,9.5135500944576,33.3430650119,22.3080284898249,123.386753887738,169.380518338543,"(0, -0.1 MPa)",NA,3.07028319463414,29.2039274940863
"3d","ile","ilex05",5,2024-09-16 10:00:00,5,5,2024-09-16 09:50:00,926.944444444444,1,12.0392222222222,35.3727772783509,1151.47777777778,36.4906111111111,21.7653888888889,16.661633508017,35.6263333333333,57.5823333333333,1152.03333333333,24.8080203220938,-26.6294639919402,3.97825103825491,9.72212390390147,35.9164988127674,25.7623391278592,137.354484493819,198.938499553284,"(0, -0.1 MPa)",NA,2.4438186053151,33.6678077404271
"3d","ile","ilex05",5,2024-09-16 11:00:00,5,7.5,2024-09-16 10:50:00,924.6875,1,12.04,36.7612217227953,1212.24166666666,32.86725,23.4669166666667,19.4936264709973,36.6345,58.205,1217.45,25.8555510568948,-26.6376427601797,4.62834252684583,9.45432958552147,36.598486470094,25.7483130657148,157.555885852261,241.207118547066,"(0, -0.1 MPa)",NA,2.04270309094096,35.9665816611032
"3d","ile","ilex05",5,2024-09-16 12:00:00,5,10,2024-09-16 11:50:00,922.527777777778,1,12.0398888888889,35.4851846857583,1153.42222222222,29.4401111111111,25.844,23.6515417079214,38.8433333333333,57.2323333333333,1371.2,29.8022391145025,-26.4319604492524,5.1118776129809,8.36394451057463,38.9148444681322,30.0705126407515,147.576787713557,218.701445042677,"(0, -0.1 MPa)","VPD 3-4 kPa",1.63617855195429,39.8635467497369
"3d","ile","ilex05",5,2024-09-16 13:00:00,5,12.5,2024-09-16 12:50:00,921.166666666667,1,12.04,34.4190550561287,1114.325,27.3965833333333,27.1685,26.2634927177543,38.5005,57.863,1058.7,28.8350393235194,-26.4634309995139,4.90873591286602,7.70874325107456,37.8802090090009,26.5869127179358,162.616973424605,258.160032476856,"(0, -0.1 MPa)",NA,1.57041311407069,39.5658141624216
"3d","ile","ilex05",5,2024-09-16 14:00:00,5,15,2024-09-16 13:50:00,919.699074074074,1,12.0366666666667,34.5074254264991,854.672222222222,29.5003888888889,27.6766666666667,26.3102656733568,38.543,58.0303333333333,1068.7,29.0293798258033,-26.8265681545143,4.83485758758541,8.15052319838836,37.9687353326231,26.9629713257997,157.080833302977,244.379322578108,"(0, -0.1 MPa)",NA,1.68578351083529,39.7712232956417
"3d","ile","ilex05",5,2024-09-17 08:00:00,5,60,2024-09-17 07:53:20,925.25,1,12.04,36.3078143153879,695.227777777778,60.1188888888889,17.7856666666667,8.19663578062766,28.6333333333333,64.2653333333333,702.033333333333,14.2849147002003,-32.5964126046417,2.09771051216431,9.4110186453206,29.1028771431547,15.3972495447291,121.948627535998,166.737373834858,"(0, -0.1 MPa)","VPD 1-2 kPa",4.48632859050261,25.3111746829646
"3d","ile","ilex05",5,2024-09-17 09:00:00,5,62.5,2024-09-17 08:50:00,923.673611111111,1,12.04,35.8459995005731,1010.78333333333,52.8996666666666,19.8674166666667,10.9805589845972,33.3735,58.828,942.45,21.2533124315745,-33.154867858101,2.93357289667828,9.81418848901907,33.9013436033507,22.7882202458198,113.480928988311,151.323827986998,"(0, -0.1 MPa)",NA,3.34547285330179,30.3529521485469
"3d","ile","ilex05",5,2024-09-17 10:00:00,5,65,2024-09-17 09:53:20,922.546296296297,1,12.0377777777778,33.4115466241305,1136.2,48.733,21.259,13.0313559851684,34.625,60.9033333333333,1109.53333333333,21.638272303142,-33.5142275766645,3.31724783342709,10.3570430098017,35.3483961473958,23.8906818446122,121.826853021239,166.816145297092,"(0, -0.1 MPa)",NA,3.12217944810643,33.6929563458571
"3d","ile","ilex05",5,2024-09-17 11:00:00,5,67.5,2024-09-17 10:50:00,921.416666666667,1,12.04,32.9731521402058,1089.11666666666,43.5150833333333,22.8200833333333,15.7713100608629,35.733,60.708,1314.95,23.11497839193,-33.5579570562271,3.66077595238273,8.79867440015831,36.8271562307142,26.753573093247,119.498610772413,162.206374268364,"(0, -0.1 MPa)",NA,2.40349983571964,35.7043063145081
"3d","ile","ilex05",5,2024-09-17 12:00:00,5,70,2024-09-17 11:53:20,918.717592592592,1,12.0397777777778,33.264767926995,1208.42222222222,38.8941111111111,24.2367777777778,18.5914953397492,36.7986666666667,61.05,1369.53333333333,24.2852727347628,-33.5476683180771,4.15553537092613,8.54885786182324,37.606662741844,27.0874175005722,133.031490006237,188.103936628131,"(0, -0.1 MPa)",NA,2.05722177739952,38.064311911119
"3d","ile","ilex05",5,2024-09-17 13:00:00,5,72.5,2024-09-17 12:50:00,915.4,1,12.0363333333333,33.5305410290947,1539.45,35.5614,25.13505,20.667585326782,37.492,59.829,1438.7,26.0120869782509,-33.7751195950601,4.39888054170664,8.53896393677535,38.316706688322,28.9790304122789,130.959365154347,184.010125802108,"(0, -0.1 MPa)",NA,1.9411674983705,38.7378814168171
"3d","ile","ilex05",5,2024-09-17 14:00:00,5,75,2024-09-17 13:53:20,915.361111111111,1,12.0354444444445,32.6001336216873,1094.25555555555,33.5915833333333,25.7494444444445,22.0906450224193,39.1583333333333,57.517,1199.53333333333,30.104383525707,-34.5336669109968,4.64388725975809,7.99626630119761,39.1080471139638,29.9232070715402,133.573647933427,189.303017250821,"(0, -0.1 MPa)",NA,1.72189070361156,40.7453133405377
"3d","ile","ilex05",5,2024-09-18 11:00:00,5,127.5,2024-09-18 10:55:00,919.4375,0.75,12.0365,34.2618258203895,847.970833333334,53.771125,21.158625,11.6834784409733,31.6365,64.493,733.075,16.5842563287582,-44.3862309367102,2.59265037100366,8.96758296054822,31.7394816893145,16.8707563648249,134.800141979893,195.023126951681,"(0, -0.1 MPa)","VPD 1-2 kPa",3.45884777247335,30.1740030911865
"3d","ile","ilex05",5,2024-09-18 12:00:00,5,130,2024-09-18 11:53:20,918.25,0.625,12.04,33.1850032525053,1120.01944444445,52.0403611111111,23.1375277777778,13.7028444545035,34.7538333333333,60.8468333333333,770.366666666667,22.3431701577673,-44.9849482904822,2.95565258384979,8.41610045001774,34.6532954607373,21.9609652624862,120.5530346035,167.534229742824,"(0, -0.1 MPa)",NA,2.84745930425138,33.9029440492319
"3d","ile","ilex05",5,2024-09-19 08:00:00,5,180,2024-09-19 07:56:40,922.736111111111,0,12.04,35.1361706587244,672.033333333333,72.0224166666667,19.6701388888889,6.47950997567534,30.7923333333333,66.3006666666667,657.866666666667,15.3450169684159,-54.258612710594,1.84174841259361,9.13653166556582,31.3791084625253,16.9805761141308,95.3407389493222,120.686607020838,"(0, -0.1 MPa)","VPD 1-2 kPa",4.96079247474386,29.5655643931629
"3d","ile","ilex05",5,2024-09-19 09:00:00,5,182.5,2024-09-19 08:55:00,921.395833333333,0,12.0376666666666,33.3958535981672,1001.92916666666,64.4045833333333,21.9558333333333,9.44166306942746,35.2185,63.17475,891.825,21.1225801632574,-55.2076463776871,2.7364389121229,9.29340488100306,35.7707749383235,22.8633998615652,104.773478195372,136.212069651315,"(0, -0.1 MPa)",NA,3.39616749339138,36.1163896041847
"3d","ile","ilex05",5,2024-09-19 10:00:00,5,185,2024-09-19 09:56:40,919.333333333333,0,12.0396666666667,33.9437511811855,1083.90833333333,58.0362777777778,23.5360277777778,12.2659794251605,36.198,61.7503333333333,832.866666666667,23.2668968721491,-55.9712268709067,3.09377432237983,8.3951162326028,36.2432319442298,23.4460818074065,122.586126963281,177.744170978176,"(0, -0.1 MPa)",NA,2.71355159032577,37.256590955706
"3d","ile","ilex05",5,2024-09-19 11:00:00,5,187.5,2024-09-19 10:55:00,917.858333333333,0,12.0358333333334,33.7498862122354,1471.7,55.0298666666666,24.5960833333334,13.9679349979252,38.9075,59.8535,1302.45,28.0595894170808,-56.3307762016865,3.86489089678618,8.60034978893553,39.8189438188433,31.5575148854786,105.397711241519,137.265618485612,"(0, -0.1 MPa)","VPD 3-4 kPa",2.22525034175922,41.8332884180024
"3d","ile","ilex05",5,2024-09-19 12:00:00,5,190,2024-09-19 11:56:40,916.152777777778,0.337962962962963,12.0382222222222,33.4454258509807,1552.31111111111,47.2948888888889,26.2586111111111,18.092921275288,39.4583333333333,60.7083333333333,1390.36666666667,28.3185159716553,-56.8720536662177,4.31400890332363,8.17767399477746,40.2374372354786,31.3770663114396,118.548427260418,161.257971979654,"(0, -0.1 MPa)","VPD 3-4 kPa",1.89560897486261,43.7029939556043
"3d","ile","ilex05",5,2024-09-19 13:00:00,5,192.5,2024-09-19 13:00:00,913.861111111111,0.597222222222222,12.035,33.9742779150735,1222.24166666667,45.61725,27.1185,19.6768315958922,39.5085,56.5815,806.2,31.3892772424415,-57.8896041170551,4.01557089288167,7.57110081971967,38.7946975407136,28.6278241090897,119.318893495713,163.949905123287,"(0, -0.1 MPa)",NA,1.88543572550066,40.8416521624777
"3d","ile","ilex05",5,2024-09-19 14:00:00,5,195,2024-09-19 13:56:40,913.953703703704,0.328703703703704,12.0338888888889,33.3638717469096,913.422222222223,46.7162777777778,27.1238333333333,19.2545998302689,39.5586666666667,60.2356666666667,987.033333333333,29.2101265150605,-59.4222427984152,4.21486333784303,7.5955649421286,39.2178675486118,27.9598227247318,136.926440151512,202.563347549376,"(0, -0.1 MPa)",NA,1.80209044358142,43.5961468681046
"3d","ile","ilex05",5,2024-09-20 08:00:00,5,240,2024-09-20 07:56:40,923.972222222222,0,12.04,33.3324273024652,584.470202020202,70.2726590909091,20.6553611111111,7.36272324861318,28.755,71.5871666666667,602.45,11.8365469653113,-70.3664623388615,1.51602411475413,8.2169796979944,29.4768417488852,13.5662512330931,104.994940224789,138.020880994661,"(0, -0.1 MPa)","VPD 1-2 kPa",5.4200850883741,28.3944370070919
"3d","ile","ilex05",5,2024-09-20 11:00:00,5,247.5,2024-09-20 11:00:00,919.388888888889,0,12.0398333333333,34.4622501372956,769.533333333334,55.6935,24.0210833333333,13.3093642821694,32.1295,65.7875,593.7,16.5310736445129,-73.0376079952923,2.31030096532159,8.81034610142387,32.0308071581233,16.2524996777731,125.798504482813,174.293047770244,"(0, -0.1 MPa)","VPD 1-2 kPa",3.81350578719837,31.6505308035874
"3d","ile","ilex05",5,2024-09-20 12:00:00,5,250,2024-09-20 12:00:00,918.527777777778,0,12.0372222222222,34.5905136646383,998.83888888889,52.2191666666667,24.8776666666667,15.160980358741,33.624,65.6896666666667,972.866666666667,18.9380463674702,-74.0683300067531,2.83067623568623,8.80654043685113,34.3528589997827,21.1873503502685,122.066880982749,168.226865648858,"(0, -0.1 MPa)",NA,3.11110833723313,34.3714181286107
"3d","ile","ilex05",5,2024-09-20 13:00:00,5,252.5,2024-09-20 13:00:00,918.25,0,12.0383333333333,32.5959745367445,771.408333333335,48.6526666666666,25.80475,17.1952807570817,33.374,63.138,571.2,19.6237692661466,-75.4741880763441,2.55789855478471,5.828795682551,32.9594722895878,18.7627979864007,118.651426526698,160.577717508058,"(0, -0.1 MPa)","VPD 1-2 kPa",2.27874388202295,32.5776556402542
"3d","ile","ilex05",5,2024-09-22 10:00:00,5,364.5,2024-09-22 09:50:00,924.340277777778,0,12.0376666666666,35.5514161672398,886.304166666667,75.4409583333333,21.7215833333333,6.42592950816285,35.4975,68.9375,1036.825,18.0634656052249,-90.7707635870933,2.80543839685426,10.1220528053887,36.4483834655649,21.1560443121631,115.940974791194,155.702401739382,"(0, -0.1 MPa)",NA,3.60801107475344,40.0220758901133
"3d","ile","ilex05",5,2024-09-22 11:00:00,5,367,2024-09-22 10:53:20,924,0,12.0398888888889,35.825925426499,1031.13055555556,70.01825,22.6615277777778,8.29916589657757,36.9846666666667,63.6223333333333,985.783333333333,22.8709963396841,-91.7269500969817,3.1786931903502,9.54545130404066,37.4605265694225,24.5378546649931,114.064865867078,155.092124548266,"(0, -0.1 MPa)",NA,3.00294829743824,40.0725981727353
"3d","ile","ilex05",5,2024-09-22 12:00:00,5,369.5,2024-09-22 11:50:00,922.791666666667,0,12.0356666666666,33.8928606116842,1054.6375,63.110375,24.12925,11.1427396909553,36.92375,65.0915,1349.95,21.9433098603683,-92.2881309720374,3.30296034665079,8.24085456455505,38.5084457679605,27.54593994131,104.076531205061,135.061345504758,"(0, -0.1 MPa)",NA,2.49499046299823,40.8620337995244
"3d","ile","ilex05",5,2024-09-22 13:00:00,5,372,2024-09-22 12:53:20,920.513888888889,0,12.0341111111111,33.9577957968694,837.658333333333,62.0765833333333,24.4357222222222,11.6749006318638,36.0693333333333,66.9593333333333,956.616666666667,20.4858250428166,-93.0745871991032,3.27960244513321,8.53403203681052,36.3700708648052,21.7811110408997,145.571716995988,230.174679894275,"(0, -0.1 MPa)",NA,2.60215443169786,40.1153263257723
"3d","ile","ilex05",5,2024-09-23 08:00:00,5,419.5,2024-09-23 07:55:00,924.520833333333,0,12.0381666666666,36.7746799179836,646.720833333333,77.329625,17.0682916666667,4.44531970624876,28.2905,68.4005,650.575,12.2589212944015,-110.027588047723,1.59756013817463,10.1099208151061,29.1162231267668,14.1584578391801,99.7678292698056,128.049208401076,"[-0.1, -0.5)","VPD 1-2 kPa",6.32835069774441,26.4088841159227
"3d","ile","ilex05",5,2024-09-23 09:00:00,5,422,2024-09-23 08:53:20,923.763888888889,0,12.04,36.7815039920577,978.908333333334,68.8463333333333,19.3829166666667,7.10119436316888,32.5373333333333,64.0903333333333,880.783333333333,17.7176993335294,-112.038726083064,2.3819866789753,10.7052653282318,33.4034948221421,20.1404609273873,103.972162214619,135.503616981806,"[-0.1, -0.5)",NA,4.49425910846698,31.5515435072274
"3d","ile","ilex05",5,2024-09-23 10:00:00,5,424.5,2024-09-23 09:55:00,922.166666666667,0,12.0361666666666,35.0171243624281,1050.05416666667,55.9285833333333,21.50625,11.3632819083853,35.2825,62.5155,1067.45,21.5038460180202,-113.500098718545,3.25083497402946,9.45258850701124,35.9311426298619,23.5892006459683,120.590904609247,164.613531234297,"[-0.1, -0.5)",NA,2.90774172867183,35.8659883815958
"3d","ile","ilex05",5,2024-09-23 11:00:00,5,427,2024-09-23 10:53:20,919.791666666667,0,12.0382222222222,34.3985225105762,1099.81111111111,47.2046111111111,22.4606388888889,14.4226503591104,36.4341666666667,61.2335,1244.11666666667,23.6939879142394,-113.988805420853,3.88022523990136,8.41572474871283,37.0902634082058,25.920976951535,130.149349298796,182.429499424854,"[-0.1, -0.5)",NA,2.16887531738409,37.4257409289736
"3d","ile","ilex05",5,2024-09-23 12:00:00,5,429.5,2024-09-23 11:55:00,918.090277777778,0,12.0388333333334,33.5164299179837,1259.325,46.8834166666666,23.1953333333334,15.1663529715036,36.012,59.976,1339.95,23.9050639091701,-114.194674437779,3.5704393700177,8.37473953424686,37.3073242275143,28.298439259517,110.118014567926,145.824114519888,"[-0.1, -0.5)",NA,2.34557673897858,35.81873138106
"3d","ile","ilex05",5,2024-09-23 13:00:00,5,432,2024-09-23 12:53:20,911.240740740741,0,12.0395555555556,33.269837325391,1117.58888888889,44.4540555555555,23.6731666666667,16.3290020571443,35.3683333333333,62.6456666666667,957.033333333333,21.5841016671812,-115.594308806589,3.65972674270956,2.74694223703407,35.2775814392902,21.3812864134722,149.757600868934,228.080498383719,"[-0.1, -0.5)",NA,0.750586705006373,36.1112657000017
"3d","ile","ilex05",5,2024-09-24 08:00:00,5,479.5,2024-09-24 07:55:00,921.854166666667,0,12.0388333333334,35.4634854735392,615.366666666667,78.9959375,16.8294166666666,4.18643963420389,27.0245,73.1625,645.575,10.6752554594224,-138.13310017661,1.42116550387692,8.9990667833073,28.0156770350805,12.909982467618,112.328424306646,153.849587563607,"[-0.1, -0.5)","VPD 1-2 kPa",6.33217366925806,26.2338642192114
"3d","ile","ilex05",5,2024-09-24 09:00:00,5,482,2024-09-24 08:56:40,920.976851851852,0,12.04,34.9475039920577,961.616666666667,68.2409444444445,19.6886666666666,7.36288598193434,33.7383333333333,62.1733333333333,922.033333333333,19.9617500767454,-141.421350948992,2.19497741096616,10.1515039999138,35.0129422101395,23.7851426280443,80.7522988993041,98.8242579713359,"[-0.1, -0.5)",NA,4.62487857469359,32.7399076024799
"3d","ile","ilex05",5,2024-09-24 10:00:00,5,484.5,2024-09-24 09:55:00,919.833333333333,0,12.0348333333333,34.8364021402059,1098.90833333334,56.9615,21.6956666666667,11.2387613469764,36.0765,60.5615,1081.2,23.6348177684295,-144.393830250025,2.98355518808664,9.10438292027506,37.076784363376,26.9990577732338,96.4356690004323,123.125063975794,"[-0.1, -0.5)",NA,3.0515215393464,36.2966550814418
"3d","ile","ilex05",5,2024-09-24 11:00:00,5,486.5,2024-09-24 10:45:00,916.930555555555,0,12.0393333333333,34.314013251317,1325.36666666667,45.1580833333334,23.0844166666667,15.5790405523917,37.621,57.143,1227.45,27.950250161658,-145.7458640463,3.52692661078138,8.83610009200257,38.6077463038462,31.5236213399346,96.7573942976553,123.004914019878,"[-0.1, -0.5)","VPD 3-4 kPa",2.50532576010845,37.2587094880033
"3d","ile","ilex05",5,2024-09-27 08:00:00,5,489.5,2024-09-27 07:50:00,927.444444444445,1,12.04,33.9154854735392,688.804166666667,48.901125,19.5930416666667,11.7063066845701,31.3785,58.3885,569.95,19.2819319224142,-304.904887679902,1.79841309410654,8.08960256958185,31.7021589759568,20.1403802763907,80.0294531604521,97.2126845015204,"[-0.1, -0.5)",NA,4.49818931817821,26.920841703826
"3d","ile","ilex05",5,2024-09-27 09:00:00,5,492,2024-09-27 08:50:00,926.041666666667,1,12.04,35.1188373253911,1064.88055555555,44.9312777777778,20.5493611111111,13.3813079380769,33.9673333333333,53.2353333333333,1074.11666666667,24.9680283285513,-322.980185646621,2.19908265218753,7.77007942554323,35.9172615597762,31.1600859932819,63.2083066413197,73.6117079391758,"[-0.1, -0.5)","VPD 3-4 kPa",3.53332759813005,28.3935777072619
"3d","ile","ilex05",5,2024-09-27 10:00:00,5,494.5,2024-09-27 09:50:00,926,1,12.0316666666667,35.3722910290947,1073.49166666666,42.2107916666667,21.6965416666667,15.0684366760711,36.184,50.232,1281.825,30.0200437828725,-338.541665848229,2.57799839508857,6.36047292281934,38.540487094146,38.2406486053382,59.1263356741849,68.0009959791302,"[-0.1, -0.5)","VPD 3-4 kPa",2.46721368598867,30.283841471131
"3d","ile","ilex05",5,2024-09-27 11:00:00,5,497,2024-09-27 10:50:00,925.097222222222,1,12.0393333333333,34.4877817698355,1370.87803030303,39.1554545454545,22.6771590909091,16.841876131206,38.093,45.584,1119.11666666667,36.4063985038913,-350.735020020226,2.59684499071357,4.60495689023737,39.8003243450694,42.8323746452562,52.9776315175239,59.9746612182029,"[-0.1, -0.5)",NA,1.77328908991676,30.4914630957656
"3d","ile","ilex05",5,2024-09-27 12:00:00,5,499.5,2024-09-27 11:50:00,925,1,12.039,34.9644854735392,1176.61666666667,33.1435,23.4365,19.3723279589509,36.141,42.735,1649.95,34.7121335987561,-362.453596143159,2.11745152778969,4.66058069196959,40.9129137129615,52.077367163668,35.2876767150777,38.3568270879251,"[-0.1, -0.5)","VPD 5-9 kPa",2.20103300160763,25.7033801753979
"3d","ile","ilex05",5,2024-09-27 13:00:00,5,502,2024-09-27 12:50:00,924.25,1,12.04,35.1535965846503,748.838888888889,34.2645,23.007,18.5619035575718,31.0786666666667,43.7443333333333,802.866666666667,25.8611003385145,-375.592630199215,1.22775513669964,4.62066775881502,33.2325977021771,32.8859518237995,34.2982084061875,37.231862566738,"[-0.1, -0.5)","VPD 3-4 kPa",3.76350920529313,19.827941164121
"3d","ile","ilex05",5,2024-09-28 08:00:00,5,549.5,2024-09-28 07:50:00,933.125,1,12.04,35.3983743624281,728.283333333333,63.7365,14.6375416666667,6.07635925602237,24.933,63.0585,578.075,11.7485094643876,-523.299525236408,1.07466418838858,8.54010016595665,26.1598899967768,14.1433674638616,68.438028751982,80.6460120320672,"[-0.5 -1.5)","VPD 1-2 kPa",7.94676165655264,19.979308366549
"3d","ile","ilex05",5,2024-09-28 09:00:00,5,552,2024-09-28 08:53:20,932.421296296296,1,12.039,34.9939854735392,1149.81111111111,56.9368611111111,16.1609444444444,7.96555451731271,28.39,57.566,1079.53333333333,16.5273591839369,-542.117226337444,1.43270761609235,8.12174623256681,31.4047127638242,23.959927806707,54.0374150885425,61.3534528511269,"[-0.5 -1.5)",NA,5.66880928204913,22.3546605514534
"3d","ile","ilex05",5,2024-09-28 10:00:00,5,554.5,2024-09-28 09:50:00,932,1,12.0396666666666,33.2013188068725,1203.28333333334,51.8265,17.4778333333334,9.66033937802462,30.006,54.5665,1316.2,19.3701473598376,-558.538338362067,1.55223103662801,6.29688264507489,33.9616018541552,30.0588514740509,46.1592149589096,51.3800113686727,"[-0.5 -1.5)","VPD 3-4 kPa",4.05666585481625,23.2622813229135
"3d","ile","ilex05",5,2024-09-28 11:00:00,5,557,2024-09-28 10:53:20,931.481481481481,1,12.0398888888889,34.6869299179837,1528.83888888889,50.2434444444444,18.366,10.5589480399885,31.107,52.088,1161.2,21.7614714628888,-572.978151107874,1.70257156932822,5.19295439015291,34.1257106241043,30.1682146387994,50.4027502945,56.6926323454689,"[-0.5 -1.5)","VPD 3-4 kPa",3.05006525640615,23.6479776902137
"3d","ile","ilex05",5,2024-09-28 12:00:00,5,559.5,2024-09-28 11:50:00,930.666666666667,1,12.039,35.3061243624281,1589.11666666667,46.9298333333333,19.701,12.234586130482,31.7865,49.9145,1339.95,23.6334419459916,-583.038401541283,1.71053316908315,4.55325204850884,35.6429006579619,34.9908310383906,43.6429990723293,48.303461967691,"[-0.5 -1.5)","VPD 3-4 kPa",2.66189053261644,23.5525848377489
"3d","ile","ilex05",5,2024-09-28 13:00:00,5,562,2024-09-28 12:53:20,930,1,12.0307777777778,35.9862076957614,1416.2,44.0868888888889,20.0174444444445,13.1431656084957,32.294,46.8053333333333,1444.53333333333,25.8741907510412,-596.505257085495,1.66616056012612,4.57429132973296,36.7359327612247,39.4388887383544,37.5331025291716,40.9153176557813,"[-0.5 -1.5)","VPD 3-4 kPa",2.7454084793525,22.7282640038661
"3d","ile","ilex05",5,2024-09-28 14:00:00,5,564.5,2024-09-28 13:50:00,929.534722222222,1,12.0311666666666,36.031763251317,1045.99166666667,42.5364166666667,20.4340833333333,13.8609606112976,34.446,39.402,974.95,33.2088882415606,-609.749328668476,1.5236512744563,3.71501009352838,36.972364086118,41.3915339594366,32.8354717876103,35.4213453715374,"[-0.5 -1.5)",NA,2.43822858669157,21.5825322603056
"3d","ile","ilex05",5,2024-09-28 15:00:00,5,567,2024-09-28 14:53:20,929.356481481482,1,12.0315555555556,36.008263251317,124.533333333333,43.1164444444445,19.9482777777778,13.3128129588217,27.704,43.362,527.866666666667,22.217288342393,-627.383831790272,0.726555869934359,3.97213874835098,29.2490222636542,26.6206214092785,22.8070812580808,24.0445499638629,"[-0.5 -1.5)",NA,5.46707956362646,16.1792841976166
"3d","ile","ilex05",5,2024-09-29 08:00:00,5,609.5,2024-09-29 07:55:00,929.923611111112,1,12.0308333333333,38.1272582601411,704.741666666667,69.9700833333333,12.8020833333333,4.48650607937716,25.673,58.205,609.95,14.0648636269829,-790.872666860405,0.925677859294399,7.42151758420196,27.2930706129363,17.3794053428927,48.3093114336421,54.0640433067407,"[-0.5 -1.5)","VPD 1-2 kPa",8.01738694480501,19.2711381858849
"3d","ile","ilex05",5,2024-09-29 09:00:00,5,612,2024-09-29 08:53:20,930.421296296296,1,12.0373333333333,37.6883743624281,1078.7,60.7547222222222,15.6467777777778,7.0402182553,33.009,46.113,1087.86666666667,27.5037960708571,-805.253381691484,1.34131455116677,4.6072673863011,36.3050760963209,37.8716207145812,32.8398212419029,35.536272723156,"[-0.5 -1.5)","VPD 3-4 kPa",3.43488958819793,23.3113778253301
"3d","ile","ilex05",5,2024-09-29 10:00:00,5,614.5,2024-09-29 09:55:00,929.784722222223,1,12.04,34.5910508565609,1015.15833333333,53.6388333333334,18.2299166666667,9.75592356783285,36.377,36.5445,1289.95,38.6705688116522,-809.180680575698,1.04403664765309,1.77041974767174,41.1731291035621,56.6122242705867,16.2613535795216,16.8694569319782,"[-0.5 -1.5)","VPD 5-9 kPa",1.69574483007997,22.2661156944028
"3d","ile","ilex05",5,2024-09-29 11:00:00,5,617,2024-09-29 10:53:20,926.421296296296,1,12.0371111111111,33.9111753344023,1368.56111111111,47.897,20.3617777777778,12.5525814282885,38.2856666666667,29.5726666666667,1371.2,47.6470562297678,-798.86607273848,0.735198053197014,0.418234766193358,44.01543666081,71.5995994873757,8.96605793936843,9.14749710210717,"[-0.5 -1.5)","VPD 5-9 kPa",0.568873604023653,19.9883383351973
"3d","ile","ilex05",5,2024-09-29 12:00:00,5,619.5,2024-09-29 11:55:00,925.340277777777,1,12.04,35.8439576957614,1446.2,41.8535,22.77875,16.1869089673427,39.2725,28.2295,1473.7,51.161610989815,-779.116019187118,0.84938220537641,0.320043215666536,45.3168527376744,77.7483279638509,9.46385738259903,9.66513107103023,"[-0.5 -1.5)","VPD 5-9 kPa",0.376795291496255,20.1207074613762
"3d","ile","ilex05",5,2024-09-29 15:00:00,5,627,2024-09-29 14:53:20,922.416666666667,1,12.0328888888889,36.6815410290948,128.561111111111,37.7315555555555,23.6064444444444,18.2252010510963,36.77,28.2661666666667,527.45,47.3832935434336,-764.534720203856,0.696021273595178,1.09124716409937,38.3974047779233,54.7046549421859,11.2344424794565,11.5230925313254,"[-0.5 -1.5)","VPD 5-9 kPa",1.56783593475918,17.5962327436951
"3d","ile","ilex05",5,2024-09-30 08:00:00,5,669.5,2024-09-30 07:55:00,928.666666666667,1,12.0351666666666,35.7916639900131,694.325,69.669,14.8164166666667,5.16055412532521,28.204,57.8385,574.95,16.4569903391321,-904.168645715647,1.05531427898755,7.23579961982992,29.4811236224346,19.3842441733966,48.973286286044,54.8915283350903,"[-0.5 -1.5)","VPD 1-2 kPa",6.85653531265756,22.2189289154209
"3d","ile","ilex05",5,2024-09-30 09:00:00,5,672,2024-09-30 08:56:40,928.490740740741,1,12.0395555555556,34.538311412419,867.033333333333,59.9852222222222,18.3385555555555,8.54182094064105,35.44,46.4063333333333,1050.36666666667,31.3939522132333,-918.536234708151,1.43824825813043,4.47140291774375,38.4240619020661,41.9233005088364,32.3306169877951,35.0960854331544,"[-0.5 -1.5)",NA,3.10892288064099,26.8562320243066
"3d","ile","ilex05",5,2024-09-30 10:00:00,5,674.5,2024-09-30 09:55:00,926.902777777777,1,12.0368333333333,35.1133328339064,1025.575,56.0513333333333,20.62325,10.7406055519753,38.586,37.094,1244.95,43.2725133531926,-918.853237858586,1.14632488820751,1.77237918214334,42.994649122797,61.3956068063804,16.3982450108571,17.0220261317351,"[-0.5 -1.5)","VPD 5-9 kPa",1.54614036594353,25.4814222439866
"3d","ile","ilex05",5,2024-09-30 11:00:00,5,677,2024-09-30 10:56:40,926.074074074074,1,12.039,32.1919439450175,1562.98240740741,48.0213148148148,22.6768703703704,14.465464481075,40.6456666666667,31.2413333333333,1390.78333333333,52.8187977848818,-904.002986991714,0.948024511722516,0.615488330593193,46.1043475338381,78.0738392651114,10.5617240103921,10.8161247755183,"[-0.5 -1.5)","VPD 5-9 kPa",0.649232507158364,23.9593222311025
"3d","ile","ilex05",5,2024-09-30 12:00:00,5,679.5,2024-09-30 11:55:00,924.875,1,12.0353333333333,33.5959717227954,1598.28333333334,39.6630416666667,24.4902083333333,18.6459585111492,41.525,28.99875,1451.825,57.0492965802414,-887.771246214365,1.05804501182399,0.235961326233026,47.1077571326218,83.921145389734,10.8354330255453,11.1001918467393,"[-0.5 -1.5)","VPD 5-9 kPa",0.223016340133059,23.2983584999568
"3d","ile","ilex05",5,2024-10-01 08:00:00,5.5,364.5,2024-10-01 08:05:00,924.013888888889,1,12.0335,34.063426241053,663.144444444445,76.7668611111112,17.9454166666666,4.86470866445095,29.363,65.299,549.325,14.8989926130877,-1141.68419487815,1.21458478960357,9.1626067555593,30.2839263752819,17.2981756885448,70.816379451881,85.7997579963876,"[-0.5 -1.5)","VPD 1-2 kPa",7.54381812944482,26.826692804724
"3d","ile","ilex05",5,2024-10-01 09:00:00,6,2,2024-10-01 08:56:40,924.777777777778,0.722222222222222,12.0303333333333,32.9034022323026,994.116666666667,69.4483055555555,20.8533055555556,7.57378164026493,37.2703333333333,46.17,840.783333333333,34.5803046777657,-1152.91455533278,1.12718740837434,3.13676364570736,39.7294692375593,43.6640357423516,22.8702159093598,24.1777880287121,"[-0.5 -1.5)",NA,2.78282353262914,29.5360487917467
"3d","ile","ilex05",5,2024-10-01 10:00:00,6,4.5,2024-10-01 10:00:00,923.3125,1,12.0338333333333,33.2084161672397,670.2625,71.5499166666667,20.9325416666667,7.08430589029214,31.1,56.044,688.075,20.1145452590301,-1134.08804340579,0.709872402263209,3.59983564220262,33.441329874681,26.6641050342907,21.9332273363898,23.2675298170341,"[-0.5 -1.5)",NA,5.07110239914337,25.4338670511323
"3d","ile","ilex05",5,2024-10-01 11:00:00,6,7,2024-10-01 10:56:40,922.253086419753,0.902777777777778,12.0381111111111,32.9735180190916,1304.88055555556,62.3896388888889,23.9324722222222,11.3075161450169,40.2095,39.1126666666667,1171.61666666667,46.0139395703005,-1113.89549837295,0.954089031735999,1.34400064807045,44.5625190797243,65.7680315393574,12.8085290503876,13.2188065429944,"[-0.5 -1.5)","VPD 5-9 kPa",1.40867424670525,29.3085535082049
"3d","ile","ilex05",5,2024-10-01 12:00:00,6,9.5,2024-10-01 12:00:00,920,1,12.0366666666667,35.2748188068726,784.324999999998,55.50875,24.7180833333334,13.9673293064139,35.8835,39.8045,642.45,37.0820074293703,-1092.9453576924,0.433346985607603,1.80057746013161,38.474285014769,46.7097349490665,8.55497364252503,8.72376846813673,"[-0.5 -1.5)",NA,4.15504784833564,23.6047856388155
"3d","ile","ilex05",5,2024-10-01 13:00:00,6,12,2024-10-01 13:00:00,918.722222222222,1,12.0303333333333,35.7502447327985,683.977777777778,52.1391111111111,25.0958333333333,15.3714164001925,33.8813333333333,45.7956666666667,634.533333333333,29.2976048655177,-1076.86767469025,0.753429297780554,3.22391447709452,35.9514803753235,35.6446146395268,17.6442058970828,18.4216816400233,"[-0.5 -1.5)","VPD 3-4 kPa",4.27898740676996,24.3087447951056
"3d","ile","ilex05",5,2024-10-01 15:00:00,6,16.5,2024-10-01 14:50:00,916.777777777778,1,12.0315,35.4295965846503,147.033333333334,41.9435833333334,26.7646666666666,20.5015681041215,42.8335,25.629,714.95,64.8903690933444,-1081.17403183026,0.751387245801976,0.0546741784998385,45.3065502648647,77.3246408979943,7.52745546069739,7.67952348658221,"[-0.5 -1.5)","VPD 5-9 kPa",0.0727643153451231,22.0547089574262
"3d","ile","ilex05",5,2024-10-02 10:00:00,6,64.5,2024-10-02 10:00:00,918.486111111112,0,12.039,32.9990965846503,831.2,64.0303333333333,24.0103333333333,10.8127837402024,36.8055,48.242,937.45,34.0701422647963,-1341.68153475393,0.799208812145815,2.8667630454472,40.2429720788004,46.9454910822939,16.2611379063111,16.9226448866844,"[-0.5 -1.5)",NA,3.58700129663255,30.0898193299605
"3d","ile","ilex05",5,2024-10-02 11:00:00,6,67,2024-10-02 11:00:00,917.592592592593,0,12.0316666666667,32.9330225105763,625.644444444444,65.2247777777778,23.9923888888889,10.4193598280485,32.337,51.38,606.2,23.7549176584996,-1326.88927153107,0.281928626623757,3.10936298109174,34.9910980547793,31.5508239679379,7.76429671577718,7.90182075855083,"[-0.5 -1.5)","VPD 3-4 kPa",11.0289012447157,25.0102774393631
"3d","ile","ilex05",5,2024-10-04 08:00:00,6,146,2024-10-04 07:53:20,921.986111111111,0,12.0341111111111,33.4942076957614,669.811111111111,72.1199444444444,13.8153888888889,4.47831916223299,27.2033333333333,50.8993333333333,518.7,18.1723386368462,-2350.153346948,0.762707114120398,3.36467404669279,28.6607521409387,21.5020285737568,32.8545399768987,35.4770302741427,"[-1.5 -3.5)",NA,4.41148900331571,18.4434111149251
"3d","ile","ilex05",5,2024-10-04 09:00:00,6,148.5,2024-10-04 08:55:00,921.222222222222,0,12.0386666666666,32.6186869315005,1017.03333333333,59.547,16.06025,7.41949614408367,32.43,37.7535,937.45,30.4744462627328,-2350.16009668871,0.703536727056749,1.71686008501618,36.063161981528,41.4579911224863,15.1639394013835,15.70764090223,"[-1.5 -3.5)",NA,2.44032758914901,18.4739153536481
"3d","ile","ilex05",5,2024-10-04 10:00:00,6,151,2024-10-04 09:53:20,919.976851851852,0,12.0395555555555,32.4673068399981,985.783333333333,55.7208888888889,17.3066111111111,8.79077471999937,34.01,32.0796666666667,1196.2,36.3388111858277,-2270.45940829584,0.60258923945986,0.754819644125556,39.1112464469647,53.5728919399889,9.91623783043899,10.1401417896163,"[-1.5 -3.5)","VPD 5-9 kPa",1.25262715411604,17.1507226265172
"3d","ile","ilex05",5,2024-10-04 11:00:00,6,153.5,2024-10-04 10:55:00,918.270833333333,0,12.038,32.5390688068725,1367.1375,52.2117916666667,18.4865833333333,10.2146561420573,34.6605,29.902,1366.825,38.88180022094,-2164.47979697463,0.570612474128976,0.433856716367335,40.675443905974,60.290113384281,8.28515928419276,8.44032834453547,"[-1.5 -3.5)","VPD 5-9 kPa",0.760335141690699,16.5749860382256
"3d","ile","ilex05",5,2024-10-04 12:00:00,6,156,2024-10-04 11:53:20,916.055555555555,0,12.0358888888889,33.7963558439096,1415.78333333333,49.2686666666667,19.7178055555555,11.7068810651777,35.5546666666667,28.6525,1418.28333333333,41.5714365791256,-2087.88286661187,0.581949191764332,0.369754562009237,41.8048340391492,64.8764406653618,7.78056184355939,7.91615766161915,"[-1.5 -3.5)","VPD 5-9 kPa",0.635372584483241,16.686847736201
"3d","ile","ilex05",5,2024-10-04 13:00:00,6,158.5,2024-10-04 12:55:00,914.1875,0,12.0306666666667,32.6621591537228,1324.84583333334,47.0947916666667,20.6055,12.9010117421653,36.6985,27.2285,1364.95,45.2699025697748,-2029.30133688165,0.601103773306147,0.325845293655394,42.641457292298,68.4631224933911,7.62115431951173,7.75202152387783,"[-1.5 -3.5)","VPD 5-9 kPa",0.542078270218142,16.8842197274437
"3d","ile","ilex05",5,2024-10-04 14:00:00,6,161,2024-10-04 13:53:20,914.564393939394,0,12.0325555555556,32.5187123714394,809.949999999999,44.8059545454545,20.6861565656566,13.5271196041224,35.1323333333333,27.5131666666667,886.616666666667,41.8902369809052,-2023.78175053231,0.535067427918758,0.557433823047438,38.7969359005283,54.776946209835,8.7972016650739,8.97712990964735,"[-1.5 -3.5)","VPD 5-9 kPa",1.04180107769908,15.6543314885184
"3d","ile","ilex05",5,2024-10-04 15:00:00,6,163.5,2024-10-04 14:55:00,915.111111111111,0,12.03,35.5673743624281,227.658333333333,44.3993333333334,20.734,13.6623826195694,33.438,28.498,667.45,38.0891426615989,-1997.77834529274,0.519678739967915,0.690801539043869,36.0263578199709,47.3503549872434,9.86150774500184,10.0816234387948,"[-1.5 -3.5)",NA,1.32928574119949,14.7570223469536
"3d","ile","ilex05",5,2024-10-05 08:00:00,6,206,2024-10-05 07:56:40,922.703703703704,0,12.0308888888889,36.025800288354,690.741666666667,74.8571,11.2908888888889,3.43837299884269,26.0233333333333,47.3421666666667,504.95,18.228551311716,-2865.82211892719,0.72996896520017,3.03924707144231,27.4720216028787,21.4521009855746,32.5060737846789,35.1562173925358,"[-1.5 -3.5)",NA,4.16352915854292,16.0031361067949
"3d","ile","ilex05",5,2024-10-05 09:00:00,6,208.5,2024-10-05 08:55:00,922.4375,0,12.035,34.2937910290948,1015.05416666666,62.4265,14.802875,6.37496003476312,32.43,36.7155,991.2,31.1573925569498,-2874.46434521452,0.6782204628623,1.24190439732166,36.372483039737,43.2490486444942,14.2476747778843,14.7298568949839,"[-1.5 -3.5)",NA,1.83112198072061,17.9659909456571
"3d","ile","ilex05",5,2024-10-05 10:00:00,6,211,2024-10-05 09:56:40,920.763888888889,0,12.0393333333333,33.7211706587244,808.144444444444,61.9050277777778,16.3241944444444,7.15923990411392,32.4513333333333,33.5488333333333,891.2,33.3230088765224,-2751.91060461058,0.416691929740338,0.487795972637645,36.3290439619839,46.15152464374,7.91561501066572,8.05622682115346,"[-1.5 -3.5)",NA,1.17063935685439,16.4361965416075
"3d","ile","ilex05",5,2024-10-05 11:00:00,6,213.5,2024-10-05 10:55:00,918.479166666667,0,12.04,34.8030784794532,909.325,51.8801666666667,18.5991666666667,10.3628358831736,31.5505,33.492,651.2,31.0575491246764,-2590.37116894354,0.36595819591976,0.691985617279372,34.3029882415074,38.8090431356103,8.27286941482408,8.45583866589064,"[-1.5 -3.5)","VPD 3-4 kPa",1.89088706031084,15.5934823502457
"3d","ile","ilex05",5,2024-10-05 12:00:00,6,216,2024-10-05 11:56:40,915.863756613757,0,12.0331111111111,34.5811938529209,1029.39444444445,48.7960793650793,20.3897301587301,12.3276918760275,34.854,29.5643333333333,927.033333333333,39.7412481488764,-2462.17041605557,0.453975178632977,0.406503837650614,38.8538843286292,53.5733566979998,7.63152914204953,7.76830125047885,"[-1.5 -3.5)","VPD 5-9 kPa",0.895431857914986,16.5644406552779
"3d","ile","ilex05",5,2024-10-05 13:00:00,6,218.5,2024-10-05 12:55:00,913.083333333333,0,12.037,36.0803465846503,867.866666666667,47.5333333333333,21.1988333333334,13.2776728154383,34.961,28.852,594.95,40.3876923394009,-2379.41029674485,0.464648456157771,0.437958629365828,37.2847394969018,47.919172835809,8.53495276436258,8.70047691260957,"[-1.5 -3.5)",NA,0.942559097230959,16.2613371694469
"3d","ile","ilex05",5,2024-10-05 15:00:00,6,223.5,2024-10-05 14:55:00,912.229166666667,0,12.0308333333333,36.767763251317,280.783333333333,50.0875833333334,22.8181666666667,13.9276588395379,38.157,25.7875,689.95,50.1326272691573,-2261.78505883604,0.504798252462228,0.0832566394778921,40.8813019207159,61.1553642550196,7.08477821974621,7.19707659841875,"[-1.5 -3.5)","VPD 5-9 kPa",0.164930522385519,17.3092143256564
"3d","ile","ilex05",5,2024-10-06 10:00:00,6,271,2024-10-06 09:56:40,919.777777777778,0,12.0302222222222,32.4979345936616,490.366666666667,65.1847777777778,20.4106111111111,8.38896140781041,27.532,51.9496666666667,507.866666666667,17.7833779137052,-2475.53824739366,0.326074960421531,2.35163563623771,29.6264005295435,22.5556780637101,12.8909985647391,13.2683206334096,"[-1.5 -3.5)",NA,7.21194793122921,19.1896933240892
"3d","ile","ilex05",5,2024-10-06 11:00:00,6,273.5,2024-10-06 11:00:00,918.395833333333,0,12.0315,33.0155132513169,533.075,64.0049166666667,21.7064166666667,9.39145803362704,28.762,50.1585,514.95,19.8634300968135,-2418.77575121564,0.316706402890866,1.78546302883503,30.9071980606158,25.104430362967,11.1761795745,11.4579600009791,"[-1.5 -3.5)",NA,5.63759688006775,19.9030092570054
"3d","ile","ilex05",5,2024-10-06 12:00:00,6,276,2024-10-06 11:56:40,919.101851851852,0,12.0361111111111,33.6969113994651,607.45,59.5808888888889,23.6028888888889,11.861863299281,31.822,44.5503333333333,566.2,26.3443724105987,-2380.71490915351,0.280309559423182,1.13875663946083,34.2842232945185,33.3825726124214,7.46524740611574,7.59337588781369,"[-1.5 -3.5)","VPD 3-4 kPa",4.06249662624476,21.063758249792
"3d","ile","ilex05",5,2024-10-08 09:00:00,6,388,2024-10-08 08:50:00,914.578703703704,0,12.0394444444445,34.6286706587244,930.366666666668,61.7463888888889,19.3906666666667,8.66285371586213,33.967,41.0013333333333,920.366666666667,31.5168530029136,-3067.10946320847,0.511557833352095,0.623997362941142,37.8309080142947,44.2486409513524,10.4245078256393,10.6948276674323,"[-1.5 -3.5)",NA,1.21979827549949,21.8680497788082
"3d","ile","ilex05",5,2024-10-08 10:00:00,6,390.5,2024-10-08 09:50:00,914.548611111112,0,12.0345,33.5544576957614,679.533333333333,60.03425,20.0729166666667,9.42852012965687,29.77,44.2125,804.95,23.500037960796,-2946.50081980232,0.240192916244836,0.614106588017985,33.5275266687769,33.4657894153302,6.31011343829165,6.39903234282063,"[-1.5 -3.5)","VPD 3-4 kPa",2.5567223114607,18.5944661280395
"3d","ile","ilex05",5,2024-10-08 11:00:00,6,393,2024-10-08 10:50:00,914.359126984127,0,12.0301111111111,35.4693188068725,1121.11071428571,55.5581428571429,21.214369047619,11.2566458850732,33.7598333333333,35.698,1204.11666666667,33.9097033416039,-2826.80614748489,0.322946940978833,0.0699109282489924,39.3884104084188,52.9108820757581,5.30407267596133,5.366788698931,"[-1.5 -3.5)","VPD 5-9 kPa",0.21647806304372,18.8208119713875
"3d","ile","ilex05",5,2024-10-09 10:00:00,6,450.5,2024-10-09 09:50:00,910.208333333333,0,12.034,33.1733465846503,720.054166666667,63.384375,22.1264583333333,9.87538837234504,32.9555,43.248,755.575,28.6565007765397,-3048.61581310389,0.255352051339818,0.21192993606303,36.3948798592906,39.590179649444,4.95891796707441,5.0490519069513,"[-1.5 -3.5)","VPD 3-4 kPa",0.829951962206867,21.7974822684073
"3d","ile","ilex05",5,2024-10-09 14:00:00,6,460.5,2024-10-09 13:55:00,905.104166666667,0,12.0365,34.3749576957614,554.116666666667,52.04725,25.1130833333333,15.3628495614122,31.1215,45.36,813.7,25.0222201246718,-2803.51758876338,0.246239740474527,0.586110744661289,34.9432564170412,35.8278034802486,6.32489830683249,6.43921406388454,"[-1.5 -3.5)","VPD 3-4 kPa",2.38024432421752,20.6104658085618
"3d","ile","ilex05",5,2024-10-10 09:00:00,6,507.5,2024-10-10 08:55:00,918.194444444444,0,12.0391666666666,35.8600410290947,937.102777777778,60.4006388888888,17.7064166666666,8.06479446108405,33.116,34.2125,872.45,33.4570697525466,-3491.82917012271,0.312918624953241,0.140088387897356,37.0822349282826,45.9226553916019,5.98912511998694,6.06936342995538,"[-1.5 -3.5)",NA,0.447683125024241,17.39948313737
"3d","ile","ilex05",5,2024-10-10 14:00:00,6,520,2024-10-10 13:53:20,913.842592592592,0,12.0317777777778,34.6880225105762,897.311111111109,44.293,20.9563888888889,13.8741693966689,36.3266666666667,24.8106666666667,923.7,45.6947758748618,-3012.05315699598,0.431221071338546,0.00559125049311037,40.3466787606962,60.4245644679107,6.19530817914613,6.28099522158013,"[-1.5 -3.5)","VPD 5-9 kPa",0.0129660883123236,15.0752299370919
"3d","ile","ilex05",5,2024-10-10 15:00:00,6,522.5,2024-10-10 14:55:00,913.347222222222,0,12.03,35.5172632513169,229.95,46.0773333333334,20.5964166666666,13.1353571121952,33.9525,25.9705,704.95,39.7486667606735,-2993.95996613237,0.326274961639954,0.032253837536635,37.0475732004088,49.8972402203623,5.56888776318723,5.63968896838741,"[-1.5 -3.5)",NA,0.0988547738218029,13.8401705937566
"3d","ile","ilex05",5,2024-10-11 08:00:00,6,565,2024-10-11 07:56:40,927.402777777778,0,12.0303333333333,35.0699920251833,606.963888888889,76.4574444444444,14.0346111111111,3.80933132302994,27.532,46.113,505.783333333333,20.3031116447288,-4195.32603810109,0.391456011691215,0.622949612556818,29.5178450548655,25.0732947713113,15.1164576547814,15.6825356807132,NA,NA,1.59136555309363,17.0336863551334
"3d","ile","ilex05",5,2024-10-13 10:00:00,6,690,2024-10-13 10:00:00,925.814814814815,0,12.0394444444444,34.8710595476133,524.533333333333,86.728,18.1668888888889,2.82381398133251,25.4726666666667,67.57,716.2,11.7301821219438,-3759.85598771706,0.29198634372189,0.816856159161516,28.6370372104982,20.1982312773832,10.1118188835965,10.3776627201163,NA,NA,2.79758343746224,22.107418837045
"3d","ile","ilex06",1,2024-08-12 09:00:00,1,1.5,2024-08-12 08:55:00,977.107142857143,1,13.0898333333333,35.8326111111111,935.174454365081,47.4381646825397,29.1969469246032,21.4150002610474,38.56475,46.85,940.575,37.1072666059525,-0.0979931012856695,4.08512912925195,6.26360402433104,38.1216291252602,35.4751440677889,104.963978473793,134.640262989946,"(0, -0.1 MPa)","VPD 3-4 kPa",1.53326953106082,32.1464059429765
"3d","ile","ilex06",1,2024-08-12 10:00:00,1,5.5,2024-08-12 09:52:30,976.532738095238,1,13.0551666666667,34.9683194444444,914.308878968254,53.7785719246032,29.6871349206349,19.4111302964761,38.537625,51.5935,914.6375,33.6612213577762,-0.0979931012856695,4.03667204441677,6.82202383337845,38.0936721479148,31.9223634136629,113.750547919547,151.245216790366,"(0, -0.1 MPa)","VPD 3-4 kPa",1.69001191038399,35.349484786882
"3d","ile","ilex06",1,2024-08-12 14:00:00,1,22,2024-08-12 13:56:00,951.427083333333,1,12.93,32.0755970947078,1472.17123015873,28.2470333333333,38.0980333333333,48.0372537529951,47.8013,39.9853,1506.45,66.6842146373272,-0.0979931012856695,4.75018471268052,0.153102114342996,48.8060523590703,72.3997716712368,57.2236653861261,65.0407598076095,"(0, -0.1 MPa)","VPD 5-9 kPa",0.0322307707180928,44.3996228233399
"3d","ile","ilex06",1,2024-08-12 15:00:00,1,26,2024-08-12 14:53:20,950.112268518519,1,12.93,32.3459532786557,1027.50787037037,27.1225925925926,38.8502162698413,50.8015339015594,46.265,39.8126666666667,1094.11666666667,61.9666416431661,-0.0979931012856695,2.53902561127175,0.2265717973468,48.0251801261605,71.4800788348859,30.365973227739,32.7738535736555,"(0, -0.1 MPa)","VPD 5-9 kPa",0.089235727414862,40.8961315118927
"3d","ile","ilex06",1,2024-08-13 12:00:00,1,111.5,2024-08-13 11:50:00,950.215401785714,1,12.9686666666667,33.3673055555556,1618.49786706349,39.8365873015873,32.5966870039682,29.7605335806216,44.17375,46.34925,1660.8875,49.5438871489772,-0.0979931012856695,7.32390200405727,0.0789381976932414,43.5892233986717,46.8061068900072,139.058898488496,195.496165764732,"(0, -0.1 MPa)",NA,0.0107781613748397,42.7631316775469
"3d","ile","ilex06",1,2024-08-13 13:00:00,1,115.5,2024-08-13 12:50:00,948.881324404762,1,12.93,32.5937222222222,1630.54151785714,34.9765783730159,34.0378908730159,34.831309128933,45.021,44.75575,1642.45,53.2526090130551,-0.0979931012856695,6.51786551342139,0.129567322349565,44.919056976366,52.7534585573382,108.851535678708,140.428402202524,"(0, -0.1 MPa)","VPD 5-9 kPa",0.0198787965297479,43.1373235900908
"3d","ile","ilex06",1,2024-08-14 10:00:00,1,143.5,2024-08-14 09:55:00,976.993055555555,1,12.8309166666667,36.3370555555556,818.288293650794,73.8352147817461,22.5748705357143,7.26214774270832,27.11025,75.0735,805.2625,9.11574097788272,-0.0979931012856695,2.16404600621262,10.9368011696593,27.7855929444533,10.5449231141073,190.515166435786,319.592388038873,"(0, -0.1 MPa)","VPD 1-2 kPa",5.05386721828535,27.0548712241191
"3d","ile","ilex06",1,2024-08-14 11:00:00,1,147.5,2024-08-14 10:50:00,976.634920634921,1,12.8283333333333,34.5683194444444,1332.01845238095,62.1900907738096,25.2904102182539,12.294727206621,33.8565,63.4615,1361.825,19.7680623098778,-0.0979931012856695,4.41303880773714,11.1229404774674,34.304327958175,21.1265122538875,196.108860108316,333.547516905901,"(0, -0.1 MPa)",NA,2.52047193828574,33.6393069473039
"3d","ile","ilex06",1,2024-08-14 12:00:00,1,151.5,2024-08-14 11:50:00,975.916666666667,1,12.86925,33.8609027777778,1467.81334325397,55.2480714285714,26.6158864087301,15.6821953632964,34.7785,61.789,1911.5125,21.3706802477706,-0.0979931012856695,4.92627958832935,10.5749128383337,36.5126282663544,27.0371470034429,173.514328896066,277.266250845855,"(0, -0.1 MPa)",NA,2.14663269689084,34.4749827321225
"3d","ile","ilex06",1,2024-08-14 13:00:00,1,155.5,2024-08-14 12:50:00,975.027777777778,1,12.88775,34.6381666666667,769.46884920635,53.883845734127,25.9315873015873,15.5104898775143,30.77825,61.5445,733.075,17.2548117140737,-0.0979931012856695,2.86491208601275,8.88595435109912,30.6381047123111,16.881245175651,160.459651270033,240.11730343422,"(0, -0.1 MPa)","VPD 1-2 kPa",3.10164992304045,27.4225940064792
"3d","ile","ilex06",1,2024-08-14 14:00:00,1,159.5,2024-08-14 13:47:30,975.206018518518,1,12.9199166666667,35.3214722222222,1318.00431547619,49.0997643849206,26.5557906746032,17.7844951780561,31.958,59.80775,1299.325,19.771320854484,-0.0979931012856695,3.81683614387397,10.0520416631562,32.7468655676648,22.2121592671907,160.414894901673,239.308693937118,"(0, -0.1 MPa)",NA,2.63360576253443,28.4960644960066
"3d","ile","ilex06",1,2024-08-14 15:00:00,1,164,2024-08-14 14:54:00,975.6,1,12.9204666666667,36.4759111111111,995.554166666666,48.2040373015873,26.5642472222222,18.0856433646448,32.2196,57.06,997.95,20.9704887039845,-0.0979931012856695,3.79103783968129,9.00989331212658,32.1022726365535,20.8813363733687,168.654941942502,258.40342011544,"(0, -0.1 MPa)",NA,2.3766297497268,27.5917418423353
"3d","ile","ilex06",1,2024-08-15 08:00:00,1,233.5,2024-08-15 07:55:00,979.735367063492,1,12.9233333333333,37.4149166666667,940.222817460318,57.7188387896825,21.4064538690476,10.8444185009721,28.783,60.00625,904.6375,15.9491786462644,-0.0979931012856695,3.29892518572272,9.57979373074753,28.7935384695487,15.9678749879129,194.987097226329,326.804044528443,"(0, -0.1 MPa)","VPD 1-2 kPa",2.90391360562146,23.8396011695352
"3d","ile","ilex06",1,2024-08-15 09:00:00,1,237.5,2024-08-15 08:55:00,979.67117228836,1,12.9239166666667,36.7207083333333,1259.79499007936,52.639996031746,23.027755952381,13.4059079459545,31.47,57.594875,1195.8875,19.6940968780019,-0.0979931012856695,4.38698438669732,10.7444279404804,31.4858489984663,19.7285361471815,209.933168905384,369.463568709204,"(0, -0.1 MPa)","VPD 1-2 kPa",2.44916028720339,26.6932709036229
"3d","ile","ilex06",1,2024-08-15 10:00:00,1,241.5,2024-08-15 09:55:00,979.918650793651,1,12.92075,34.6360277777778,1228.29077380953,48.3145654761905,24.4676537698413,15.9342899678785,33.567,55.0795,1249.325,23.4692572373438,-0.0979931012856695,4.93364345528603,11.3801948524137,33.3600601718279,22.8504934863431,202.69484173415,348.112781717445,"(0, -0.1 MPa)",NA,2.30665125186959,28.7281126564781
"3d","ile","ilex06",1,2024-08-15 11:00:00,1,245.5,2024-08-15 10:50:00,979.231481481482,1,12.9205,33.5722741461626,1473.74216269841,44.5757033730159,25.7173764880952,18.4180107640824,35.20775,53.98675,1448.3875,26.4543560833773,-0.0979931012856695,5.65396095144055,11.1868117058554,35.0311145466097,25.9146574467701,204.122094171935,352.172876693758,"(0, -0.1 MPa)",NA,1.97857958375273,30.845385060234
"3d","ile","ilex06",1,2024-08-15 12:00:00,1,249.5,2024-08-15 11:50:00,978.430555555555,1,12.9225,33.4881388888889,1730.79821428571,42.0228149801587,27.5080178571428,21.3953968897917,38.38225,50.03675,1729.95,33.9782630079868,-0.0979931012856695,6.58073125997479,10.2275252330819,38.3396282249567,33.8111744625311,180.565428752708,287.022744469456,"(0, -0.1 MPa)","VPD 3-4 kPa",1.55416242193137,33.9968717425733
"3d","ile","ilex06",1,2024-08-15 13:00:00,1,253.5,2024-08-15 12:50:00,978,1,12.92425,32.2934166666667,1695.69652777778,39.9918621031746,28.6404161706349,23.6521887820772,38.9455,49.295,1704.95,35.5133662264628,-0.0979931012856695,6.36122011637998,9.7200920740007,38.9966600489058,35.7067916068321,164.966265422837,249.591399399711,"(0, -0.1 MPa)","VPD 3-4 kPa",1.52802322450244,34.5240791311433
"3d","ile","ilex06",1,2024-08-15 14:00:00,1,258,2024-08-15 13:54:00,977.329365079365,1,12.9298666666667,33.1739555555556,1540.3626984127,37.6499936507936,29.2436043650794,25.4484618072698,38.7062,49.4064,1560.7,34.9853049321202,-0.0979931012856695,6.60547455770051,9.95118771257953,38.2291738994213,33.2298583949975,184.203824300304,296.413372699761,"(0, -0.1 MPa)","VPD 3-4 kPa",1.50650609969857,34.159693821038
"3d","ile","ilex06",1,2024-08-15 15:00:00,1,262.5,2024-08-15 15:00:00,977,1,12.93,33.001187181214,761.634027777778,36.3770704365079,29.6257296626984,26.5402938829868,35.40075,49.39575,838.7,29.6309359231205,-0.0979931012856695,4.55203979034252,7.04804731095783,34.2894676991763,26.435121191197,160.206369488561,240.036601628654,"(0, -0.1 MPa)",NA,1.54832726328772,28.5244730341055
"3d","ile","ilex06",1,2024-08-16 08:00:00,1,331.5,2024-08-16 07:55:00,979.967592592592,1,13.42,38.6113055555555,941.925446428573,59.1495223214286,21.3787579365079,10.4580165846524,30.30625,58.44925,906.825,18.0937081784896,-0.0979931012856695,3.86293209639707,10.7253907330674,29.8991614119639,17.0885666990059,213.343317456576,380.433838615967,"(0, -0.1 MPa)","VPD 1-2 kPa",2.77648958496343,25.350151845901
"3d","ile","ilex06",1,2024-08-16 09:00:00,1,335.5,2024-08-16 08:55:00,979.4609375,1,13.3646666666667,38.307875,1283.96041666667,55.0481770833333,23.2606875,12.9041827342219,34.371125,55.52825,1255.8875,24.3114565306288,-0.0979931012856695,5.67220361727101,11.8369368791203,33.715686852727,22.3435343545261,237.839078103285,465.66662029447,"(0, -0.1 MPa)",NA,2.08683215163127,30.2894877806543
"3d","ile","ilex06",1,2024-08-16 10:00:00,1,339.5,2024-08-16 09:50:00,979,1,13.2930833333333,37.9989861111111,1301.73199404762,53.5032569444445,24.4503511904762,14.3227995488338,36.56975,54.07225,1322.45,28.294237826257,-0.0979931012856695,6.490300714025,12.5015149971874,35.643760516028,25.2254285414216,240.339887007652,478.051123506093,"(0, -0.1 MPa)",NA,1.92618424754537,33.2947979241094
"3d","ile","ilex06",1,2024-08-16 11:00:00,1,343.5,2024-08-16 10:50:00,978.59375,1,13.2329166666667,36.9019722222223,1483.20892857143,50.4910476190476,26.309005952381,17.0533013927871,38.75775,51.99625,1429.95,33.3283976617878,-0.0979931012856695,7.19556761282772,11.3345803040707,37.6939736948944,29.5048301962875,227.65757359552,430.48406547835,"(0, -0.1 MPa)",NA,1.5752169827248,36.0501831329402
"3d","ile","ilex06",1,2024-08-16 12:00:00,1,347.5,2024-08-16 11:50:00,977.847222222222,1,13.1724166666667,36.0049027777778,1729.38204365079,46.0832177579365,28.3820277777778,20.9540601174934,40.967,50.348,1730.8875,38.7548433843562,-0.0979931012856695,8.07664276113783,10.9644053492942,40.1106896572834,35.2749956415213,211.050129261349,374.098754598823,"(0, -0.1 MPa)","VPD 3-4 kPa",1.35754491978416,39.2757205365863
"3d","ile","ilex06",1,2024-08-16 13:00:00,1,351.5,2024-08-16 12:50:00,977,1,13.09725,33.2168297017181,1693.40734126984,44.3871909722222,29.7724027777778,23.40077798841,42.227375,49.334625,1699.325,42.2480899275094,-0.0979931012856695,7.88826116174916,9.70193804141601,41.4018387140383,38.7041524055535,187.008980829946,304.186928453639,"(0, -0.1 MPa)","VPD 3-4 kPa",1.22992099811065,41.1283786225451
"3d","ile","ilex06",1,2024-08-16 14:00:00,1,356,2024-08-16 13:56:00,976.085714285714,1,13.0360666666667,33.6733082058189,1525.17321428572,41.4089234126984,31.1660063492064,26.7036105891211,42.1298,49.8658,1556.45,41.5888894151841,-0.0979931012856695,7.59473071402698,9.56539796714238,41.1498656263656,37.420924109294,186.334087592715,303.147363353411,"(0, -0.1 MPa)","VPD 3-4 kPa",1.25947822606478,41.3588636659258
"3d","ile","ilex06",1,2024-08-16 15:00:00,1,360.5,2024-08-16 15:00:00,975.508928571428,1,12.9731666666666,33.2491111111111,644.497371031747,39.9404072420635,31.3236820436508,27.6109083567673,36.89175,52.4725,727.7625,30.5435002330947,-0.0979931012856695,4.01722379691956,7.14962398969315,35.8756344200975,27.1818556538884,129.218037600541,180.588494693411,"(0, -0.1 MPa)",NA,1.77974251650494,32.8828607239116
"3d","ile","ilex06",1,2024-08-17 08:00:00,1,429.5,2024-08-17 07:55:00,976.947916666667,1,12.9338333333334,37.5146527777778,787.614930555555,46.6878020833333,23.3478055555556,15.5266029541157,30.0275,56.93525,740.2625,18.9781251697686,-0.0979931012856695,3.77322309159871,9.84679484453456,29.232799199866,17.0053825270816,201.924494581188,356.63506691512,"(0, -0.1 MPa)","VPD 1-2 kPa",2.60965084902056,24.3020711342344
"3d","ile","ilex06",1,2024-08-17 09:00:00,1,433.5,2024-08-17 08:55:00,976.338541666667,1,12.9291666666667,36.0234444444445,1354.48745039682,38.8702023809524,26.8516349206349,21.7518401803333,37.594,50.476375,1381.5125,32.3159840421993,-0.0979931012856695,7.18921974871188,11.9660333250372,36.3915172636283,28.2020799306724,237.078066423806,462.290989517134,"(0, -0.1 MPa)",NA,1.66444116931899,32.8637222790837
"3d","ile","ilex06",1,2024-08-17 10:00:00,1,437.5,2024-08-17 09:50:00,976,1,12.91925,33.8260138888889,853.547470238095,35.8917078373016,27.9342628968254,24.2657463839755,36.913,49.1575,857.45,32.3940305154271,-0.0979931012856695,6.12948578410329,11.1025508154852,35.1176980199608,26.2510451745805,215.30914260723,388.792174790586,"(0, -0.1 MPa)",NA,1.81133478509397,30.8411747668737
"3d","ile","ilex06",1,2024-08-17 11:00:00,1,441.5,2024-08-17 10:50:00,975.34375,1,12.9203333333333,34.824,1495.46587301587,29.6811760912698,30.8018680555556,31.4975498095129,42.061,46.61775,1471.5125,44.628427502878,-0.0979931012856695,9.43106365739932,10.8108030364494,40.0898456718132,36.3193253691328,238.837955094804,471.006392542855,"(0, -0.1 MPa)","VPD 3-4 kPa",1.146297324371,38.5254809468853
"3d","ile","ilex06",1,2024-08-17 12:00:00,1,445.5,2024-08-17 11:50:00,974.270833333333,1,12.9211666666667,35.9701111111111,1728.84880952381,26.336365079365,32.5421547619047,36.2919211982514,44.1845,43.4615,1735.8875,52.1988382488327,-0.0979931012856695,10.666888163464,10.5406782730038,42.1645584118936,42.9754756591838,226.577048678012,424.123217073917,"(0, -0.1 MPa)",NA,0.988168068463255,40.1211169643474
"3d","ile","ilex06",1,2024-08-17 13:00:00,1,449.5,2024-08-17 12:50:00,973.27380952381,1,12.93125,33.4570277777778,1705.43487103175,27.6193120039683,33.4818824404762,37.5994794354243,45.262375,43.5625,1724.0125,55.07767803497,-0.0979931012856695,9.77360314695994,9.46422378045521,43.5813928338795,46.9571199042875,188.965123093901,309.543212518851,"(0, -0.1 MPa)",NA,0.968345413472107,42.5111309378688
"3d","ile","ilex06",1,2024-08-17 14:00:00,1,454,2024-08-17 13:56:00,972.455555555556,1,12.94,34.7616222222222,1547.73869047619,27.1540440476191,34.3722253968254,39.7518803871204,45.5104,43.9756,1564.45,55.373105437062,-0.0979931012856695,9.32928936019569,9.50413421128658,43.7062724775682,46.5907450963508,181.377326931236,289.494549336425,"(0, -0.1 MPa)",NA,1.01874149727169,43.4636138202427
"3d","ile","ilex06",1,2024-08-17 15:00:00,1,458.5,2024-08-17 15:00:00,971.502232142857,1,12.9395833333333,34.4784444444444,563.356498015873,28.0814250992063,34.2287137896825,38.9286420544974,38.8115,47.387,575.8875,37.4289679980793,-0.0979931012856695,4.25516890917601,7.38234268169,37.3000354059449,31.6629169492263,115.848091554887,161.041107390485,"(0, -0.1 MPa)","VPD 3-4 kPa",1.73491178358876,32.9496109066569
"3d","ile","ilex06",1,2024-08-18 08:00:00,1,526.5,2024-08-18 07:40:00,974,1,13.34,35.3643611111111,794.860714285714,57.6827678571428,25.4001964285714,13.7873347752009,31.765,63.2115,751.2,17.3366478058783,-0.0979931012856695,3.55308743779511,11.0064956448448,31.1836680488782,15.8127640976439,210.231616775944,370.353826406409,"(0, -0.1 MPa)","VPD 1-2 kPa",3.09772721261115,29.7905887259369
"3d","ile","ilex06",1,2024-08-18 21:00:00,1,528,2024-08-18 21:00:00,960.747698565618,0.999871547848426,13.39,35.725,494.713166345536,49.8061939627489,23.0087797045601,15.5340681690382,31.937,62.393,956.2,17.8969987472858,-0.0979931012856695,3.689064617499,12.0420326917739,31.8190499834397,17.5803703693381,193.528065726064,321.191405696733,"(0, -0.1 MPa)","VPD 1-2 kPa",3.26425095257285,29.6925424213419
"3d","ile","ilex06",1,2024-08-19 11:00:00,1,530,2024-08-19 11:20:00,971.684210526316,1,13.1686666666667,35.5619444444444,1407.64736842105,36.2498947368421,25.7928421052632,21.2631106222598,37.7757777777778,50.1016666666667,1382.86666666667,32.8097647352254,-0.0979931012856695,8.02973597662953,22.194313184339,36.2084014446199,27.4239567172047,270.848113927702,610.386827285111,"(0, -0.1 MPa)",NA,2.76401531120517,32.9428687358738
"3d","ile","ilex06",1,2024-08-19 12:00:00,1,531.5,2024-08-19 12:00:00,971,1,13.1313333333333,36.0442222222223,1475.36666666666,36.542875,26.895125,22.5996414707016,38.9295,49.597,1471.2,35.2705645080011,-0.0979931012856695,8.56686432361846,12.3128569243252,37.3131977534623,29.4150781158384,268.402302778839,598.620413998218,"(0, -0.1 MPa)",NA,1.43726531192741,34.7057384582991
"3d","ile","ilex06",1,2024-08-19 13:00:00,1,534,2024-08-19 13:00:00,970.333333333333,1,13.0933333333333,35.9641481481482,1404.74166666667,35.8217222222222,28.1420277777778,24.5895267664669,38.9508333333333,50.045,1427.45,34.9951476941296,-0.0979931012856695,8.40288284941613,11.9380069616488,37.3296877418698,29.1173300749683,265.869782209896,587.626257197365,"(0, -0.1 MPa)",NA,1.42070372461259,35.059390891312
"3d","ile","ilex06",1,2024-08-19 14:00:00,1,536.5,2024-08-19 14:00:00,969.111111111111,1,13.06,35.0216666666666,1209.74166666666,33.8515,29.0986944444445,26.7765616945923,38.9295,50.33,1232.45,34.7576873265063,-0.0979931012856695,8.12939051543593,11.4171271117338,37.0615252428184,28.0318543125952,266.87932956944,592.700806280424,"(0, -0.1 MPa)",NA,1.40442596404431,35.2186587214185
"3d","ile","ilex06",1,2024-08-19 15:00:00,1,539,2024-08-19 15:00:00,968.046296296296,1,13.04,34.8357592592593,644.672222222222,32.9918888888889,29.2781666666667,27.3989406085343,34.1386666666667,51.8033333333333,727.033333333333,26.2060112141082,-0.0979931012856695,5.16042788442593,9.26397985566481,32.474924283921,21.4038669806923,222.583668097213,411.001472665882,"(0, -0.1 MPa)",NA,1.79519606961727,27.8947034160479
"3d","ile","ilex07",3,2024-09-02 10:00:00,4,1,2024-09-02 10:00:00,962,1,13.17,33.1575,989.95,64.4511666666667,27.4883333333333,13.1143151192884,36.741,72.625,1303.7,17.014505457057,-0.0979931012856695,2.39024314219423,4.71412910874298,39.197413388765,25.8501740604572,83.5826775242681,102.969396973984,"(0, -0.1 MPa)",NA,1.97223831564492,45.138939134932
"3d","ile","ilex07",3,2024-09-02 12:00:00,4,2,2024-09-02 11:50:00,959.818181818182,1,15.6946666666667,35.4610336752334,1460.06363636364,55.7423636363636,29.9277272727273,18.9708033870598,40.431,65.731,1565.36666666667,26.0546444414551,-0.0979931012856695,3.33237334077333,4.62178035604594,42.8517484586314,36.3114935405282,81.8456464144614,100.345764783791,"(0, -0.1 MPa)","VPD 3-4 kPa",1.38693354057783,49.8383954022021
"3d","ile","ilex07",3,2024-09-02 13:00:00,4,4,2024-09-02 13:10:00,958,1,12.99,32.3408888888889,1258.7,47.5380909090909,31.548,24.431688161097,41.675,64.493,1627.45,28.7536632482241,-0.0979931012856695,3.48217552242969,3.69390156719226,44.1955281845478,40.1402283796267,76.8349960861079,92.9167298014101,"(0, -0.1 MPa)",NA,1.06080280657847,52.22660331393
"3d","ile","ilex07",3,2024-09-02 14:00:00,4,6,2024-09-02 14:00:00,957.263888888889,1,12.9734444444444,32.9261998722861,1068.13181818182,46.5559696969697,31.8096338383838,25.3111542825446,40.4023333333333,62.8243333333333,1287.03333333333,28.3569051689472,-0.0979931012856695,2.93909387680569,3.73283271458232,42.2639760055,36.4290147221577,69.8756308542302,83.4521726503643,"(0, -0.1 MPa)","VPD 3-4 kPa",1.27006243115967,47.561981269049
"3d","ile","ilex07",3,2024-09-05 10:00:00,4,138,2024-09-05 10:10:00,955.097222222222,1,12.05,37.900263251317,935.783333333333,55.7596666666667,19.9245,10.3443206878493,26.102,76.337,943.7,8.03612422366798,-0.0979931012856695,1.71611151389015,7.24991411327373,27.8711793590153,11.7533334589492,134.811016774168,193.602850938927,"(0, -0.1 MPa)","VPD 1-2 kPa",4.22461713856772,25.9245917619128
"3d","ile","ilex07",3,2024-09-05 11:00:00,4,140,2024-09-05 10:53:20,953.648148148148,1,12.0464444444445,36.6315595476133,1540.08888888889,52.1870555555556,21.4175,12.2583952618204,31.4646666666667,69.6866666666667,1568.7,14.1855639237334,-0.0979931012856695,2.54824862355573,6.63400707182348,34.7926908962186,23.6834558862435,98.2527016720388,126.264772644648,"(0, -0.1 MPa)",NA,2.60335942517518,32.2876289069673
"3d","ile","ilex07",3,2024-09-05 12:00:00,4,142.5,2024-09-05 11:55:00,952.520833333333,1,12.0426666666666,36.0068743624281,1736.61666666667,48.0995833333333,22.1264166666667,13.8998468670703,32.773,64.249,1604.95,17.8339698594084,-0.0979931012856695,2.56645577717416,6.06216077033296,36.342771412974,28.7667891688519,80.812544721147,98.8062495374436,"(0, -0.1 MPa)",NA,2.36207489887389,32.0518915624978
"3d","ile","ilex07",3,2024-09-05 13:00:00,4,145,2024-09-05 12:53:20,951.449074074074,1,12.0432222222222,36.0689669550207,1246.75555555556,46.3455,22.8008888888889,14.9612191577446,31.7506666666667,68.3436666666667,1396.2,15.1132196868769,-0.0979931012856695,2.604119279329,5.94453392098458,34.3306643189493,22.4489808755446,106.245999820108,139.983606327016,"(0, -0.1 MPa)",NA,2.28274256412568,32.1831569457553
"3d","ile","ilex07",3,2024-09-05 14:00:00,4,147.5,2024-09-05 13:55:00,950.118055555555,1,12.0465,35.7839576957615,1306.825,44.26925,24.1050833333333,16.8184862225948,33.953,65.287,1481.2,18.7025548877425,-0.0979931012856695,2.93734749496844,6.10458417564424,36.4435816356168,26.5048345767075,101.1879961992,131.712544835182,"(0, -0.1 MPa)",NA,2.07826421153818,34.7936465290924
"3d","ile","ilex07",3,2024-09-06 12:00:00,4,193.5,2024-09-06 11:55:00,941.714285714286,1,12.5858333333333,37.1120272138739,712.842857142857,72.0653428571429,22.6893857142857,7.73770036370073,28.6545,77.839,698.7,8.74388715303799,-0.0979931012856695,1.16235998805671,6.31755583094677,30.2114026524102,12.4416282431712,84.4874677159628,104.451659499035,"(0, -0.1 MPa)","VPD 1-2 kPa",5.43511123564121,30.6948691062754
"3d","ile","ilex07",3,2024-09-06 13:00:00,4,196,2024-09-06 12:56:40,940.541666666667,1,12.0096666666667,37.0300542784163,882.658333333334,69.266,24.2635277777778,9.40467915215684,30.1063333333333,77.615,862.866666666667,9.6273322272185,-0.0979931012856695,1.40014399139152,6.08641818563186,32.022386133932,14.6523460353409,86.1664647581563,106.953173538898,"(0, -0.1 MPa)","VPD 1-2 kPa",4.34699446846386,33.2791147449214
"3d","ile","ilex07",3,2024-09-06 14:00:00,4,198.5,2024-09-06 14:00:00,939.375,1,12.1315,36.3810167548501,1116.825,60.2525,27.2364166666667,14.440828053114,36.7845,67.399,1059.325,20.2530614473257,-0.0979931012856695,2.60153902009503,5.76548404971553,38.0598973450941,25.1366021520661,90.8065519391991,114.198341639844,"(0, -0.1 MPa)",NA,2.21618203885519,41.990395996523
"3d","ile","ilex07",3,2024-09-07 08:00:00,4,243.5,2024-09-07 08:00:00,943.8,1,12.3675,37.048753427655,760.741666666667,69.3418833333334,20.7220166666667,7.54585651981952,29.7915,74.0535,677.45,10.9892275276795,-0.0979931012856695,1.61585373197937,6.29304535655676,30.6778243133532,13.2177334787899,110.534315881953,147.187117468462,"(0, -0.1 MPa)","VPD 1-2 kPa",3.89456374176144,31.1832249901522
"3d","ile","ilex07",3,2024-09-07 09:00:00,4,246,2024-09-07 09:00:00,944,1,12.2518888888889,38.3402750996566,1198.67222222222,60.4783444444444,22.2698666666667,10.7083262615167,32.866,70.46,1134.53333333333,14.8418766052521,-0.0979931012856695,2.62672840080466,6.90402257415643,34.3281128631155,19.1356708139383,123.372224860503,170.866035752146,"(0, -0.1 MPa)","VPD 1-2 kPa",2.62837321591432,35.3345765288427
"3d","ile","ilex07",3,2024-09-08 08:00:00,4,285.5,2024-09-08 08:00:00,944,1,12.0735,37.116013251317,946.616666666668,68.443,19.2095833333333,7.06467332020908,29.32,72.1125,673.7,11.4472425192519,-0.0979931012856695,1.88162084492527,6.36443351492425,29.8924501841903,12.8277458629008,132.596897856321,189.484918207961,"(0, -0.1 MPa)","VPD 1-2 kPa",3.38242081665343,29.5524861510693
"3d","ile","ilex07",3,2024-09-08 09:00:00,4,287,2024-09-08 08:40:00,943.958333333333,1,12.047,36.8399854735392,1190.36666666667,64.2853333333333,20.986,8.91419930121998,32.151,67.228,908.7,15.7858506980016,-0.0979931012856695,2.1963832779567,6.20152356607637,33.3075735995398,19.0231496967371,104.150894479426,136.07523878306,"(0, -0.1 MPa)","VPD 1-2 kPa",2.82351610864824,32.3828625267073
"3d","ile","ilex07",3,2024-09-08 10:00:00,4,288,2024-09-08 10:00:00,943.111111111111,1,14.0993333333333,36.0849370905831,1189.53333333333,57.3771666666667,22.9453333333333,12.0534009920739,34.897,67.839,1506.2,18.0622537103288,-0.0979931012856695,2.9788780846339,5.94477756593997,37.4121044853984,26.3675740758673,100.754270565052,130.334605020705,"(0, -0.1 MPa)",NA,1.9956431236999,38.099724183172
"3d","ile","ilex07",3,2024-09-08 11:00:00,4,289,2024-09-08 10:40:00,942.888888888889,1,12.0576666666667,33.2309325396825,1383.28333333333,54.3636666666667,23.9103333333333,13.6075449967004,35.154,65.543,1626.2,19.6286867522404,-0.0979931012856695,2.66529593792163,5.47237072406284,38.67701344986,31.6946286427554,74.8179087391903,89.9830370341301,"(0, -0.1 MPa)","VPD 3-4 kPa",2.05319441124806,37.3370582407665
"3d","ile","ilex07",3,2024-09-08 12:00:00,4,290,2024-09-08 11:30:00,943,1,14.28,35.4610336752334,982.985714285714,50.6741428571429,23.9311428571429,14.7445731682871,27.346,74.042,538.7,9.48484251360208,-0.0979931012856695,1.50462283637808,4.50247155914541,27.8145287693463,10.499276043867,130.509381518339,184.852921819895,"(0, -0.1 MPa)","VPD 1-2 kPa",2.99242537750107,27.0543458429819
"3d","ile","ilex07",3,2024-09-08 14:00:00,4,292.5,2024-09-08 14:00:00,941.375,1,12.04,35.5584854735392,1063.075,38.1088333333333,26.8530833333334,21.9719676659432,34.75725,65.83025,1553.075,19.0351647782589,-0.0979931012856695,3.25667238560596,5.68919015778956,37.1178072352635,26.7486000852209,108.585588240446,143.939022245642,"(0, -0.1 MPa)",NA,1.74693352114108,36.686572985713
"3d","ile","ilex07",3,2024-09-09 08:00:00,4,332,2024-09-09 07:50:00,948.111111111111,1,12.04,37.3782447327985,786.061111111111,60.5591666666667,19.1107222222222,8.80150060414623,26.1733333333333,73.7076666666667,540.366666666667,9.10580166977807,-0.0979931012856695,1.52112389463361,6.20544467641115,26.6248640245511,10.1009846842389,141.355103608359,208.554261725059,"(0, -0.1 MPa)","VPD 1-2 kPa",4.07951298267249,25.1373815392752
"3d","ile","ilex07",3,2024-09-09 09:00:00,4,334.5,2024-09-09 08:50:00,947.520833333333,1,12.04,36.5749576957614,1176.40833333334,54.7078333333334,21.0898333333334,11.379085883479,29.62,70.269,979.95,12.4212094372875,-0.0979931012856695,2.12030797510825,6.34583278739703,31.0932505160777,16.1067844286014,120.019826630485,164.528957546355,"(0, -0.1 MPa)","VPD 1-2 kPa",2.99288257267111,29.2991422607907
"3d","ile","ilex07",3,2024-09-09 10:00:00,4,337,2024-09-09 09:50:00,946.986111111111,1,12.04,36.3412076957614,1200.08888888889,51.0457777777778,22.5517777777778,13.4657628800814,31.6793333333333,68.9133333333333,1309.53333333333,14.5941084121306,-0.0979931012856695,2.53343511491945,6.38903987266646,33.9536860972996,21.0074005498635,108.973711806268,144.497192599412,"(0, -0.1 MPa)",NA,2.52188810166926,32.3205064529263
"3d","ile","ilex07",3,2024-09-09 11:00:00,4,339.5,2024-09-09 10:50:00,946.201388888889,1,12.04,36.0764854735392,1485.15833333334,47.628125,23.9396666666666,15.643780504593,32.58,67.3265,1436.825,16.1206993177197,-0.0979931012856695,2.63656245605875,5.92919701126223,35.283344895989,24.1443577903568,99.0753195553592,128.082458734474,"(0, -0.1 MPa)",NA,2.2488361683362,33.2244309299233
"3d","ile","ilex07",3,2024-09-09 12:00:00,4,342,2024-09-09 11:50:00,945.319444444444,1,12.04,35.7507076957614,1653.075,45.9364166666667,24.8938611111111,17.0919213055594,33.2236666666667,68.7833333333333,1504.95,15.9766216667574,-0.0979931012856695,2.8488716641415,5.89357612234958,35.8884320415652,24.1599936603046,106.535365139773,140.528439287638,"(0, -0.1 MPa)",NA,2.06874047593351,35.1929670446521
"3d","ile","ilex07",3,2024-09-09 13:00:00,4,344.5,2024-09-09 12:50:00,944.5625,1,12.04,35.4026521402058,1576.825,44.35425,25.833375,18.6040186534,33.70625,67.44775,1684.325,17.1106932816266,-0.0979931012856695,2.83442099657444,5.87749496601797,37.1571755671516,28.1255346411219,90.301248599663,113.452387762126,"(0, -0.1 MPa)",NA,2.07361396670476,35.4538081096734
"3d","ile","ilex07",3,2024-09-09 14:00:00,4,347,2024-09-09 13:50:00,944.013888888889,1,12.0398888888889,35.3001521402058,1230.23409090909,40.7102449494949,26.1969065656566,20.253385773712,33.4093333333333,66.9596666666667,1571.2,17.0665197162593,-0.0979931012856695,2.83420102314562,6.0089477080504,36.3909681007811,26.3306044635412,96.6665351154835,124.044873895755,"(0, -0.1 MPa)",NA,2.12015578957812,34.6179273301087
"3d","ile","ilex07",3,2024-09-10 08:00:00,4,392,2024-09-10 07:53:20,942.67297979798,1,12.04,36.3281336216874,811.313636363636,54.2878535353535,20.0809242424242,10.7970373699128,25.4156666666667,74.3346666666667,540.783333333333,8.40132336729625,-0.0979931012856695,1.60320718942684,5.82033867636937,25.774129842595,9.14604769762842,162.39979392394,257.623169256454,"(0, -0.1 MPa)",NA,3.6304344907848,24.2384637937522
"3d","ile","ilex07",3,2024-09-10 09:00:00,4,394.5,2024-09-10 08:50:00,941.958333333333,1,12.04,36.0158188068725,1176.09583333334,51.8485416666667,21.183625,12.162848755269,28.2045,71.0745,957.45,11.132017457021,-0.0979931012856695,2.02843040562802,6.18726105422649,29.6894648667883,14.6026077373721,127.051227744785,178.580292372503,"(0, -0.1 MPa)","VPD 1-2 kPa",3.05027031593467,27.3043940947568
"3d","ile","ilex07",3,2024-09-10 10:00:00,4,397,2024-09-10 09:53:20,941.083333333333,1,12.04,35.9135410290948,1209.53333333334,48.3633888888889,22.2027222222222,13.8942546220676,30.3495,69.259,1306.61666666667,13.3785507305316,-0.0979931012856695,2.43782628657891,6.25849591600668,32.7289251781685,19.6844825167645,112.075219723787,150.118083502081,"(0, -0.1 MPa)","VPD 1-2 kPa",2.56724441378858,30.1129473732094
"3d","ile","ilex07",3,2024-09-10 11:00:00,4,399.5,2024-09-10 10:50:00,940.229166666667,1,12.04,35.8590688068725,1469.6375,45.9275833333333,22.990625,15.2508789128561,31.615,66.74,1405.575,15.5467906553063,-0.0979931012856695,2.59598416124544,6.21332695695569,34.2399811506741,22.9699595628101,101.658736110573,131.998952524732,"(0, -0.1 MPa)",NA,2.39343792990432,31.1872513543658
"3d","ile","ilex07",3,2024-09-10 12:00:00,4,402,2024-09-10 11:53:20,939.351851851852,1,12.04,35.6282076957614,1641.96388888889,42.6265277777778,24.2033611111111,17.4164020335313,32.559,66.1578333333333,1508.7,16.6901006561588,-0.0979931012856695,2.81969570722139,6.11321887081159,35.3222565197237,24.9814069451968,102.794230701817,134.811404271599,"(0, -0.1 MPa)",NA,2.16804205331636,32.609133822491
"3d","ile","ilex07",3,2024-09-10 13:00:00,4,404.5,2024-09-10 12:55:00,938.305555555555,1,12.04,35.6225965846503,1570.15833333333,38.9726666666667,25.2275833333333,19.6802689711195,33.3525,66.435,1678.7,17.2936829212148,-0.0979931012856695,3.12017521079988,6.14759206614667,36.3674545709306,26.6531251743655,104.464833010114,136.836903437106,"(0, -0.1 MPa)",NA,1.9702714273442,34.2375975438725
"3d","ile","ilex07",3,2024-09-10 14:00:00,4,407,2024-09-10 13:53:20,937.462962962963,1,12.0396666666667,35.6051891772429,1114.67222222222,38.9086111111111,25.4151666666667,19.9237249100148,32.6656666666667,65.8123333333333,1521.2,16.969858924672,-0.0979931012856695,2.87651003217024,5.84699377393691,35.3874835907289,25.1005412427022,102.01035025011,132.604023050022,"(0, -0.1 MPa)",NA,2.03266934881,32.6341888656528
"3d","ile","ilex07",3,2024-09-11 08:00:00,4,452,2024-09-11 07:53:20,936.277777777778,1,12.04,35.6985595476133,781.616666666667,57.8293611111111,18.5493611111111,9.06533364445272,24.4075,74.2286666666667,549.533333333333,7.95195335240768,-0.0979931012856695,1.41060591723436,6.07772092692902,25.0112912692444,9.11872747653449,141.522657797525,208.00278749997,"(0, -0.1 MPa)",NA,4.30858885013402,22.7914634848508
"3d","ile","ilex07",3,2024-09-11 09:00:00,4,454.5,2024-09-11 08:55:00,935.857142857143,1,12.04,35.2135688068726,1131.5125,52.8725119047619,20.0567142857143,11.106602039243,27.389,72.137,968.7,10.2082606376801,-0.0979931012856695,1.93615319889776,6.32584689734684,29.0251430085499,13.8873972076346,126.374396093958,176.962372954696,"(0, -0.1 MPa)","VPD 1-2 kPa",3.26722436062812,26.4247093211676
"3d","ile","ilex07",3,2024-09-11 10:00:00,4,457,2024-09-11 09:53:20,934.949074074074,1,12.0395555555556,34.3675780661318,1200.36666666667,50.0333888888889,21.2292222222222,12.6781445354126,29.4913333333333,69.418,1315.36666666667,12.6949958862134,-0.0979931012856695,2.20469151588494,6.34587545430133,32.245063504651,19.7738778030542,100.343109395023,129.733772772096,"(0, -0.1 MPa)","VPD 1-2 kPa",2.87835073913012,28.7306429240234
"3d","ile","ilex07",3,2024-09-11 11:00:00,4,459.5,2024-09-11 10:55:00,933.916666666667,1,12.04,34.9732354735392,1474.325,46.06725,22.4731666666666,14.7446938812186,31.486,66.996,1387.45,15.3510449568413,-0.0979931012856695,2.61731936223207,6.30641409853747,34.0052643683163,22.3827734720711,104.286316409283,136.377146528569,"(0, -0.1 MPa)",NA,2.40949354119296,31.0785875746194
"3d","ile","ilex07",3,2024-09-11 12:00:00,4,462,2024-09-11 11:53:20,932.606481481481,1,12.04,34.9218188068725,1605.78333333334,44.4757777777778,23.7553333333333,16.4022785960954,32.108,67.09,1481.2,15.8191897660371,-0.0979931012856695,2.74498256346312,6.23884974238696,34.8290446720675,23.7450217328116,102.930858242105,134.105592972231,"(0, -0.1 MPa)",NA,2.27281944352896,32.2379852666731
"3d","ile","ilex07",3,2024-09-11 13:00:00,4,464.5,2024-09-11 12:55:00,927.888888888889,1,12.04,33.9601521402058,1524.53333333334,45.7173333333334,23.95675,16.2260034404445,32.022,67.668,1603.7,15.4777553963672,-0.0979931012856695,2.59544172169352,6.0380828615154,35.4805832848547,25.7144520785589,90.2562756356278,113.781107694787,"(0, -0.1 MPa)",NA,2.32641820120529,32.3580648200443
"3d","ile","ilex07",3,2024-09-11 14:00:00,4,467,2024-09-11 13:53:20,931.365740740741,1,12.04,34.3565965846503,1038.7,46.3785,24.0640555555556,16.1594896136419,30.335,70.2806666666667,1152.86666666667,13.204324673595,-0.0979931012856695,2.34305451251427,5.66347751535459,32.2156547096267,18.7398832626217,116.999893274052,160.447316236074,"(0, -0.1 MPa)","VPD 1-2 kPa",2.41713433686921,30.5318002330467
"3d","ile","ilex07",3,2024-09-12 09:00:00,4,514.5,2024-09-12 09:00:00,931.201388888889,1,12.04,34.3362076957614,940.575,56.2534166666667,20.8805833333333,10.8512729108783,26.896,74.481,788.7,9.11422393159494,-0.0979931012856695,1.72174232221756,6.50056575559552,28.0647372997225,11.6472052184984,135.265632133502,196.516130276018,"(0, -0.1 MPa)","VPD 1-2 kPa",3.7755741214649,26.5058750307137
"3d","ile","ilex07",3,2024-09-12 10:00:00,4,517,2024-09-12 09:56:40,931.361111111111,1,12.0397777777778,33.5474299179836,931.477777777777,53.0643333333333,21.4568333333333,12.0578941659805,28.1186666666667,71.4613333333333,906.2,10.9060181342433,-0.0979931012856695,1.85446346300636,6.56921689326441,29.6308101159196,14.4454278405299,115.722480676802,156.812091840578,"(0, -0.1 MPa)","VPD 1-2 kPa",3.54238140805144,27.3162204592451
"3d","ile","ilex07",3,2024-09-12 11:00:00,4,519.5,2024-09-12 11:00:00,930.9375,1,12.04,34.0749576957614,1024.74166666667,50.0165833333333,22.09075,13.3457532241012,28.912,71.148,1371.2,11.5488857194231,-0.0979931012856695,2.08827977040457,6.49340367035889,32.0646874028339,19.4655908717353,96.0562157043543,122.726348297622,"(0, -0.1 MPa)","VPD 1-2 kPa",3.10945102394058,28.4779419899033
"3d","ile","ilex07",3,2024-09-12 12:00:00,4,522,2024-09-12 11:56:40,930.49537037037,1,12.04,33.6909669550207,1600.08888888889,46.5073333333333,23.1239444444445,15.2212417822413,30.249,67.9773333333333,1413.7,13.9047232717416,-0.0986617223248602,2.23444942787579,5.73963114043489,33.4204503049694,22.5400908938033,89.3719517929248,112.176983446487,"(0, -0.1 MPa)",NA,2.56870040056863,29.3860809092984
"3d","ile","ilex07",3,2024-09-12 13:00:00,4,524.5,2024-09-12 13:00:00,930.048611111111,1,12.04,32.3486243624281,1149.74166666666,44.8994166666667,22.99325,15.5471496004907,29.4915,67.363,922.45,13.5511296194706,-0.154992414743903,2.00602989442987,5.60769633517591,30.9281629772318,17.1415601793469,107.661171133475,144.1206635286,"(0, -0.1 MPa)","VPD 1-2 kPa",2.79542012347211,27.8803895765205
"3d","ile","ilex07",3,2024-09-12 14:00:00,4,527,2024-09-12 13:56:40,929.972222222222,1,12.04,32.5464854735392,1010.55606060606,42.7785934343434,23.410297979798,16.5573514683481,29.577,68.616,1282.45,13.1482150738006,-0.726660613284241,2.18303442940737,5.33784554861194,32.2619402824964,20.6286129365901,98.2512783430476,127.108482283685,"(0, -0.1 MPa)",NA,2.44514950231958,28.5391785207533
"3d","ile","ilex07",3,2024-09-13 08:00:00,4,572.5,2024-09-13 08:10:00,943.125,1,12.04,34.7551243624281,941.2,51.37575,17.08975,9.5275977053059,23.571,72.8815,713.7,7.91706058377105,-11.5889914770826,1.44979372244866,6.54328885473249,24.7929214285749,10.1444972513631,130.789813243754,185.639371258896,"(0, -0.1 MPa)","VPD 1-2 kPa",4.51325506064481,21.2813189576721
"3d","ile","ilex07",3,2024-09-13 09:00:00,4,574.5,2024-09-13 09:00:00,942.923611111111,1,12.04,34.9970688068725,1217.24166666666,45.6075,18.1210833333334,11.3662653744608,25.3515,71.1115,1036.2,9.41442844457889,-11.6237390260414,1.81754967873687,6.46678833756209,27.439235703392,13.7018065210018,123.534066888729,172.882111350748,"(0, -0.1 MPa)","VPD 1-2 kPa",3.55797060912044,23.0992280074633
"3d","ile","ilex07",3,2024-09-13 10:00:00,4,577,2024-09-13 10:00:00,942.291666666667,1,12.04,34.8275410290947,1201.61666666667,39.5615555555556,19.4287777777778,13.704669589293,27.3176666666667,67.3096666666667,1347.03333333333,11.9299337996519,-11.7002597254652,2.11364631380917,6.33607028720481,30.3643883529359,18.9829064598679,101.223314129865,131.205940700094,"(0, -0.1 MPa)","VPD 1-2 kPa",2.99769656153402,24.5536344960605
"3d","ile","ilex07",3,2024-09-13 11:00:00,4,579.5,2024-09-13 11:00:00,941.854166666667,1,12.04,34.8595410290947,1544.3875,38.0437333333333,20.302725,14.8227765161606,28.655,66.9475,1337.45,13.0477100696282,-11.8098843153999,2.40134759674434,6.25552147995007,31.2261381884445,19.3222521454964,112.680356267427,151.28014587248,"(0, -0.1 MPa)","VPD 1-2 kPa",2.60500457677643,26.4007029916829
"3d","ile","ilex07",3,2024-09-13 12:00:00,4,582,2024-09-13 12:00:00,940.847222222222,1,12.0386666666667,34.8263743624281,1627.31111111111,33.9723611111111,21.5402222222222,17.0685582508598,29.5981666666667,66.0521666666667,1563.7,14.1466255253069,-11.9996969016168,2.61667266124235,6.20117400685798,32.836837420981,22.6157466141679,104.404294865897,136.531067703738,"(0, -0.1 MPa)",NA,2.36986998744955,27.5063129440806
"3d","ile","ilex07",3,2024-09-13 13:00:00,4,584.5,2024-09-13 13:00:00,940,1,12.04,33.9738465846503,1532.65833333334,30.7427083333334,22.104125,18.5052880910804,30.371,63.8095,1657.45,15.7532328440074,-12.2192950086094,2.67007355249319,6.28270203742679,33.9844306083079,25.6070909024528,93.7972083942024,118.955689406504,"(0, -0.1 MPa)",NA,2.35300710407783,27.7777372524817
"3d","ile","ilex07",3,2024-09-13 14:00:00,4,587,2024-09-13 14:00:00,939.80753968254,1,12.04,34.1467076957614,941.160317460319,30.1839603174603,21.7193373015873,18.2225803596652,27.8036666666667,65.2746666666667,1127.86666666667,13.206964692225,-12.3995208899664,2.31526315910033,5.15736187220634,29.6780301555552,18.2757122792969,123.008754815783,173.728264932493,"(0, -0.1 MPa)","VPD 1-2 kPa",2.22754888658549,24.4974707750615
"3d","ile","ilex07",3,2024-09-14 08:00:00,4,631.5,2024-09-14 07:50:00,941.743055555556,1,12.04,36.0582910290947,793.213888888889,64.1183333333334,12.6278611111111,5.33071301792359,22.413,72.515,547.45,7.53077887194461,-14.9949746389967,1.3808919613389,7.34770775134464,23.0482737671834,8.60492456379707,145.539220260461,217.940550832195,"(0, -0.1 MPa)",NA,5.32098669342705,19.7411680665567
"3d","ile","ilex07",3,2024-09-14 09:00:00,4,634,2024-09-14 08:50:00,940.569444444445,1,12.04,37.5522447327984,1171.89444444444,52.8765277777778,16.0095555555555,8.64260824438811,28.6616666666667,67.5498333333333,989.95,12.8410580444747,-15.1006451582302,2.44808667546804,8.10474064762304,29.796569693124,15.5752089629095,144.922887542332,217.16005060148,"(0, -0.1 MPa)","VPD 1-2 kPa",3.3106428497159,26.6485305022497
"3d","ile","ilex07",3,2024-09-14 10:00:00,4,636.5,2024-09-14 09:50:00,939.375,1,12.04,37.3346243624281,1273.59583333334,47.003,17.7966666666666,10.8579760643015,30.349,66.105,1370.575,14.7584147944888,-15.0001465619192,2.80130936171361,8.00432854144561,32.5327824026551,20.4888088514285,122.863417797949,170.08557304383,"(0, -0.1 MPa)",NA,2.85735258334668,28.7408049506717
"3d","ile","ilex07",3,2024-09-14 11:00:00,4,639,2024-09-14 10:50:00,937.986111111111,1,12.0395555555556,37.2378188068725,1441.2,41.3357777777778,20.0840833333334,13.8811208960432,33.4455,62.2423333333333,1411.61666666667,19.5825952319782,-14.903748919084,3.36367367043677,7.38492414332061,35.191624281593,24.830581842669,121.382865106605,167.604186046016,"(0, -0.1 MPa)",NA,2.19549363787174,32.244261650979
"3d","ile","ilex07",3,2024-09-14 12:00:00,4,641.5,2024-09-14 11:50:00,936.0625,1,12.04,36.7367910290947,1644.325,38.416,21.5830833333333,15.9637625600899,34.8105,61.233,1579.325,21.6654511549034,-14.9003168090751,3.65771111818815,6.73931970104084,36.8417174681598,28.2852919342229,114.79172544289,154.826594193615,"(0, -0.1 MPa)",NA,1.84249643650895,34.225370627352
"3d","ile","ilex07",3,2024-09-14 13:00:00,4,644,2024-09-14 12:50:00,934.013888888889,1,12.0383333333333,36.7051706587244,1562.17222222222,32.5682222222222,23.1763333333333,19.2454525320226,34.668,62.491,1697.86666666667,20.8035876756821,-14.9599463157091,3.75505434166392,6.53184549120565,37.0035471855224,28.3951606518582,117.119817351938,159.215163611204,"(0, -0.1 MPa)",NA,1.73948094937856,34.653809835376
"3d","ile","ilex07",3,2024-09-14 14:00:00,4,646.5,2024-09-14 13:50:00,932.291666666667,1,12.0391666666666,36.5489576957614,1244.74166666666,29.4554166666667,24.2533333333334,21.4632773333178,35.1325,61.807,1567.45,21.7527706195345,-15.0139749399623,3.90268607864762,6.20320772429289,36.8334049659621,27.315561232736,126.328102663909,176.63991528758,"(0, -0.1 MPa)",NA,1.58947135364842,35.1670233885531
"3d","ile","ilex07",3,2024-09-15 08:00:00,4,691.5,2024-09-15 07:50:00,932.979166666667,1,12.0391666666666,37.9421243624281,810.158333333334,56.6142916666667,15.0727083333333,7.48066747974655,25.287,70.629,555.575,9.5508769378859,-17.7417679836149,1.87101384809951,7.65575668880556,25.4267084663136,9.82854328683134,172.38360572417,281.823732235452,"(0, -0.1 MPa)",NA,4.0917691211008,22.8546829311172
"3d","ile","ilex07",3,2024-09-15 09:00:00,4,694,2024-09-15 08:53:20,932.305555555556,1,12.04,36.0793558439096,1192.08888888889,49.2193888888889,18.0188277777778,10.6191427804135,29.5056666666667,68.246,999.116666666667,13.1847844722905,-17.8784282963567,2.49337260500164,7.45902615546779,30.6198540055227,15.9646675662937,141.183637208088,207.955260704295,"(0, -0.1 MPa)","VPD 1-2 kPa",2.99154091149682,28.2689105782546
"3d","ile","ilex07",3,2024-09-15 10:00:00,4,696.5,2024-09-15 09:50:00,930.354166666667,1,12.04,35.3064854735392,1270.99166666666,40.417,20.298,14.2692806273045,31.1855,65.3725,1346.2,15.7917457563499,-17.76422782137,2.77120939212968,7.11651552741791,33.3338949244977,21.6745430367451,113.839725609173,153.136627659355,"(0, -0.1 MPa)",NA,2.56801797353496,29.8120236641729
"3d","ile","ilex07",3,2024-09-15 11:00:00,4,699,2024-09-15 10:53:20,928.458333333333,1,12.0394444444444,35.2011151031688,1433.28333333333,29.6471666666666,23.2346111111111,20.1720761831251,34.5106666666667,61.05,1354.53333333333,21.6535309865124,-17.5548412660396,3.58378015427005,6.47581970694919,35.8482858557818,25.7331882038084,122.980616308996,170.370908755585,"(0, -0.1 MPa)",NA,1.80698017963889,33.5605394917513
"3d","ile","ilex07",3,2024-09-15 12:00:00,4,701.5,2024-09-15 11:50:00,928.020833333333,1,12.0396666666666,35.094763251317,1617.03333333334,25.9784166666667,25.1613333333333,23.7919495814622,37.4705,57.741,1544.95,27.3408013412628,-17.4902292695399,4.19725107162417,5.51997084301919,38.8747014381034,32.4689241229824,113.591141563133,152.969212669464,"(0, -0.1 MPa)","VPD 3-4 kPa",1.31513953986155,37.3423261967127
"3d","ile","ilex07",3,2024-09-15 13:00:00,4,704,2024-09-15 12:53:20,924.611111111111,1,12.0386666666667,35.2570410290947,1529.81111111111,23.9482777777778,26.4398888888889,26.3524168925868,37.5563333333333,56.1903333333333,1636.2,28.4777459522241,-17.5319275606859,4.13312080343194,5.25578408038749,39.3660443371108,35.1393483194909,102.468820024148,133.248464658801,"(0, -0.1 MPa)","VPD 3-4 kPa",1.27162604974511,36.509214156381
"3d","ile","ilex07",3,2024-09-15 14:00:00,4,706.5,2024-09-15 13:50:00,923.25,1,12.033,35.1714576957614,1155.15833333333,19.3198333333333,27.1165,29.086425906585,37.299,55.0915,1513.7,28.7750741046452,-17.5770332549294,4.08992165378264,5.20730117493746,38.7243305256335,33.9149858140636,105.027107238161,137.574972503888,"(0, -0.1 MPa)","VPD 3-4 kPa",1.27320316029071,35.2983305153792
"3d","ile","ilex07",3,2024-09-16 08:00:00,5,0.5,2024-09-16 08:00:00,930.416666666667,1,12.04,35.7853606116843,784.16875,48.6892083333334,17.6371458333333,10.4181917028476,26.9175,68.144,608.075,11.3595142777763,-21.4237965278748,2.00977292235461,6.75549143025042,27.1167009120598,11.7951213265403,153.52029618434,234.703694865116,"(0, -0.1 MPa)","VPD 1-2 kPa",3.36132075176724,24.2813482054356
"3d","ile","ilex07",3,2024-09-16 09:00:00,5,2.5,2024-09-16 08:50:00,928.611111111112,1,12.04,34.6715550561287,968.283333333334,42.8979166666667,19.28275,12.8389005675201,27.8825,67.8025,872.45,12.1713873011985,-21.5325524592081,2.25915715459056,6.84099203823355,28.783732572294,14.2057219009672,143.343847689741,212.323127166313,"(0, -0.1 MPa)","VPD 1-2 kPa",3.02811693481916,25.5634463959307
"3d","ile","ilex07",3,2024-09-16 10:00:00,5,5,2024-09-16 09:50:00,926.944444444444,1,12.0392222222222,35.3727772783509,1151.47777777778,36.4906111111111,21.7653888888889,16.661633508017,31.1643333333333,64.0293333333333,1186.2,16.3971345638139,-21.3712909262128,2.88050816533021,6.77258526898169,32.5750833742679,20.1997565858599,126.740755655926,177.432849501154,"(0, -0.1 MPa)",NA,2.35117725077003,29.164352926409
"3d","ile","ilex07",3,2024-09-16 11:00:00,5,7.5,2024-09-16 10:50:00,924.6875,1,12.04,36.7612217227953,1212.24166666666,32.86725,23.4669166666667,19.4936264709973,32.9665,63.2725,1323.7,18.5279148995296,-21.1931770639638,3.49935062589947,6.81117385598528,34.2234777766933,22.1744863523472,139.513150601597,204.428407730307,"(0, -0.1 MPa)",NA,1.94641080135676,31.9097577628877
"3d","ile","ilex07",3,2024-09-16 12:00:00,5,10,2024-09-16 11:50:00,922.527777777778,1,12.0398888888889,35.4851846857583,1153.42222222222,29.4401111111111,25.844,23.6515417079214,35.4686666666667,59.7556666666667,1456.2,23.3334612237272,-21.1006338988612,3.77719820179525,5.91868692167208,36.9516311252215,28.2829509825859,116.933654499515,158.826298521316,"(0, -0.1 MPa)",NA,1.56695164126124,34.6364303869024
"3d","ile","ilex07",3,2024-09-16 13:00:00,5,12.5,2024-09-16 12:50:00,921.166666666667,1,12.04,34.4190550561287,1114.325,27.3965833333333,27.1685,26.2634927177543,36.377,57.204,1317.45,26.075857938617,-21.0909189349723,3.6737442991495,5.66150479381402,37.5232880118645,30.0216845058409,106.869843995496,140.882659638438,"(0, -0.1 MPa)","VPD 3-4 kPa",1.54107208689638,34.8536956910785
"3d","ile","ilex07",3,2024-09-16 14:00:00,5,15,2024-09-16 13:50:00,919.699074074074,1,12.0366666666667,34.5074254264991,854.672222222222,29.5003888888889,27.6766666666667,26.3102656733568,35.3826666666667,56.0683333333333,1144.53333333333,25.7328668236689,-21.1298071421005,3.22848785424137,5.39058403139365,36.3605177023061,29.1819518519337,97.7075914973191,125.588462238698,"(0, -0.1 MPa)",NA,1.66969314266178,32.3454073142775
"3d","ile","ilex07",3,2024-09-17 09:00:00,5,62.5,2024-09-17 08:50:00,923.673611111111,1,12.04,35.8459995005731,1010.78333333333,52.8996666666666,19.8674166666667,10.9805589845972,28.719,70.5865,886.2,11.6533074860185,-25.3889960683398,2.26568459397696,6.62749640311996,29.647130396264,13.8435696221574,145.679129333458,216.910398129619,"(0, -0.1 MPa)","VPD 1-2 kPa",2.92516284955917,27.9391923903817
"3d","ile","ilex07",3,2024-09-17 10:00:00,5,65,2024-09-17 09:53:20,922.546296296297,1,12.0377777777778,33.4115466241305,1136.2,48.733,21.259,13.0313559851684,29.9916666666667,68.067,1245.36666666667,13.6054556506359,-25.2617556316448,2.31847318571062,6.44918879052043,32.3066862896984,19.6150636735156,104.541267887022,136.766127145157,"(0, -0.1 MPa)","VPD 1-2 kPa",2.78165338735359,28.993826363729
"3d","ile","ilex07",3,2024-09-17 11:00:00,5,67.5,2024-09-17 10:50:00,921.416666666667,1,12.04,32.9731521402058,1089.11666666666,43.5150833333333,22.8200833333333,15.7713100608629,32.3225,65.067,1302.45,17.0096025116115,-25.0781503891296,2.69799995284583,6.12559336670104,34.4258152903005,23.068402013333,102.785065260039,133.81612580212,"(0, -0.1 MPa)",NA,2.27042011629386,31.6468133095772
"3d","ile","ilex07",3,2024-09-17 12:00:00,5,70,2024-09-17 11:53:20,918.717592592592,1,12.0397777777778,33.264767926995,1208.42222222222,38.8941111111111,24.2367777777778,18.5914953397492,33.6523333333333,64.9816666666667,1475.36666666667,18.3626021050377,-25.037767055325,3.13787210817487,6.02154737866266,35.8817528582713,25.3053959329544,109.095360959827,145.189128674031,"(0, -0.1 MPa)",NA,1.91899069531073,34.0548224684981
"3d","ile","ilex07",3,2024-09-17 13:00:00,5,72.5,2024-09-17 12:50:00,915.4,1,12.0363333333333,33.5305410290947,1539.45,35.5614,25.13505,20.667585326782,33.9315,65.421,1594.95,18.4070270869604,-25.0550871038046,3.36738896213777,5.91442038935958,36.3079108726497,25.8763755217827,112.907741272288,151.418571982536,"(0, -0.1 MPa)",NA,1.75638171172386,34.8233047456533
"3d","ile","ilex07",3,2024-09-17 14:00:00,5,75,2024-09-17 13:53:20,915.361111111111,1,12.0354444444445,32.6001336216873,1094.25555555555,33.5915833333333,25.7494444444445,22.0906450224193,34.0458333333333,62.7553333333333,1296.61666666667,19.93308578588,-25.2443271438644,3.1183208239268,5.44063379613291,35.6445062941582,25.0073084268522,108.562551554277,143.737408706575,"(0, -0.1 MPa)",NA,1.74473189364836,33.6178588719415
"3d","ile","ilex07",3,2024-09-18 09:00:00,5,122.5,2024-09-18 08:55:00,921.104166666667,0.847222222222222,12.04,35.568013251317,611.2,62.59375,18.3495833333333,7.93329176327041,24.429,76.471,603.7,7.20678583253537,-30.4365845884428,1.41327990189791,6.75737645744691,25.1841107006606,8.65389981208741,146.797366212174,228.440939113832,"(0, -0.1 MPa)",NA,4.78134334774897,23.5101986714533
"3d","ile","ilex07",3,2024-09-18 10:00:00,5,125,2024-09-18 09:56:40,920.62037037037,0.694444444444444,12.0383333333333,34.6517076957614,516.662962962963,60.4282314814815,19.0713148148148,8.78604243376665,24.6865,72.5395,518.283333333333,8.5826964955101,-30.5535879738087,1.27604587614436,6.13245223871132,25.3464769111306,9.8478143783382,115.921251011587,156.938621232133,"(0, -0.1 MPa)",NA,4.80582426804343,22.6475747304838
"3d","ile","ilex07",3,2024-09-18 11:00:00,5,127.5,2024-09-18 10:55:00,919.4375,0.75,12.0365,34.2618258203895,847.970833333334,53.771125,21.158625,11.6834784409733,28.6115,72.6255,851.825,11.191342230797,-30.6087486009599,2.0776932498123,6.84426930186464,29.589740412922,13.3366332564419,143.444398895216,217.66195881893,"(0, -0.1 MPa)","VPD 1-2 kPa",3.29416736685406,28.5676682890884
"3d","ile","ilex07",3,2024-09-18 12:00:00,5,130,2024-09-18 11:53:20,918.25,0.625,12.04,33.1850032525053,1120.01944444445,52.0403611111111,23.1375277777778,13.7028444545035,32.4156666666667,70.2971666666667,1013.7,14.9000691142978,-30.6193221111813,2.75877131022043,7.06711204302111,33.3069835983171,17.2864452729051,141.01080010328,208.326296706739,"(0, -0.1 MPa)","VPD 1-2 kPa",2.56168824753236,34.3707230504529
"3d","ile","ilex07",3,2024-09-18 13:00:00,5,132.5,2024-09-18 12:55:00,916.375,0.875,12.0386666666666,32.8340480426117,943.491666666667,49.6017916666666,24.1712083333334,15.2773335740246,33.5455,64.9575,1034.325,18.3116942768351,-30.608759960872,2.63543797275442,5.90434313554622,34.706487124297,22.2730029158446,105.440204125693,138.733450992465,"(0, -0.1 MPa)",NA,2.24036505377333,33.8395430754775
"3d","ile","ilex07",3,2024-09-19 09:00:00,5,182.5,2024-09-19 08:55:00,921.395833333333,0,12.0376666666666,33.3958535981672,1001.92916666666,64.4045833333333,21.9558333333333,9.44166306942746,31.454,71.60575,637.45,13.1769004451072,-34.6653513270927,2.02622847429492,6.20600419039145,31.7644791511728,14.1078292825906,127.672133728539,179.508372729021,"(0, -0.1 MPa)","VPD 1-2 kPa",3.06283534612305,33.1567045562305
"3d","ile","ilex07",3,2024-09-19 10:00:00,5,185,2024-09-19 09:56:40,919.333333333333,0,12.0396666666667,33.9437511811855,1083.90833333333,58.0362777777778,23.5360277777778,12.2659794251605,33.5953333333333,71.282,995.783333333333,15.0190843135275,-34.2295834962893,2.77413749718782,5.83659247123589,34.400396062214,17.6836160999494,139.372349387437,204.283368228626,"(0, -0.1 MPa)","VPD 1-2 kPa",2.10393049268557,37.2378548015699
"3d","ile","ilex07",3,2024-09-19 11:00:00,5,187.5,2024-09-19 10:55:00,917.858333333333,0,12.0358333333334,33.7498862122354,1471.7,55.0298666666666,24.5960833333334,13.9679349979252,35.8835,66.4225,1351.2,19.9108915642696,-33.7362998548605,3.12092538559904,6.09861469808357,37.660991188474,25.9610458078983,103.98095298913,135.835586258138,"(0, -0.1 MPa)",NA,1.95410461468401,39.3897392027088
"3d","ile","ilex07",3,2024-09-19 12:00:00,5,190,2024-09-19 11:56:40,916.152777777778,0.337962962962963,12.0382222222222,33.4454258509807,1552.31111111111,47.2948888888889,26.2586111111111,18.092921275288,36.9986666666667,65.7793333333333,1464.53333333333,21.578740919227,-33.4192577255857,3.52798399942099,5.87167664149492,38.7499358402232,27.8733301015138,109.686369853511,146.244369848725,"(0, -0.1 MPa)",NA,1.66431498625237,41.4628105441977
"3d","ile","ilex07",3,2024-09-19 13:00:00,5,192.5,2024-09-19 13:00:00,913.861111111111,0.597222222222222,12.035,33.9742779150735,1222.24166666667,45.61725,27.1185,19.6768315958922,37.8135,61.0015,1234.95,25.6700933176673,-33.1547483255657,3.47980378942521,5.71065295723049,38.8280149053696,29.7068643350896,99.269728240615,128.106758497233,"(0, -0.1 MPa)",NA,1.64108475730288,40.1917907964483
"3d","ile","ilex07",3,2024-09-19 14:00:00,5,195,2024-09-19 13:56:40,913.953703703704,0.328703703703704,12.0338888888889,33.3638717469096,913.422222222223,46.7162777777778,27.1238333333333,19.2545998302689,34.7106666666667,66.374,1012.86666666667,19.0819714829077,-32.9859898996706,2.87185144658508,5.19844576080816,35.5298777904017,21.8669377427589,116.356581189482,158.810146445442,"(0, -0.1 MPa)",NA,1.81013741744533,36.8942435155303
"3d","ile","ilex07",3,2024-09-20 11:00:00,5,247.5,2024-09-20 11:00:00,919.388888888889,0,12.0398333333333,34.4622501372956,769.533333333334,55.6935,24.0210833333333,13.3093642821694,29.7485,75.385,843.7,10.3882968669738,-40.2898373318332,2.11405234945809,6.43848885325225,30.6582679601937,12.6417432434543,147.369049810898,220.599480812555,"(0, -0.1 MPa)","VPD 1-2 kPa",3.0455673696551,31.6655252125802
"3d","ile","ilex07",3,2024-09-20 12:00:00,5,250,2024-09-20 12:00:00,918.527777777778,0,12.0372222222222,34.5905136646383,998.83888888889,52.2191666666667,24.8776666666667,15.160980358741,31.522,69.7843333333333,911.2,14.3591809594181,-40.3176856631869,2.29078709107238,6.25260195084279,32.5440644976156,17.486767444144,117.046814742272,159.292400254664,"(0, -0.1 MPa)","VPD 1-2 kPa",2.72945572952211,32.4382684404573
"3d","ile","ilex07",3,2024-09-20 13:00:00,5,252.5,2024-09-20 13:00:00,918.25,0,12.0383333333333,32.5959745367445,771.408333333335,48.6526666666666,25.80475,17.1952807570817,33.3305,63.761,537.45,18.7208021905021,-40.443220904165,2.24625345791317,4.77396802119729,33.0778721352122,18.1661915628911,107.328802917007,141.665156315384,"(0, -0.1 MPa)","VPD 1-2 kPa",2.12530246948732,32.8190917112677
"3d","ile","ilex07",3,2024-09-22 10:00:00,5,364.5,2024-09-22 09:50:00,924.340277777778,0,12.0376666666666,35.5514161672398,886.304166666667,75.4409583333333,21.7215833333333,6.42592950816285,32.15125,77.14925,919.95,10.980844653372,-54.4434766652195,2.24664373923908,6.84365078964094,33.1822918241073,13.9743146076375,142.002146224175,208.90153786549,"(0, -0.1 MPa)","VPD 1-2 kPa",3.04616645270106,37.1623257305744
"3d","ile","ilex07",3,2024-09-22 11:00:00,5,367,2024-09-22 10:53:20,924,0,12.0398888888889,35.825925426499,1031.13055555556,70.01825,22.6615277777778,8.29916589657757,34.868,71.4693333333333,1245.78333333333,15.9932921051993,-54.282944760382,2.7864866404053,6.83923857577857,36.5823437814213,21.5342071708345,114.195967002683,155.256888259677,"(0, -0.1 MPa)",NA,2.45443077910605,40.0742135859367
"3d","ile","ilex07",3,2024-09-22 12:00:00,5,369.5,2024-09-22 11:50:00,922.791666666667,0,12.0356666666666,33.8928606116842,1054.6375,63.110375,24.12925,11.1427396909553,36.355,67.16725,1206.2,19.9679890361451,-53.7955249766947,2.9450752951865,6.12602644053822,37.8018670979054,24.9497715039707,102.578377385337,133.472682246322,"(0, -0.1 MPa)",NA,2.08009161957616,40.8749184571897
"3d","ile","ilex07",3,2024-09-22 13:00:00,5,372,2024-09-22 12:53:20,920.513888888889,0,12.0341111111111,33.9577957968694,837.658333333333,62.0765833333333,24.4357222222222,11.6749006318638,33.467,71.1193333333333,1061.2,15.276780050034,-53.2554227222589,2.45721757426578,5.68464170667854,34.9072415811454,20.1028443371256,116.340499628823,161.30281586864,"(0, -0.1 MPa)",NA,2.3134466260592,36.8872732522446
"3d","ile","ilex07",3,2024-09-23 09:00:00,5,422,2024-09-23 08:53:20,923.763888888889,0,12.04,36.7815039920577,978.908333333334,68.8463333333333,19.3829166666667,7.10119436316888,29.048,73.9518333333333,903.7,10.5456049831506,-64.6292098035264,1.88746735207054,7.49235305926104,30.4795556450241,14.0502021420926,119.545297386378,164.215564723275,"(0, -0.1 MPa)","VPD 1-2 kPa",3.96952723502315,29.8339566761745
"3d","ile","ilex07",3,2024-09-23 10:00:00,5,424.5,2024-09-23 09:55:00,922.166666666667,0,12.0361666666666,35.0171243624281,1050.05416666667,55.9285833333333,21.50625,11.3632819083853,32.151,69.6585,1292.45,14.6300937927633,-64.3644902711468,2.50385592160092,6.8477486343705,34.3972832192685,21.1054049136244,104.570377022366,136.942435263482,"(0, -0.1 MPa)",NA,2.73488125865971,33.5536031016338
"3d","ile","ilex07",3,2024-09-23 11:00:00,5,427,2024-09-23 10:53:20,919.791666666667,0,12.0382222222222,34.3985225105762,1099.81111111111,47.2046111111111,22.4606388888889,14.4226503591104,32.966,68.3026666666667,1334.95,15.985757820729,-63.9778583139768,3.02051702162259,5.93351531037446,34.749510589801,21.2798884801205,125.644034065802,176.714294716198,"(0, -0.1 MPa)",NA,1.96440386460297,34.4456180612861
"3d","ile","ilex07",3,2024-09-23 12:00:00,5,429.5,2024-09-23 11:55:00,918.090277777778,0,12.0388333333334,33.5164299179837,1259.325,46.8834166666666,23.1953333333334,15.1663529715036,33.116,68.425,1392.45,16.0539226635778,-63.7302835423009,3.10232494466084,6.2884021406497,34.995652243112,21.6845991329335,124.872560921639,173.759628208712,"(0, -0.1 MPa)",NA,2.02699660829281,34.79896627474
"3d","ile","ilex07",3,2024-09-23 13:00:00,5,432,2024-09-23 12:53:20,911.240740740741,0,12.0395555555556,33.269837325391,1117.58888888889,44.4540555555555,23.6731666666667,16.3290020571443,31.5936666666667,71.3143333333333,1317.86666666667,13.5446659446207,-63.7131532373387,2.88208760759647,2.0100990818117,33.4553873022327,19.1831381365709,140.530400361059,213.854307845115,"(0, -0.1 MPa)","VPD 1-2 kPa",0.697445517101415,33.2845195421439
"3d","ile","ilex07",3,2024-09-24 09:00:00,5,482,2024-09-24 08:56:40,920.976851851852,0,12.04,34.9475039920577,961.616666666667,68.2409444444445,19.6886666666666,7.36288598193434,30.2063333333333,72.6253333333333,915.366666666667,11.8418561972191,-75.2481947750478,1.75376114091384,6.89181387132372,31.8942967090077,16.2481077347841,95.5299432452598,121.810565322845,"(0, -0.1 MPa)","VPD 1-2 kPa",3.92973347997241,31.3187174233552
"3d","ile","ilex07",3,2024-09-24 10:00:00,5,484.5,2024-09-24 09:55:00,919.833333333333,0,12.0348333333333,34.8364021402059,1098.90833333334,56.9615,21.6956666666667,11.2387613469764,32.666,69.4505,1327.45,15.167669829909,-75.1443040481614,2.40822528175375,6.57056807311879,35.2044479229103,22.706437348403,92.6400146339479,117.074796780581,"(0, -0.1 MPa)",NA,2.72838597074019,34.4388829214359
"3d","ile","ilex07",3,2024-09-24 11:00:00,5,486.5,2024-09-24 10:45:00,916.930555555555,0,12.0393333333333,34.314013251317,1325.36666666667,45.1580833333334,23.0844166666667,15.5790405523917,34.382,66.532,1417.45,18.2698805938374,-74.7215978061015,2.95855109544553,6.00471292278868,36.6010993249587,25.3784789172335,101.324424295947,131.388539140069,"(0, -0.1 MPa)",NA,2.0296127155054,36.3137348356599
"3d","ile","ilex07",3,2024-09-27 09:00:00,5,492,2024-09-27 08:50:00,926.041666666667,1,12.04,35.1188373253911,1064.88055555555,44.9312777777778,20.5493611111111,13.3813079380769,29.6915,65.9991666666667,818.283333333333,14.2772689755948,-123.945320651671,1.87721850408518,5.85151105353248,30.8877800138441,17.2948861625295,98.6448242898182,127.760875606503,"[-0.1, -0.5)","VPD 1-2 kPa",3.11711771474578,27.6322610033605
"3d","ile","ilex07",3,2024-09-27 10:00:00,5,494.5,2024-09-27 09:50:00,926,1,12.0316666666667,35.3722910290947,1073.49166666666,42.2107916666667,21.6965416666667,15.0684366760711,32.108,60.2565,1154.325,19.1591719924497,-124.593586273701,2.11798514706692,5.15953192087589,34.4519447301639,25.9386222371386,73.1590008164011,87.8639611175876,"[-0.1, -0.5)",NA,2.43605670607325,28.9543621884228
"3d","ile","ilex07",3,2024-09-27 11:00:00,5,497,2024-09-27 10:50:00,925.097222222222,1,12.0393333333333,34.4877817698355,1370.87803030303,39.1554545454545,22.6771590909091,16.841876131206,34.4816666666667,50.5086666666667,1107.03333333333,27.2214049111504,-125.582792328725,1.88689282583039,4.14239852605337,37.0606568102926,35.5596382177274,46.7466842937015,52.267090366247,"[-0.1, -0.5)","VPD 3-4 kPa",2.19535443102359,27.7210746622652
"3d","ile","ilex07",3,2024-09-27 12:00:00,5,499.5,2024-09-27 11:50:00,925,1,12.039,34.9644854735392,1176.61666666667,33.1435,23.4365,19.3723279589509,34.6395,42.8815,992.45,31.5990363913152,-126.895903031574,1.55159378129938,3.52558904558374,37.2243434313452,40.4546837302256,33.6047601473528,36.3597221234026,"[-0.1, -0.5)",NA,2.27223715902704,23.7419959994747
"3d","ile","ilex07",3,2024-09-27 13:00:00,5,502,2024-09-27 12:50:00,924.25,1,12.04,35.1535965846503,748.838888888889,34.2645,23.007,18.5619035575718,30.0776666666667,46.341,846.2,23.2028810307036,-128.715704757112,1.09746294312404,3.62358613427436,32.6724286274214,30.8546594215783,31.3906703234939,33.9132007817499,"[-0.1, -0.5)","VPD 3-4 kPa",3.30178449940138,19.8370660566168
"3d","ile","ilex07",3,2024-09-27 14:00:00,5,504.5,2024-09-27 13:50:00,925.277777777778,1,12.0366666666667,35.3220965846504,542.658333333334,43.6229166666666,21.1273333333334,14.2489012189621,25.995,54.7005,662.45,15.1883132804043,-130.390615156506,0.94048761834502,3.97441217968325,27.8421272105048,19.1553256011577,43.5326896252872,49.320798544574,"[-0.1, -0.5)","VPD 1-2 kPa",4.22590590472316,18.4595230212822
"3d","ile","ilex07",3,2024-09-28 09:00:00,5,552,2024-09-28 08:53:20,932.421296296296,1,12.039,34.9939854735392,1149.81111111111,56.9368611111111,16.1609444444444,7.96555451731271,24.0143333333333,69.4183333333333,860.783333333333,9.2045972363108,-162.032039596222,1.07379631790954,6.5644355861507,26.5295999677164,14.0800967609537,68.8998399137973,81.5789326781042,"[-0.1, -0.5)","VPD 1-2 kPa",6.1132967925708,20.8178885712975
"3d","ile","ilex07",3,2024-09-28 10:00:00,5,554.5,2024-09-28 09:50:00,932,1,12.0396666666666,33.2013188068725,1203.28333333334,51.8265,17.4778333333334,9.66033937802462,26.2735,64.286,1191.2,12.2595966137728,-163.736978427514,1.22395321598685,5.54109914173045,30.1735178383164,21.0077274988008,52.6630866060755,59.7991195807822,"[-0.1, -0.5)",NA,4.52721482271918,22.054263474879
"3d","ile","ilex07",3,2024-09-28 11:00:00,5,557,2024-09-28 10:53:20,931.481481481481,1,12.0398888888889,34.6869299179837,1528.83888888889,50.2434444444444,18.366,10.5589480399885,27.9183333333333,59.7723333333333,1182.86666666667,15.2308990390828,-165.818605669426,1.38501633560144,5.53001439876724,31.5395792303205,23.9614329256837,51.8437381253455,58.7004309110545,"[-0.1, -0.5)",NA,3.99274308657583,22.5829821883379
"3d","ile","ilex07",3,2024-09-28 12:00:00,5,559.5,2024-09-28 11:50:00,930.666666666667,1,12.039,35.3061243624281,1589.11666666667,46.9298333333333,19.701,12.234586130482,29.5985,53.504,1491.2,19.358879890706,-167.666682649702,1.32629066895629,4.64467722014578,34.8910870914921,33.8557684589088,35.0303943410621,38.0684636556474,"[-0.1, -0.5)","VPD 3-4 kPa",3.50200550215802,22.2812677194125
"3d","ile","ilex07",3,2024-09-28 13:00:00,5,562,2024-09-28 12:53:20,930,1,12.0307777777778,35.9862076957614,1416.2,44.0868888888889,20.0174444444445,13.1431656084957,29.3483333333333,50.3376666666667,1480.36666666667,20.4098601022014,-169.563730018081,1.16752904463937,4.27893278959923,34.9016023508711,35.544686860609,29.3624108120337,31.4608894791334,"[-0.1, -0.5)","VPD 3-4 kPa",3.66494761671724,20.6626647954451
"3d","ile","ilex07",3,2024-09-28 14:00:00,5,564.5,2024-09-28 13:50:00,929.534722222222,1,12.0311666666666,36.031763251317,1045.99166666667,42.5364166666667,20.4340833333333,13.8609606112976,30.0275,47.424,1363.7,22.44485402191,-171.295577310747,1.14210594651173,3.85207666286865,35.0599875660899,36.4291457465455,27.9321895873828,29.8094398676754,"[-0.1, -0.5)","VPD 3-4 kPa",3.372784000148,20.2423177463862
"3d","ile","ilex07",3,2024-09-29 09:00:00,5,612,2024-09-29 08:53:20,930.421296296296,1,12.0373333333333,37.6883743624281,1078.7,60.7547222222222,15.6467777777778,7.0402182553,29.0193333333333,60.2686666666667,847.866666666667,16.1593978504626,-197.801756257081,1.39726085884366,6.17765621079818,31.0487283366157,21.2307147274796,60.1572306425545,69.7433071371914,"[-0.1, -0.5)",NA,4.42126190803817,24.2735749625743
"3d","ile","ilex07",3,2024-09-29 10:00:00,5,614.5,2024-09-29 09:55:00,929.784722222223,1,12.04,34.5910508565609,1015.15833333333,53.6388333333334,18.2299166666667,9.75592356783285,32.6015,50.745,1156.2,24.349119492712,-198.744696568226,1.36438841412882,4.05152095950447,36.2133804988701,35.3495233079808,34.4649377857872,37.3959542880042,"[-0.1, -0.5)","VPD 3-4 kPa",2.96947769238528,25.0720841787992
"3d","ile","ilex07",3,2024-09-29 11:00:00,5,617,2024-09-29 10:53:20,926.421296296296,1,12.0371111111111,33.9111753344023,1368.56111111111,47.897,20.3617777777778,12.5525814282885,34.7823333333333,41.343,1172.03333333333,32.8757086172692,-198.226863499598,1.10578656027277,2.50153483796795,38.9546538722721,47.1030541884658,20.777770136598,21.8084821951964,"[-0.1, -0.5)",NA,2.26222213928055,23.0720983953171
"3d","ile","ilex07",3,2024-09-29 12:00:00,5,619.5,2024-09-29 11:55:00,925.340277777777,1,12.04,35.8439576957614,1446.2,41.8535,22.77875,16.1869089673427,37.235,33.773,1406.2,42.2897868456517,-197.467777978136,0.996596770396771,1.53493297622391,42.7863657194226,64.2848099047341,13.5153327087828,13.9398335754741,"[-0.1, -0.5)","VPD 5-9 kPa",1.5401745438256,21.5639079018688
"3d","ile","ilex07",3,2024-09-29 13:00:00,5,622,2024-09-29 12:53:20,922.481902356902,1,12.0344444444444,36.1652817698355,1390.55606060606,39.6801919191919,23.9491767676768,18.0243909494258,38.7861666666667,31.6116666666667,1508.28333333333,47.5233424370471,-196.605597583147,1.00518526704704,1.1574218574323,44.8370427319664,73.5587613815603,11.81360351792,12.1370158464555,"[-0.1, -0.5)","VPD 5-9 kPa",1.15145127507935,21.9506170377606
"3d","ile","ilex07",3,2024-09-29 14:00:00,5,624.5,2024-09-29 13:55:00,922.9375,1,12.0355,36.2397354735392,991.616666666665,38.0057083333333,24.2327916666666,18.8534583336518,39.9375,29.646,1376.2,51.9600905946716,-196.221227797748,0.986033218521519,1.04238813674199,45.3628110274514,76.2007436782268,11.1686458450224,11.4569594500543,"[-0.1, -0.5)","VPD 5-9 kPa",1.05715316397248,21.8951710944897
"3d","ile","ilex07",3,2024-09-30 09:00:00,5,672,2024-09-30 08:56:40,928.490740740741,1,12.0395555555556,34.538311412419,867.033333333333,59.9852222222222,18.3385555555555,8.54182094064105,30.964,59.3243333333333,842.866666666667,18.7048615124275,-225.717871613411,1.31749105479461,4.77228658695453,33.1118380217157,24.7048611273353,50.2489560760294,57.0697303622156,"[-0.1, -0.5)",NA,3.62225350190215,26.7148159725761
"3d","ile","ilex07",3,2024-09-30 10:00:00,5,674.5,2024-09-30 09:55:00,926.902777777777,1,12.0368333333333,35.1133328339064,1025.575,56.0513333333333,20.62325,10.7406055519753,34.6605,47.485,1159.95,29.129958696789,-227.455158255467,1.14919917332083,2.93354751369042,38.6734925943946,42.7394343155476,23.6813414809865,25.01727771917,"[-0.1, -0.5)",NA,2.55268849977797,26.321423718318
"3d","ile","ilex07",3,2024-09-30 11:00:00,5,677,2024-09-30 10:56:40,926.074074074074,1,12.039,32.1919439450175,1562.98240740741,48.0213148148148,22.6768703703704,14.465464481075,37.7283333333333,36.8823333333333,1156.61666666667,41.5328836074385,-227.577471712247,0.864458161801801,1.5729429363777,42.2443581171102,59.3914897546038,12.7961573289191,13.1805682641736,"[-0.1, -0.5)","VPD 5-9 kPa",1.81957092417196,24.1886104344443
"3d","ile","ilex07",3,2024-09-30 12:00:00,5,679.5,2024-09-30 11:55:00,924.875,1,12.0353333333333,33.5959717227954,1598.28333333334,39.6630416666667,24.4902083333333,18.6459585111492,39.766,31.64225,1486.825,50.0340797978388,-226.749065205334,0.93816277844223,1.15888865546333,45.8204367590171,77.272083916369,10.4798864899509,10.7332750280031,"[-0.1, -0.5)","VPD 5-9 kPa",1.23527460489065,23.1565728046569
"3d","ile","ilex07",3,2024-09-30 13:00:00,5,682,2024-09-30 12:56:40,922.361111111111,1,12.0342222222222,33.3818328339064,1303.21388888889,34.3402222222222,26.7008611111111,23.2068162177906,41.5176666666667,29.1006666666667,1490.78333333333,57.0227520435132,-226.4970528325,0.995966241073184,0.66538089012488,47.4973387032476,86.0411570747495,9.90436292393166,10.1305172608828,"[-0.1, -0.5)","VPD 5-9 kPa",0.668075746631645,23.3712017987747
"3d","ile","ilex07",3,2024-09-30 14:00:00,5,684.5,2024-09-30 13:55:00,923.916666666667,1,12.031,33.2324995005731,763.268452380952,29.1908154761905,27.5005714285714,26.1548975292585,42.5115,26.337,1356.2,62.3339416747276,-225.941291064024,1.02505136313258,0.454898470369082,47.7777374652813,88.6270938342597,9.9192580552115,10.1463956841727,"[-0.1, -0.5)","VPD 5-9 kPa",0.443781147686981,22.2855309583535
"3d","ile","ilex07",3,2024-09-30 15:00:00,5,687,2024-09-30 14:56:40,923.736111111111,1,12.0304444444444,35.2778328339064,121.338888888889,29.947,26.5161666666667,24.3814239083657,33.5523333333333,32.3806666666667,672.033333333333,36.3410833806529,-225.698909114745,0.535997475543273,1.29787895622436,36.1643230906886,45.8442780727314,9.37648301800474,9.68662492583338,"[-0.1, -0.5)",NA,2.42142736756151,16.8751197767247
"3d","ile","ilex07",3,2024-10-01 09:00:00,6,2,2024-10-01 08:56:40,924.777777777778,0.722222222222222,12.0303333333333,32.9034022323026,994.116666666667,69.4483055555555,20.8533055555556,7.57378164026493,33.4378333333333,60.065,837.033333333333,20.8959947316988,-272.250743572088,1.19613289645538,3.61956389798774,35.7614068427558,28.1992199521392,40.3733988048333,44.9475510134662,"[-0.1, -0.5)",NA,3.02605497157879,31.1029645089264
"3d","ile","ilex07",3,2024-10-01 10:00:00,6,4.5,2024-10-01 10:00:00,923.3125,1,12.0338333333333,33.2084161672397,670.2625,71.5499166666667,20.9325416666667,7.08430589029214,28.8265,61.123,642.45,15.4960360172532,-274.438883280844,0.443406586417696,3.50603173684433,31.4131679312105,21.9856157129887,17.2480474499542,18.0085504312394,"[-0.1, -0.5)",NA,7.90703576410474,24.3445201221586
"3d","ile","ilex07",3,2024-10-01 11:00:00,6,7,2024-10-01 10:56:40,922.253086419753,0.902777777777778,12.0381111111111,32.9735180190916,1304.88055555556,62.3896388888889,23.9324722222222,11.3075161450169,37.3421666666667,45.0755,985.783333333333,35.349625395241,-274.301982066993,0.792068187440832,1.97876507531519,41.0948104718231,49.8008884344307,13.6946213260741,14.15034867397,"[-0.1, -0.5)",NA,2.49822566628836,28.9487194768507
"3d","ile","ilex07",3,2024-10-01 12:00:00,6,9.5,2024-10-01 12:00:00,920,1,12.0366666666667,35.2748188068726,784.324999999998,55.50875,24.7180833333334,13.9673293064139,36.5265,41.5385,889.95,38.0171431987986,-274.059906557517,0.520101577850374,2.00194004195234,40.2650096013572,53.7633187354264,9.51900382344552,9.74376188123152,"[-0.1, -0.5)","VPD 5-9 kPa",3.84913279868625,25.5167728820419
"3d","ile","ilex07",3,2024-10-01 13:00:00,6,12,2024-10-01 13:00:00,918.722222222222,1,12.0303333333333,35.7502447327985,683.977777777778,52.1391111111111,25.0958333333333,15.3714164001925,31.0643333333333,51.2493333333333,753.7,22.0709857988181,-273.965283515472,0.515257589718903,3.10821123485873,34.0942250725326,30.8760331225334,13.5258345351829,14.0494639039087,"[-0.1, -0.5)","VPD 3-4 kPa",6.03234439798239,23.2107733059343
"3d","ile","ilex07",3,2024-10-01 14:00:00,6,14.5,2024-10-01 14:00:00,917.895833333333,0.979166666666667,12.0356666666667,35.2355410290947,921.408333333335,42.1425833333333,27.40275,21.2263325722061,42.6405,32.723,1443.7,57.3157897495716,-274.123105651149,1.13834351077247,0.659489839003282,48.1329334359366,85.0580195969458,11.3333600200895,11.6381866626623,"[-0.1, -0.5)","VPD 5-9 kPa",0.579341677413136,27.8767134158754
"3d","ile","ilex07",3,2024-10-01 15:00:00,6,16.5,2024-10-01 14:50:00,916.777777777778,1,12.0315,35.4295965846503,147.033333333334,41.9435833333334,26.7646666666666,20.5015681041215,35.755,34.6035,559.95,38.7581539772928,-275.991553007931,0.353659648875683,1.49488194052878,38.1266696626123,46.6837390352966,6.58590709496668,6.69115861592868,"[-0.1, -0.5)",NA,4.22689426198649,20.3760597024038
"3d","ile","ilex07",3,2024-10-02 09:00:00,6,62,2024-10-02 09:00:00,919.625,0,12.0366666666667,33.0410225105763,679.116666666667,69.0710111111111,22.6895111111111,8.59001203935445,31.1646666666667,66.154,649.95,15.5236225604023,-332.09555473196,0.810269318442034,4.69774356416749,33.18380897792,21.1371034980712,35.9902840867323,40.0070089414647,"[-0.1, -0.5)",NA,5.79775570572041,30.1326766227958
"3d","ile","ilex07",3,2024-10-02 10:00:00,6,64.5,2024-10-02 10:00:00,918.486111111112,0,12.039,32.9990965846503,831.2,64.0303333333333,24.0103333333333,10.8127837402024,33.052,57.5825,888.7,21.9755114753742,-335.929080082622,0.704545892305388,3.22093133712885,36.4330544406522,32.949340434224,18.1532701532241,18.9333269491779,"[-0.1, -0.5)","VPD 3-4 kPa",4.57164163797683,29.1798457751418
"3d","ile","ilex07",3,2024-10-02 11:00:00,6,67,2024-10-02 11:00:00,917.592592592593,0,12.0316666666667,32.9330225105763,625.644444444444,65.2247777777778,23.9923888888889,10.4193598280485,31.0356666666667,56.28,620.366666666667,19.9124609948466,-339.883704068027,0.262920369642248,2.96310536912333,33.8422389498969,27.6778278348231,8.28593516114589,8.44430831719,"[-0.1, -0.5)",NA,11.2699726276636,25.4475809943443
"3d","ile","ilex07",3,2024-10-02 12:00:00,6,69.5,2024-10-02 12:00:00,916.833333333333,0,12.03,33.1664299179836,532.866666666667,63.1781666666666,24.1818333333333,11.1572124925599,30.0705,57.192,546.2,18.3168753877806,-342.370422886118,0.246569743888785,2.83855404800752,32.5231979471193,24.7190705671284,8.77749451955257,8.95661106229578,"[-0.1, -0.5)",NA,11.5121750269889,24.4719615772059
"3d","ile","ilex07",3,2024-10-04 09:00:00,6,148.5,2024-10-04 08:55:00,921.222222222222,0,12.0386666666666,32.6186869315005,1017.03333333333,59.547,16.06025,7.41949614408367,26.488,56.642,796.2,15.092816115645,-609.530843429362,0.80464795910467,2.66837533203166,29.2465234117706,21.1886744088938,34.2243499269953,37.1229279000285,"[-0.5 -1.5)",NA,3.31620219978034,19.6792732402521
"3d","ile","ilex07",3,2024-10-04 10:00:00,6,151,2024-10-04 09:53:20,919.976851851852,0,12.0395555555555,32.4673068399981,985.783333333333,55.7208888888889,17.3066111111111,8.79077471999937,28.5473333333333,46.203,1109.53333333333,21.1137258481621,-613.475877908497,0.677701767518645,1.84817838563704,33.1526821685438,32.948944687674,18.6186647435285,19.4703129271905,"[-0.5 -1.5)","VPD 3-4 kPa",2.72712640606503,18.1066980835447
"3d","ile","ilex07",3,2024-10-04 11:00:00,6,153.5,2024-10-04 10:55:00,918.270833333333,0,12.038,32.5390688068725,1367.1375,52.2117916666667,18.4865833333333,10.2146561420573,30.049,39.2795,1048.075,26.0195580929253,-615.45975354243,0.541042301792523,1.28256031711256,34.5981003749297,38.5001376689052,12.4317943050289,12.7912617971716,"[-0.5 -1.5)","VPD 3-4 kPa",2.37053611679405,16.78663977144
"3d","ile","ilex07",3,2024-10-04 12:00:00,6,156,2024-10-04 11:53:20,916.055555555555,0,12.0358888888889,33.7963558439096,1415.78333333333,49.2686666666667,19.7178055555555,11.7068810651777,32.2081666666667,35.0835,1405.78333333333,31.3711969074886,-622.629869649255,0.576328386102447,0.942479752225939,38.5321389176572,51.5516993413409,9.77478414238839,9.99540113378599,"[-0.5 -1.5)","VPD 5-9 kPa",1.63531725133248,16.953912556206
"3d","ile","ilex07",3,2024-10-04 13:00:00,6,158.5,2024-10-04 12:55:00,914.1875,0,12.0306666666667,32.6621591537228,1324.84583333334,47.0947916666667,20.6055,12.9010117421653,31.9365,34.823,1424.325,31.0834999346775,-628.849941743428,0.540338524125521,0.922786438496756,38.4250760525982,51.6048117989788,9.18555140942106,9.38199730532827,"[-0.5 -1.5)","VPD 5-9 kPa",1.7077931653868,16.5716371715971
"3d","ile","ilex07",3,2024-10-04 14:00:00,6,161,2024-10-04 13:53:20,914.564393939394,0,12.0325555555556,32.5187123714394,809.949999999999,44.8059545454545,20.6861565656566,13.5271196041224,31.2285,35.3113333333333,1179.11666666667,29.755027831361,-630.80702812214,0.53021565618949,1.18998156516186,36.4733260006677,45.5897444256627,10.5690718450053,10.8406530704556,"[-0.5 -1.5)",NA,2.24433501966714,16.1425706294082
"3d","ile","ilex07",3,2024-10-04 15:00:00,6,163.5,2024-10-04 14:55:00,915.111111111111,0,12.03,35.5673743624281,227.658333333333,44.3993333333334,20.734,13.6623826195694,25.437,42.393,503.7,18.8542733054331,-636.64435921067,0.364536156626335,1.6799815334454,27.4916188957346,23.3840484127154,13.6654154364402,14.1012826764423,"[-0.5 -1.5)",NA,4.60854568993401,13.8407063301319
"3d","ile","ilex07",3,2024-10-05 09:00:00,6,208.5,2024-10-05 08:55:00,922.4375,0,12.035,34.2937910290948,1015.05416666666,62.4265,14.802875,6.37496003476312,27.3895,52.3015,772.45,17.5865008593365,-765.589672890754,0.837253992808123,2.16452325984688,29.9936282433636,23.6149249384993,32.6422579912004,35.366918060403,"[-0.5 -1.5)",NA,2.58526478038897,19.1592716956523
"3d","ile","ilex07",3,2024-10-05 10:00:00,6,211,2024-10-05 09:56:40,920.763888888889,0,12.0393333333333,33.7211706587244,808.144444444444,61.9050277777778,16.3241944444444,7.15923990411392,28.7906666666667,45.3236666666667,829.116666666667,22.1627561186362,-767.591638560046,0.590520883233453,1.47418732494413,32.1165584182118,30.6352788352416,18.590990275994,19.5359206949984,"[-0.5 -1.5)","VPD 3-4 kPa",2.49641861414295,18.0144241386498
"3d","ile","ilex07",3,2024-10-05 11:00:00,6,213.5,2024-10-05 10:55:00,918.479166666667,0,12.04,34.8030784794532,909.325,51.8801666666667,18.5991666666667,10.3628358831736,29.63075,38.41275,562.45,26.2560189396365,-774.008222601655,0.371028525001946,0.971800426365941,31.9799931803843,32.2243678711854,10.7103396496895,10.9911669700626,"[-0.5 -1.5)","VPD 3-4 kPa",2.61920677489916,16.026372934634
"3d","ile","ilex07",3,2024-10-05 12:00:00,6,216,2024-10-05 11:56:40,915.863756613757,0,12.0331111111111,34.5811938529209,1029.39444444445,48.7960793650793,20.3897301587301,12.3276918760275,32.78,34.18,1137.03333333333,33.3461338097492,-772.850941531468,0.478873404900233,0.849375919265326,37.8913393315778,50.2692523013404,9.13189358618516,9.35401339907723,"[-0.5 -1.5)","VPD 5-9 kPa",1.77369615972364,17.0580845365631
"3d","ile","ilex07",3,2024-10-05 13:00:00,6,218.5,2024-10-05 12:55:00,913.083333333333,0,12.037,36.0803465846503,867.866666666667,47.5333333333333,21.1988333333334,13.2776728154383,32.7305,33.6385,1222.45,33.1659613965256,-770.806743207661,0.442862080010805,0.958317915924011,38.3498639492792,51.2886996149712,7.56641912936125,7.69820732253548,"[-0.5 -1.5)","VPD 5-9 kPa",2.16391955685307,16.7411791947499
"3d","ile","ilex07",3,2024-10-05 14:00:00,6,221,2024-10-05 13:56:40,911.365740740741,0,12.0334444444444,34.1191151031688,679.533333333334,48.1552222222222,22.2241666666667,13.959324923078,35.2683333333333,31.29,1195.36666666667,39.8662062222485,-766.589913091889,0.523405637631196,0.626935587120681,40.5897762096607,59.1408104021832,7.79184712546627,7.93323125525368,"[-0.5 -1.5)","VPD 5-9 kPa",1.19780060061645,17.9374662470511
"3d","ile","ilex07",3,2024-10-06 11:00:00,6,273.5,2024-10-06 11:00:00,918.395833333333,0,12.0315,33.0155132513169,533.075,64.0049166666667,21.7064166666667,9.39145803362704,27.518,55.0185,519.95,16.6135684427659,-838.971146471446,0.346604947595368,2.05218902326048,29.6723847080333,21.5432497307315,14.2469756800241,14.7198529727382,"[-0.5 -1.5)",NA,5.92083014826505,20.3066599793763
"3d","ile","ilex07",3,2024-10-06 12:00:00,6,276,2024-10-06 11:56:40,919.101851851852,0,12.0361111111111,33.6969113994651,607.45,59.5808888888889,23.6028888888889,11.861863299281,30.5066666666667,49.0926666666667,562.033333333333,22.4589287714916,-839.585722601101,0.351744032615028,1.3767005065706,32.8714756727599,28.7839251610934,10.8972129200371,11.1765940660521,"[-0.5 -1.5)",NA,3.91392711437225,21.5376715400645
"3d","ile","ilex07",3,2024-10-08 09:00:00,6,388,2024-10-08 08:50:00,914.578703703704,0,12.0394444444445,34.6286706587244,930.366666666668,61.7463888888889,19.3906666666667,8.66285371586213,28.7333333333333,57.8266666666667,679.533333333333,16.7518069293578,-1221.98097621026,0.642458424374941,1.42097433898359,31.1865201123692,22.7853023993279,25.9561661255062,27.7842961581007,"[-0.5 -1.5)",NA,2.21177633457928,22.907677790569
"3d","ile","ilex07",3,2024-10-08 10:00:00,6,390.5,2024-10-08 09:50:00,914.548611111112,0,12.0345,33.5544576957614,679.533333333333,60.03425,20.0729166666667,9.42852012965687,27.6465,53.492,749.95,17.3185437926116,-1215.47391635149,0.36385625392746,1.41855391754288,30.9575665920538,25.1617429950885,12.6740527563238,13.0504664539672,"[-0.5 -1.5)",NA,3.89866575668556,19.8920858478733
"3d","ile","ilex07",3,2024-10-08 11:00:00,6,393,2024-10-08 10:50:00,914.359126984127,0,12.0301111111111,35.4693188068725,1121.11071428571,55.5581428571429,21.214369047619,11.2566458850732,30.1923333333333,44.7696666666667,885.783333333333,23.8262398556065,-1209.28834337496,0.341889515767126,0.802319932205415,34.2513818099415,34.9943655314708,8.56506340781653,8.73454421387544,"[-0.5 -1.5)","VPD 3-4 kPa",2.34672283063487,19.2908445273633
"3d","ile","ilex07",3,2024-10-08 12:00:00,6,395.5,2024-10-08 11:50:00,914.208333333333,0,12.0336666666667,35.6858743624281,1383.7,53.0585833333334,21.853,12.3547600057584,31.518,40.31175,1461.825,27.7654566541109,-1210.33203551843,0.372485035913547,0.540281225469839,38.5134167775564,49.7712159869955,6.56398890696376,6.66372301117607,"[-0.5 -1.5)",NA,1.45047766588733,18.7340985736176
"3d","ile","ilex07",3,2024-10-08 13:00:00,6,398,2024-10-08 12:50:00,913.277777777778,0,12.0345555555555,34.9668928809466,1085.43611111111,49.9802222222222,22.4285,13.640859957938,31.479,40.1953333333333,1332.86666666667,28.2383839573638,-1222.53788186553,0.403925288490687,0.663533318589435,37.7396893412381,47.9346994945202,7.95350894403038,8.11742483635077,"[-0.5 -1.5)",NA,1.64271299048595,18.6386936330544
"3d","ile","ilex07",3,2024-10-08 14:00:00,6,400.5,2024-10-08 13:50:00,912.125,0,12.0303333333333,33.5953465846503,626.075,51.4866166666666,22.3906333333333,13.2268319288792,30.37075,41.67275,808.075,26.6806967765203,-1226.72114338385,0.256178235183258,0.775628666755189,34.1755837843184,38.3552347352673,7.05322050404531,7.18717697603082,"[-0.5 -1.5)","VPD 3-4 kPa",3.02769150626844,18.1408432352547
"3d","ile","ilex07",3,2024-10-09 10:00:00,6,450.5,2024-10-09 09:50:00,910.208333333333,0,12.034,33.1733465846503,720.054166666667,63.384375,22.1264583333333,9.87538837234504,29.727,53.9315,674.325,20.0478175462552,-1443.26523321841,0.347626479201274,0.786942195655623,32.668887704484,28.1021516258331,13.8403300068227,14.4742471626267,"[-0.5 -1.5)",NA,2.26375792046608,22.6259740836163
"3d","ile","ilex07",3,2024-10-09 15:00:00,6,463,2024-10-09 14:53:20,904.092592592593,0,12.0327777777778,34.637263251317,373.561111111111,50.6722777777778,25.9918333333333,16.6520304473927,33.8383333333333,39.3896666666667,762.033333333333,33.0767268639347,-1431.84523411058,0.264435601677152,0.207613557216146,37.3643434230073,45.6885203108745,4.45533369880034,4.50604701278631,"[-0.5 -1.5)",NA,0.785119537230924,20.8583024847914
"3d","ile","ilex07",3,2024-10-10 09:00:00,6,507.5,2024-10-10 08:55:00,918.194444444444,0,12.0391666666666,35.8600410290947,937.102777777778,60.4006388888888,17.7064166666666,8.06479446108405,28.526,46.5205,741.2,20.9648754141481,-1784.64508569069,0.348046559403441,1.06544734137657,31.8319383202387,29.1030712482273,10.581440107208,10.8400900448831,"[-1.5 -3.5)",NA,3.06122072633835,18.2085694570395
"3d","ile","ilex07",3,2024-10-10 10:00:00,6,510,2024-10-10 09:53:20,918.888888888889,0,12.0388888888889,34.8012817698355,931.130555555554,56.0311388888889,18.5826944444444,9.45587537634616,28.955,41.0743333333333,1051.61666666667,23.6855523478125,-1771.04366226249,0.257030114351203,0.655789711621627,34.0492329453277,37.1962416252472,6.20282022142991,6.29325698916116,"[-1.5 -3.5)","VPD 3-4 kPa",2.55141197472902,16.4815049536789
"3d","ile","ilex07",3,2024-10-10 11:00:00,6,512.5,2024-10-10 10:55:00,918.75,0,12.0353333333333,35.0262354735392,1231.825,54.135375,19.2069166666667,10.2540272710498,30.392,35.69,937.45,28.0755876831597,-1767.65064065938,0.201351239312627,0.279754306682966,34.9839218714221,40.9671834180485,4.35717657115708,4.40050814673716,"[-1.5 -3.5)",NA,1.38938457810337,15.5553588718502
"3d","ile","ilex07",3,2024-10-10 12:00:00,6,515,2024-10-10 11:53:20,917.652777777778,0,12.0301111111111,34.442763251317,1356.89444444444,51.3522222222222,20.2533611111111,11.6075319986814,31.4935,33.252,1390.78333333333,30.99621752714,-1770.91649220063,0.222156524370533,0.199490454537076,38.4131369944255,52.685365268848,3.69333170711354,3.72437069907048,"[-1.5 -3.5)","VPD 5-9 kPa",0.897972522312005,15.4317454620015
"3d","ile","ilex07",3,2024-10-10 13:00:00,6,517.5,2024-10-10 12:55:00,915.078125,0,12.0308333333334,34.5185410290947,1266.825,47.8736041666667,20.8189791666667,12.8729452704154,31.4005,32.3565,1382.45,31.2407786044871,-1784.00570667924,0.225936813917887,0.19811145034627,38.2713862804946,52.6333074608565,3.76010725252408,3.79235348049462,"[-1.5 -3.5)","VPD 5-9 kPa",0.876844489885879,14.9370754257313
"3d","ile","ilex07",3,2024-10-10 14:00:00,6,520,2024-10-10 13:53:20,913.842592592592,0,12.0317777777778,34.6880225105762,897.311111111109,44.293,20.9563888888889,13.8741693966689,31.6503333333333,30.712,1225.36666666667,32.4444839844262,-1788.67011723712,0.255680335763734,0.296470665452831,37.6421242649935,50.9046276319946,4.39218282909018,4.4361257303857,"[-1.5 -3.5)","VPD 5-9 kPa",1.15953643664951,14.3803369165856
"3d","ile","ilex07",3,2024-10-11 09:00:00,6,567.5,2024-10-11 08:55:00,925.333333333333,0,12.0366666666667,35.6766799179836,909.95,68.1997083333333,16.2452916666666,5.93887458884033,28.54725,48.50425,706.2,20.5697757292128,-2258.93266295172,0.405493884234139,0.683451622336347,31.5652901868153,28.2190785996241,13.8563939733107,14.3439273047663,"[-1.5 -3.5)",NA,1.68547948294508,19.0084532150988
"3d","ile","ilex07",3,2024-10-11 10:00:00,6,570,2024-10-11 09:53:20,923.753086419753,0,12.0392222222222,34.6852262142799,924.741666666668,61.3398240740741,17.8642777777778,7.96535961712678,32.3656666666667,36.5323333333333,953.7,31.3979906923086,-2214.11119091719,0.233007748258852,0.0406192841168587,36.9644206437184,46.0501983942958,4.3860302102639,4.43159677093704,"[-1.5 -3.5)",NA,0.174325894397872,17.8116420389327
"3d","ile","ilex07",3,2024-10-13 11:00:00,6,692.5,2024-10-13 11:00:00,927.159722222222,0,12.035,32.619513251317,1084.95,77.9893333333333,20.5965833333333,5.37505154188247,32.1295,55.0915,862.45,22.23923783271,-2684.43559404993,0.369170634985588,0.482172965499808,35.9934110085015,34.6039447539453,11.9891199526363,12.4400556980939,"[-1.5 -3.5)","VPD 3-4 kPa",1.30609783066476,26.5046584497942
"3d","ile","ilex07",3,2024-10-13 15:00:00,6,701.5,2024-10-13 14:40:00,921.104166666667,0,12.03,34.3165965846503,424.741666666667,59.9947916666667,25.0424583333333,12.7597371056114,36.7625,36.166,811.2,39.7762115612221,-2470.06305475507,0.165061720330445,0.0478792603178041,40.7124693690273,54.7616395251361,2.64952986916312,2.66552504018664,"[-1.5 -3.5)","VPD 5-9 kPa",0.290068831355642,22.5048152479398
"3d","ile","ilex08",2,2024-08-20 08:00:00,2,1.5,2024-08-20 08:10:00,966.375,1,13.3473333333333,38.0931666666666,845.8875,49.5087083333333,21.7154583333334,13.231706944785,30.6495,47.094,744.325,23.6048256620534,-0.0979931012856695,2.27109567558897,7.94721032796855,31.1413940843834,24.8228506825397,84.3501006276232,103.000029491255,"(0, -0.1 MPa)",NA,3.49928469037641,20.8301631573194
"3d","ile","ilex08",2,2024-08-20 09:00:00,2,3.5,2024-08-20 09:00:00,966,1,13.265,37.1470833333333,1119.74166666666,47.9654583333333,23.23725,14.8940775916215,34.1245,43.9135,1033.075,30.1791836239796,-0.0979931012856695,2.91654845318066,8.60728189105085,35.0360931810644,32.9682718241283,81.9145925803158,99.1572218513194,"(0, -0.1 MPa)","VPD 3-4 kPa",2.95118768956645,23.6276025309898
"3d","ile","ilex08",2,2024-08-20 10:00:00,2,6,2024-08-20 09:56:40,965.430555555556,1,13.2164444444444,35.9088518518518,1166.06111111111,43.0716388888889,25.4681944444444,18.6816840778162,35.4256666666667,43.2803333333333,1161.2,32.9583932422376,-0.0979931012856695,3.17501263482619,7.85287464073108,36.5547738992309,36.7199000811762,79.8723851077948,96.2124626080468,"(0, -0.1 MPa)","VPD 3-4 kPa",2.47333650096198,25.0273729028328
"3d","ile","ilex08",2,2024-08-20 11:00:00,2,8.5,2024-08-20 11:00:00,964.104166666667,1,13.1558333333334,37.1156111111111,1456.5125,32.74025,28.4178333333333,26.2410901409019,38.7255,38.88275,1423.7,42.3274022197336,-0.0979931012856695,4.22776948762901,7.92438315672558,39.7597004821877,46.2636772829183,83.4907658517348,101.478574830762,"(0, -0.1 MPa)",NA,1.87436500024737,26.9115563608108
"3d","ile","ilex08",2,2024-08-20 12:00:00,2,11,2024-08-20 12:00:00,962.189814814815,1,13.1033333333333,35.844,1542.03333333333,29.2652777777778,30.1372222222222,30.4026486521797,41.3033333333333,32.5113333333333,1458.7,53.5908125630917,-0.0979931012856695,4.50488174121868,6.55087330844362,42.2461323429939,57.6308751849904,71.0887099643662,83.8005947879909,"(0, -0.1 MPa)","VPD 5-9 kPa",1.45417209257783,25.8166899547336
"3d","ile","ilex08",2,2024-08-20 13:00:00,2,13.5,2024-08-20 13:00:00,960.333333333333,1,13.0518333333333,35.1085833333333,1447.24166666666,25.7225,32.2623333333334,36.125749067788,42.9835,33.8825,1416.2,57.3544732469756,-0.0979931012856695,5.18361494470286,6.63722371270185,43.1733123454852,58.211851043067,80.3364753899542,96.8755636512286,"(0, -0.1 MPa)","VPD 5-9 kPa",1.28042375514108,29.3863737412617
"3d","ile","ilex08",2,2024-08-20 14:00:00,2,16,2024-08-20 14:00:00,958.263888888889,1,13.01,35.469462962963,1252.03333333333,19.9917777777778,33.4116666666667,41.3794645617759,42.4613333333333,29.8736666666667,1138.7,59.1955157462758,-0.0979931012856695,4.86739571095844,6.44040455509088,42.0084641207854,57.2468454733314,77.2005952497819,92.5031699955216,"(0, -0.1 MPa)","VPD 5-9 kPa",1.32317258294635,25.2118282967085
"3d","ile","ilex08",2,2024-08-21 08:00:00,2,60.5,2024-08-21 07:50:00,958.069444444445,1,13.4038333333333,36.8708888888889,779.95,58.0738333333333,23.4080833333334,12.1352105032332,29.8775,54.652,701.2,19.2241684424298,-0.0979931012856695,1.17824622027397,7.77106411432628,31.5232057151338,23.4040002097892,46.3911758641687,51.4623381261283,"(0, -0.1 MPa)",NA,6.59545006859375,23.1274540071406
"3d","ile","ilex08",2,2024-08-21 09:00:00,2,63,2024-08-21 08:53:20,958,1,13.3373333333333,36.7272222222222,1147.72777777778,51.1420555555555,25.4747222222222,16.0380491373124,35.1396666666667,48.2296666666667,1037.86666666667,29.6923895302066,-0.0979931012856695,2.93266404001103,8.75281205362459,36.0656108264012,32.6218249483545,81.3495921329838,98.5521643357711,"(0, -0.1 MPa)","VPD 3-4 kPa",2.98459418951775,27.4526428831816
"3d","ile","ilex08",2,2024-08-21 10:00:00,2,65.5,2024-08-21 09:50:00,958,1,13.2671666666667,36.9453055555555,1183.49166666666,45.222,27.0988333333333,19.7380641672147,37.857,44.066,1134.95,36.9506723972713,-0.0979931012856695,3.77700663175711,8.54680034654844,38.2990358941349,38.5862400317879,89.1467197082888,109.966995259778,"(0, -0.1 MPa)","VPD 3-4 kPa",2.26285023560373,29.1020592161917
"3d","ile","ilex08",2,2024-08-21 11:00:00,2,68,2024-08-21 10:53:20,957.069444444444,1,13.1981111111111,35.8016851851852,1466.61666666667,40.3212777777778,28.9088333333333,23.9162626174122,40.6596666666667,40.9603333333333,1519.53333333333,45.4303300432575,-0.0979931012856695,4.79930841847606,7.9653579117983,41.4943955294415,48.9132327801612,88.9528637198603,109.817431078783,"(0, -0.1 MPa)",NA,1.65968869204859,31.4362753293703
"3d","ile","ilex08",2,2024-08-21 12:00:00,2,70.5,2024-08-21 11:50:00,956,1,13.1288333333333,33.1142222222222,1654.11666666666,35.9770833333334,30.2838333333333,27.7410691028051,42.9835,37.534,1566.2,54.2014279930639,-0.0979931012856695,4.98103569655467,6.50649485392712,43.8630456879163,58.2491638725502,76.4603399292708,91.2775097423368,"(0, -0.1 MPa)","VPD 5-9 kPa",1.30625340798654,32.553328473534
"3d","ile","ilex08",2,2024-08-21 13:00:00,2,73,2024-08-21 12:53:20,954.796296296296,1,13.0452222222222,35.1757407407407,1602.72777777778,32.7276666666667,31.8232777777778,31.8537727275924,44.7636666666667,35.7996666666667,1542.03333333333,61.1471428474265,-0.0979931012856695,5.48954204396363,6.91896831718344,45.1473025986082,63.0861179290048,78.1284654861027,94.025014881042,"(0, -0.1 MPa)","VPD 5-9 kPa",1.26039080523878,34.0511286311069
"3d","ile","ilex08",2,2024-08-21 14:00:00,2,75.5,2024-08-21 13:50:00,954,1,12.99,32.56875,1435.36666666666,36.7938333333333,31.4545833333333,29.2750473869697,43.734,37.118,1346.2,56.9052019039723,-0.0979931012856695,3.44463654865138,6.39691030237618,45.4335640959901,65.1284904915746,46.7257110228381,51.8997627819764,"(0, -0.1 MPa)","VPD 5-9 kPa",1.85706393462052,33.4746318436161
"3d","ile","ilex08",2,2024-08-21 15:00:00,2,77,2024-08-21 14:30:00,953.166666666667,1,12.99,32.3526666666667,1240.36666666667,37.12175,31.5955833333333,29.3550182405675,41.804,39.585,922.45,49.2576308307691,-0.0979931012856695,2.34011785896209,6.88049278101867,43.0405385709493,54.7142009744783,38.2163561199101,41.5903000528869,"(0, -0.1 MPa)","VPD 5-9 kPa",2.94023343938342,32.27449005108
"3d","ile","ilex08",2,2024-08-22 08:00:00,2,120.5,2024-08-22 07:55:00,952,1,13.3521666666667,37.4870555555555,698.075,58.5971666666667,23.9155833333333,12.3944563574745,31.3145,53.7975,602.45,21.2553787084289,-0.0979931012856695,1.44509112697977,7.44391554990157,32.1886637868714,23.5814328541462,55.6731285133631,63.3747705798338,"(0, -0.1 MPa)",NA,5.15117379860971,24.7140591625151
"3d","ile","ilex08",2,2024-08-22 09:00:00,2,123,2024-08-22 08:53:20,951.523148148148,1,13.2668888888889,36.9943703703704,1073.42222222222,53.3703888888889,26.2050555555556,15.9552807926971,37.528,46.3653333333333,904.533333333333,34.9427775858721,-0.0979931012856695,3.40408806857963,8.91246010364645,37.55377228698,34.9403412464471,87.6033682629428,108.002841509511,"(0, -0.1 MPa)","VPD 3-4 kPa",2.61816378545259,30.0792047530549
"3d","ile","ilex08",2,2024-08-22 10:00:00,2,125.5,2024-08-22 09:55:00,951,1,13.172,36.1451388888889,1171.61666666666,51.6449166666667,27.9620833333333,18.3284898550395,40.9675,43.553,1171.2,44.0447471093421,-0.0979931012856695,4.38491694418648,8.63361497062993,41.0285653073987,44.347653392375,88.6404279373455,109.215040043423,"(0, -0.1 MPa)",NA,1.96893466410495,33.9759422118778
"3d","ile","ilex08",2,2024-08-22 11:00:00,2,128,2024-08-22 10:53:20,949.801587301587,1,13.0865555555556,34.8082592592592,1463.68015873016,48.5588571428571,30.3514761904762,22.4429124400073,43.3623333333333,42.5966666666667,1488.7,50.8637304039882,-0.0979931012856695,4.96601480330957,7.56041403878277,43.9969628075396,53.8245332305458,81.6694756236126,98.8034707868567,"(0, -0.1 MPa)","VPD 5-9 kPa",1.52243082999756,37.6806981337661
"3d","ile","ilex08",2,2024-08-22 12:00:00,2,130.5,2024-08-22 11:55:00,948.75,1,13,32.9344927367696,1633.49166666666,40.148125,32.4795416666667,29.384500874059,45.91125,38.54075,1548.075,62.0005297281111,-0.0979931012856695,5.08514940204672,5.90457794219697,46.7019121278734,66.1444221904044,67.4380418949469,78.7442236938303,"(0, -0.1 MPa)","VPD 5-9 kPa",1.16114148776444,38.8813701343017
"3d","ile","ilex08",2,2024-08-22 13:00:00,2,133,2024-08-22 12:53:20,947.388888888889,1,12.94,34.6518333333334,1579.95,38.2453888888889,33.96275,32.9344565251674,46.9233333333333,37.7126666666667,1524.95,66.1759379844578,-0.0979931012856695,4.54385812082118,6.34352843530082,48.1832446870035,73.1727856078531,54.2124514462579,61.3291096686711,"(0, -0.1 MPa)","VPD 5-9 kPa",1.39606657308094,40.0576212840107
"3d","ile","ilex08",2,2024-08-22 14:00:00,2,135.5,2024-08-22 13:55:00,946.020833333333,1,12.93,35.4920833333333,1424.325,35.1104166666667,34.7745,36.2071346119234,47.1125,36.929,1322.45,67.6463597689461,-0.0979931012856695,3.47353761862758,6.75120874085095,48.7480519395782,76.8554978425639,39.2302338172777,42.7939638728784,"(0, -0.1 MPa)","VPD 5-9 kPa",1.94361181080814,39.6031686551311
"3d","ile","ilex08",2,2024-08-22 15:00:00,2,137,2024-08-22 14:30:00,945.916666666667,1,12.93,33.8398333333333,1169.11666666667,32.3343333333333,36.0891666666667,40.5868101181308,47.123,35.971,919.95,68.7021136218229,-0.0979931012856695,2.69251887995998,6.06981074977623,48.0298022187317,73.7289178914253,31.7883264904367,34.088565266454,"(0, -0.1 MPa)","VPD 5-9 kPa",2.25432430388991,38.5963193098532
"3d","ile","ilex09",1,2024-09-02 12:00:00,4,2,2024-09-02 11:50:00,959.818181818182,1,15.6946666666667,35.4610336752334,1460.06363636364,55.7423636363636,29.9277272727273,18.9708033870598,39.144,67.399,1076.2,23.0769504839183,-0.0979931012856695,4.81058624733078,9.87523803076388,38.7110589063336,21.449233206745,202.160506869376,339.61363665357,"(0, -0.1 MPa)",NA,2.05281384077529,47.7090698342263
"3d","ile","ilex09",1,2024-09-02 13:00:00,4,3.5,2024-09-02 12:55:00,958.5,1,13.1093333333333,35.1612515107627,1423.7,48.5240454545454,31.561125,23.984492768894,42.2755,59.7925,1301.825,33.5882068569083,-0.0979931012856695,5.59487941523456,7.87163500118456,41.8919075167986,31.9332775098696,156.645477551109,232.464399788075,"(0, -0.1 MPa)","VPD 3-4 kPa",1.40693559538576,49.9726946505976
"3d","ile","ilex09",1,2024-09-02 14:00:00,4,6,2024-09-02 14:00:00,957.263888888889,1,12.9734444444444,32.9261998722861,1068.13181818182,46.5559696969697,31.8096338383838,25.3111542825446,41.017,60.5496666666667,1194.11666666667,31.0782941841672,-0.0979931012856695,4.60365461958453,7.91482872324955,40.984745536738,31.0682025431216,132.192058432472,179.925996647078,"(0, -0.1 MPa)","VPD 3-4 kPa",1.71924902654054,47.3590658227002
"3d","ile","ilex09",1,2024-09-05 10:00:00,4,138,2024-09-05 10:10:00,955.097222222222,1,12.05,37.900263251317,935.783333333333,55.7596666666667,19.9245,10.3443206878493,26.059,72.845,823.7,9.19862073894885,-0.0979931012856695,2.37735981750645,13.3309815294054,26.5706415383314,10.2369393525385,214.886285041287,377.133338534708,"(0, -0.1 MPa)","VPD 1-2 kPa",5.60747322775394,24.6758802330594
"3d","ile","ilex09",1,2024-09-05 11:00:00,4,140,2024-09-05 10:53:20,953.648148148148,1,12.0464444444445,36.6315595476133,1540.08888888889,52.1870555555556,21.4175,12.2583952618204,30.8496666666667,68.7263333333333,1443.7,14.3133276978611,-0.0979931012856695,3.7617133424312,11.6279804361927,32.1516382823912,18.2020372547667,223.413031756054,466.564258360419,"(0, -0.1 MPa)","VPD 1-2 kPa",3.09113942974654,30.7476425742528
"3d","ile","ilex09",1,2024-09-05 12:00:00,4,142.5,2024-09-05 11:55:00,952.520833333333,1,12.0426666666666,36.0068743624281,1736.61666666667,48.0995833333333,22.1264166666667,13.8998468670703,32.859,63.822,1803.7,18.1349332424372,-0.0979931012856695,4.05162706106169,11.0276617735274,35.0040338290295,24.5018527655368,150.187115508237,214.796830653507,"(0, -0.1 MPa)",NA,2.72178599049975,31.9931394456991
"3d","ile","ilex09",1,2024-09-05 13:00:00,4,145,2024-09-05 12:53:20,951.449074074074,1,12.0432222222222,36.0689669550207,1246.75555555556,46.3455,22.8008888888889,14.9612191577446,32.1223333333333,62.8083333333333,1350.36666666667,17.9356956667707,-0.0979931012856695,3.677180001336,11.0345466311923,33.1877215614535,20.9815963087557,160.326254862945,237.755942714092,"(0, -0.1 MPa)",NA,3.00081764482109,30.2050149731367
"3d","ile","ilex09",1,2024-09-05 14:00:00,4,147.5,2024-09-05 13:55:00,950.118055555555,1,12.0465,35.7839576957615,1306.825,44.26925,24.1050833333333,16.8184862225948,33.7385,63.9925,1313.7,19.5345443694967,-0.0979931012856695,4.41538006304848,10.6448834363018,34.0727293343255,20.4462401603007,203.15377839475,351.681053967482,"(0, -0.1 MPa)",NA,2.41086458794045,33.6981776057683
"3d","ile","ilex09",1,2024-09-06 12:00:00,4,193.5,2024-09-06 11:55:00,941.714285714286,1,12.5858333333333,37.1120272138739,712.842857142857,72.0653428571429,22.6893857142857,7.73770036370073,28.8265,76.3125,749.95,9.44176974104839,-0.0979931012856695,1.83345601812825,11.3478442278627,29.6421700556539,11.3678272372329,146.182476939949,206.688997050219,"(0, -0.1 MPa)","VPD 1-2 kPa",6.18931903228725,30.3943064283859
"3d","ile","ilex09",1,2024-09-06 13:00:00,4,196,2024-09-06 12:56:40,940.541666666667,1,12.0096666666667,37.0300542784163,882.658333333334,69.266,24.2635277777778,9.40467915215684,30.421,74.4076666666667,717.45,11.2420285266933,-0.0979931012856695,2.100419169919,10.5572738699794,30.8903573760968,12.4015826230264,152.510326072048,219.587752677025,"(0, -0.1 MPa)","VPD 1-2 kPa",5.02627000418516,32.4841752058106
"3d","ile","ilex09",1,2024-09-06 14:00:00,4,198.5,2024-09-06 14:00:00,939.375,1,12.1315,36.3810167548501,1116.825,60.2525,27.2364166666667,14.440828053114,36.78425,67.2895,1315.575,20.406672637557,-0.0979931012856695,4.15496650727651,11.1622774735464,37.3533460764364,22.3507465251511,164.766642946092,246.072592699855,"(0, -0.1 MPa)",NA,2.68649036135386,41.9216041216303
"3d","ile","ilex09",1,2024-09-07 08:00:00,4,243.5,2024-09-07 08:00:00,943.8,1,12.3675,37.048753427655,760.741666666667,69.3418833333334,20.7220166666667,7.54585651981952,29.1695,72.894,707.45,11.0558390385403,-0.0979931012856695,2.05963738595221,10.2415446294835,29.6738164119758,12.2199971902103,151.841780970677,227.51895721249,"(0, -0.1 MPa)","VPD 1-2 kPa",4.97249889681364,29.6143730853001
"3d","ile","ilex09",1,2024-09-07 09:00:00,4,246,2024-09-07 09:00:00,944,1,12.2518888888889,38.3402750996566,1198.67222222222,60.4783444444444,22.2698666666667,10.7083262615167,32.2653333333333,68.2783333333333,1111.2,15.3850935382173,-0.0979931012856695,3.56200215988282,11.7886435609544,32.6759526271409,16.5304645008115,194.095256164933,318.918426988745,"(0, -0.1 MPa)","VPD 1-2 kPa",3.30955542187043,33.1017780899298
"3d","ile","ilex09",1,2024-09-08 07:00:00,4,283.5,2024-09-08 07:10:00,944,1,12.04,36.3575688068725,575.366666666666,75.7640833333333,17.231,4.80874549780197,22.134,78.4125,501.2,5.8852028940729,-0.0979931012856695,0.870871920986908,8.15561079638461,23.1510943870188,7.6017220051377,101.953637047494,129.137211055229,"(0, -0.1 MPa)",NA,9.3648797255311,20.9873111034454
"3d","ile","ilex09",1,2024-09-08 08:00:00,4,285.5,2024-09-08 08:00:00,944,1,12.0735,37.116013251317,946.616666666668,68.443,19.2095833333333,7.06467332020908,28.6545,69.3285,888.7,12.158418916885,-0.0979931012856695,2.37403972877502,10.1155845797099,29.4297959319362,13.9628262989408,154.052443227697,222.946453226877,"(0, -0.1 MPa)","VPD 1-2 kPa",4.26091630106353,27.3388562652965
"3d","ile","ilex09",1,2024-09-08 09:00:00,4,287,2024-09-08 08:40:00,943.958333333333,1,12.047,36.8399854735392,1190.36666666667,64.2853333333333,20.986,8.91419930121998,32.237,67.546,1118.7,15.7087690016667,-0.0979931012856695,3.59735598065853,10.7445395095692,32.6446706087211,16.8337733078991,192.937264470136,314.367552667821,"(0, -0.1 MPa)","VPD 1-2 kPa",2.98678795408018,32.6944139701293
"3d","ile","ilex09",1,2024-09-08 10:00:00,4,288,2024-09-08 10:00:00,943.111111111111,1,14.0993333333333,36.0849370905831,1189.53333333333,57.3771666666667,22.9453333333333,12.0534009920739,32.237,66.447,1296.2,16.2407199825267,-0.0979931012856695,3.37620760604217,10.8134966182436,33.3895220577569,19.4799226553739,156.195056664988,227.26192093473,"(0, -0.1 MPa)","VPD 1-2 kPa",3.20285298774027,32.1624629892693
"3d","ile","ilex09",1,2024-09-08 11:00:00,4,289,2024-09-08 10:40:00,942.888888888889,1,12.0576666666667,33.2309325396825,1383.28333333333,54.3636666666667,23.9103333333333,13.6075449967004,36.141,62.833,1223.7,22.3544525793615,-0.0979931012856695,4.39676627639508,10.0345952049857,36.2829475013286,22.8242366804332,172.155820093845,262.69823047247,"(0, -0.1 MPa)",NA,2.2822671422992,37.7915171770394
"3d","ile","ilex09",1,2024-09-08 12:00:00,4,290,2024-09-08 11:30:00,943,1,14.28,35.4610336752334,982.985714285714,50.6741428571429,23.9311428571429,14.7445731682871,35.24,59.487,1043.7,23.1883960825707,-0.0979931012856695,3.89958384686293,11.1948833805677,35.2429008742793,23.1975628057076,150.847831584532,216.115518108905,"(0, -0.1 MPa)",NA,2.87078924833827,34.0485305399225
"3d","ile","ilex09",1,2024-09-08 14:00:00,4,292.5,2024-09-08 14:00:00,941.375,1,12.04,35.5584854735392,1063.075,38.1088333333333,26.8530833333334,21.9719676659432,35.0255,62.4055,1376.825,21.2564222765595,-0.0979931012856695,4.83286627676454,10.2775681434033,35.2405043672413,21.9336453554494,197.630768675547,329.188528080334,"(0, -0.1 MPa)",NA,2.12659890732251,35.2981883746089
"3d","ile","ilex09",1,2024-09-09 08:00:00,4,332,2024-09-09 07:50:00,948.111111111111,1,12.04,37.3782447327985,786.061111111111,60.5591666666667,19.1107222222222,8.80150060414623,25.287,72.0473333333333,727.866666666667,9.1486785317111,-0.0979931012856695,2.00018168121751,9.28414321716417,25.8624772581396,10.2829078408179,177.179946748412,275.38111413182,"(0, -0.1 MPa)","VPD 1-2 kPa",4.64164995827425,23.3136382982322
"3d","ile","ilex09",1,2024-09-09 09:00:00,4,334.5,2024-09-09 08:50:00,947.520833333333,1,12.04,36.5749576957614,1176.40833333334,54.7078333333334,21.0898333333334,11.379085883479,29.556,68.8035,1122.45,12.962381034888,-0.0979931012856695,3.20048620139722,10.5977021443388,30.2816440604979,14.7287160963346,197.787067809297,328.614593986044,"(0, -0.1 MPa)","VPD 1-2 kPa",3.31127881123566,28.5825811942914
"3d","ile","ilex09",1,2024-09-09 10:00:00,4,337,2024-09-09 09:50:00,946.986111111111,1,12.04,36.3412076957614,1200.08888888889,51.0457777777778,22.5517777777778,13.4657628800814,31.6506666666667,67.2283333333333,1227.86666666667,15.4180814697929,-0.0979931012856695,3.87710060935144,11.2412475323617,32.1508300665576,16.7122805740273,210.180264253688,363.685781131675,"(0, -0.1 MPa)","VPD 1-2 kPa",2.89939536396043,31.4790425001758
"3d","ile","ilex09",1,2024-09-09 11:00:00,4,339.5,2024-09-09 10:50:00,946.201388888889,1,12.04,36.0764854735392,1485.15833333334,47.628125,23.9396666666666,15.643780504593,32.9235,66.85,1375.575,16.6806511503195,-0.0979931012856695,4.33118424906642,11.3892061512558,33.4782307474974,18.2993675844551,215.272669038238,381.22810513163,"(0, -0.1 MPa)","VPD 1-2 kPa",2.62958246435965,33.6326703002735
"3d","ile","ilex09",1,2024-09-09 12:00:00,4,342,2024-09-09 11:50:00,945.319444444444,1,12.04,35.7507076957614,1653.075,45.9364166666667,24.8938611111111,17.0919213055594,33.5238333333333,65.69,1665.36666666667,17.8532340327564,-0.0979931012856695,4.35684909800918,11.1377897475798,34.8932812243723,21.9716593983644,178.511623012108,277.8292042729,"(0, -0.1 MPa)",NA,2.55638639232861,34.1797122713484
"3d","ile","ilex09",1,2024-09-09 13:00:00,4,344.5,2024-09-09 12:50:00,944.5625,1,12.04,35.4026521402058,1576.825,44.35425,25.833375,18.6040186534,34.0815,65.861,1595.575,18.3265277017588,-0.0979931012856695,4.51156008733616,10.6740140649284,35.1115944486583,21.4821782258774,188.726658464922,303.410991116536,"(0, -0.1 MPa)",NA,2.36592528045678,35.3516999396076
"3d","ile","ilex09",1,2024-09-09 14:00:00,4,347,2024-09-09 13:50:00,944.013888888889,1,12.0398888888889,35.3001521402058,1230.23409090909,40.7102449494949,26.1969065656566,20.253385773712,34.1101666666667,63.5736666666667,1352.45,19.5953544280405,-0.0979931012856695,4.4625236221503,10.277873390515,34.5171707379193,20.8330996110751,192.407825320362,313.188609654399,"(0, -0.1 MPa)",NA,2.30315271374687,34.1784497485968
"3d","ile","ilex09",1,2024-09-10 08:00:00,4,392,2024-09-10 07:53:20,942.67297979798,1,12.04,36.3281336216874,811.313636363636,54.2878535353535,20.0809242424242,10.7970373699128,24.7863333333333,70.8506666666667,749.533333333333,9.18764161491338,-0.0979931012856695,2.10408576138564,9.29954957597729,25.3275802831637,10.2301031199161,186.92690542204,299.991773361699,"(0, -0.1 MPa)","VPD 1-2 kPa",4.41975785713844,22.2525797343841
"3d","ile","ilex09",1,2024-09-10 09:00:00,4,394.5,2024-09-10 08:50:00,941.958333333333,1,12.04,36.0158188068725,1176.09583333334,51.8485416666667,21.183625,12.162848755269,28.17225,69.23675,1129.325,11.8183352289399,-0.0979931012856695,3.08300346287356,10.5127277736335,29.0104096864567,13.7352495975019,204.178147839488,345.472499765399,"(0, -0.1 MPa)","VPD 1-2 kPa",3.40989813998942,26.548532827397
"3d","ile","ilex09",1,2024-09-10 10:00:00,4,397,2024-09-10 09:53:20,941.083333333333,1,12.04,35.9135410290948,1209.53333333334,48.3633888888889,22.2027222222222,13.8942546220676,30.5496666666667,67.4236666666667,1225.78333333333,14.3465561775515,-0.0979931012856695,3.78721282435293,11.1803668858254,31.1147573321206,15.7602433328161,217.708824003825,391.361184538394,"(0, -0.1 MPa)","VPD 1-2 kPa",2.95213588577125,29.6525538804016
"3d","ile","ilex09",1,2024-09-10 11:00:00,4,399.5,2024-09-10 10:50:00,940.229166666667,1,12.04,35.8590688068725,1469.6375,45.9275833333333,22.990625,15.2508789128561,31.94725,65.9585,1363.075,16.2128443183365,-0.0979931012856695,4.25283645386309,11.373177889068,32.5261409236712,17.8274839139201,216.412200245384,385.529737851044,"(0, -0.1 MPa)","VPD 1-2 kPa",2.67425705466221,31.4075534894799
"3d","ile","ilex09",1,2024-09-10 12:00:00,4,402,2024-09-10 11:53:20,939.351851851852,1,12.04,35.6282076957614,1641.96388888889,42.6265277777778,24.2033611111111,17.4164020335313,33.009,64.3713333333333,1647.86666666667,18.0212174787148,-0.0979931012856695,4.50591223724199,11.1096028928161,34.1975604520617,21.4884226441046,187.938051370505,301.400140044253,"(0, -0.1 MPa)",NA,2.4655613131995,32.5414627643745
"3d","ile","ilex09",1,2024-09-10 13:00:00,4,404.5,2024-09-10 12:55:00,938.305555555555,1,12.04,35.6225965846503,1570.15833333333,38.9726666666667,25.2275833333333,19.6802689711195,33.524,64.347,1589.95,18.5510829183741,-0.0979931012856695,4.8416878880989,10.7598883807562,34.2685955827043,20.7571076200099,208.645238497016,358.353130656025,"(0, -0.1 MPa)",NA,2.22234242054398,33.4812367135619
"3d","ile","ilex09",1,2024-09-10 14:00:00,4,407,2024-09-10 13:53:20,937.462962962963,1,12.0396666666667,35.6051891772429,1114.67222222222,38.9086111111111,25.4151666666667,19.9237249100148,32.9663333333333,62.5233333333333,1290.36666666667,18.9119887936243,-0.0979931012856695,4.38951506497901,10.1490336700104,33.2445618661328,19.7410004948645,198.253590602415,330.803009202115,"(0, -0.1 MPa)","VPD 1-2 kPa",2.31210817590824,31.5316409741139
"3d","ile","ilex09",1,2024-09-11 08:00:00,4,452,2024-09-11 07:53:20,936.277777777778,1,12.04,35.6985595476133,781.616666666667,57.8293611111111,18.5493611111111,9.06533364445272,23.7496666666667,72.0348333333333,726.616666666667,8.28536615341945,-0.0979931012856695,1.89745562960178,9.20977691414607,24.4153721408903,9.5011653329235,180.84864568888,284.022232736275,"(0, -0.1 MPa)",NA,4.85375087062191,21.2615949351115
"3d","ile","ilex09",1,2024-09-11 09:00:00,4,454.5,2024-09-11 08:55:00,935.857142857143,1,12.04,35.2135688068726,1131.5125,52.8725119047619,20.0567142857143,11.106602039243,27.003,70.134,1088.7,10.7220390056569,-0.0979931012856695,2.78063644518859,10.8861403379337,27.9938207174309,12.8736675744179,196.334376137419,324.41744564304,"(0, -0.1 MPa)","VPD 1-2 kPa",3.91498153481025,25.1162185960743
"3d","ile","ilex09",1,2024-09-11 10:00:00,4,457,2024-09-11 09:53:20,934.949074074074,1,12.0395555555556,34.3675780661318,1200.36666666667,50.0333888888889,21.2292222222222,12.6781445354126,29.334,69.3936666666667,1233.7,12.5794154859461,-0.0979931012856695,3.49794714243228,11.209761324501,30.1451536511924,14.4953623739095,217.354625896414,389.888277644088,"(0, -0.1 MPa)","VPD 1-2 kPa",3.20466858647452,28.4612545438101
"3d","ile","ilex09",1,2024-09-11 11:00:00,4,459.5,2024-09-11 10:55:00,933.916666666667,1,12.04,34.9732354735392,1474.325,46.06725,22.4731666666666,14.7446938812186,31.979,65.287,1341.2,16.5631427208741,-0.0979931012856695,4.21932075824162,11.5099538687745,32.5135641438518,18.0343304619523,208.969728459833,359.344611974434,"(0, -0.1 MPa)","VPD 1-2 kPa",2.72791629939299,31.1436819897438
"3d","ile","ilex09",1,2024-09-11 12:00:00,4,462,2024-09-11 11:53:20,932.606481481481,1,12.04,34.9218188068725,1605.78333333334,44.4757777777778,23.7553333333333,16.4022785960954,32.7943333333333,64.7696666666667,1627.86666666667,17.5974565215807,-0.0979931012856695,4.44809169729544,11.5435132916668,33.9707025074975,20.9934995677382,188.610763726529,303.401149252225,"(0, -0.1 MPa)",NA,2.59516081889354,32.3504108311983
"3d","ile","ilex09",1,2024-09-11 13:00:00,4,464.5,2024-09-11 12:55:00,927.888888888889,1,12.04,33.9601521402058,1524.53333333334,45.7173333333334,23.95675,16.2260034404445,32.194,66.447,1572.45,16.2000101726887,-0.0979931012856695,4.11599618910081,10.9006866236308,33.4812624341006,19.824098769153,183.956379318215,291.52844455768,"(0, -0.1 MPa)","VPD 1-2 kPa",2.64837140823791,32.0844818166532
"3d","ile","ilex09",1,2024-09-11 14:00:00,4,467,2024-09-11 13:53:20,931.365740740741,1,12.04,34.3565965846503,1038.7,46.3785,24.0640555555556,16.1594896136419,31.4073333333333,65.7796666666667,1122.86666666667,15.8161066311752,-0.0979931012856695,3.72826195530625,9.9065907187129,31.692511782509,16.7543358744632,196.995746995956,327.60314378216,"(0, -0.1 MPa)","VPD 1-2 kPa",2.65716058513896,30.3783553933224
"3d","ile","ilex09",1,2024-09-12 09:00:00,4,514.5,2024-09-12 09:00:00,931.201388888889,1,12.04,34.3362076957614,940.575,56.2534166666667,20.8805833333333,10.8512729108783,26.574,71.648,822.45,9.95461076848104,-0.0979931012856695,2.41171939597449,10.4395992384418,27.0657266462742,10.9662796357208,198.158063162123,328.480150343967,"(0, -0.1 MPa)","VPD 1-2 kPa",4.32869564173467,25.0192851559543
"3d","ile","ilex09",1,2024-09-12 10:00:00,4,517,2024-09-12 09:56:40,931.361111111111,1,12.0397777777778,33.5474299179836,931.477777777777,53.0643333333333,21.4568333333333,12.0578941659805,28.29,70.4516666666667,925.366666666667,11.4060636834262,-0.0979931012856695,2.9554960761086,10.8628436671937,28.6423103803193,12.2305655408133,218.417147111024,391.526869095855,"(0, -0.1 MPa)","VPD 1-2 kPa",3.67547220076043,27.2000324407925
"3d","ile","ilex09",1,2024-09-12 11:00:00,4,519.5,2024-09-12 11:00:00,930.9375,1,12.04,34.0749576957614,1024.74166666667,50.0165833333333,22.09075,13.3457532241012,29.0625,69.072,962.45,12.4844249917718,-0.0979931012856695,3.19956508744445,11.6056996377449,29.3311903361476,13.1573497043189,219.585348626323,394.504595154499,"(0, -0.1 MPa)","VPD 1-2 kPa",3.62727412025068,27.8886788845136
"3d","ile","ilex09",1,2024-09-12 12:00:00,4,522,2024-09-12 11:56:40,930.49537037037,1,12.04,33.6909669550207,1600.08888888889,46.5073333333333,23.1239444444445,15.2212417822413,30.149,69.068,1587.86666666667,13.4308880522127,-0.0979931012856695,3.66137945900468,10.941260104476,31.8964134023169,17.9332873306744,183.899445310375,293.243991930244,"(0, -0.1 MPa)","VPD 1-2 kPa",2.98828903886688,29.6869440968711
"3d","ile","ilex09",1,2024-09-12 13:00:00,4,524.5,2024-09-12 13:00:00,930.048611111111,1,12.04,32.3486243624281,1149.74166666666,44.8994166666667,22.99325,15.5471496004907,29.5985,69.292,1421.2,13.0505351503288,-0.0979931012856695,3.40344750371434,10.5755431721474,31.0594309344652,16.5988363597111,185.157107456817,295.973121412357,"(0, -0.1 MPa)","VPD 1-2 kPa",3.10730315675674,28.8560407224419
"3d","ile","ilex09",1,2024-09-12 14:00:00,4,527,2024-09-12 13:56:40,929.972222222222,1,12.04,32.5464854735392,1010.55606060606,42.7785934343434,23.410297979798,16.5573514683481,29.534,65.1036666666667,789.533333333333,14.5672185105251,-0.0979931012856695,3.17822071023747,9.28076799111824,29.311191036538,14.3117876282113,201.823092511218,341.027606823432,"(0, -0.1 MPa)","VPD 1-2 kPa",2.92011437758985,27.0113388602146
"3d","ile","ilex09",1,2024-09-13 08:00:00,4,572.5,2024-09-13 08:10:00,943.125,1,12.04,34.7551243624281,941.2,51.37575,17.08975,9.5275977053059,22.7985,72.2345,884.95,7.75123230229527,-9.46460945309143,2.01105449511898,9.66018269442128,23.8836475482703,9.64659937668186,191.749391529721,311.359794050557,"(0, -0.1 MPa)",NA,4.80354098701326,20.1303758137263
"3d","ile","ilex09",1,2024-09-13 09:00:00,4,574.5,2024-09-13 09:00:00,942.923611111111,1,12.04,34.9970688068725,1217.24166666666,45.6075,18.1210833333334,11.3662653744608,25.1585,69.1085,1169.95,9.93767104010244,-9.91419970629414,2.71642291972675,10.9787577418672,26.4814460893124,12.5572034567986,197.649075483293,327.127235261108,"(0, -0.1 MPa)","VPD 1-2 kPa",4.04162314422365,22.1923413047433
"3d","ile","ilex09",1,2024-09-13 10:00:00,4,577,2024-09-13 10:00:00,942.291666666667,1,12.04,34.8275410290947,1201.61666666667,39.5615555555556,19.4287777777778,13.704669589293,27.432,67.5456666666667,1217.03333333333,11.9368334003646,-10.128983578934,3.47066994002738,11.6581510688659,28.2034134046699,13.6047922337291,232.704044994222,439.523749513702,"(0, -0.1 MPa)","VPD 1-2 kPa",3.35904919520349,24.8051881092345
"3d","ile","ilex09",1,2024-09-13 11:00:00,4,579.5,2024-09-13 11:00:00,941.854166666667,1,12.04,34.8595410290947,1544.3875,38.0437333333333,20.302725,14.8227765161606,29.2125,65.0795,1436.2,14.232505204186,-10.254149822499,3.90290933600059,11.9334293332199,30.2740989057798,16.8324166161756,212.320147258775,373.123509356549,"(0, -0.1 MPa)","VPD 1-2 kPa",3.05757277606875,26.5053363769369
"3d","ile","ilex09",1,2024-09-13 12:00:00,4,582,2024-09-13 12:00:00,940.847222222222,1,12.0386666666667,34.8263743624281,1627.31111111111,33.9723611111111,21.5402222222222,17.0685582508598,29.8773333333333,64.3143333333333,1635.36666666667,15.1086358881967,-10.4689032745412,4.13398500622359,11.5597539045964,31.3362395868327,18.7795232742428,199.011356410645,331.194755243526,"(0, -0.1 MPa)","VPD 1-2 kPa",2.79627378599426,27.2160679327228
"3d","ile","ilex09",1,2024-09-13 13:00:00,4,584.5,2024-09-13 13:00:00,940,1,12.04,33.9738465846503,1532.65833333334,30.7427083333334,22.104125,18.5052880910804,30.3495,63.5535,1556.825,15.8522645519053,-10.6646823158048,4.26812936423958,10.9287302616175,31.452797359532,18.6775190979557,206.555076117371,352.499438773407,"(0, -0.1 MPa)","VPD 1-2 kPa",2.56054335025166,27.6322672993151
"3d","ile","ilex09",1,2024-09-13 14:00:00,4,587,2024-09-13 14:00:00,939.80753968254,1,12.04,34.1467076957614,941.160317460319,30.1839603174603,21.7193373015873,18.2225803596652,28.4691666666667,62.9466666666667,1019.95,14.5673391142932,-10.8326056512362,3.71452102173487,9.18052592794401,28.4667921803234,14.8858441193204,231.083092153697,434.681111097889,"(0, -0.1 MPa)","VPD 1-2 kPa",2.47152348155409,24.5567837691556
"3d","ile","ilex09",1,2024-09-14 08:00:00,4,631.5,2024-09-14 07:50:00,941.743055555556,1,12.04,36.0582910290947,793.213888888889,64.1183333333334,12.6278611111111,5.33071301792359,20.761,70.6955,719.95,7.35606557858417,-13.3997131805655,1.69093318122582,8.67183703894039,21.6392269391581,8.7086584236638,177.056495937417,274.723314617896,"(0, -0.1 MPa)",NA,5.12843271113401,17.3958748918852
"3d","ile","ilex09",1,2024-09-14 09:00:00,4,634,2024-09-14 08:50:00,940.569444444445,1,12.04,37.5522447327984,1171.89444444444,52.8765277777778,16.0095555555555,8.64260824438811,28.1258333333333,64.3468333333333,1113.28333333333,13.7061409289482,-13.4791681860393,3.43755299248393,11.1083800432567,28.6265269401334,14.8347939853068,210.643856564097,364.294407000301,"(0, -0.1 MPa)","VPD 1-2 kPa",3.23147892339251,24.6069534355682
"3d","ile","ilex09",1,2024-09-14 10:00:00,4,636.5,2024-09-14 09:50:00,939.375,1,12.04,37.3346243624281,1273.59583333334,47.003,17.7966666666666,10.8579760643015,30.328,62.9185,1286.825,16.113724282205,-13.4988105558675,4.11294735082353,12.5307932409341,30.796038932932,17.2810360654181,214.877316222666,378.287507436504,"(0, -0.1 MPa)","VPD 1-2 kPa",3.04666998434227,27.3225259639753
"3d","ile","ilex09",1,2024-09-14 11:00:00,4,639,2024-09-14 10:50:00,937.986111111111,1,12.0395555555556,37.2378188068725,1441.2,41.3357777777778,20.0840833333334,13.8811208960432,33.8101666666667,60.8951666666667,1369.95,20.725564356651,-13.5393298411828,5.43552599964626,12.1523227659087,33.6045857125024,20.1712824210681,244.007886930381,484.932781144263,"(0, -0.1 MPa)",NA,2.23572157813238,32.195641377817
"3d","ile","ilex09",1,2024-09-14 12:00:00,4,641.5,2024-09-14 11:50:00,936.0625,1,12.04,36.7367910290947,1644.325,38.416,21.5830833333333,15.9637625600899,34.7465,59.7195,1650.575,22.4365794351794,-13.6237366262114,5.60691169679871,11.5924416974824,35.1169470588321,23.5901522994516,211.874627729305,368.235678798502,"(0, -0.1 MPa)",NA,2.06752706736958,33.2612939406699
"3d","ile","ilex09",1,2024-09-14 13:00:00,4,644,2024-09-14 12:50:00,934.013888888889,1,12.0383333333333,36.7051706587244,1562.17222222222,32.5682222222222,23.1763333333333,19.2454525320226,34.0816666666667,61.2616666666667,1582.03333333333,20.7934734547336,-13.7192190735277,5.58678710946507,11.0700424684052,34.2868598782208,21.4113760352211,232.67297495267,437.599035078648,"(0, -0.1 MPa)",NA,1.98146846326943,32.8832564835985
"3d","ile","ilex09",1,2024-09-14 14:00:00,4,646.5,2024-09-14 13:50:00,932.291666666667,1,12.0391666666666,36.5489576957614,1244.74166666666,29.4554166666667,24.2533333333334,21.4632773333178,35.39,58.071,1417.45,24.2141435254255,-13.7434649520947,5.83835456977839,10.7159218586836,35.0581149953675,23.1520435941122,223.652036491737,405.470591708661,"(0, -0.1 MPa)",NA,1.83543526358494,33.5142813854917
"3d","ile","ilex09",1,2024-09-15 08:00:00,4,691.5,2024-09-15 07:50:00,932.979166666667,1,12.0391666666666,37.9421243624281,810.158333333334,56.6142916666667,15.0727083333333,7.48066747974655,23.7855,67.9425,744.95,9.57994657528178,-16.2347849967443,2.31391648874344,9.75963034044036,24.1171494310082,10.1800896729759,207.877684442546,357.052565764748,"(0, -0.1 MPa)","VPD 1-2 kPa",4.21779713655105,20.0969922471008
"3d","ile","ilex09",1,2024-09-15 09:00:00,4,694,2024-09-15 08:53:20,932.305555555556,1,12.04,36.0793558439096,1192.08888888889,49.2193888888889,18.0188277777778,10.6191427804135,29.5626666666667,64.184,1153.7,14.9411568617185,-16.3027991969692,3.6473777310972,11.2117408469592,30.0161779485252,16.0558250358418,204.159756054699,345.483228559799,"(0, -0.1 MPa)","VPD 1-2 kPa",3.07391821564544,26.6737710502363
"3d","ile","ilex09",1,2024-09-15 10:00:00,4,696.5,2024-09-15 09:50:00,930.354166666667,1,12.04,35.3064854735392,1270.99166666666,40.417,20.298,14.2692806273045,32.151,62.8815,1338.7,17.8812862100966,-16.3002964327588,4.54050942796099,11.9922153001605,32.4454256721096,18.688123685739,216.415169174027,381.882620857955,"(0, -0.1 MPa)","VPD 1-2 kPa",2.64116075308885,30.2892094063953
"3d","ile","ilex09",1,2024-09-15 11:00:00,4,699,2024-09-15 10:53:20,928.458333333333,1,12.0394444444444,35.2011151031688,1433.28333333333,29.6471666666666,23.2346111111111,20.1720761831251,35.3543333333333,59.064,1356.2,23.6800012901553,-16.3002964327588,5.81866618294876,10.8358710673574,34.8927396500751,22.2522135691182,231.233271186443,430.697830574418,"(0, -0.1 MPa)",NA,1.86226030616969,34.0203813276042
"3d","ile","ilex09",1,2024-09-15 12:00:00,4,701.5,2024-09-15 11:50:00,928.020833333333,1,12.0396666666666,35.094763251317,1617.03333333334,25.9784166666667,25.1613333333333,23.7919495814622,37.3205,55.5435,1622.45,28.5174879434483,-16.3379002157398,6.3452177962462,10.0000091678573,37.1738811079738,28.0075855797443,199.000690376493,330.801554234245,"(0, -0.1 MPa)",NA,1.5759914771993,35.6295635081387
"3d","ile","ilex09",1,2024-09-15 13:00:00,4,704,2024-09-15 12:53:20,924.611111111111,1,12.0386666666667,35.2570410290947,1529.81111111111,23.9482777777778,26.4398888888889,26.3524168925868,36.4843333333333,57.1023333333333,1550.36666666667,26.2931310324765,-16.3855956338669,6.25050430862094,9.65937728927,36.220724497605,25.4144574312513,215.641186368394,379.548935413531,"(0, -0.1 MPa)",NA,1.54537567087945,34.9967085267054
"3d","ile","ilex09",1,2024-09-15 14:00:00,4,706.5,2024-09-15 13:50:00,923.25,1,12.033,35.1714576957614,1155.15833333333,19.3198333333333,27.1165,29.086425906585,36.87,56.227,1378.7,27.3979301726878,-16.3492146405424,6.4873638857038,9.90694188765181,36.0941456465955,24.7983359281071,229.07577999548,423.132713626341,"(0, -0.1 MPa)",NA,1.5271136415646,35.1939115429959
"3d","ile","ilex09",1,2024-09-17 10:00:00,5,65.5,2024-09-17 10:05:00,922.423611111112,1,12.0398333333333,33.2575688068725,1146.2,47.7214166666667,21.5455833333334,13.5157159314938,30.2205,69.841,1122.45,13.0180094268952,-22.693188152787,4.01281422940758,12.1532863754324,30.3111080827622,13.2373627802471,268.68035584821,587.492875232071,"(0, -0.1 MPa)","VPD 1-2 kPa",3.02861923843075,30.1424701411629
"3d","ile","ilex09",1,2024-09-17 11:00:00,5,67.5,2024-09-17 10:50:00,921.416666666667,1,12.04,32.9731521402058,1089.11666666666,43.5150833333333,22.8200833333333,15.7713100608629,32.559,67.9365,1056.2,15.799514334264,-22.7481269618043,4.74776290849567,11.7753000489424,32.0685886679181,14.455578781482,289.447593914983,692.791456564603,"(0, -0.1 MPa)","VPD 1-2 kPa",2.48017861799113,33.4858369494919
"3d","ile","ilex09",1,2024-09-17 12:00:00,5,70.5,2024-09-17 12:05:00,918.159722222222,1,12.0398333333333,33.094013251317,1221.2,38.1449166666667,24.4500833333333,19.0537167936112,33.5885,66.4225,1181.2,17.5352455150024,-22.8136936844784,5.21829575942799,11.2592857732627,33.11853379388,16.1796757467546,284.130926272448,681.451400814519,"(0, -0.1 MPa)","VPD 1-2 kPa",2.15765573519291,34.6859950821817
"3d","ile","ilex09",1,2024-09-17 13:00:00,5,72.5,2024-09-17 12:50:00,915.4,1,12.0363333333333,33.5305410290947,1539.45,35.5614,25.13505,20.667585326782,32.95525,67.97275,1504.95,16.1417960333368,-22.8768143859077,5.26551958882447,10.9998588115548,33.1637930490374,16.7349825409059,274.996713568222,614.981489613926,"(0, -0.1 MPa)","VPD 1-2 kPa",2.08903577814065,34.2585556860982
"3d","ile","ilex09",1,2024-09-17 14:00:00,5,75,2024-09-17 13:53:20,915.361111111111,1,12.0354444444445,32.6001336216873,1094.25555555555,33.5915833333333,25.7494444444445,22.0906450224193,33.2663333333333,66.0236666666667,1301.61666666667,17.456505779625,-22.9084409056091,5.11116592864589,9.96597341579246,33.1002432281649,16.9961688300661,262.075604884445,557.486044730233,"(0, -0.1 MPa)","VPD 1-2 kPa",1.9498434515572,33.8618310297129
"3d","ile","ilex09",1,2024-09-18 09:00:00,5,122.5,2024-09-18 08:55:00,921.104166666667,0.847222222222222,12.04,35.568013251317,611.2,62.59375,18.3495833333333,7.93329176327041,23.571,75.2505,756.2,7.28674180357936,-26.9305717863703,1.93154807317943,9.54565100498658,24.3325044275186,8.59566176915646,202.063154441586,344.785879615292,"(0, -0.1 MPa)",NA,4.94196915807224,21.9730643884155
"3d","ile","ilex09",1,2024-09-18 10:00:00,5,125,2024-09-18 09:56:40,920.62037037037,0.694444444444444,12.0383333333333,34.6517076957614,516.662962962963,60.4282314814815,19.0713148148148,8.78604243376665,24.672,72.731,554.95,8.53903389315179,-26.9336713306877,2.0732966827883,9.78430649218539,24.6260771553362,8.43964889519236,219.703519096995,392.542024457246,"(0, -0.1 MPa)",NA,4.71920230877274,22.687699767308
"3d","ile","ilex09",1,2024-09-18 11:00:00,5,127,2024-09-18 10:40:00,919.833333333333,0.708333333333333,12.033,35.4044854735392,966.825,54.4330833333333,20.9021666666667,11.3504895109233,24.172,74.09,543.7,7.84402973898719,-26.9088725945115,2.15166200681093,9.08722926890943,24.027883129305,7.58333426303842,253.549423846042,514.943087265025,"(0, -0.1 MPa)",NA,4.22335350075638,22.4301105118318
"3d","ile","ilex09",1,2024-09-18 13:00:00,5,133,2024-09-18 13:10:00,916.083333333333,1,12.04,32.9168743624281,725.158333333333,50.2695833333333,23.8084166666667,14.7361935841008,31.636,71.233,1282.45,13.4586845042785,-26.7975754538284,4.15413748344601,9.63088120955377,32.0309483098467,14.5165879717227,250.536933582104,502.667802743959,"(0, -0.1 MPa)","VPD 1-2 kPa",2.31838287681432,33.3264668993384
"3d","ile","ilex09",1,2024-09-19 09:00:00,5,182,2024-09-19 08:40:00,921.791666666667,0,12.04,34.7574299179836,980.575,65.8209166666667,21.56,8.84327845545722,30.9495,71.722,1046.2,12.7178324329906,-30.8457619365526,3.18202398468536,10.3722196863605,31.461132585604,14.0422975970798,199.974601058623,333.489739554117,"(0, -0.1 MPa)","VPD 1-2 kPa",3.25962963707394,32.2710319933236
"3d","ile","ilex09",1,2024-09-19 10:00:00,5,184,2024-09-19 09:30:00,920.125,0,12.039,32.6434299179836,1293.90833333333,61.0370833333333,22.995,10.9984089716041,32.151,71.795,1363.7,13.5859855650291,-30.7394082212133,3.64275502820656,10.0596292841371,33.1917966815484,16.4909360678734,193.789929932627,316.637582291123,"(0, -0.1 MPa)","VPD 1-2 kPa",2.76154427246505,34.5827276596797
"3d","ile","ilex09",1,2024-09-23 09:00:00,5,422,2024-09-23 08:53:20,923.763888888889,0,12.04,36.7815039920577,978.908333333334,68.8463333333333,19.3829166666667,7.10119436316888,28.9693333333333,77.8836666666667,953.7,8.92397292353959,-51.6451182269178,3.38906981223201,12.7577701099827,29.0503079752482,9.10642587726862,332.448798307536,1042.69940912028,"(0, -0.1 MPa)",NA,3.76438693116816,31.2775552394636
"3d","ile","ilex09",1,2024-09-23 10:00:00,5,425,2024-09-23 10:10:00,921.75,0,12.0323333333333,34.9396521402059,980.366666666667,52.4735833333333,21.7350833333333,12.4099500275744,33.138,70.94,1012.45,14.7973144704268,-51.7124962532153,4.57967504457433,12.218159256044,32.6750329297695,13.4903192897846,298.36174938178,740.963569776353,"(0, -0.1 MPa)","VPD 1-2 kPa",2.6679096523495,36.1225563844487
"3d","ile","ilex09",1,2024-09-23 11:00:00,5,427,2024-09-23 10:53:20,919.791666666667,0,12.0382222222222,34.3985225105762,1099.81111111111,47.2046111111111,22.4606388888889,14.4226503591104,33.2948333333333,69.4995,1071.61666666667,15.6712918525653,-51.6807618775223,5.11984751178736,11.8725822633406,32.6892104754262,13.956080625462,324.402944522628,984.082353686636,"(0, -0.1 MPa)","VPD 1-2 kPa",2.31893278774544,35.7014403240174
"3d","ile","ilex09",1,2024-09-23 12:00:00,5,429.5,2024-09-23 11:55:00,918.090277777778,0,12.0388333333334,33.5164299179837,1259.325,46.8834166666666,23.1953333333334,15.1663529715036,32.666,69.8535,1246.2,14.9486475940833,-51.8377508560912,4.94019051120599,11.3678280434208,32.5012948744361,14.4934720667963,299.997528879412,771.292896231427,"(0, -0.1 MPa)","VPD 1-2 kPa",2.30109102424993,34.6387212209059
"3d","ile","ilex09",1,2024-09-23 13:00:00,5,432,2024-09-23 12:53:20,911.240740740741,0,12.0395555555556,33.269837325391,1117.58888888889,44.4540555555555,23.6731666666667,16.3290020571443,31.2073333333333,70.7283333333333,977.866666666667,13.3869438492892,-52.1510672299599,4.39220372165097,3.41663424161033,30.7622212065651,12.3525330170431,315.09397225404,887.444784445926,"(0, -0.1 MPa)","VPD 1-2 kPa",0.777886104136823,32.2945451593096
"3d","ile","ilex09",1,2024-09-24 09:00:00,5,482,2024-09-24 08:56:40,920.976851851852,0,12.04,34.9475039920577,961.616666666667,68.2409444444445,19.6886666666666,7.36288598193434,31.0643333333333,70.696,942.033333333333,13.3476625305883,-62.9355666836206,2.98174756321994,11.77907891009,31.4594817234838,14.3494773141998,182.878570364403,288.867059509936,"(0, -0.1 MPa)","VPD 1-2 kPa",3.95039441144708,32.0181497574537
"3d","ile","ilex09",1,2024-09-24 10:00:00,5,484.5,2024-09-24 09:55:00,919.833333333333,0,12.0348333333333,34.8364021402059,1098.90833333334,56.9615,21.6956666666667,11.2387613469764,33.717,67.411,1067.45,17.1702062187754,-63.0515132142959,4.17046121940236,12.1407109381274,33.6012852632083,16.8174822044238,216.637770939162,384.773448077723,"(0, -0.1 MPa)","VPD 1-2 kPa",2.91111949000865,35.4557643143974
"3d","ile","ilex09",1,2024-09-24 11:00:00,5,486.5,2024-09-24 10:45:00,916.930555555555,0,12.0393333333333,34.314013251317,1325.36666666667,45.1580833333334,23.0844166666667,15.5790405523917,35.6905,64.64,1289.95,20.7528996126107,-63.0587747954686,5.1152421619144,11.3661387868462,35.5257503883503,20.2272564711639,220.273234767386,395.147084268109,"(0, -0.1 MPa)",NA,2.22201382203817,37.9280580259669
"3d","ile","ilex09",1,2024-09-27 08:00:00,5,489.5,2024-09-27 07:50:00,927.444444444445,1,12.04,33.9154854735392,688.804166666667,48.901125,19.5930416666667,11.7063066845701,27.2175,69.658,620.575,11.109729686287,-112.355992195086,2.30058431766049,9.59786475114908,27.1894918673408,11.0620961462254,188.343939809479,303.405793207424,"[-0.1, -0.5)","VPD 1-2 kPa",4.17192479209341,25.2615944566301
"3d","ile","ilex09",1,2024-09-27 09:00:00,5,492,2024-09-27 08:50:00,926.041666666667,1,12.04,35.1188373253911,1064.88055555555,44.9312777777778,20.5493611111111,13.3813079380769,30.1061666666667,66.9678333333333,1014.53333333333,14.2368575572813,-113.919279456719,3.28982344206523,12.0809635485847,30.4523160711021,15.1163423312662,195.528920123502,323.309849135622,"[-0.1, -0.5)","VPD 1-2 kPa",3.67222246461979,28.7136366423848
"3d","ile","ilex09",1,2024-09-27 10:00:00,5,494.5,2024-09-27 09:50:00,926,1,12.0316666666667,35.3722910290947,1073.49166666666,42.2107916666667,21.6965416666667,15.0684366760711,32.816,64.005,1115.575,18.0001887058725,-115.065770531165,4.12069407940012,12.4367157182612,32.8633370086799,18.1221669976024,202.696173693169,347.2591988506,"[-0.1, -0.5)","VPD 1-2 kPa",3.01811187111267,32.0074400071904
"3d","ile","ilex09",1,2024-09-27 11:00:00,5,497,2024-09-27 10:50:00,925.097222222222,1,12.0393333333333,34.4877817698355,1370.87803030303,39.1554545454545,22.6771590909091,16.841876131206,35.3758333333333,60.1016666666667,1319.95,23.0254960476161,-116.376417131588,4.75701151355764,11.488120848932,35.5203231640726,23.5234044115368,179.125338414768,280.83506889522,"[-0.1, -0.5)",NA,2.41498697579151,34.6591438372806
"3d","ile","ilex09",1,2024-09-27 12:00:00,5,499.5,2024-09-27 11:50:00,925,1,12.039,34.9644854735392,1176.61666666667,33.1435,23.4365,19.3723279589509,34.7895,58.2785,608.7,23.2900701421608,-117.990257801916,4.60274454246065,11.1211016424809,33.272630801898,18.7661277161701,216.58021977299,382.931398113009,"[-0.1, -0.5)","VPD 1-2 kPa",2.41618919752941,32.5361282758767
"3d","ile","ilex09",1,2024-09-27 13:00:00,5,502,2024-09-27 12:50:00,924.25,1,12.04,35.1535965846503,748.838888888889,34.2645,23.007,18.5619035575718,30.006,62.5313333333333,834.533333333333,16.062883447927,-119.674160429332,3.43329273219497,10.1447960965148,29.7785369594889,15.8183215123307,202.508489680098,361.906511890334,"[-0.1, -0.5)","VPD 1-2 kPa",2.95482992212815,26.6577747793404
"3d","ile","ilex09",1,2024-09-28 08:00:00,5,549.5,2024-09-28 07:50:00,933.125,1,12.04,35.3983743624281,728.283333333333,63.7365,14.6375416666667,6.07635925602237,20.1285,75.7935,655.575,5.74540301862157,-152.614978661915,1.15378172540345,10.4199086146112,21.387043606426,7.67087758990887,136.756295181675,188.347892363586,"[-0.1, -0.5)",NA,9.03109174394979,17.9363453533196
"3d","ile","ilex09",1,2024-09-28 09:00:00,5,552,2024-09-28 08:53:20,932.421296296296,1,12.039,34.9939854735392,1149.81111111111,56.9368611111111,16.1609444444444,7.96555451731271,23.9573333333333,71.2573333333333,1098.28333333333,8.62018467886934,-154.442489334904,1.831840007193,12.0937288059797,26.0999986694797,12.7299104553256,129.759099089067,175.364206008286,"[-0.1, -0.5)","VPD 1-2 kPa",6.60195691681141,21.2963529722628
"3d","ile","ilex09",1,2024-09-28 10:00:00,5,554.5,2024-09-28 09:50:00,932,1,12.0396666666666,33.2013188068725,1203.28333333334,51.8265,17.4778333333334,9.66033937802462,26.7885,67.155,1226.2,11.6192460866379,-155.917878496358,2.31980758681027,12.4841239324837,28.8541569172818,16.1452839993059,129.827145628743,176.13780083504,"[-0.1, -0.5)","VPD 1-2 kPa",5.38153422872858,23.7482180476977
"3d","ile","ilex09",1,2024-09-28 11:00:00,5,557,2024-09-28 10:53:20,931.481481481481,1,12.0398888888889,34.6869299179837,1528.83888888889,50.2434444444444,18.366,10.5589480399885,28.547,65.104,1465.36666666667,13.6960495451122,-158.015756172254,2.93775345240071,12.6477425283494,30.754323650659,19.0650776739979,139.67361628281,194.733075824703,"[-0.1, -0.5)","VPD 1-2 kPa",4.30524301418613,25.5134011288097
"3d","ile","ilex09",1,2024-09-28 12:00:00,5,559.5,2024-09-28 11:50:00,930.666666666667,1,12.039,35.3061243624281,1589.11666666667,46.9298333333333,19.701,12.234586130482,29.1265,64.2495,1599.95,14.4993727477105,-159.604764130385,3.06495042396196,11.4855185709411,31.6815573963128,20.8866587680774,131.722154794509,179.297237814629,"[-0.1, -0.5)",NA,3.74737499215213,26.0376517246503
"3d","ile","ilex09",1,2024-09-28 13:00:00,5,562,2024-09-28 12:53:20,930,1,12.0307777777778,35.9862076957614,1416.2,44.0868888888889,20.0174444444445,13.1431656084957,28.0183333333333,64.5993333333333,1372.03333333333,13.4620914073255,-161.621152048846,2.86042469695461,10.8088079817012,29.9755978868867,18.0161473558196,142.309571795542,199.178204134677,"[-0.1, -0.5)","VPD 1-2 kPa",3.77874236410033,24.549353698234
"3d","ile","ilex09",1,2024-09-28 14:00:00,5,564.5,2024-09-28 13:50:00,929.534722222222,1,12.0311666666666,36.031763251317,1045.99166666667,42.5364166666667,20.4340833333333,13.8609606112976,29.234,63.321,1279.95,14.9619218061436,-163.303854262763,3.21379240162091,10.4559623170463,30.5013818241932,18.03665585785,159.47881304554,234.477953784289,"[-0.1, -0.5)","VPD 1-2 kPa",3.25346537995818,25.8211703469612
"3d","ile","ilex09",1,2024-09-29 08:00:00,5,609.5,2024-09-29 07:55:00,929.923611111112,1,12.0308333333333,38.1272582601411,704.741666666667,69.9700833333333,12.8020833333333,4.48650607937716,20.804,71.746,564.95,7.08146734137418,-195.208216165538,1.1603191542897,9.50649350209436,21.7218571964411,8.56816829950741,119.042202785898,157.613754071324,"[-0.1, -0.5)",NA,8.19299885462448,17.7011590671361
"3d","ile","ilex09",1,2024-09-29 09:00:00,5,612,2024-09-29 08:53:20,930.421296296296,1,12.0373333333333,37.6883743624281,1078.7,60.7547222222222,15.6467777777778,7.0402182553,28.5763333333333,64.2653333333333,1036.2,14.1891749350143,-196.666437756871,2.53715603896242,10.8287761835294,29.7231279274721,16.9077311788923,136.053569244079,187.497631808326,"[-0.1, -0.5)","VPD 1-2 kPa",4.26807654603612,25.2276358365602
"3d","ile","ilex09",1,2024-09-29 10:00:00,5,615,2024-09-29 10:10:00,928.777777777778,1,12.04,34.6975965846503,969.533333333333,53.2066666666667,18.4158333333333,9.96095264902554,34.253,52.674,963.7,25.6463882258839,-197.831526656246,3.09577769689092,8.27925752685507,34.6915037563266,26.9818612730923,101.740836112709,127.765271759168,"[-0.1, -0.5)",NA,2.67437081647364,28.5445178846767
"3d","ile","ilex09",1,2024-09-29 11:00:00,5,617.5,2024-09-29 11:05:00,925.965277777778,1,12.0365,34.3930965846503,1467.03333333333,46.7418333333333,20.8039166666667,13.1644152645732,36.119,48.2535,1469.95,31.0929067180263,-197.535952128576,3.27850682346676,5.91465068652066,38.2164166540298,38.3636559129795,75.003220923942,88.2559810281105,"[-0.1, -0.5)","VPD 3-4 kPa",1.80406843877372,28.9875384996172
"3d","ile","ilex09",1,2024-09-29 12:00:00,5,619.5,2024-09-29 11:55:00,925.340277777777,1,12.04,35.8439576957614,1446.2,41.8535,22.77875,16.1869089673427,36.72,42.4785,1497.45,35.7123387096104,-196.582857432559,2.78404809782499,4.89225325501669,39.5875803212605,46.1133802799762,52.8760306279598,59.1460965679329,"[-0.1, -0.5)",NA,1.75724451701776,26.3715940139504
"3d","ile","ilex09",1,2024-09-29 13:00:00,5,622,2024-09-29 12:53:20,922.481902356902,1,12.0344444444444,36.1652817698355,1390.55606060606,39.6801919191919,23.9491767676768,18.0243909494258,36.1693333333333,41.2373333333333,1413.7,35.4545664042575,-195.178249618134,2.39678386526437,4.63089972730193,39.2046721649973,46.2300994258904,45.5505486684968,50.1646660638084,"[-0.1, -0.5)",NA,1.93213071667234,24.8411584597728
"3d","ile","ilex09",1,2024-09-29 14:00:00,5,624.5,2024-09-29 13:55:00,922.9375,1,12.0355,36.2397354735392,991.616666666665,38.0057083333333,24.2327916666666,18.8534583336518,38.693,34.0655,1231.2,45.5715624108324,-193.573784759139,2.00035850272028,3.05382768623151,41.5545747969883,56.9478211400234,30.6792181456213,32.7083543600488,"[-0.1, -0.5)","VPD 5-9 kPa",1.52664019078511,23.5362342580324
"3d","ile","ilex09",1,2024-10-01 09:00:00,6,1,2024-10-01 08:30:00,925.166666666667,0.708333333333333,12.03,32.0988188068725,974.95,70.56625,20.2659166666667,7.03231266335111,30.4995,70.2805,938.7,13.0435991679448,-289.264742664688,2.10132162513905,9.60190365308023,31.7549818439102,16.2814544025699,114.375728005573,148.344364924345,"[-0.1, -0.5)","VPD 1-2 kPa",4.56945930513843,30.8204517706345
"3d","ile","ilex09",1,2024-10-01 12:00:00,6,9.5,2024-10-01 12:00:00,920,1,12.0366666666667,35.2748188068726,784.324999999998,55.50875,24.7180833333334,13.9673293064139,37.449,46.215,888.7,36.387174212261,-293.053249560857,1.89353130936821,4.36108322362263,38.9753700594687,42.6306777118698,41.0294917548443,44.8219841629413,"[-0.1, -0.5)",NA,2.30314819831404,29.8533374972026
"3d","ile","ilex09",1,2024-10-01 13:00:00,6,12,2024-10-01 13:00:00,918.722222222222,1,12.0303333333333,35.7502447327985,683.977777777778,52.1391111111111,25.0958333333333,15.3714164001925,30.578,56.923,560.366666666667,19.0084124896776,-290.890329382088,1.31973082811953,7.22423401167038,31.385852222923,21.0737413924954,55.1718960849408,62.073938888383,"[-0.1, -0.5)",NA,5.47402080617008,25.0749914924341
"3d","ile","ilex09",1,2024-10-01 14:00:00,6,14.5,2024-10-01 14:00:00,917.895833333333,0.979166666666667,12.0356666666667,35.2355410290947,921.408333333335,42.1425833333333,27.40275,21.2263325722061,39.8735,38.73,1069.95,45.294623784555,-290.365874633443,1.84800400694529,3.564565385134,42.280860860074,55.4466883156844,32.2723957496962,35.394836966433,"[-0.1, -0.5)","VPD 5-9 kPa",1.92887319060858,28.5066915702621
"3d","ile","ilex09",1,2024-10-02 09:00:00,6,62,2024-10-02 09:00:00,919.625,0,12.0366666666667,33.0410225105763,679.116666666667,69.0710111111111,22.6895111111111,8.59001203935445,30.678,73.423,847.866666666667,11.8771559953757,-370.848647350169,1.90398327789482,10.1834718718073,31.8168867775139,14.8924798709912,125.375749113966,188.12104654619,"[-0.1, -0.5)","VPD 1-2 kPa",5.34850909145953,32.5286548021011
"3d","ile","ilex09",1,2024-10-02 10:00:00,6,64.5,2024-10-02 10:00:00,918.486111111112,0,12.039,32.9990965846503,831.2,64.0303333333333,24.0103333333333,10.8127837402024,32.966,63.6755,739.95,18.4723961667546,-373.719301399213,1.92272029872832,8.85682168164421,33.7617511546641,20.8312726794849,78.7497455937076,93.9921296926641,"[-0.1, -0.5)",NA,4.60640150702214,32.1120983982288
"3d","ile","ilex09",1,2024-10-02 11:00:00,6,67,2024-10-02 11:00:00,917.592592592593,0,12.0316666666667,32.9330225105763,625.644444444444,65.2247777777778,23.9923888888889,10.4193598280485,32.323,58.2663333333333,649.533333333333,20.7248635466734,-376.237852120078,1.05376127425148,6.67488579809354,33.8507045485537,25.0698913771342,37.23940819611,40.2614471373374,"[-0.1, -0.5)",NA,6.33434342406913,28.339953924599
"3d","ile","ilex09",1,2024-10-02 12:00:00,6,69.5,2024-10-02 12:00:00,916.833333333333,0,12.03,33.1664299179836,532.866666666667,63.1781666666666,24.1818333333333,11.1572124925599,30.049,60.989,521.2,16.6718925679717,-377.308196076076,0.794468456426965,6.69793101423486,31.3560987908289,19.9843681142388,35.0153199290026,37.6550741602545,"[-0.1, -0.5)","VPD 1-2 kPa",8.43070729876184,26.064496060804
"3d","ile","ilex09",1,2024-10-04 08:00:00,6,146,2024-10-04 07:53:20,921.986111111111,0,12.0341111111111,33.4942076957614,669.811111111111,72.1199444444444,13.8153888888889,4.47831916223299,20.9683333333333,69.3856666666667,612.866666666667,7.82143500353089,-800.879128249578,1.01184266708069,5.782715552268,22.3064076484892,10.017278593874,91.525896727427,112.173288157692,"[-0.5 -1.5)","VPD 1-2 kPa",5.7150343036551,17.2927215190334
"3d","ile","ilex09",1,2024-10-04 09:00:00,6,148,2024-10-04 08:40:00,921.444444444444,0,12.038,33.1415410290947,955.783333333333,61.219,15.878,7.0285664372999,26.274,58.168,898.7,14.3515101060609,-805.92662287633,1.25682216490257,5.32637743319013,28.5610572880197,19.2646784390447,58.1844408716714,65.8558355016973,"[-0.5 -1.5)","VPD 1-2 kPa",4.23797223022641,19.9559820197302
"3d","ile","ilex09",1,2024-10-04 10:00:00,6,151.5,2024-10-04 10:05:00,919.569444444445,0,12.0396666666666,32.0857076957614,961.2,55.1911666666667,17.567,9.03863023743085,29.5345,47.497,926.2,21.8356791420578,-815.929082292642,1.4361212739266,3.94751387103966,31.7514322105081,27.445720785194,46.8316754964001,51.7636332807032,"[-0.5 -1.5)",NA,2.748732953622,19.7069470042919
"3d","ile","ilex09",1,2024-10-04 11:00:00,6,153.5,2024-10-04 10:55:00,918.270833333333,0,12.038,32.5390688068725,1367.1375,52.2117916666667,18.4865833333333,10.2146561420573,30.6925,42.161,1312.45,25.699089796333,-819.871397389751,1.31261717533873,3.55251793073392,34.8224913330117,37.366222794559,31.3708111173601,33.5152677737195,"[-0.5 -1.5)","VPD 3-4 kPa",2.70643870694223,18.6940959551675
"3d","ile","ilex09",1,2024-10-04 12:00:00,6,156,2024-10-04 11:53:20,916.055555555555,0,12.0358888888889,33.7963558439096,1415.78333333333,49.2686666666667,19.7178055555555,11.7068810651777,31.872,37.8431666666667,1419.95,29.4916964749208,-825.465914470375,1.13474542529332,2.59258940740399,36.7878405352819,44.3917428640173,22.4157847618342,23.4720222445932,"[-0.5 -1.5)",NA,2.28473219597588,17.9432717273218
"3d","ile","ilex09",1,2024-10-04 13:00:00,6,158,2024-10-04 12:40:00,913.958333333333,0,12.0306666666667,33.3359299179836,1354.325,48.0903333333333,20.3605833333333,12.4647459223512,29.706,41.123,1384.95,24.6709510884591,-827.171385615366,1.100332252232,3.18927284292079,34.505611851107,37.725221366955,25.6046803235468,26.9881366491151,"[-0.5 -1.5)","VPD 3-4 kPa",2.89846347451092,17.2315763644667
"3d","ile","ilex09",1,2024-10-04 14:00:00,6,161,2024-10-04 13:55:00,914.6875,0,12.0321666666667,32.935374362428,728.074999999998,45.18775,20.6349166666666,13.3931131288366,28.9335,39.81075,799.95,24.5963111027973,-834.440834034437,0.799563049908122,2.64246020088309,31.5339202343317,32.0440048637322,23.3787441968772,24.5631250058244,"[-0.5 -1.5)","VPD 3-4 kPa",3.30488033581183,15.9546222601778
"3d","ile","ilex09",1,2024-10-05 08:00:00,6,206,2024-10-05 07:56:40,922.703703703704,0,12.0308888888889,36.025800288354,690.741666666667,74.8571,11.2908888888889,3.43837299884269,18.852,65.8773333333333,615.783333333333,7.67432829439675,-1089.75955893744,0.877525908546035,5.0314021008189,20.4116498762203,10.0293251800537,83.4338930170668,101.019753260332,"[-0.5 -1.5)","VPD 1-2 kPa",5.73362228034428,14.400301877523
"3d","ile","ilex09",1,2024-10-05 09:00:00,6,208.5,2024-10-05 08:55:00,922.4375,0,12.035,34.2937910290948,1015.05416666666,62.4265,14.802875,6.37496003476312,27.1535,52.015,974.325,17.4792659383614,-1097.49258007289,1.27433550603374,3.70438931794068,29.7815472745136,23.5072664845756,49.7554405405598,55.4678112327056,"[-0.5 -1.5)",NA,2.90691839033057,18.7926908176869
"3d","ile","ilex09",1,2024-10-05 10:00:00,6,211,2024-10-05 09:56:40,920.763888888889,0,12.0393333333333,33.7211706587244,808.144444444444,61.9050277777778,16.3241944444444,7.15923990411392,29.055,45.12,951.616666666667,23.1557014730007,-1099.25093817462,0.975244511912147,2.95234491440926,32.0835326822463,31.6340992818074,34.2466751621917,37.6021547799788,"[-0.5 -1.5)","VPD 3-4 kPa",3.02728687867276,18.2098651673822
"3d","ile","ilex09",1,2024-10-05 12:00:00,6,216.5,2024-10-05 12:10:00,915.402777777778,0,12.0346666666667,35.4489576957615,985.991666666668,48.4323333333333,20.6411666666666,12.6060032442348,32.2155,34.945,867.45,31.6913656831395,-1096.74379181982,0.797403517684866,1.26649752303167,35.1368834062005,40.7985653064062,17.5092568941597,18.1509777560435,"[-0.5 -1.5)",NA,1.58827681963173,16.8939760275499
"3d","ile","ilex09",1,2024-10-05 13:00:00,6,218.5,2024-10-05 12:55:00,913.083333333333,0,12.037,36.0803465846503,867.866666666667,47.5333333333333,21.1988333333334,13.2776728154383,30.8855,38.3275,986.2,27.6733911941192,-1080.05723813825,0.89223516753018,2.65837953137649,34.2047487760876,37.0541762288012,21.4267315596017,22.3998545814291,"[-0.5 -1.5)","VPD 3-4 kPa",2.97946060424318,17.1825084245443
"3d","ile","ilex09",1,2024-10-05 14:00:00,6,221,2024-10-05 13:56:40,911.365740740741,0,12.0334444444444,34.1191151031688,679.533333333334,48.1552222222222,22.2241666666667,13.959324923078,31.622,36.3856666666667,686.2,29.7407933874929,-1058.36808131417,0.687971569930948,1.14018410965035,33.8709103228477,36.2111622555685,16.5189050210141,17.0869704065495,"[-0.5 -1.5)","VPD 3-4 kPa",1.65731283018685,17.009581329189
"3d","ile","ilex09",1,2024-10-06 11:00:00,6,273.5,2024-10-06 11:00:00,918.395833333333,0,12.0315,33.0155132513169,533.075,64.0049166666667,21.7064166666667,9.39145803362704,27.3895,57.07,526.2,15.7273501983071,-1214.63484423757,0.741796039922693,4.40867843704868,28.7975906230308,18.8574138867557,34.9220811095973,37.5488860778418,"[-0.5 -1.5)","VPD 1-2 kPa",5.94324881743523,20.9060855935466
"3d","ile","ilex09",1,2024-10-06 12:00:00,6,276,2024-10-06 11:56:40,919.101851851852,0,12.0361111111111,33.6969113994651,607.45,59.5808888888889,23.6028888888889,11.861863299281,30.4923333333333,51.9656666666667,764.533333333333,21.1128099236146,-1207.52600416353,0.858247418520144,3.55109191639495,32.8072691262309,27.3173994771404,27.6656081013214,29.3265818998741,"[-0.5 -1.5)",NA,4.13760861933965,22.7794211013644
"3d","ile","ilex09",1,2024-10-08 08:00:00,6,385.5,2024-10-08 07:50:00,917.25,0,12.037,32.6381243624281,607.866666666667,67.7280833333334,17.9655,6.69300062275879,23.035,71.514,548.7,8.22153461296771,-1925.50980993629,0.797273624951779,4.77978105932308,24.3993699670248,10.703413604388,67.4241614584197,78.0024041669302,"[-1.5 -3.5)","VPD 1-2 kPa",5.99515763438452,20.2170539582894
"3d","ile","ilex09",1,2024-10-08 09:00:00,6,388,2024-10-08 08:50:00,914.578703703704,0,12.0394444444445,34.6286706587244,930.366666666668,61.7463888888889,19.3906666666667,8.66285371586213,29.863,54.4566666666667,903.7,19.377918376894,-1922.048604127,1.00497359890746,2.82329143667937,32.5823350485349,26.5907788257564,34.5579564255694,37.2583628163078,"[-1.5 -3.5)",NA,2.80931901071697,23.025604285262
"3d","ile","ilex09",1,2024-10-08 10:00:00,6,390.5,2024-10-08 09:50:00,914.548611111112,0,12.0345,33.5544576957614,679.533333333333,60.03425,20.0729166666667,9.42852012965687,29.5775,49.878,684.95,21.016048841363,-1903.02973572299,0.688139064772366,2.43239235922983,31.7972515869642,26.654550296453,23.2270853301225,24.3933326196671,"[-1.5 -3.5)",NA,3.53473953703595,20.7461543475585
"3d","ile","ilex09",1,2024-10-08 11:00:00,6,393,2024-10-08 10:50:00,914.359126984127,0,12.0301111111111,35.4693188068725,1121.11071428571,55.5581428571429,21.214369047619,11.2566458850732,31.1858333333333,44.269,1201.61666666667,25.5662972692473,-1908.0783357256,0.782398824766155,2.05670144796165,35.6461172873973,38.6321075211749,18.7490003602898,19.5870923409235,"[-1.5 -3.5)","VPD 3-4 kPa",2.62871234319193,20.1885120233474
"3d","ile","ilex09",1,2024-10-08 12:00:00,6,395.5,2024-10-08 11:50:00,914.208333333333,0,12.0336666666667,35.6858743624281,1383.7,53.0585833333334,21.853,12.3547600057584,32.58,38.291,1288.075,30.4710677992258,-1892.54291194068,0.622026767562895,0.832507235721715,37.7131659007013,46.6719452362111,11.6769037291125,11.9592568126157,"[-1.5 -3.5)",NA,1.33837847362017,18.8959278254134
"3d","ile","ilex09",1,2024-10-08 13:00:00,6,398,2024-10-08 12:50:00,913.277777777778,0,12.0345555555555,34.9668928809466,1085.43611111111,49.9802222222222,22.4285,13.640859957938,31.3073333333333,39.2065,1027.03333333333,28.2948953209392,-1868.22986970322,0.483574211871973,0.866806080308347,35.4451449980543,40.9591731771964,10.7255126005793,10.9670776886313,"[-1.5 -3.5)",NA,1.79249856387676,18.0037578543798
"3d","ile","ilex09",1,2024-10-08 14:00:00,6,400.5,2024-10-08 13:50:00,912.125,0,12.0303333333333,33.5953465846503,626.075,51.4866166666666,22.3906333333333,13.2268319288792,31.3145,38.9865,788.075,28.8106892117774,-1858.00188404137,0.402887899615151,0.584546992378445,34.4535550681083,38.5161878710024,8.95080368458115,9.11470593188111,"[-1.5 -3.5)","VPD 3-4 kPa",1.45089240192326,17.9100268142459
"3d","ile","ilex09",1,2024-10-09 08:00:00,6,446,2024-10-09 08:00:00,909.75,0,12.037,35.1361521402059,634.533333333333,72.9515,19.46875,6.19970376320241,21.104,77.35,584.95,5.76065180826407,-2226.87327068717,0.633668076703507,2.71217370707124,22.837759559103,8.47832394334757,66.2235337318975,76.3456102787411,"[-1.5 -3.5)",NA,4.28011731501548,19.4389840840775
"3d","ile","ilex09",1,2024-10-09 10:00:00,6,450.5,2024-10-09 09:50:00,910.208333333333,0,12.034,33.1733465846503,720.054166666667,63.384375,22.1264583333333,9.87538837234504,32.52625,45.696,911.825,27.7122452224012,-2210.79395498356,0.503445534244789,0.790905149765541,36.0767193434909,39.2116126396855,11.4058223580873,11.6738940161414,"[-1.5 -3.5)","VPD 3-4 kPa",1.57098453748719,22.4820113649766
"3d","ile","ilex09",1,2024-10-09 13:00:00,6,457.5,2024-10-09 12:40:00,906.5625,0,12.0371666666666,34.8194854735392,442.241666666667,61.4841666666667,23.19175,11.0082926644883,28.0325,54.652,818.7,17.2514831475653,-2146.32514711872,0.417364512729981,2.10881698772855,31.2709468692285,25.3387013982689,13.6385705043175,14.0510670608556,"[-1.5 -3.5)",NA,5.05269835697046,20.7862661192498
"3d","ile","ilex09",1,2024-10-09 15:00:00,6,463,2024-10-09 14:53:20,904.092592592593,0,12.0327777777778,34.637263251317,373.561111111111,50.6722777777778,25.9918333333333,16.6520304473927,31.3933333333333,44.241,591.2,26.183435069044,-2092.64542469302,0.313038988331375,0.727905767707111,33.7398632424646,33.2117379173963,7.57062788649035,7.69808929094505,"[-1.5 -3.5)","VPD 3-4 kPa",2.32528788694068,20.4151316868408
"3d","ile","ilex09",1,2024-10-10 08:00:00,6,505,2024-10-10 07:53:20,917.892195767196,0,12.0362222222222,34.9038188068725,588.065079365079,72.8638492063492,15.7559365079365,4.95266646657177,22.6703333333333,61.522,525.783333333333,11.1770845481967,-2746.68974234997,0.504185630190064,1.20423244312293,24.4134211525493,14.4665480950636,36.1538113944746,39.4080576637528,"[-1.5 -3.5)","VPD 1-2 kPa",2.38847037879475,17.0122738722118
"3d","ile","ilex09",1,2024-10-10 09:00:00,6,507.5,2024-10-10 08:55:00,918.194444444444,0,12.0391666666666,35.8600410290947,937.102777777778,60.4006388888888,17.7064166666666,8.06479446108405,29.2125,44.066,896.2,22.8485890535945,-2740.28615761601,0.46050018062354,0.980303269786812,32.7796622525787,31.9865264418545,12.6790201018577,13.0122045821225,"[-1.5 -3.5)","VPD 3-4 kPa",2.12877933828263,17.9470363599306
"3d","ile","ilex09",1,2024-10-10 10:00:00,6,510,2024-10-10 09:53:20,918.888888888889,0,12.0388888888889,34.8012817698355,931.130555555554,56.0311388888889,18.5826944444444,9.45587537634616,29.7271666666667,39.703,914.116666666667,25.3412723191668,-2730.84139670207,0.448450953056784,0.964805967123646,33.3994171718046,35.0596397126737,11.3583189129275,11.6250314887398,"[-1.5 -3.5)","VPD 3-4 kPa",2.15141914750593,16.6568268980384
"3d","ile","ilex09",1,2024-10-10 11:00:00,6,512.5,2024-10-10 10:55:00,918.75,0,12.0353333333333,35.0262354735392,1231.825,54.135375,19.2069166666667,10.2540272710498,31.079,35.055,1056.2,29.4381004267738,-2719.57521572664,0.415067610169783,0.529881554802494,35.4715841525312,42.1830465264919,8.55693846032391,8.71008991224626,"[-1.5 -3.5)",NA,1.27661504251258,15.8896390863123
"3d","ile","ilex09",1,2024-10-10 12:00:00,6,515,2024-10-10 11:53:20,917.652777777778,0,12.0301111111111,34.442763251317,1356.89444444444,51.3522222222222,20.2533611111111,11.6075319986814,31.0428333333333,34.5341666666667,1351.2,29.618277410814,-2712.47688183344,0.382621572331359,0.434645097345172,36.8889361068357,47.0391799839692,7.14072022810584,7.24471042468345,"[-1.5 -3.5)",NA,1.13596600081074,15.6213532982145
"3d","ile","ilex09",1,2024-10-10 13:00:00,6,517.5,2024-10-10 12:55:00,915.078125,0,12.0308333333334,34.5185410290947,1266.825,47.8736041666667,20.8189791666667,12.8729452704154,29.9845,35.2625,1291.825,27.5685252765988,-2683.19267969999,0.357335051073178,0.508784504796792,35.598733467593,43.3838991181913,7.23223043018876,7.33849643055034,"[-1.5 -3.5)",NA,1.42383038906698,15.014240490986
"3d","ile","ilex09",1,2024-10-10 14:00:00,6,520,2024-10-10 13:53:20,913.842592592592,0,12.0317777777778,34.6880225105762,897.311111111109,44.293,20.9563888888889,13.8741693966689,30.5066666666667,32.682,1015.36666666667,29.5334833109159,-2645.27677512724,0.397546907684383,0.418158673474498,34.7456650925147,41.4032631828989,8.46954713113208,8.61654461933413,"[-1.5 -3.5)",NA,1.05184738050202,14.3380718356928
"3d","ile","ilex09",1,2024-10-11 08:00:00,6,565.5,2024-10-11 08:10:00,927.145833333333,0,12.0305,35.3845132513169,696.616666666667,75.018125,14.5115,4.148768689147,24,56.6545,630.575,13.1744845122231,-3331.16325200435,0.570766612183835,1.82675999424805,26.1331242636116,17.3219531299525,31.070353971646,33.2287629485047,"[-1.5 -3.5)","VPD 1-2 kPa",3.20053758445786,16.9755200798901
"3d","ile","ilex09",1,2024-10-11 09:00:00,6,567.5,2024-10-11 08:55:00,925.333333333333,0,12.0366666666667,35.6766799179836,909.95,68.1997083333333,16.2452916666666,5.93887458884033,28.60075,45.824,810.575,21.5216360040403,-3358.50224910105,0.540734186839319,0.470325991851808,31.6351995658618,29.2207006959908,17.2308254748685,17.871760142941,"[-1.5 -3.5)",NA,0.86979148590723,18.0139055362015
"3d","ile","ilex09",1,2024-10-11 10:00:00,6,570,2024-10-11 09:53:20,923.753086419753,0,12.0392222222222,34.6852262142799,924.741666666668,61.3398240740741,17.8642777777778,7.96535961712678,33.481,35.0753333333333,932.866666666667,34.026900706206,-3288.82794000336,0.45563852528403,0.129933273103666,37.2268891770535,45.951917603959,8.55159312292815,8.70727160351798,"[-1.5 -3.5)",NA,0.285167442815925,18.2066793399633
"3d","ile","ilex09",1,2024-10-11 11:00:00,6,572,2024-10-11 10:50:00,922.041666666667,0,12.03,34.2664299179836,1324.11666666667,55.948,19.2598333333333,9.88163863240075,35.798,30.305,1321.2,41.1366262543791,-3200.3354516731,0.495716198711236,0.134899981483842,41.2868347437101,61.4519531736536,7.04571050287505,7.14651791748124,"[-1.5 -3.5)","VPD 5-9 kPa",0.272131477314147,17.8871577392777
"3d","ile","ilex09",1,2024-10-11 12:00:00,6,575,2024-10-11 11:56:40,919.180555555556,0,12.0366666666667,34.6071521402059,1292.45,46.1004444444444,21.5546111111111,13.93889957988,36.4556666666667,27.399,1212.03333333333,44.6521319118421,-3092.42271971423,0.478616697100464,0.137996722567244,41.4675311123081,63.474882194,6.50959415199336,6.59812400915278,"[-1.5 -3.5)","VPD 5-9 kPa",0.288324087737119,16.7659032670247
"3d","ile","ilex09",1,2024-10-11 13:00:00,6,577.5,2024-10-11 13:00:00,914.347222222222,0,12.0328333333334,35.471763251317,1239.95,42.24375,23.022,16.3296753654173,35.647,28.0585,1264.95,42.1168366951812,-2949.00061154931,0.445013849767396,0.182934115001709,40.9586377610789,61.5509923516538,6.26969266525843,6.35039603545385,"[-1.5 -3.5)","VPD 5-9 kPa",0.411075104959827,16.4241942460101
"3d","ile","ilex09",1,2024-10-11 14:00:00,6,580,2024-10-11 13:56:40,914.171296296296,0,12.03,35.7952817698355,915.227777777777,38.3461111111111,23.2226666666667,17.6453485376778,36.713,25.3806666666667,1054.53333333333,46.3080865309904,-2867.14765346019,0.545199769774541,0.231997606738519,40.8850815964186,61.9406869950126,7.65518853311239,7.77556786746641,"[-1.5 -3.5)","VPD 5-9 kPa",0.425527704889637,15.7508581046889
"3d","ile","ilex09",1,2024-10-13 11:00:00,6,692.5,2024-10-13 11:00:00,927.159722222222,0,12.035,32.619513251317,1084.95,77.9893333333333,20.5965833333333,5.37505154188247,34.6395,45.2995,589.95,30.4664745133463,-3309.77773153397,0.331251016620242,0.192923123578819,36.9547889328471,38.061412144418,7.77046988762076,7.89415194855976,"[-1.5 -3.5)","VPD 3-4 kPa",0.582407642238251,25.0807585503819
"3d","ile","ilex09",1,2024-10-13 12:00:00,6,694.5,2024-10-13 11:50:00,926.416666666667,0,12.0361666666667,35.199513251317,1248.80416666666,75.2995,21.763625,6.47238335860904,34.982,45.055,1283.7,31.0220182067617,-3241.61057413687,0.306608328987616,0.0309609081048441,40.5905395412333,51.0653963761817,5.26126618891719,5.3173239031403,"[-1.5 -3.5)","VPD 5-9 kPa",0.100978692284953,25.423058846892
"3d","ile","ilex09",1,2024-10-13 13:00:00,6,697,2024-10-13 12:50:00,924.666666666667,0,12.0355555555556,36.5841336216873,1159.04722222222,71.5481388888889,23.3805833333334,8.22966790194129,35.7261666666667,43.5651666666667,1167.45,33.2050130906846,-3129.0148804104,0.235878182993549,0.20046821230871,40.900857226737,52.1346577960459,3.94115774962439,3.97384521812538,"[-1.5 -3.5)","VPD 5-9 kPa",0.849880263467151,25.6124316654563
"3d","ile","ilex09",1,2024-10-13 14:00:00,6,699.5,2024-10-13 13:50:00,922.291666666667,0,12.03,36.6514854735392,956.408333333335,65.9085416666667,24.7779166666667,10.7101824141873,37.1705,40.2445,995.575,38.0523063254214,-3020.00762788507,0.351006526929233,0.112560698692815,41.3452792603835,53.9998018582429,5.66068854281408,5.72576225200996,"[-1.5 -3.5)","VPD 5-9 kPa",0.320679788143964,25.6059030639666
"3d","ile","ilex09",1,2024-10-13 15:00:00,6,701.5,2024-10-13 14:40:00,921.104166666667,0,12.03,34.3165965846503,424.741666666667,59.9947916666667,25.0424583333333,12.7597371056114,35.36875,39.34075,645.575,35.1175016949276,-2949.15397845273,0.140699367483476,0.271122910853839,38.2319429351585,45.099188345021,2.75833067970421,2.77371091572698,"[-1.5 -3.5)",NA,1.92696609589009,22.6779759708191
"3d","ile","ilex10",4,2024-08-12 09:00:00,1,2,2024-08-12 09:03:20,977,1,13.0702222222222,35.8692222222222,885.427843915344,47.8917433862434,29.2332625661376,21.2844223691892,38.2426666666667,58.844,890.366666666667,28.4263650425563,-0.0979931012856695,5.84167642036502,8.57169419560254,36.7851180178866,23.0742355265259,244.847891915643,598.272580402814,"(0, -0.1 MPa)",NA,1.46733464484959,39.6807680908519
"3d","ile","ilex10",4,2024-08-12 10:00:00,1,5.5,2024-08-12 09:52:30,976.532738095238,1,13.0551666666667,34.9683194444444,914.308878968254,53.7785719246032,29.6871349206349,19.4111302964761,38.6185,62.967,890.575,25.9518471652785,-0.0979931012856695,5.9337819625205,8.70081834168861,37.2721205595439,20.9062167529163,264.691785155892,737.007876941995,"(0, -0.1 MPa)",NA,1.46631918675906,43.3304524311685
"3d","ile","ilex10",4,2024-08-12 14:00:00,1,22,2024-08-12 13:56:00,951.427083333333,1,12.93,32.0755970947078,1472.17123015873,28.2470333333333,38.0980333333333,48.0372537529951,48.05,52.6934,1405.7,53.2012585647887,-0.0979931012856695,8.68499389279231,0.232006331922961,46.4115848945749,44.2549168121606,171.688937254494,272.905050046718,"(0, -0.1 MPa)",NA,0.0267134709346778,59.2481776719563
"3d","ile","ilex10",4,2024-08-13 09:00:00,1,99,2024-08-13 08:50:00,952.888888888889,1,13.22,36.7443333333333,1173.42222222222,55.038,27.4622222222222,16.5535973977669,37.085,65.812,1148.7,21.6513811533141,-0.0979931012856695,6.90039537244899,0.110022677495109,35.8665267113433,17.5675480351341,354.465925890402,1406.81561773219,"(0, -0.1 MPa)","VPD 1-2 kPa",0.01594440195911,41.6789720504828
"3d","ile","ilex10",4,2024-08-13 12:00:00,1,111.5,2024-08-13 11:50:00,950.215401785714,1,12.9686666666667,33.3673055555556,1618.49786706349,39.8365873015873,32.5966870039682,29.7605335806216,44.624125,57.09075,1626.2,40.5876897684777,-0.0979931012856695,9.7732449882209,0.109150906711201,43.074940833726,33.2889682893696,259.951862115063,593.518405155452,"(0, -0.1 MPa)","VPD 3-4 kPa",0.0111683383403111,53.9131676731435
"3d","ile","ilex10",4,2024-08-14 10:00:00,1,143,2024-08-14 09:50:00,977,1,12.801,35.5987777777778,719.414285714286,75.6534285714286,22.0438571428571,6.48233903142199,28.161,79.292,681.2,7.93519678497924,-0.0979931012856695,2.77351958475212,13.5329303917056,27.9807087226975,7.53499440217526,347.04843534988,1296.81208169805,"(0, -0.1 MPa)",NA,4.87933471467269,30.3842777416735
"3d","ile","ilex10",4,2024-08-14 11:00:00,1,148.5,2024-08-14 11:05:00,976.305555555555,1,12.8246666666666,33.1739444444445,1456.40833333334,59.5718958333334,25.9740347222222,13.6324618402248,38.56475,63.5595,1383.7,24.9788160526118,-0.0979931012856695,6.72969172486419,13.7034890086993,37.7655154561756,22.136784150822,279.945471004688,684.219253325038,"(0, -0.1 MPa)",NA,2.03627291842642,43.6117286773237
"3d","ile","ilex10",4,2024-08-14 12:00:00,1,151,2024-08-14 11:45:00,976,1,12.8703333333333,34.101,1244.88303571429,56.0786428571429,26.3500982142857,15.1412876180894,36.8275,63.626,994.95,22.7311721441371,-0.0979931012856695,5.88053228675867,13.4444318779274,35.629414558363,18.7622011383387,292.102625948566,822.649094210795,"(0, -0.1 MPa)","VPD 1-2 kPa",2.28626104276317,39.7329010617461
"3d","ile","ilex10",4,2024-08-14 13:00:00,1,155.666666666667,2024-08-14 12:53:20,975.018518518519,1,12.9034444444444,34.9698703703704,729.539947089947,54.0012017195767,25.8367830687831,15.384106079767,32.0653333333333,67.7736666666667,693.7,15.6333845680539,-0.0979931012856695,4.13924463185564,11.0629643160144,31.0988347228897,13.0239240177951,298.609152892528,840.655559479454,"(0, -0.1 MPa)","VPD 1-2 kPa",2.67270125347842,32.4880753061783
"3d","ile","ilex10",4,2024-08-14 14:00:00,1,159.666666666667,2024-08-14 13:50:00,975.274691358025,1,12.9198888888889,35.3416481481481,1245.74861111111,49.2444953703704,26.4757685185185,17.6517676421772,34.425,65.0796666666667,1257.86666666667,19.7900875528159,-0.0979931012856695,5.67012702171809,11.8736521416051,33.8577698917959,18.1811276172659,296.230152690642,826.36912037461,"(0, -0.1 MPa)","VPD 1-2 kPa",2.09407163122198,35.6059826019735
"3d","ile","ilex10",4,2024-08-14 15:00:00,1,164,2024-08-14 14:54:00,975.6,1,12.9204666666667,36.4759111111111,995.554166666666,48.2040373015873,26.5642472222222,18.0856433646448,33.3651,63.5507,1033.2,19.1583221366867,-0.0979931012856695,4.94792836730521,10.8920431161972,32.6519054300905,17.1527812864888,268.43864840366,633.792279587467,"(0, -0.1 MPa)","VPD 1-2 kPa",2.20133403469811,32.7742677613134
"3d","ile","ilex10",4,2024-08-15 10:00:00,1,242.5,2024-08-15 10:10:00,979.944444444445,1,12.9228333333334,34.53725,1077.34583333334,47.6779166666666,24.7377361111111,16.3863386517222,35.755,59.9145,858.7,23.6314545449648,-0.0979931012856695,6.28286914689604,12.8038497965895,34.0933459279474,18.453605641572,320.071899781424,1022.73601255186,"(0, -0.1 MPa)","VPD 1-2 kPa",2.03789852967335,35.2802875154153
"3d","ile","ilex10",4,2024-08-15 11:00:00,1,245.666666666667,2024-08-15 10:53:20,979.166666666667,1,12.9202222222222,33.7945925925926,1491.34880952381,44.4460119047619,25.8292797619048,18.585568708021,38.0643333333333,60.4683333333333,1599.53333333333,26.5971455558674,-0.0979931012856695,7.82549085516529,12.4693594894442,37.1713081148663,23.3713921185462,309.523123120891,897.109138434651,"(0, -0.1 MPa)",NA,1.59342841493626,40.3850574844273
"3d","ile","ilex10",4,2024-08-15 12:00:00,1,249.5,2024-08-15 11:50:00,978.430555555555,1,12.9225,33.4881388888889,1730.79821428571,42.0228149801587,27.5080178571428,21.3953968897917,40.8705,58.00975,1714.0125,32.617231447338,-0.0979931012856695,9.00709011066938,11.4558368362119,39.6937128718397,27.8964540406308,297.233860347768,803.793996903249,"(0, -0.1 MPa)",NA,1.27186879396731,45.0218512036229
"3d","ile","ilex10",4,2024-08-15 13:00:00,1,253.5,2024-08-15 12:50:00,978,1,12.92425,32.2934166666667,1695.69652777778,39.9918621031746,28.6404161706349,23.6521887820772,41.40675,57.80225,1658.075,33.697102047941,-0.0979931012856695,8.95092598991836,11.0951642958153,40.1573820166437,28.5808046044473,287.83263336475,739.607066894701,"(0, -0.1 MPa)",NA,1.23955491401806,46.151061148568
"3d","ile","ilex10",4,2024-08-15 14:00:00,1,258,2024-08-15 13:54:00,977.329365079365,1,12.9298666666667,33.1739555555556,1540.3626984127,37.6499936507936,29.2436043650794,25.4484618072698,40.9114,57.7044,1541.7,32.9032087054,-0.0979931012856695,8.93989850085478,11.204720728373,39.4701253384983,27.1598130578412,302.647885614687,840.869468421481,"(0, -0.1 MPa)",NA,1.25333869588135,44.8820007760315
"3d","ile","ilex10",4,2024-08-15 15:00:00,1,262.5,2024-08-15 15:00:00,977,1,12.93,33.001187181214,761.634027777778,36.3770704365079,29.6257296626984,26.5402938829868,38.37725,56.285,994.0125,29.8677636048594,-0.0979931012856695,6.92180833112022,8.44855522039656,36.6250394458644,23.792533271453,265.146893553219,638.658912327866,"(0, -0.1 MPa)",NA,1.22057052380548,38.2318563773457
"3d","ile","ilex10",4,2024-08-16 09:00:00,1,336,2024-08-16 09:05:00,979.140625,1,13.3535,38.2406666666667,1322.18958333334,54.7999791666666,23.479375,13.1480078599608,35.905,62.0635,1319.95,22.6314890594056,-0.0979931012856695,6.98599638351658,14.2619301940257,34.8494929150128,19.2529404022221,339.569815347127,1211.3708070069,"(0, -0.1 MPa)","VPD 1-2 kPa",2.04150265918783,36.8482734092771
"3d","ile","ilex10",4,2024-08-16 10:00:00,1,339.333333333333,2024-08-16 09:46:40,979,1,13.2963333333333,38.0104444444444,1328.29821428572,53.5310833333333,24.4123571428572,14.2844433409142,36.8703333333333,61.0743333333333,1357.86666666667,24.3725209670598,-0.0979931012856695,7.13416754942776,14.4839651425345,35.8347355240886,20.9043549488535,319.058190909623,1040.67384068988,"(0, -0.1 MPa)",NA,2.03022497610058,38.2286760378627
"3d","ile","ilex10",4,2024-08-16 11:00:00,1,344,2024-08-16 10:56:40,978.458333333333,1,13.2272222222222,36.7221666666667,1578.98273809524,49.9075634920635,26.5994662698413,17.5394934503288,39.6441666666667,60.3256666666667,1365.78333333333,28.8517122330035,-0.0979931012856695,8.58799895846848,12.8076481526341,38.1041641432209,23.0704026945391,343.578151994743,1251.73237334981,"(0, -0.1 MPa)",NA,1.49134253678556,43.8613493022004
"3d","ile","ilex10",4,2024-08-16 12:00:00,1,347.5,2024-08-16 11:50:00,977.847222222222,1,13.1724166666667,36.0049027777778,1729.38204365079,46.0832177579365,28.3820277777778,20.9540601174934,41.7285,57.59475,1684.95,34.4594257653304,-0.0979931012856695,9.29040244800228,12.3214346970277,40.4039246031857,28.9705342640313,294.65467577136,791.131446267901,"(0, -0.1 MPa)",NA,1.32625413871895,46.7719730980254
"3d","ile","ilex10",4,2024-08-16 13:00:00,1,351.5,2024-08-16 12:50:00,977,1,13.09725,33.2168297017181,1693.40734126984,44.3871909722222,29.7724027777778,23.40077798841,43.005,56.43475,1727.1375,37.8302618834874,-0.0979931012856695,9.10477302635209,11.1433699539033,41.8091604914425,32.5586241487776,256.037854511968,565.829213577353,"(0, -0.1 MPa)","VPD 3-4 kPa",1.22390420075831,49.0009291040044
"3d","ile","ilex10",4,2024-08-16 14:00:00,1,356,2024-08-16 13:56:00,976.085714285714,1,13.0360666666667,33.6733082058189,1525.17321428572,41.4089234126984,31.1660063492064,26.7036105891211,43.451,56.5322,1552.95,38.636832936328,-0.0979931012856695,9.15457841163132,10.3671814267674,41.9508444265637,31.9329073102538,261.721500202896,596.530805279555,"(0, -0.1 MPa)","VPD 3-4 kPa",1.13245864097853,50.2391534311727
"3d","ile","ilex10",4,2024-08-16 15:00:00,1,360.5,2024-08-16 15:00:00,975.508928571428,1,12.9731666666666,33.2491111111111,644.497371031747,39.9404072420635,31.3236820436508,27.6109083567673,39.915875,56.172,863.075,32.7073576106369,-0.0979931012856695,6.11354014180368,8.339822600066,38.2096394290459,26.2867023963191,206.771505931395,381.693037217557,"(0, -0.1 MPa)",NA,1.36415602198132,41.4382244882505
"3d","ile","ilex10",4,2024-08-17 09:00:00,1,433.333333333333,2024-08-17 08:53:20,976.173611111111,1,12.9284444444445,35.6029074074074,1374.10178571429,38.5050476190476,26.9634761904762,22.0345012434805,38.915,56.329,1379.11666666667,30.6185386703511,-0.0979931012856695,8.0867000524249,12.6254642264397,37.4536329378773,25.3123610971715,297.248754803861,836.36984707534,"(0, -0.1 MPa)",NA,1.56126283213061,39.3857877739914
"3d","ile","ilex10",4,2024-08-17 10:00:00,1,437,2024-08-17 09:43:20,976,1,12.919,33.9180185185185,825.401388888889,35.9144675925926,27.9480648148148,24.2768294259557,36.7556666666667,54.4403333333333,796.616666666667,28.5820095428523,-0.0979931012856695,6.04900455682727,11.4693787137973,34.9126783197758,22.5250115629989,256.59868111424,601.345954712062,"(0, -0.1 MPa)",NA,1.89607704971097,33.8636477561697
"3d","ile","ilex10",4,2024-08-17 11:00:00,1,441.5,2024-08-17 10:50:00,975.34375,1,12.9203333333333,34.824,1495.46587301587,29.6811760912698,30.8018680555556,31.4975498095129,43.09075,52.61,1519.95,41.6358048042412,-0.0979931012856695,10.3632896385744,9.83573955108728,41.059827273382,32.7625482725262,290.967831831791,771.550228969463,"(0, -0.1 MPa)","VPD 3-4 kPa",0.949094341093825,45.8847352392715
"3d","ile","ilex10",4,2024-08-17 12:00:00,1,445.5,2024-08-17 11:50:00,974.270833333333,1,12.9211666666667,35.9701111111111,1728.84880952381,26.336365079365,32.5421547619047,36.2919211982514,45.31075,50.50075,1743.7,48.420926159079,-0.0979931012856695,12.0243260975924,10.4671988074724,43.0991992918762,37.8455992089592,287.939006620521,735.685826808964,"(0, -0.1 MPa)","VPD 3-4 kPa",0.870501907759159,49.4044313482387
"3d","ile","ilex10",4,2024-08-17 13:00:00,1,449.5,2024-08-17 12:50:00,973.27380952381,1,12.93125,33.4570277777778,1705.43487103175,27.6193120039683,33.4818824404762,37.5994794354243,46.2545,50.51275,1683.075,50.8017246590727,-0.0979931012856695,11.0583011473381,9.66557477043991,44.235378624594,40.6855676069732,245.382726752592,515.348498444757,"(0, -0.1 MPa)",NA,0.874056027382342,51.8596480606067
"3d","ile","ilex10",4,2024-08-17 14:00:00,1,454,2024-08-17 13:56:00,972.455555555556,1,12.94,34.7616222222222,1547.73869047619,27.1540440476191,34.3722253968254,39.7518803871204,46.6772,50.5248,1551.45,51.9080734830779,-0.0979931012856695,10.915905691905,9.22571461423234,44.4892528806489,40.7846657352338,240.618808137702,489.856501568304,"(0, -0.1 MPa)",NA,0.845162543047063,52.9999575546547
"3d","ile","ilex10",4,2024-08-17 15:00:00,1,458.5,2024-08-17 15:00:00,971.502232142857,1,12.9395833333333,34.4784444444444,563.356498015873,28.0814250992063,34.2287137896825,38.9286420544974,42.216625,50.469875,845.575,41.7853584911839,-0.0979931012856695,6.64870821350766,7.50486311030445,40.1647198868424,33.1422305374613,175.466808265683,293.804903849564,"(0, -0.1 MPa)","VPD 3-4 kPa",1.12877011132139,42.0510696229573
"3d","ile","ilex10",4,2024-08-18 08:00:00,1,526.5,2024-08-18 07:40:00,974,1,13.34,35.3643611111111,794.860714285714,57.6827678571428,25.4001964285714,13.7873347752009,32.8375,67.4725,713.075,16.2848145061513,-0.0979931012856695,4.31473032826403,11.4863784927723,31.8162555316849,13.4857896372957,298.559307875248,807.887148320603,"(0, -0.1 MPa)","VPD 1-2 kPa",2.66213126172215,33.782251251529
"3d","ile","ilex10",4,2024-08-18 21:00:00,1,528,2024-08-18 21:00:00,960.747698565618,0.999871547848426,13.39,35.725,494.713166345536,49.8061939627489,23.0087797045601,15.5340681690382,33.224,68.132,901.2,16.3055549565401,-0.0979931012856695,4.79210641036027,12.4792487845537,32.3872987901198,13.9549727654242,315.551585050921,944.524730029321,"(0, -0.1 MPa)","VPD 1-2 kPa",2.60412597632938,34.860363697094
"3d","ile","ilex10",4,2024-08-19 11:00:00,1,530,2024-08-19 11:20:00,971.684210526316,1,13.1686666666667,35.5619444444444,1407.64736842105,36.2498947368421,25.7928421052632,21.2631106222598,39.702,54.872,1418.7,32.9130586812332,-0.0979931012856695,9.05905238636999,10.6967479730483,37.9483453665045,26.3497582227973,315.776955250104,946.546823026122,"(0, -0.1 MPa)",NA,1.18078001062698,40.019618772306
"3d","ile","ilex10",4,2024-08-19 12:00:00,1,531.5,2024-08-19 12:00:00,971,1,13.1313333333333,36.0442222222223,1475.36666666666,36.542875,26.895125,22.5996414707016,40.84925,52.3745,1459.95,36.9364609353671,-0.0979931012856695,9.05567873835229,10.884098513981,39.1014776731279,30.0342299327959,276.241742708631,663.963988445318,"(0, -0.1 MPa)","VPD 3-4 kPa",1.20190863970085,40.6025460454302
"3d","ile","ilex10",4,2024-08-19 13:00:00,1,534,2024-08-19 13:00:00,970.333333333333,1,13.0933333333333,35.9641481481482,1404.74166666667,35.8217222222222,28.1420277777778,24.5895267664669,40.7456666666667,53.496,1393.28333333333,35.8576529090375,-0.0979931012856695,9.14545470121756,10.7242090577949,38.8946893292582,28.5981371671893,292.69070388524,769.800384169174,"(0, -0.1 MPa)",NA,1.1726272129878,41.2448840023369
"3d","ile","ilex10",4,2024-08-19 14:00:00,1,536.5,2024-08-19 14:00:00,969.111111111111,1,13.06,35.0216666666666,1209.74166666666,33.8515,29.0986944444445,26.7765616945923,40.302,53.663,1224.95,34.8933531966855,-0.0979931012856695,8.48401972762235,10.1527374283374,38.3863819795516,27.548874723775,282.434857168791,715.461439849214,"(0, -0.1 MPa)",NA,1.1966895120814,40.4100829271151
"3d","ile","ilex10",4,2024-08-19 15:00:00,1,539,2024-08-19 15:00:00,968.046296296296,1,13.04,34.8357592592593,644.672222222222,32.9918888888889,29.2781666666667,27.3989406085343,36.384,56.0683333333333,816.2,27.2945639666804,-0.0979931012856695,6.56177201254291,8.5646072890436,34.4535093911096,21.0718730034188,288.985671185133,776.966247919365,"(0, -0.1 MPa)",NA,1.30522780624993,34.1748414628262
"3d","coc","coc01",6,2024-08-12 09:00:00,1,1.5,2024-08-12 08:55:00,977.107142857143,1,13.0898333333333,35.8326111111111,935.174454365081,47.4381646825397,29.1969469246032,21.4150002610474,40.4845,34.99975,977.7625,50.2365934063763,-0.0979931012856695,3.00933987580619,5.27464145126456,41.0764754056145,52.7602297934908,52.5761979751644,59.4280490021522,"(0, -0.1 MPa)","VPD 5-9 kPa",1.75275697293962,26.6129746608448
"3d","coc","coc01",6,2024-08-12 10:00:00,1,5.5,2024-08-12 09:52:30,976.532738095238,1,13.0551666666667,34.9683194444444,914.308878968254,53.7785719246032,29.6871349206349,19.4111302964761,41.9,37.47875,930.2625,53.4725379940272,-0.0979931012856695,3.24374980616639,4.5909661511249,42.1676014607981,54.6356345744899,55.8104214277751,64.150871901527,"(0, -0.1 MPa)","VPD 5-9 kPa",1.41532683636618,30.7119263801131
"3d","coc","coc01",6,2024-08-12 12:00:00,1,13.5,2024-08-12 11:50:00,954.073206018518,1,12.93,33.4316111111111,1659.42916666667,37.7267881944445,34.7596493055555,34.758229074297,49.719,28.58375,1627.7625,87.3021433530214,-0.0979931012856695,4.79682165609591,0.660020295789399,51.0126877123726,95.4536058695027,44.4151415774075,48.5565914701185,"(0, -0.1 MPa)",NA,0.137595337727562,34.9379208464258
"3d","coc","coc01",6,2024-08-12 14:00:00,1,22,2024-08-12 13:56:00,951.427083333333,1,12.93,32.0755970947078,1472.17123015873,28.2470333333333,38.0980333333333,48.0372537529951,52.8374,26.6226,1400.45,104.650754650264,-0.0979931012856695,4.17234122422847,0.412411471765842,54.0083726127348,112.936232278472,31.822950371052,33.9229243273955,"(0, -0.1 MPa)",NA,0.0988441380036225,37.9351126841866
"3d","coc","coc01",6,2024-08-12 15:00:00,1,26,2024-08-12 14:53:20,950.112268518519,1,12.93,32.3459532786557,1027.50787037037,27.1225925925926,38.8502162698413,50.8015339015594,52.343,26.227,1203.7,102.649017514878,-0.0979931012856695,1.27614890409852,0.32125983437913,55.8152494197325,127.981845210976,8.55560511865524,8.72887016736207,"(0, -0.1 MPa)",NA,0.251741652833271,36.4817528008653
"3d","coc","coc01",6,2024-08-13 11:00:00,1,107.5,2024-08-13 10:50:00,951.185515873016,1,13.0300833333333,33.5671666666667,1470.57748015873,43.2630932539683,31.3391215277778,26.1242682515397,45.69675,33.828,1476.5125,66.0392710745154,-0.0979931012856695,8.22136558384056,0.105176986476667,44.0829282133523,58.114772607727,126.131982477125,163.708909365084,"(0, -0.1 MPa)","VPD 5-9 kPa",0.0127931285142454,33.7547164059512
"3d","coc","coc01",6,2024-08-13 13:00:00,1,115.5,2024-08-13 12:50:00,948.881324404762,1,12.93,32.5937222222222,1630.54151785714,34.9765783730159,34.0378908730159,34.831309128933,49.333,29.768,1605.8875,84.2897695885952,-0.0979931012856695,6.36911706434213,0.583921917923732,49.218835121925,83.6229063734645,66.6137604299132,75.7857356473324,"(0, -0.1 MPa)","VPD 5-9 kPa",0.0916801986876412,35.6927250480702
"3d","coc","coc01",6,2024-08-13 15:00:00,1,123,2024-08-13 14:43:20,947.078317901235,1,12.93,32.678462962963,1145.09054232804,33.008378968254,35.4069484126984,38.7414573400716,49.4256666666667,28.5793333333333,1112.03333333333,86.9432420334724,-0.0979931012856695,2.08576160254532,0.38265916169806,51.7025694978938,100.700061577886,16.8376378752514,17.71257332735,"(0, -0.1 MPa)",NA,0.183462559302602,34.4261353697316
"3d","coc","coc01",6,2024-08-14 10:00:00,1,143.5,2024-08-14 09:55:00,976.993055555555,1,12.8309166666667,36.3370555555556,818.288293650794,73.8352147817461,22.5748705357143,7.26214774270832,29.8775,59.0385,772.45,17.6081035970094,-0.0979931012856695,2.41924418831243,5.44673118032045,30.2028893329376,18.3765522072754,124.280189930481,160.523807576095,"(0, -0.1 MPa)","VPD 1-2 kPa",2.25141852427881,24.9837186818519
"3d","coc","coc01",6,2024-08-14 11:00:00,1,147.5,2024-08-14 10:50:00,976.634920634921,1,12.8283333333333,34.5683194444444,1332.01845238095,62.1900907738096,25.2904102182539,12.294727206621,36.3875,46.569,1363.7,33.2300266017885,-0.0979931012856695,4.47797721552161,3.70817707004029,36.8455774773514,34.6093928603812,119.978428470865,153.709569981316,"(0, -0.1 MPa)","VPD 3-4 kPa",0.828091991443584,28.390234736238
"3d","coc","coc01",6,2024-08-14 12:00:00,1,151.5,2024-08-14 11:50:00,975.916666666667,1,12.86925,33.8609027777778,1467.81334325397,55.2480714285714,26.6158864087301,15.6821953632964,37.696,42.143,1138.3875,38.1018507251426,-0.0979931012856695,4.37768277005716,3.34383110812589,37.5564137241558,37.6041508010432,107.405304083502,133.501618785625,"(0, -0.1 MPa)","VPD 3-4 kPa",0.763835865631312,27.5903189095618
"3d","coc","coc01",6,2024-08-14 13:00:00,1,155.5,2024-08-14 12:50:00,975.027777777778,1,12.88775,34.6381666666667,769.46884920635,53.883845734127,25.9315873015873,15.5104898775143,32.4835,46.73975,704.0125,26.2743944429041,-0.0979931012856695,2.27165803782813,4.41387750395043,32.7656397548474,27.0398724787814,78.6749821254619,91.9401970953647,"(0, -0.1 MPa)",NA,1.94302022155167,22.9402144362606
"3d","coc","coc01",6,2024-08-14 14:00:00,1,159.5,2024-08-14 13:47:30,975.206018518518,1,12.9199166666667,35.3214722222222,1318.00431547619,49.0997643849206,26.5557906746032,17.7844951780561,37.15975,40.229125,1411.5125,39.0765885066342,-0.0979931012856695,4.99081203298707,4.41200869859961,37.3306520693416,39.6897147121477,112.81628668738,142.660227060347,"(0, -0.1 MPa)","VPD 3-4 kPa",0.884026220470371,25.5811481579788
"3d","coc","coc01",6,2024-08-14 15:00:00,1,164,2024-08-14 14:54:00,975.6,1,12.9204666666667,36.4759111111111,995.554166666666,48.2040373015873,26.5642472222222,18.0856433646448,36.1922,39.6774,1112.95,36.6437195484453,-0.0979931012856695,4.14300813510826,4.80952687688697,36.150203990034,36.5346983950422,104.091558436544,128.945233567188,"(0, -0.1 MPa)","VPD 3-4 kPa",1.1608779707987,23.9314454337674
"3d","coc","coc01",6,2024-08-15 08:00:00,1,233.5,2024-08-15 07:55:00,979.735367063492,1,12.9233333333333,37.4149166666667,940.222817460318,57.7188387896825,21.4064538690476,10.8444185009721,30.521,43.82175,799.325,24.7234475694761,-0.0979931012856695,2.54686849507912,4.31990865637385,30.8318383505944,25.5084480851878,94.0598875147582,113.499058830153,"(0, -0.1 MPa)",NA,1.69616478617584,19.2410049575478
"3d","coc","coc01",6,2024-08-15 09:00:00,1,237.5,2024-08-15 08:55:00,979.67117228836,1,12.9239166666667,36.7207083333333,1259.79499007936,52.639996031746,23.027755952381,13.4059079459545,34.17825,38.99875,1122.7625,32.9889234669945,-0.0979931012856695,3.81831273911606,4.77786182842686,34.4075882199211,33.6681608841335,106.68537243268,132.179135408003,"(0, -0.1 MPa)","VPD 3-4 kPa",1.25130185892865,21.0460866318186
"3d","coc","coc01",6,2024-08-15 10:00:00,1,241.5,2024-08-15 09:55:00,979.918650793651,1,12.92075,34.6360277777778,1228.29077380953,48.3145654761905,24.4676537698413,15.9342899678785,36.586,36.508,1124.6375,39.1520268788902,-0.0979931012856695,4.63513863954207,4.72389527910533,36.177315446943,37.7944918515035,114.993618891319,145.166284167499,"(0, -0.1 MPa)","VPD 3-4 kPa",1.01914864828553,22.4996502921093
"3d","coc","coc01",6,2024-08-15 11:00:00,1,245.5,2024-08-15 10:50:00,979.231481481482,1,12.9205,33.5722741461626,1473.74216269841,44.5757033730159,25.7173764880952,18.4180107640824,39.294,33.84025,1484.0125,47.4768101154794,-0.0979931012856695,5.72970290746166,3.4153382921272,39.1292818906062,46.9170255784772,113.735673617864,143.486285070189,"(0, -0.1 MPa)",NA,0.596075982871552,24.147604360359
"3d","coc","coc01",6,2024-08-15 12:00:00,1,249.5,2024-08-15 11:50:00,978.430555555555,1,12.9225,33.4881388888889,1730.79821428571,42.0228149801587,27.5080178571428,21.3953968897917,42.3935,31.76425,1685.8875,57.4244482021312,-0.0979931012856695,7.09857372011468,2.34566899587765,41.8388473235235,54.9963090209324,119.299278706258,152.072558497649,"(0, -0.1 MPa)","VPD 5-9 kPa",0.330442295644674,26.7122898011441
"3d","coc","coc01",6,2024-08-15 13:00:00,1,253.5,2024-08-15 12:50:00,978,1,12.92425,32.2934166666667,1695.69652777778,39.9918621031746,28.6404161706349,23.6521887820772,43.57325,30.4455,1689.0125,62.2207785909735,-0.0979931012856695,7.0060044131142,1.78604311761857,43.1014557410071,60.0473318827255,107.455082069601,133.329476350637,"(0, -0.1 MPa)","VPD 5-9 kPa",0.254930344359384,27.2288460238817
"3d","coc","coc01",6,2024-08-15 14:00:00,1,258,2024-08-15 13:54:00,977.329365079365,1,12.9298666666667,33.1739555555556,1540.3626984127,37.6499936507936,29.2436043650794,25.4484618072698,44.1502,29.1062,1546.7,65.3527976008222,-0.0979931012856695,7.24194815218803,1.57481878926375,43.1600343000976,60.7217630829499,109.760012580577,136.910061438693,"(0, -0.1 MPa)","VPD 5-9 kPa",0.217457893396812,26.821505696507
"3d","coc","coc01",6,2024-08-15 15:00:00,1,262.5,2024-08-15 15:00:00,977,1,12.93,33.001187181214,761.634027777778,36.3770704365079,29.6257296626984,26.5402938829868,43.11225,28.1195,1079.325,63.4113099903422,-0.0979931012856695,5.71137210820276,1.38533937597473,41.8493559003776,57.8318598024682,88.9413354229465,106.497103609995,"(0, -0.1 MPa)","VPD 5-9 kPa",0.242558066560763,24.5524200075869
"3d","coc","coc01",6,2024-08-16 08:00:00,1,331.5,2024-08-16 07:55:00,979.967592592592,1,13.42,38.6113055555555,941.925446428573,59.1495223214286,21.3787579365079,10.4580165846524,31.5935,42.57625,779.325,26.9075010034664,-0.0979931012856695,2.60621851972502,3.76440105465608,31.7856380703978,27.4529432548893,90.0411150847817,107.532344770114,"(0, -0.1 MPa)",NA,1.44439195185109,19.8714138270566
"3d","coc","coc01",6,2024-08-16 09:00:00,1,335.5,2024-08-16 08:55:00,979.4609375,1,13.3646666666667,38.307875,1283.96041666667,55.0481770833333,23.2606875,12.9041827342219,36.6665,36.917,1150.2625,39.2172858914107,-0.0979931012856695,4.35625622206222,3.73952233643709,36.5545133500233,38.8334458217714,105.202290517162,129.892494192456,"(0, -0.1 MPa)","VPD 3-4 kPa",0.858425709098174,22.8520183860561
"3d","coc","coc01",6,2024-08-16 10:00:00,1,339.5,2024-08-16 09:50:00,979,1,13.2930833333333,37.9989861111111,1301.73199404762,53.5032569444445,24.4503511904762,14.3227995488338,38.924,35.741875,1111.825,44.99989367739,-0.0979931012856695,5.45770685616061,3.98360813622045,37.9336573178444,41.3285891607332,123.106294254944,158.485450106173,"(0, -0.1 MPa)",NA,0.72990511238686,25.0031579269663
"3d","coc","coc01",6,2024-08-16 11:00:00,1,343.5,2024-08-16 10:50:00,978.59375,1,13.2329166666667,36.9019722222223,1483.20892857143,50.4910476190476,26.309005952381,17.0533013927871,41.55675,34.5545,1603.7,52.7482235585645,-0.0979931012856695,6.88765099833812,1.89642148065293,40.9309297891251,50.1356144796876,127.345523733523,165.484454300489,"(0, -0.1 MPa)","VPD 5-9 kPa",0.275336465379925,27.808505819804
"3d","coc","coc01",6,2024-08-16 12:00:00,1,347.5,2024-08-16 11:50:00,977.847222222222,1,13.1724166666667,36.0049027777778,1729.38204365079,46.0832177579365,28.3820277777778,20.9540601174934,44.131,32.503,1688.3875,62.1875286745387,-0.0979931012856695,7.87111695437768,1.97854446402529,43.1406339290399,57.5533319635921,125.711484079967,162.653670104393,"(0, -0.1 MPa)","VPD 5-9 kPa",0.251367687139356,29.9219312727359
"3d","coc","coc01",6,2024-08-16 13:00:00,1,351.5,2024-08-16 12:50:00,977,1,13.09725,33.2168297017181,1693.40734126984,44.3871909722222,29.7724027777778,23.40077798841,45.89,30.76925,1683.7,69.7920810189565,-0.0979931012856695,7.3993620532536,1.23608911519832,45.1944927374881,66.2561200243929,101.970166000377,124.982430158578,"(0, -0.1 MPa)","VPD 5-9 kPa",0.167053471137392,31.0074998718386
"3d","coc","coc01",6,2024-08-16 15:00:00,1,360.5,2024-08-16 15:00:00,975.508928571428,1,12.9731666666666,33.2491111111111,644.497371031747,39.9404072420635,31.3236820436508,27.6109083567673,44.71025,29.41375,1224.6375,67.7126181016401,-0.0979931012856695,3.88832892946521,1.07968727688743,45.5488733460212,71.2448354790931,48.4074314816375,54.2846163170769,"(0, -0.1 MPa)","VPD 5-9 kPa",0.277673853337281,27.9002210253663
"3d","coc","coc01",6,2024-08-17 08:00:00,1,429.5,2024-08-17 07:55:00,976.947916666667,1,12.9338333333334,37.5146527777778,787.614930555555,46.6878020833333,23.3478055555556,15.5266029541157,31.9365,39.3955,768.3875,30.0100950222638,-0.0979931012856695,2.65468426818953,2.68743696478544,32.1166798059354,30.226567184878,78.3273517181044,92.1759605615474,"(0, -0.1 MPa)","VPD 3-4 kPa",1.01233769943506,18.7476073914842
"3d","coc","coc01",6,2024-08-17 09:00:00,1,433.5,2024-08-17 08:55:00,976.338541666667,1,12.9291666666667,36.0234444444445,1354.48745039682,38.8702023809524,26.8516349206349,21.7518401803333,40.1305,29.481,1211.2,52.9920965813633,-0.0979931012856695,5.0693926592176,2.29726778325776,39.6508200713731,51.2481183079506,92.107792973766,110.723420877221,"(0, -0.1 MPa)","VPD 5-9 kPa",0.453164301463346,21.9984562194862
"3d","coc","coc01",6,2024-08-17 10:00:00,1,437.5,2024-08-17 09:50:00,976,1,12.91925,33.8260138888889,853.547470238095,35.8917078373016,27.9342628968254,24.2657463839755,38.033625,31.092875,868.075,45.9464089610751,-0.0979931012856695,4.26445675977993,3.17377810031326,37.1383857466384,42.8277628873808,92.8456678939176,111.595889377647,"(0, -0.1 MPa)",NA,0.744239718935982,20.7315782702365
"3d","coc","coc01",6,2024-08-17 11:00:00,1,441.5,2024-08-17 10:50:00,975.34375,1,12.9203333333333,34.824,1495.46587301587,29.6811760912698,30.8018680555556,31.4975498095129,46.19,26.20275,1616.5125,75.7799634408433,-0.0979931012856695,9.09811322248677,0.66255724475638,44.3465415825064,66.4364205105448,124.951058886598,161.619292636667,"(0, -0.1 MPa)","VPD 5-9 kPa",0.0728235875454718,26.8131223492122
"3d","coc","coc01",6,2024-08-18 08:00:00,1,526.5,2024-08-18 07:40:00,974,1,13.34,35.3643611111111,794.860714285714,57.6827678571428,25.4001964285714,13.7873347752009,32.58,46.691,643.7,26.3127478667571,-0.0979931012856695,1.74737270103982,3.02590157855179,33.1633184339549,27.9613012810358,58.534256365947,65.451553268284,"(0, -0.1 MPa)",NA,1.73168642084836,23.0411785039925
"3d","coc","coc01",6,2024-08-19 10:00:00,1,529,2024-08-19 10:10:00,948.148333333333,1,13.31,37.2331111111111,1031.325,40.6557,23.22655,16.9846678474354,37.986,27.766,1028.7,48.0390376800595,-0.0979931012856695,4.36775851575293,0.506562402932014,37.4916036428364,46.2805654887455,85.5555241562023,101.184250465365,"(0, -0.1 MPa)",NA,0.115977657900506,18.4657075646445
"3d","coc","coc01",6,2024-08-19 11:00:00,1,530,2024-08-19 11:20:00,971.684210526316,1,13.1686666666667,35.5619444444444,1407.64736842105,36.2498947368421,25.7928421052632,21.2631106222598,42.705,25.25,1398.7,63.8946536977603,-0.0979931012856695,6.0822907423996,1.31786125531217,42.0467661466867,60.9963177494224,91.6988509951116,109.891232195342,"(0, -0.1 MPa)","VPD 5-9 kPa",0.216671861166611,21.5831438912167
"3d","coc","coc01",6,2024-08-19 12:00:00,1,531.5,2024-08-19 12:00:00,971,1,13.1313333333333,36.0442222222223,1475.36666666666,36.542875,26.895125,22.5996414707016,42.962,25.7505,1425.575,64.3245638551532,-0.0979931012856695,6.47400358274628,2.23103354827982,42.1115142457824,60.5527028508908,98.1906417604809,119.348671422247,"(0, -0.1 MPa)","VPD 5-9 kPa",0.344614197345472,22.3084287645321
"3d","coc","coc01",6,2024-08-19 13:00:00,1,534,2024-08-19 13:00:00,970.333333333333,1,13.0933333333333,35.9641481481482,1404.74166666667,35.8217222222222,28.1420277777778,24.5895267664669,43.9416666666667,25.7918333333333,1363.7,67.6747942426867,-0.0979931012856695,6.73340555162433,2.4406155089515,42.7723078364689,62.278420670709,99.0109363717647,120.56658802878,"(0, -0.1 MPa)","VPD 5-9 kPa",0.362463762243273,23.5120450938424
"3d","coc","coc01",6,2024-08-19 14:00:00,1,536.5,2024-08-19 14:00:00,969.111111111111,1,13.06,35.0216666666666,1209.74166666666,33.8515,29.0986944444445,26.7765616945923,43.97,25.714,1181.2,67.8441514763154,-0.0979931012856695,6.2659965184351,2.78957802830325,42.6193266883622,61.6284537500753,92.8771082617776,111.719909943274,"(0, -0.1 MPa)","VPD 5-9 kPa",0.445193038345309,23.4755295782253
"3d","coc","coc01",6,2024-08-19 15:00:00,1,539,2024-08-19 15:00:00,968.046296296296,1,13.04,34.8357592592593,644.672222222222,32.9918888888889,29.2781666666667,27.3989406085343,40.1163333333333,27.0083333333333,797.033333333333,55.3322344060975,-0.0979931012856695,4.19492793183029,2.53157219896746,39.1302916929917,51.2213258448613,72.3014188969866,84.1855874428677,"(0, -0.1 MPa)","VPD 5-9 kPa",0.603484074126373,20.1381720855685
"3d","coc","coc02",2,2024-08-26 10:00:00,3,0,2024-08-26 10:20:00,962,1,13.22,37.2188888888889,1352.45,49.9341666666667,24.8896666666667,15.8357676192936,37.557,44.151,1481.2,36.2887485865366,-0.0979931012856695,4.46392333174243,7.12053650769659,38.3442150013035,39.1167221586666,104.275790203527,127.62205900302,"(0, -0.1 MPa)","VPD 3-4 kPa",1.5951296602841,28.6877927777432
"3d","coc","coc02",2,2024-08-26 11:00:00,3,1.5,2024-08-26 10:55:00,961.166666666667,1,13.1916666666666,36.9204722222222,1285.575,48.2505,25.8459166666666,17.3300295266265,39.058,42.4545,1518.7,40.5548053169477,-0.0979931012856695,4.97321055653662,6.91181212533813,39.5606770398016,42.4904806564203,106.738948648372,131.440619462223,"(0, -0.1 MPa)",NA,1.38980886627723,29.9134742316071
"3d","coc","coc02",2,2024-08-26 12:00:00,3,4,2024-08-26 11:56:40,960,1,13.14,36.2218888888889,1250.92222222222,47.4861111111111,26.7615555555556,18.5483156170047,40.3306666666667,41.4813333333333,1554.53333333333,44.147350970158,-0.0979931012856695,4.94168558195671,6.76382786501312,40.9850061812995,46.8205385972633,95.7673176109372,115.216807277651,"(0, -0.1 MPa)",NA,1.36872889884162,31.2845380282185
"3d","coc","coc02",2,2024-08-26 13:00:00,3,6.5,2024-08-26 12:55:00,958.805555555555,1,13.11,35.5814166666667,1235.08888888889,48.3093611111111,27.9705833333334,19.5993655153081,42.233,39.7925,1551.2,50.2244140901281,-0.0979931012856695,4.91676221507026,6.11607153058155,42.9359784500427,53.3410012722942,82.8582154732281,96.9510273339277,"(0, -0.1 MPa)","VPD 5-9 kPa",1.2439225781217,33.1832669568255
"3d","coc","coc02",2,2024-08-26 14:00:00,3,9,2024-08-26 13:56:40,957.666666666667,1,13.0776666666667,36.4683148148148,1094.95,45.8480277777778,28.93325,21.7131644294567,42.4471666666667,40.3785,1316.2,50.2883766933719,-0.0979931012856695,4.77947451731131,6.26983967938819,42.5746042871855,50.8480994365569,84.4240131612769,99.1267847556304,"(0, -0.1 MPa)","VPD 5-9 kPa",1.31182615508855,34.0520877242423
"3d","coc","coc02",2,2024-08-27 08:00:00,3,54,2024-08-27 07:56:40,956.875,1,13.3648888888889,36.5979814814815,755.505555555556,66.5106111111111,23.4645555555555,9.80297819458427,33.4523333333333,56.4836666666667,717.033333333333,22.8170710029616,-0.0979931012856695,2.68313294795335,8.11328827320572,33.4212147461636,22.6542373064209,106.316429738784,131.549104778525,"(0, -0.1 MPa)",NA,3.02381150341224,29.2722068714011
"3d","coc","coc02",2,2024-08-27 09:00:00,3,56.5,2024-08-27 09:00:00,956,1,13.2518333333333,35.2546666666667,1029.53333333333,58.911,26.1835833333334,14.0379582232672,38.436,49.182,1038.7,34.6601526878836,-0.0979931012856695,4.23753466389855,7.16919798866794,38.1533936681395,33.6474257064943,114.776572596307,144.085005627115,"(0, -0.1 MPa)","VPD 3-4 kPa",1.69183229337226,33.5131396600571
"3d","coc","coc02",2,2024-08-27 10:00:00,3,59,2024-08-27 09:56:40,955.351851851852,1,13.163,35.6113888888889,1322.91296296296,54.3399814814815,27.839962962963,17.1936177757807,41.918,44.3873333333333,1239.53333333333,45.7902028689336,-0.0979931012856695,5.23665413844198,6.27893067496341,41.5169825087981,44.1746639979327,107.874726459382,133.538729206234,"(0, -0.1 MPa)",NA,1.19903482432994,36.4076019574427
"3d","coc","coc02",2,2024-08-27 11:00:00,3,61.5,2024-08-27 11:00:00,954.25,1,13.085,34.8038888888889,1330.99166666666,48.9191666666667,29.8592083333333,21.6050902137606,44.871,40.409,1545.575,57.0594038682701,-0.0979931012856695,6.08678063100779,4.83331367791643,44.7250162321216,56.3406695481094,96.0667100630892,115.583454974512,"(0, -0.1 MPa)","VPD 5-9 kPa",0.794067335578707,38.6483537398982
"3d","coc","coc02",2,2024-08-27 12:00:00,3,64,2024-08-27 11:56:40,953.166666666667,1,13.0148888888889,35.1585185185185,1274.18611111111,45.2878611111111,31.6969722222222,25.7138770922201,46.7373333333333,38.4616666666667,1578.28333333333,64.7527691441093,-0.0979931012856695,6.08107139352099,4.45372304375346,46.7170079868162,64.6451806099056,82.8322845902426,96.9214300606276,"(0, -0.1 MPa)","VPD 5-9 kPa",0.732391178386531,40.4693079265361
"3d","coc","coc02",2,2024-08-27 13:00:00,3,66.5,2024-08-27 13:00:00,952.1875,1,12.9456666666667,35.5058055555555,1258.49166666666,41.6510416666667,33.1695416666667,29.7828930472292,48.29225,35.87925,1589.95,72.9972544986674,-0.0979931012856695,5.42502110161563,3.2419048913037,48.8367060696767,76.1688279031645,62.5045271303443,70.323383653753,"(0, -0.1 MPa)","VPD 5-9 kPa",0.597583830657955,40.8367971781925
"3d","coc","coc02",2,2024-08-27 14:00:00,3,69,2024-08-27 13:56:40,951.52380952381,1,12.9326666666667,34.1300925925926,759.900396825398,39.5089722222222,33.3513174603175,31.1894790535946,43.7343333333333,39.7803333333333,979.95,56.1497995408069,-0.0979931012856695,2.24628848513434,4.21414603235639,45.1549283948174,62.8952650090837,28.6943181391205,30.604990325426,"(0, -0.1 MPa)","VPD 5-9 kPa",1.87604845069771,35.8762608081336
"3d","coc","coc02",2,2024-08-28 09:00:00,3,116.5,2024-08-28 09:00:00,954,1,13.2655,36.3534166666666,1015.15833333334,65.62875,27.9907083333334,13.064147217797,38.8865,54.4075,1032.45,32.0477982617523,-0.0979931012856695,3.87623450160891,7.49235363011895,38.8643157462758,31.9695315075356,111.352526090761,139.203391536206,"(0, -0.1 MPa)","VPD 3-4 kPa",1.93289483053956,37.984031442137
"3d","coc","coc02",2,2024-08-28 10:00:00,3,119,2024-08-28 10:00:00,953.305555555556,1,13.1705555555555,36.4027592592593,1250.99166666667,59.4306666666667,29.9769722222222,17.3381972687959,42.3115,49.4585,1178.7,42.4496379747747,-0.0979931012856695,5.32351345032647,6.47692707585914,41.731995276282,40.0492319919725,120.109161603921,152.652447247814,"(0, -0.1 MPa)",NA,1.21666398259254,41.4139672924765
"3d","coc","coc02",2,2024-08-28 11:00:00,3,121.5,2024-08-28 11:00:00,952.3125,1,13.0825,34.8416111111111,1313.74464285714,49.4514107142857,32.6439821428571,25.1183433746,45.729,43.3945,1519.325,56.5992443047548,-0.0979931012856695,5.97791365156422,5.2818357641728,45.6160133147477,56.0279357768857,94.1381482218254,112.800551508699,"(0, -0.1 MPa)","VPD 5-9 kPa",0.88355839044124,43.3720001788706
"3d","coc","coc02",2,2024-08-28 12:00:00,3,124,2024-08-28 12:00:00,951.518518518519,1,12.9904444444444,33.3939814814815,1258.28333333333,42.4395,34.6817777777778,32.0001788591992,46.952,40.936,1560.36666666667,62.8414868166312,-0.0979931012856695,5.35635722489566,4.57342432961508,47.4423870819547,65.560112043815,72.1130037211096,82.8640104970103,"(0, -0.1 MPa)","VPD 5-9 kPa",0.853831090345951,43.5446466374578
"3d","coc","coc02",2,2024-08-28 13:00:00,3,126.5,2024-08-28 13:00:00,950.770833333333,1,12.96,33.4195833333333,1225.36666666666,38.30425,36.19625,37.2364039035144,48.153,38.547,1533.7,69.4598955214637,-0.0979931012856695,4.34708458605192,3.50183610694341,49.4318355472075,76.9292030312725,49.1454187567759,53.8380097182126,"(0, -0.1 MPa)","VPD 5-9 kPa",0.805559688941736,43.56718313106
"3d","coc","coc02",2,2024-08-28 14:00:00,3,129,2024-08-28 14:00:00,949.694444444444,1,12.94,33.0133888888889,1093.00555555556,34.2311111111111,36.9315,41.3141747860092,47.6666666666667,37.6966666666667,1267.86666666667,68.7223766533454,-0.0979931012856695,3.26631938001338,3.71052384854505,49.0610681056537,76.7491831991192,36.9217401244894,39.4932820677391,"(0, -0.1 MPa)","VPD 5-9 kPa",1.13599541773219,41.5750712961081
"3d","coc","coc03",3,2024-08-12 09:00:00,1,1,2024-08-12 08:46:40,977.142857142857,1,13.0997777777778,35.9037592592593,960.546891534393,46.7041243386243,29.3099768518519,21.8439558140978,41.5891666666667,29.2875,902.033333333333,57.3381743894258,-0.0979931012856695,1.28218140599226,2.34701718923192,43.692701150123,66.856778765573,19.5932190052807,20.7744800256611,"(0, -0.1 MPa)","VPD 5-9 kPa",1.83048761919581,23.6100785048329
"3d","coc","coc03",3,2024-08-12 10:00:00,1,5.66666666666667,2024-08-12 09:53:20,976.376984126984,1,13.0535555555556,34.9089814814815,963.886838624338,52.7938042328042,30.0554298941799,20.2182694824281,41.861,32.6086666666667,1076.61666666667,55.6304493993912,-0.0979931012856695,0.739903929392235,2.14744975058621,45.3064196611703,72.7469686476682,10.2375271647776,10.469135143774,"(0, -0.1 MPa)","VPD 5-9 kPa",2.9023359185971,26.6663877176412
"3d","coc","coc03",3,2024-08-13 12:00:00,1,111.5,2024-08-13 11:50:00,950.215401785714,1,12.9686666666667,33.3673055555556,1618.49786706349,39.8365873015873,32.5966870039682,29.7605335806216,45.93275,31.77675,1324.0125,69.0022556892484,-0.0979931012856695,6.68504273974117,0.329799828543562,44.8499861660301,63.7819813038449,94.804241901969,114.056618310117,"(0, -0.1 MPa)","VPD 5-9 kPa",0.0493339895320298,32.0928221692321
"3d","coc","coc03",3,2024-08-13 13:00:00,1,115.5,2024-08-13 12:50:00,948.881324404762,1,12.93,32.5937222222222,1630.54151785714,34.9765783730159,34.0378908730159,34.831309128933,47.343125,29.45675,1700.8875,76.5521268259688,-0.0979931012856695,4.45979904793151,1.46313644981474,49.0831774835301,86.5982198697031,46.0198431093075,50.3609985058278,"(0, -0.1 MPa)","VPD 5-9 kPa",0.328072281752997,31.9607386142396
"3d","coc","coc03",3,2024-08-13 14:00:00,1,119.5,2024-08-13 13:50:00,947.888020833333,1,12.93,32.1593297017181,1564.7974702381,31.1298244047619,35.5797574404762,40.1968035712658,49.198625,27.2345,1638.7,86.7979828163256,-0.0979931012856695,3.54055667238639,0.283403590124283,51.6473068229525,102.161716839723,30.2327291504475,31.9615864219144,"(0, -0.1 MPa)",NA,0.0800449241032102,32.4368035579352
"3d","coc","coc03",3,2024-08-14 10:00:00,1,143.5,2024-08-14 09:55:00,976.993055555555,1,12.8309166666667,36.3370555555556,818.288293650794,73.8352147817461,22.5748705357143,7.26214774270832,27.81825,65.76325,914.325,13.1366323437808,-0.0979931012856695,2.53647331485739,12.1677010435082,28.426108339237,14.4927116689324,162.606362062258,227.626027364429,"(0, -0.1 MPa)","VPD 1-2 kPa",4.79709404874711,24.7018447064839
"3d","coc","coc03",3,2024-08-14 11:00:00,1,147.5,2024-08-14 10:50:00,976.634920634921,1,12.8283333333333,34.5683194444444,1332.01845238095,62.1900907738096,25.2904102182539,12.294727206621,35.0465,48.645,1378.7,29.8393551319928,-0.0979931012856695,4.41738392232351,9.24489603304899,35.5305093715181,31.5465255806152,132.537653330512,172.859515621472,"(0, -0.1 MPa)","VPD 3-4 kPa",2.09284413481232,27.5468532030806
"3d","coc","coc03",3,2024-08-14 12:00:00,1,151.5,2024-08-14 11:50:00,975.916666666667,1,12.86925,33.8609027777778,1467.81334325397,55.2480714285714,26.6158864087301,15.6821953632964,36.3555,44.347,1524.0125,33.9441218533108,-0.0979931012856695,4.51954586466607,10.1012423029214,37.2629861220846,36.9733864900383,114.321548853812,145.67233533841,"(0, -0.1 MPa)","VPD 3-4 kPa",2.23501267724555,26.9882961607848
"3d","coc","coc03",3,2024-08-14 13:00:00,1,155.5,2024-08-14 12:50:00,975.027777777778,1,12.88775,34.6381666666667,769.46884920635,53.883845734127,25.9315873015873,15.5104898775143,31.85075,48.028,928.075,24.7911091468018,-0.0979931012856695,2.25934968439363,7.51709863303542,32.8749734480452,27.741237674169,77.498452969676,89.572397288949,"(0, -0.1 MPa)",NA,3.32710721361969,22.7450180612764
"3d","coc","coc03",3,2024-08-14 14:00:00,1,159.5,2024-08-14 13:47:30,975.206018518518,1,12.9199166666667,35.3214722222222,1318.00431547619,49.0997643849206,26.5557906746032,17.7844951780561,33.084,45.4335,1399.95,28.3161902655339,-0.0979931012856695,3.49276167609995,6.97909571695085,34.4364021744588,32.4448963747675,98.466709926995,118.853915172839,"(0, -0.1 MPa)","VPD 3-4 kPa",1.99815972693097,23.0647256550924
"3d","coc","coc03",3,2024-08-14 15:00:00,1,164,2024-08-14 14:54:00,975.6,1,12.9204666666667,36.4759111111111,995.554166666666,48.2040373015873,26.5642472222222,18.0856433646448,30.6924,46.2416,832.45,24.4070582781478,-0.0979931012856695,1.83983831641012,1.62537718984081,31.7961344164473,27.5518231856763,56.1445666150444,63.5391346130621,"(0, -0.1 MPa)",NA,0.883434797146868,20.5033080727581
"3d","coc","coc03",3,2024-08-16 08:00:00,1,331.5,2024-08-16 07:55:00,979.967592592592,1,13.42,38.6113055555555,941.925446428573,59.1495223214286,21.3787579365079,10.4580165846524,30.746125,44.3925,615.2625,24.8035736152957,-0.0979931012856695,2.94410788223567,8.11507432250895,30.1387524531611,23.3308032725655,121.057617117357,153.551348038345,"(0, -0.1 MPa)",NA,2.75637804289515,19.7438879647657
"3d","coc","coc03",3,2024-08-16 09:00:00,1,335.5,2024-08-16 08:55:00,979.4609375,1,13.3646666666667,38.307875,1283.96041666667,55.0481770833333,23.2606875,12.9041827342219,35.11125,37.79025,1040.8875,35.5743550771541,-0.0979931012856695,4.02119352791917,6.59153116001646,34.9329385317764,35.0108922879558,108.382896158955,133.353874758749,"(0, -0.1 MPa)","VPD 3-4 kPa",1.63919769447837,21.4767120029116
"3d","coc","coc03",3,2024-08-16 10:00:00,1,339.5,2024-08-16 09:50:00,979,1,13.2930833333333,37.9989861111111,1301.73199404762,53.5032569444445,24.4503511904762,14.3227995488338,37.38475,35.75725,1367.7625,41.3687531332894,-0.0979931012856695,4.52720182923354,6.30385964083828,37.7819156220907,42.7741809480114,98.9034649930138,119.219068606665,"(0, -0.1 MPa)",NA,1.39244060208059,23.0174953345574
"3d","coc","coc03",3,2024-08-16 11:00:00,1,343.5,2024-08-16 10:50:00,978.59375,1,13.2329166666667,36.9019722222223,1483.20892857143,50.4910476190476,26.309005952381,17.0533013927871,39.63725,34.2675,1464.325,47.8519396808732,-0.0979931012856695,5.48193593557416,4.26535088058164,39.5962227934274,47.6488529714248,107.085244485883,131.414184224432,"(0, -0.1 MPa)",NA,0.778073828426618,24.9058694261067
"3d","coc","coc03",3,2024-08-16 12:00:00,1,347.5,2024-08-16 11:50:00,977.847222222222,1,13.1724166666667,36.0049027777778,1729.38204365079,46.0832177579365,28.3820277777778,20.9540601174934,42.618875,30.436625,1593.3875,59.2298906252112,-0.0979931012856695,5.54799395382071,3.65634758533194,42.9433921204998,60.7552539439336,84.4960320124286,98.9631650179139,"(0, -0.1 MPa)","VPD 5-9 kPa",0.659039576424545,25.8996366662064
"3d","coc","coc03",3,2024-08-16 13:00:00,1,351.5,2024-08-16 12:50:00,977,1,13.09725,33.2168297017181,1693.40734126984,44.3871909722222,29.7724027777778,23.40077798841,43.97,28.81575,1784.95,65.0066618165315,-0.0979931012856695,5.09293103977179,2.21840702180444,45.2706783184087,71.3374092649541,65.3445289146122,73.6211524329421,"(0, -0.1 MPa)","VPD 5-9 kPa",0.435585521280462,26.3072641924145
"3d","coc","coc03",3,2024-08-16 14:00:00,1,356,2024-08-16 13:56:00,976.085714285714,1,13.0360666666667,33.6733082058189,1525.17321428572,41.4089234126984,31.1660063492064,26.7036105891211,44.1976,28.3858,1668.45,66.1565267547098,-0.0979931012856695,3.7215318460366,1.51925344418668,46.449895438341,77.4803133865324,43.9159596945823,47.6061059304684,"(0, -0.1 MPa)","VPD 5-9 kPa",0.408233358477015,26.2218739672723
"3d","coc","coc03",3,2024-08-16 15:00:00,1,359,2024-08-16 14:40:00,976,1,12.9903333333333,33.8831666666667,1342.58888888889,40.7598888888889,31.0677777777778,26.8360970715894,40.302,30.427,831.2,52.3908596144117,-0.0979931012856695,0.389810211646096,2.5958813322985,43.2146364304711,64.8690881102254,5.53237149218949,5.58550166633057,"(0, -0.1 MPa)","VPD 5-9 kPa",6.65934666343546,22.9125765093888
"3d","coc","coc03",3,2024-08-17 09:00:00,1,433.5,2024-08-17 08:55:00,976.338541666667,1,12.9291666666667,36.0234444444445,1354.48745039682,38.8702023809524,26.8516349206349,21.7518401803333,39.04725,29.823,1207.1375,49.6179588478424,-0.0979931012856695,4.91092662839983,5.15727156192296,38.6979271949571,48.2732440680749,94.5110448917447,112.900159462224,"(0, -0.1 MPa)",NA,1.05016261739659,21.0011859129507
"3d","coc","coc03",3,2024-08-17 10:00:00,1,437.5,2024-08-17 09:50:00,976,1,12.91925,33.8260138888889,853.547470238095,35.8917078373016,27.9342628968254,24.2657463839755,38.01775,29.817,811.2,47.3507490390195,-0.0979931012856695,3.98270244816648,5.24959785999875,37.1953073611859,44.4897822962933,87.2139894283043,103.48279085989,"(0, -0.1 MPa)",NA,1.31809943833879,19.8638086587372
"3d","coc","coc03",3,2024-08-17 11:00:00,1,441.5,2024-08-17 10:50:00,975.34375,1,12.9203333333333,34.824,1495.46587301587,29.6811760912698,30.8018680555556,31.4975498095129,44.7745,24.56025,1480.2625,72.5010981493463,-0.0979931012856695,7.19891204244661,2.3165245310924,43.6500449084169,66.9710155241455,100.259636211869,121.657668473449,"(0, -0.1 MPa)","VPD 5-9 kPa",0.321788142073911,23.3737109201471
"3d","coc","coc03",3,2024-08-17 12:00:00,1,445.5,2024-08-17 11:50:00,974.270833333333,1,12.9211666666667,35.9701111111111,1728.84880952381,26.336365079365,32.5421547619047,36.2919211982514,47.1715,21.101875,1604.0125,84.8732804516968,-0.0979931012856695,7.53199955002605,0.283267248015438,46.1756056909503,79.6540885539384,86.5499822151871,101.800945974353,"(0, -0.1 MPa)","VPD 5-9 kPa",0.0376085057007814,22.6976639667864
"3d","coc","coc03",3,2024-08-18 21:00:00,1,528,2024-08-18 21:00:00,960.747698565618,0.999871547848426,13.39,35.725,494.713166345536,49.8061939627489,23.0087797045601,15.5340681690382,32.58,47.375,716.2,25.9695020190744,-0.0979931012856695,2.54507255205235,8.09680098937305,32.6279609757549,26.1029129858241,90.1223229456384,106.647709570203,"(0, -0.1 MPa)",NA,3.18136352649113,23.3787203449625
"3d","coc","coc03",3,2024-08-19 10:00:00,1,529,2024-08-19 10:10:00,948.148333333333,1,13.31,37.2331111111111,1031.325,40.6557,23.22655,16.9846678474354,36.012,29.573,1092.45,42.060254017839,-0.0979931012856695,4.60413994548841,1.66812807910887,35.5200831573245,40.4663547872338,103.565916581464,126.002940585355,"(0, -0.1 MPa)",NA,0.362310463812784,17.6615203269989
"3d","coc","coc03",3,2024-08-19 11:00:00,1,530,2024-08-19 11:20:00,971.684210526316,1,13.1686666666667,35.5619444444444,1407.64736842105,36.2498947368421,25.7928421052632,21.2631106222598,40.045,26.032,1177.45,54.9433839674375,-0.0979931012856695,5.24917406081448,4.58607610176679,39.3471314195052,52.2245166688303,93.0974787400967,110.839359007458,"(0, -0.1 MPa)","VPD 5-9 kPa",0.873675753296548,19.336553258711
"3d","coc","coc03",3,2024-08-19 12:00:00,1,531.5,2024-08-19 12:00:00,971,1,13.1313333333333,36.0442222222223,1475.36666666666,36.542875,26.895125,22.5996414707016,41.3105,25.15875,1475.575,59.4685749406447,-0.0979931012856695,5.41896208207057,4.6078518168287,41.3573151723958,59.6588820625648,83.6888394660993,97.7570936696509,"(0, -0.1 MPa)","VPD 5-9 kPa",0.850319996162079,19.9856931243989
"3d","coc","coc03",3,2024-08-19 13:00:00,1,534,2024-08-19 13:00:00,970.333333333333,1,13.0933333333333,35.9641481481482,1404.74166666667,35.8217222222222,28.1420277777778,24.5895267664669,41.203,26.5283333333333,1452.45,58.049668093331,-0.0979931012856695,5.43443768791625,4.44172506543284,41.1720585549156,57.9133197562969,86.4005398293364,101.49930286843,"(0, -0.1 MPa)","VPD 5-9 kPa",0.817329284188729,20.9543200975564
"3d","coc","coc03",3,2024-08-19 14:00:00,1,536.5,2024-08-19 14:00:00,969.111111111111,1,13.06,35.0216666666666,1209.74166666666,33.8515,29.0986944444445,26.7765616945923,40.785,26.63625,1278.7,56.6834771341305,-0.0979931012856695,5.21738683008394,4.70483172656837,40.4131024362155,55.1729902776899,87.1255436983442,102.519939788486,"(0, -0.1 MPa)","VPD 5-9 kPa",0.901760187578938,20.5791563067282
"3d","coc","coc03",3,2024-08-19 15:00:00,1,539,2024-08-19 15:00:00,968.046296296296,1,13.04,34.8357592592593,644.672222222222,32.9918888888889,29.2781666666667,27.3989406085343,34.2386666666667,32.1533333333333,646.2,37.2528639225855,-0.0979931012856695,2.32764120704901,5.11083155830789,34.2680032531871,37.2963731514863,56.8210523814268,63.121131745738,"(0, -0.1 MPa)","VPD 3-4 kPa",2.19571278547152,17.4102994396551
"3d","coc","coc05",4,2024-08-20 08:00:00,2,1.5,2024-08-20 08:10:00,966.375,1,13.3473333333333,38.0931666666666,845.8875,49.5087083333333,21.7154583333334,13.231706944785,31.99,50.287,801.2,23.922650142771,-0.0979931012856695,5.63053179378617,14.5432971908706,30.33131179948,19.5822607059852,269.561353571087,505.105220999698,"(0, -0.1 MPa)","VPD 1-2 kPa",2.58293492044935,24.0031993133902
"3d","coc","coc05",4,2024-08-20 09:00:00,2,3.5,2024-08-20 09:00:00,966,1,13.265,37.1470833333333,1119.74166666666,47.9654583333333,23.23725,14.8940775916215,35.004,42.9545,1073.075,32.225778120259,-0.0979931012856695,5.27077431463787,12.9138534515147,34.1115575599972,29.513583478548,168.284858197102,243.272626851791,"(0, -0.1 MPa)",NA,2.45008658702207,24.2673242617089
"3d","coc","coc05",4,2024-08-20 10:00:00,2,6,2024-08-20 09:56:40,965.430555555556,1,13.2164444444444,35.9088518518518,1166.06111111111,43.0716388888889,25.4681944444444,18.6816840778162,38.6431666666667,34.432,1137.86666666667,45.4000321938441,-0.0979931012856695,4.27322330144781,7.86075085776848,38.5853460799323,45.1726393711009,88.1635645147641,104.43273906013,"(0, -0.1 MPa)",NA,1.83953664558208,23.7257167784393
"3d","coc","coc05",4,2024-08-20 11:00:00,2,8.5,2024-08-20 11:00:00,964.104166666667,1,13.1558333333334,37.1156111111111,1456.5125,32.74025,28.4178333333333,26.2410901409019,42.5755,28.0465,1420.575,61.2252850530211,-0.0979931012856695,5.69886783555646,5.16755609074927,42.2909174747019,60.0615664987259,87.5223993626164,103.443923596179,"(0, -0.1 MPa)","VPD 5-9 kPa",0.906768895131728,23.811689983924
"3d","coc","coc05",4,2024-08-20 12:00:00,2,11,2024-08-20 12:00:00,962.189814814815,1,13.1033333333333,35.844,1542.03333333333,29.2652777777778,30.1372222222222,30.4026486521797,44.592,25.6736666666667,1518.7,70.1475449308927,-0.0979931012856695,5.68208722056921,3.04354507536175,44.6327656456377,70.3754233582615,73.5734325604629,84.5381314808575,"(0, -0.1 MPa)","VPD 5-9 kPa",0.535638570338042,24.2045764709371
"3d","coc","coc05",4,2024-08-20 13:00:00,2,13.5,2024-08-20 13:00:00,960.333333333333,1,13.0518333333333,35.1085833333333,1447.24166666666,25.7225,32.2623333333334,36.125749067788,45.364,27.778,1403.7,70.880946321665,-0.0979931012856695,7.38536798429581,3.15178155853249,43.9814982505955,64.1168147683351,103.732427143087,126.450368476286,"(0, -0.1 MPa)","VPD 5-9 kPa",0.426760259642365,27.249308744629
"3d","coc","coc05",4,2024-08-20 14:00:00,2,16,2024-08-20 14:00:00,958.263888888889,1,13.01,35.469462962963,1252.03333333333,19.9917777777778,33.4116666666667,41.3794645617759,44.5633333333333,27.0006666666667,1266.2,68.7330005883435,-0.0979931012856695,8.05025860818358,4.25799674678516,42.4738305651723,59.0613455490047,123.351345845703,156.833935294627,"(0, -0.1 MPa)","VPD 5-9 kPa",0.528926703355423,25.4180296766117
"3d","coc","coc05",4,2024-08-20 15:00:00,2,18.5,2024-08-20 15:00:00,956.333333333333,1,12.9895,35.9613055555556,595.158333333334,17.8923333333333,33.2721666666666,42.1283511694496,40.259,27.7775,796.2,54.520689388768,-0.0979931012856695,5.74717892994608,6.00573214588385,38.3194694879541,46.895420655186,109.588846499784,138.073557687052,"(0, -0.1 MPa)",NA,1.04498784866268,20.8696095468034
"3d","coc","coc05",4,2024-08-21 08:00:00,2,60.5,2024-08-21 07:50:00,958.069444444445,1,13.4038333333333,36.8708888888889,779.95,58.0738333333333,23.4080833333334,12.1352105032332,32.2585,55.311,723.7,21.7126437324867,-0.0979931012856695,4.33621700204557,13.1740601985516,31.1244202559161,18.6818620597416,213.288034659356,337.986091291067,"(0, -0.1 MPa)","VPD 1-2 kPa",3.03814596740358,26.8047919418932
"3d","coc","coc05",4,2024-08-21 09:00:00,2,63,2024-08-21 08:53:20,958,1,13.3373333333333,36.7272222222222,1147.72777777778,51.1420555555555,25.4747222222222,16.0380491373124,37.2993333333333,48.1316666666667,1094.53333333333,33.4560067795933,-0.0979931012856695,7.0381034647856,12.9214645927586,35.6105989818234,27.7503605038349,231.63309783061,386.163478445347,"(0, -0.1 MPa)",NA,1.83592990035025,30.8395718597712
"3d","coc","coc05",4,2024-08-21 10:00:00,2,65.5,2024-08-21 09:50:00,958,1,13.2671666666667,36.9453055555555,1183.49166666666,45.222,27.0988333333333,19.7380641672147,40.1735,44.6395,1173.7,41.4373236462002,-0.0979931012856695,8.95618696536701,12.6710492118941,37.8692498452605,32.7113641625644,248.578417628074,435.303151190848,"(0, -0.1 MPa)","VPD 3-4 kPa",1.4147816767216,33.3859600092918
"3d","coc","coc05",4,2024-08-21 11:00:00,2,68,2024-08-21 10:53:20,957.069444444444,1,13.1981111111111,35.8016851851852,1466.61666666667,40.3212777777778,28.9088333333333,23.9162626174122,42.8333333333333,42.279,1405.36666666667,49.7255583098577,-0.0979931012856695,11.0318905006382,10.5321168187205,40.2090021869721,38.6071693133128,257.658429451267,463.758133126536,"(0, -0.1 MPa)","VPD 3-4 kPa",0.954697367428651,36.3823372931134
"3d","coc","coc05",4,2024-08-21 12:00:00,2,70.5,2024-08-21 11:50:00,956,1,13.1288333333333,33.1142222222222,1654.11666666666,35.9770833333334,30.2838333333333,27.7410691028051,44.678,40.0735,1614.95,56.7589030605524,-0.0979931012856695,11.6603025534024,7.74466427666562,42.1321289199928,45.0109709196836,232.093511540315,387.135804218107,"(0, -0.1 MPa)",NA,0.664190679546797,37.9483289284178
"3d","coc","coc05",4,2024-08-21 13:00:00,2,73,2024-08-21 12:53:20,954.796296296296,1,13.0452222222222,35.1757407407407,1602.72777777778,32.7276666666667,31.8232777777778,31.8537727275924,45.779,38.0626666666667,1550.36666666667,62.1285982850845,-0.0979931012856695,11.6143345827852,7.37423381689621,43.1104314362715,49.250505864895,212.457904907068,341.04438166452,"(0, -0.1 MPa)",NA,0.634925209389638,38.1403511237476
"3d","coc","coc05",4,2024-08-21 14:00:00,2,75.5,2024-08-21 13:50:00,954,1,12.99,32.56875,1435.36666666666,36.7938333333333,31.4545833333333,29.2750473869697,44.206,40.256,1403.7,55.2329405004322,-0.0979931012856695,7.30387477484675,8.033122487647,42.9888796287749,49.552578676952,131.381928203113,170.355374208415,"(0, -0.1 MPa)",NA,1.09984395068104,37.2033366970255
"3d","coc","coc05",4,2024-08-21 15:00:00,2,77.5,2024-08-21 14:40:00,953.083333333333,1,12.99,32.5599166666667,911.095833333335,36.884375,31.6545833333333,29.5634740679402,43.273,40.51925,1176.825,52.3733841155465,-0.0979931012856695,5.67482074521349,8.4613296084061,42.4238284345668,48.5480764960029,104.410052071793,127.596738240877,"(0, -0.1 MPa)",NA,1.49103028770432,35.6767486636199
"3d","coc","coc05",4,2024-08-22 08:00:00,2,120.5,2024-08-22 07:55:00,952,1,13.3521666666667,37.4870555555555,698.075,58.5971666666667,23.9155833333333,12.3944563574745,32.623,55.446,656.2,22.2686621460333,-0.0979931012856695,4.08287082401894,12.5840383474895,31.5266702637002,19.1846005183914,189.253034898572,294.768742612056,"(0, -0.1 MPa)","VPD 1-2 kPa",3.08215441778353,27.4279269767072
"3d","coc","coc05",4,2024-08-22 09:00:00,2,123,2024-08-22 08:53:20,951.523148148148,1,13.2668888888889,36.9943703703704,1073.42222222222,53.3703888888889,26.2050555555556,15.9552807926971,38.6863333333333,47.448,1043.7,36.5174681457259,-0.0979931012856695,7.14628435518377,12.8588314837171,36.8606936841711,29.9681165544034,215.27672348365,344.887997831184,"(0, -0.1 MPa)",NA,1.79937305103029,32.770591259789
"3d","coc","coc05",4,2024-08-22 10:00:00,2,125.5,2024-08-22 09:55:00,951,1,13.172,36.1451388888889,1171.61666666666,51.6449166666667,27.9620833333333,18.3284898550395,42.49,43.956,1092.45,47.4093312789887,-0.0979931012856695,8.86713295253736,11.1237374399593,40.0672446698143,37.2307088595906,213.077409704728,336.950142195211,"(0, -0.1 MPa)","VPD 3-4 kPa",1.25449088217136,37.1523211422994
"3d","coc","coc05",4,2024-08-22 11:00:00,2,128,2024-08-22 10:53:20,949.801587301587,1,13.0865555555556,34.8082592592592,1463.68015873016,48.5588571428571,30.3514761904762,22.4429124400073,45.0353333333333,43.3456666666667,1407.86666666667,54.7335747258119,-0.0979931012856695,10.7162486706929,8.94571317135986,42.5476622592735,43.0688317800312,221.346117504889,358.796343984727,"(0, -0.1 MPa)",NA,0.834780289843859,41.80903138546
"3d","coc","coc05",4,2024-08-22 12:00:00,2,130.5,2024-08-22 11:55:00,948.75,1,13,32.9344927367696,1633.49166666666,40.148125,32.4795416666667,29.384500874059,47.1235,40.183,1596.825,64.1864915347042,-0.0979931012856695,10.5988476517461,5.80201388024235,44.9110894255908,52.7262316964897,176.805095582519,254.446845474624,"(0, -0.1 MPa)","VPD 5-9 kPa",0.547419311125442,43.1168212898998
"3d","coc","coc05",4,2024-08-22 13:00:00,2,133,2024-08-22 12:53:20,947.388888888889,1,12.94,34.6518333333334,1579.95,38.2453888888889,33.96275,32.9344565251674,47.967,39.4995,1533.7,67.7437624663387,-0.0979931012856695,9.5700261987825,4.76467859052789,46.0297491206782,57.2718523033162,146.36215084499,196.60514058223,"(0, -0.1 MPa)","VPD 5-9 kPa",0.497875187753828,44.2278644616328
"3d","coc","coc05",4,2024-08-22 14:00:00,2,135.5,2024-08-22 13:55:00,946.020833333333,1,12.93,35.4920833333333,1424.325,35.1104166666667,34.7745,36.2071346119234,47.8525,38.3395,1393.075,68.6517239573723,-0.0979931012856695,7.54756582058313,5.18833542130368,46.5118648401025,61.3432673272453,107.330996362576,131.736012155915,"(0, -0.1 MPa)","VPD 5-9 kPa",0.687418373637028,42.6821274268942
"3d","coc","coc05",4,2024-08-22 15:00:00,2,137.5,2024-08-22 14:40:00,945.458333333333,1,12.93,33.1002777777777,858.908333333335,32.7832666666666,35.8145833333333,39.7220624816267,47.6595,37.1305,1175.575,69.343755313248,-0.0979931012856695,5.71619548418817,4.59784613283325,46.9272473880816,65.2584398228863,77.1623174427675,90.4528227330196,"(0, -0.1 MPa)","VPD 5-9 kPa",0.80435425022667,40.9358488540614
"3d","coc","coc06",5,2024-08-26 10:00:00,3,0,2024-08-26 10:20:00,962,1,13.22,37.2188888888889,1352.45,49.9341666666667,24.8896666666667,15.8357676192936,39.659,41.954,1413.7,42.2373329934742,-0.0979931012856695,5.41137152544028,7.35553772117156,39.5394550427368,41.7736849809025,117.95739100433,152.464382772708,"(0, -0.1 MPa)",NA,1.35927420370072,30.5279445337873
"3d","coc","coc06",5,2024-08-26 11:00:00,3,1.5,2024-08-26 10:55:00,961.166666666667,1,13.1916666666666,36.9204722222222,1285.575,48.2505,25.8459166666666,17.3300295266265,40.817,42.772,1559.95,44.2922706263302,-0.0979931012856695,6.25938837473818,7.31906616963775,40.513868701283,43.0547640894372,131.799786885065,176.476484123256,"(0, -0.1 MPa)",NA,1.16929414368603,33.1017304240868
"3d","coc","coc06",5,2024-08-26 12:00:00,3,4,2024-08-26 11:56:40,960,1,13.14,36.2218888888889,1250.92222222222,47.4861111111111,26.7615555555556,18.5483156170047,41.8896666666667,41.6606666666667,1594.53333333333,47.8053569185612,-0.0979931012856695,6.17006285179654,6.17926204391224,41.7594539697513,47.2381869767927,118.062784166619,152.877599018822,"(0, -0.1 MPa)",NA,1.00149093977431,34.1202475109707
"3d","coc","coc06",5,2024-08-26 13:00:00,3,6.5,2024-08-26 12:55:00,958.805555555555,1,13.11,35.5814166666667,1235.08888888889,48.3093611111111,27.9705833333334,19.5993655153081,43.477,40.818,1551.825,52.6670204116054,-0.0979931012856695,6.31372068242391,5.62632718568599,43.1572734410852,51.2022248583659,110.778214719011,140.812271306551,"(0, -0.1 MPa)","VPD 5-9 kPa",0.891127034071766,36.3232985526509
"3d","coc","coc06",5,2024-08-26 14:00:00,3,9,2024-08-26 13:56:40,957.666666666667,1,13.0776666666667,36.4683148148148,1094.95,45.8480277777778,28.93325,21.7131644294567,44.2633333333333,39.7883333333333,1253.28333333333,55.8815216071653,-0.0979931012856695,6.13447565342965,5.19570203048816,43.2837272306241,51.248052243272,107.287304973676,135.197183702063,"(0, -0.1 MPa)","VPD 5-9 kPa",0.846967585173047,36.8803109880017
"3d","coc","coc06",5,2024-08-26 15:00:00,3,11.5,2024-08-26 14:55:00,956.958333333333,1,13.025,36.1763333333333,325.991666666667,44.9872916666666,29.2392083333334,22.4458132622257,40.0875,41.2515,608.7,45.4348982091699,-0.0979931012856695,2.97797262233558,4.03878969949651,39.5888528231634,42.9410969943596,54.8383645660446,63.9865260629484,"(0, -0.1 MPa)",NA,1.35622123225866,30.7110648176382
"3d","coc","coc06",5,2024-08-27 08:00:00,3,54,2024-08-27 07:56:40,956.875,1,13.3648888888889,36.5979814814815,755.505555555556,66.5106111111111,23.4645555555555,9.80297819458427,35.5256666666667,51.6403333333333,656.2,28.5578040867148,-0.0979931012856695,3.0906809579203,7.20893598050038,35.0220976352131,26.7460217907782,102.929816319842,129.968704352595,"(0, -0.1 MPa)",NA,2.33247497190756,30.0266631437369
"3d","coc","coc06",5,2024-08-27 09:00:00,3,56.5,2024-08-27 09:00:00,956,1,13.2518333333333,35.2546666666667,1029.53333333333,58.911,26.1835833333334,14.0379582232672,40.9025,45.1405,1093.7,42.6938661887424,-0.0979931012856695,4.91736958517671,6.91235884086923,40.2811225693241,40.1796662275056,110.299364469123,139.914232293181,"(0, -0.1 MPa)",NA,1.40570252472102,35.0933573944182
"3d","coc","coc06",5,2024-08-27 10:00:00,3,59,2024-08-27 09:56:40,955.351851851852,1,13.163,35.6113888888889,1322.91296296296,54.3399814814815,27.839962962963,17.1936177757807,43.92,42.7186666666667,1359.95,52.2194040152481,-0.0979931012856695,6.55936610669171,5.46450545005018,42.9713743364115,47.8353022203928,122.480053575325,160.157286026902,"(0, -0.1 MPa)",NA,0.833084380589068,38.8989826436892
"3d","coc","coc06",5,2024-08-27 11:00:00,3,61.5,2024-08-27 11:00:00,954.25,1,13.085,34.8038888888889,1330.99166666666,48.9191666666667,29.8592083333333,21.6050902137606,46.0935,41.404,1567.45,59.6993837744878,-0.0979931012856695,7.84869765765902,4.31025299424383,44.9404013854857,53.841972041145,128.974941725324,171.402205747281,"(0, -0.1 MPa)","VPD 5-9 kPa",0.549167923424562,42.1604337107072
"3d","coc","coc06",5,2024-08-27 12:00:00,3,64,2024-08-27 11:56:40,953.166666666667,1,13.0148888888889,35.1585185185185,1274.18611111111,45.2878611111111,31.6969722222222,25.7138770922201,47.6238333333333,39.8818333333333,1602.86666666667,66.1876074940106,-0.0979931012856695,7.62115885776391,3.61451861802094,46.6901246079162,61.1034876619785,109.737397799281,139.088145934344,"(0, -0.1 MPa)","VPD 5-9 kPa",0.474274147210397,43.8900826588037
"3d","coc","coc06",5,2024-08-27 13:00:00,3,66.5,2024-08-27 13:00:00,952.1875,1,12.9456666666667,35.5058055555555,1258.49166666666,41.6510416666667,33.1695416666667,29.7828930472292,49.526,38.5835,1604.325,74.3537169059474,-0.0979931012856695,8.02384202203033,1.94825932037567,48.3994301529328,67.7274643695964,103.370898646934,129.070374429063,"(0, -0.1 MPa)","VPD 5-9 kPa",0.242808783501284,46.709844381169
"3d","coc","coc06",5,2024-08-27 14:00:00,3,69,2024-08-27 13:56:40,951.52380952381,1,12.9326666666667,34.1300925925926,759.900396825398,39.5089722222222,33.3513174603175,31.1894790535946,44.0416666666667,41.2496666666667,965.366666666667,55.9743497361138,-0.0979931012856695,3.3169706670157,2.84138812525523,44.4690523914975,57.5825542020863,45.4386546057754,50.7135088123306,"(0, -0.1 MPa)","VPD 5-9 kPa",0.856621420716888,37.7988242181084
"3d","coc","coc06",5,2024-08-27 15:00:00,3,71.5,2024-08-27 15:00:00,950.805555555555,1,12.9341666666667,36.0006388888889,330.158333333334,33.5366666666666,34.25525,36.0313015803162,42.1465,39.939,658.7,51.9982041664195,-0.0979931012856695,2.527875703055,3.16544674036508,42.3624768876634,52.0179267852594,35.3322475142319,40.7499022163386,"(0, -0.1 MPa)","VPD 5-9 kPa",1.25221613410009,33.154595600905
"3d","coc","coc06",5,2024-08-28 08:00:00,3,114,2024-08-28 08:00:00,954,1,13.3566666666667,34.9465,525.658333333333,73.5007333333333,25.3578666666667,8.6579775345823,33.1593333333333,63.488,548.7,19.136896731736,-0.0979931012856695,1.68406999786304,6.12551314941907,33.5712105120947,20.1133654298156,69.3628568040209,85.4845793423799,"(0, -0.1 MPa)",NA,3.63732692654813,32.3666966577367
"3d","coc","coc06",5,2024-08-28 09:00:00,3,116.5,2024-08-28 09:00:00,954,1,13.2655,36.3534166666666,1015.15833333334,65.62875,27.9907083333334,13.064147217797,41.5035,50.464,1106.2,39.8010467591754,-0.0979931012856695,4.96259183790425,6.95272745861162,40.9292927281834,37.3922351815194,118.530154148344,153.50260443319,"(0, -0.1 MPa)","VPD 3-4 kPa",1.40102746421874,40.4981632176137
"3d","coc","coc06",5,2024-08-28 10:00:00,3,119,2024-08-28 10:00:00,953.305555555556,1,13.1705555555555,36.4027592592593,1250.99166666667,59.4306666666667,29.9769722222222,17.3381972687959,43.956,47.8145,1161.2,47.6746894982919,-0.0979931012856695,6.44067565356839,5.69295845716521,42.6621959165416,41.7642616751249,137.390258611883,186.76696644201,"(0, -0.1 MPa)",NA,0.883907025190918,43.6204720140525
"3d","coc","coc06",5,2024-08-28 11:00:00,3,121.5,2024-08-28 11:00:00,952.3125,1,13.0825,34.8416111111111,1313.74464285714,49.4514107142857,32.6439821428571,25.1183433746,46.437,44.652,1543.7,57.3573531130309,-0.0979931012856695,7.45996293744805,4.35859853421502,45.4811700818762,52.4223001424889,125.290468777382,165.002904221695,"(0, -0.1 MPa)","VPD 5-9 kPa",0.584265440828857,46.2707431689156
"3d","coc","coc06",5,2024-08-28 12:00:00,3,124,2024-08-28 12:00:00,951.518518518519,1,12.9904444444444,33.3939814814815,1258.28333333333,42.4395,34.6817777777778,32.0001788591992,47.6526666666667,42.4256666666667,1591.2,63.5003182995792,-0.0979931012856695,6.67463384950429,3.46575698722256,47.2969077217984,61.5639043984214,95.2691395242903,116.873137808756,"(0, -0.1 MPa)","VPD 5-9 kPa",0.519243012480745,46.7575691983255
"3d","coc","coc06",5,2024-08-28 13:00:00,3,126.5,2024-08-28 13:00:00,950.770833333333,1,12.96,33.4195833333333,1225.36666666666,38.30425,36.19625,37.2364039035144,48.8395,41.1965,1529.95,68.7924467832276,-0.0979931012856695,6.2409693383905,2.57809700478836,48.6331055731841,67.5957271852199,80.3544361103687,95.1170909249477,"(0, -0.1 MPa)","VPD 5-9 kPa",0.413092400395165,48.1930549331338
"3d","coc","coc06",5,2024-08-28 14:00:00,3,129,2024-08-28 14:00:00,949.694444444444,1,12.94,33.0133888888889,1093.00555555556,34.2311111111111,36.9315,41.3141747860092,49.0826666666667,39.0233333333333,1206.2,72.206015737658,-0.0979931012856695,5.3233469808883,2.1392579689241,48.597843366003,69.3884713882665,66.6613336439907,76.5058226998972,"(0, -0.1 MPa)","VPD 5-9 kPa",0.401863334590887,46.2091942753739
"3d","coc","coc06",5,2024-08-28 15:00:00,3,131,2024-08-28 14:50:00,949,1,12.9303333333333,32.0595,264.95,35.3131666666667,36.4498333333333,39.5763550704973,46.437,39.219,943.7,62.9844584912179,-0.0979931012856695,2.53770961270854,2.42146273106638,47.4644258211319,68.5271453043475,32.3696676304566,34.5132366493943,"(0, -0.1 MPa)","VPD 5-9 kPa",0.954192205026135,40.6407837575406
"3d","coc","coc07",1,2024-08-20 08:00:00,2,1.5,2024-08-20 08:10:00,966.375,1,13.3473333333333,38.0931666666666,845.8875,49.5087083333333,21.7154583333334,13.231706944785,29.963,42.149,785.575,24.8630157268545,-0.0979931012856695,1.71624519939855,9.07600625698177,31.0939196872062,27.6862703889671,57.1239642824365,63.6366762671806,"(0, -0.1 MPa)",NA,5.28829229073001,17.9242718134314
"3d","coc","coc07",1,2024-08-20 09:00:00,2,3.5,2024-08-20 09:00:00,966,1,13.265,37.1470833333333,1119.74166666666,47.9654583333333,23.23725,14.8940775916215,34.5105,37.082,1073.7,34.5881024092934,-0.0979931012856695,2.54097104346098,8.8765587348095,35.815776723401,38.6978036508746,60.8446403892417,68.2124617604496,"(0, -0.1 MPa)","VPD 3-4 kPa",3.49337264493931,20.3846095553126
"3d","coc","coc07",1,2024-08-20 10:00:00,2,6,2024-08-20 09:56:40,965.430555555556,1,13.2164444444444,35.9088518518518,1166.06111111111,43.0716388888889,25.4681944444444,18.6816840778162,36.7273333333333,35.0263333333333,1161.2,40.5947901844359,-0.0979931012856695,2.83749167169135,7.80630121399436,38.0615387076959,45.1831191571183,57.8164271886171,64.4348329537352,"(0, -0.1 MPa)",NA,2.75112744536841,21.753833310898
"3d","coc","coc07",1,2024-08-20 11:00:00,2,8.5,2024-08-20 11:00:00,964.104166666667,1,13.1558333333334,37.1156111111111,1456.5125,32.74025,28.4178333333333,26.2410901409019,40.3665,28.7665,1397.45,53.9083724408371,-0.0979931012856695,3.05434996511738,5.87372832947605,42.3564870130851,62.309855037216,44.6231035408121,48.4583415545658,"(0, -0.1 MPa)","VPD 5-9 kPa",1.92306985006884,21.7366031380572
"3d","coc","coc07",1,2024-08-20 12:00:00,2,11,2024-08-20 12:00:00,962.189814814815,1,13.1033333333333,35.844,1542.03333333333,29.2652777777778,30.1372222222222,30.4026486521797,42.9623333333333,20.7573333333333,1523.7,68.6588682275227,-0.0979931012856695,2.23332127147698,1.07644522453839,46.4179515568771,85.5581732024742,23.6260967144529,24.6784872473887,"(0, -0.1 MPa)","VPD 5-9 kPa",0.481993002209886,17.9830118680664
"3d","coc","coc07",1,2024-08-20 13:00:00,2,13.5,2024-08-20 13:00:00,960.333333333333,1,13.0518333333333,35.1085833333333,1447.24166666666,25.7225,32.2623333333334,36.125749067788,44.2275,22.051,1481.2,72.1346477923327,-0.0979931012856695,2.48994184480559,0.725194211328114,47.2261255133411,87.4656164831599,25.5088964827844,26.7178720198152,"(0, -0.1 MPa)","VPD 5-9 kPa",0.291249457428487,20.4015167957191
"3d","coc","coc07",1,2024-08-20 14:00:00,2,16,2024-08-20 14:00:00,958.263888888889,1,13.01,35.469462962963,1252.03333333333,19.9917777777778,33.4116666666667,41.3794645617759,43.248,19.3163333333333,1298.7,70.9838704117273,-0.0979931012856695,2.38397142181248,1.1261966128961,45.6820911296651,82.8147445329956,26.0481731731836,27.3249904403448,"(0, -0.1 MPa)","VPD 5-9 kPa",0.472403571029338,16.9856896059095
"3d","coc","coc07",1,2024-08-20 15:00:00,2,18.5,2024-08-20 15:00:00,956.333333333333,1,12.9895,35.9613055555556,595.158333333334,17.8923333333333,33.2721666666666,42.1283511694496,37.7925,22.479,761.2,51.41897775626,-0.0979931012856695,1.59359517537507,3.22732757527081,39.0288959463225,56.3281876555644,25.9062615456029,27.1542562589527,"(0, -0.1 MPa)","VPD 5-9 kPa",2.02518658762332,14.7937996358681
"3d","coc","coc07",1,2024-08-21 08:00:00,2,60.5,2024-08-21 07:50:00,958.069444444445,1,13.4038333333333,36.8708888888889,779.95,58.0738333333333,23.4080833333334,12.1352105032332,29.727,51.1355,716.2,20.5451586152502,-0.0979931012856695,0.777462338551563,8.66574935431554,31.7079516515986,25.5764070780147,27.7346246879404,29.2138622787504,"(0, -0.1 MPa)",NA,11.1461982460271,21.452963439785
"3d","coc","coc07",1,2024-08-21 09:00:00,2,63,2024-08-21 08:53:20,958,1,13.3373333333333,36.7272222222222,1147.72777777778,51.1420555555555,25.4747222222222,16.0380491373124,35.383,41.75,1093.7,34.0039343425516,-0.0979931012856695,2.34602991888128,8.52219366472479,36.9778406806134,39.2389760553526,53.8483340406284,59.6123308773065,"(0, -0.1 MPa)","VPD 3-4 kPa",3.63260229383121,24.0857093335393
"3d","coc","coc07",1,2024-08-21 10:00:00,2,65.5,2024-08-21 09:50:00,958,1,13.2671666666667,36.9453055555555,1183.49166666666,45.222,27.0988333333333,19.7380641672147,38.629,36.532,1227.45,43.7116393373315,-0.0979931012856695,3.2722629064397,7.56480883643241,39.7603096285581,48.0082764974397,61.9487884476765,69.5965550256699,"(0, -0.1 MPa)",NA,2.31179738692302,25.1535474431889
"3d","coc","coc07",1,2024-08-21 11:00:00,2,68,2024-08-21 10:53:20,957.069444444444,1,13.1981111111111,35.8016851851852,1466.61666666667,40.3212777777778,28.9088333333333,23.9162626174122,41.661,32.381,1397.86666666667,54.8852745085277,-0.0979931012856695,3.98597666620087,5.50514090024314,42.7244705134222,59.6590498126525,60.7220815931303,68.1034026076937,"(0, -0.1 MPa)","VPD 5-9 kPa",1.38112722709193,26.2028896735168
"3d","coc","coc07",1,2024-08-21 12:00:00,2,70.5,2024-08-21 11:50:00,956,1,13.1288333333333,33.1142222222222,1654.11666666666,35.9770833333334,30.2838333333333,27.7410691028051,44.0985,28.5105,1651.2,65.7957961641763,-0.0979931012856695,4.24028280560377,2.93504994580408,45.8112245250747,74.2227079477831,50.9330777522579,55.9961159156114,"(0, -0.1 MPa)","VPD 5-9 kPa",0.692182592615107,26.2023663907869
"3d","coc","coc07",1,2024-08-21 13:00:00,2,73,2024-08-21 12:53:20,954.796296296296,1,13.0452222222222,35.1757407407407,1602.72777777778,32.7276666666667,31.8232777777778,31.8537727275924,45.536,26.8946666666667,1622.03333333333,72.4768976253897,-0.0979931012856695,3.83082478782738,2.15121661870266,47.592384276948,83.4772254173108,41.3212987139108,44.7175282272597,"(0, -0.1 MPa)","VPD 5-9 kPa",0.561554427009623,26.6164328047858
"3d","coc","coc07",1,2024-08-21 14:00:00,2,75.5,2024-08-21 13:50:00,954,1,12.99,32.56875,1435.36666666666,36.7938333333333,31.4545833333333,29.2750473869697,44.957,27.9735,1468.7,69.6014435636891,-0.0979931012856695,1.62321999656388,1.70389959619406,48.9854595706992,91.1540861673986,15.3098390453468,15.8394535754179,"(0, -0.1 MPa)",NA,1.04970342886421,26.8733401304187
"3d","coc","coc07",1,2024-08-21 15:00:00,2,77,2024-08-21 14:30:00,953.166666666667,1,12.99,32.3526666666667,1240.36666666667,37.12175,31.5955833333333,29.3550182405675,43.048,30.574,1323.7,60.4162748355579,-0.0979931012856695,0.443807181320872,3.21045794878334,47.9871073944748,85.4778295876494,4.58886615074396,4.62651602352406,"(0, -0.1 MPa)","VPD 5-9 kPa",7.23390265842089,26.6062741166472
"3d","coc","coc07",1,2024-08-22 08:00:00,2,120.5,2024-08-22 07:55:00,952,1,13.3521666666667,37.4870555555555,698.075,58.5971666666667,23.9155833333333,12.3944563574745,31.5075,48.6695,593.7,23.9000973476628,-0.0979931012856695,0.809204512245844,8.13604710396219,32.9701438624821,27.8786847201816,26.1992062336808,27.5698656615386,"(0, -0.1 MPa)",NA,10.0543768365572,22.6047259322224
"3d","coc","coc07",1,2024-08-22 09:00:00,2,123,2024-08-22 08:53:20,951.523148148148,1,13.2668888888889,36.9943703703704,1073.42222222222,53.3703888888889,26.2050555555556,15.9552807926971,37.9283333333333,40.0323333333333,1023.7,39.9576476009906,-0.0979931012856695,2.83318361765945,8.59381494663099,38.798690149905,43.0866388913789,58.9739038811912,65.920451957158,"(0, -0.1 MPa)",NA,3.03327143820297,26.5404485444985
"3d","coc","coc07",1,2024-08-22 10:00:00,2,125.5,2024-08-22 09:55:00,951,1,13.172,36.1451388888889,1171.61666666666,51.6449166666667,27.9620833333333,18.3284898550395,42.5115,35.641,1224.95,54.4892377480302,-0.0979931012856695,4.17538413108979,6.72733187807057,42.8611961485852,56.0278988602013,66.5428751274443,75.4465851094774,"(0, -0.1 MPa)","VPD 5-9 kPa",1.61118873542174,30.1582795643648
"3d","coc","coc07",1,2024-08-22 11:00:00,2,128,2024-08-22 10:53:20,949.801587301587,1,13.0865555555556,34.8082592592592,1463.68015873016,48.5588571428571,30.3514761904762,22.4429124400073,44.9206666666667,33.968,1397.03333333333,63.3575815957829,-0.0979931012856695,4.64124200543278,4.25066195921936,45.4553586948787,66.1362057204226,62.3557880611288,70.1525195568469,"(0, -0.1 MPa)","VPD 5-9 kPa",0.915845791760862,32.571141396695
"3d","coc","coc07",1,2024-08-22 12:00:00,2,130.5,2024-08-22 11:55:00,948.75,1,13,32.9344927367696,1633.49166666666,40.148125,32.4795416666667,29.384500874059,47.166,30.256,1631.2,74.9952339289246,-0.0979931012856695,4.07440294013816,1.95296263498315,49.0292798869824,85.5608804186282,41.6067901754264,44.9255209985875,"(0, -0.1 MPa)","VPD 5-9 kPa",0.479324863955876,32.534989871576
"3d","coc","coc07",1,2024-08-22 13:00:00,2,133,2024-08-22 12:53:20,947.388888888889,1,12.94,34.6518333333334,1579.95,38.2453888888889,33.96275,32.9344565251674,47.91,29.5118333333333,1595.36666666667,78.7120424904084,-0.0979931012856695,2.643754314241,1.14117150931106,51.2044817872715,98.7076790893739,23.5687958350966,24.7007197491741,"(0, -0.1 MPa)",NA,0.43164809345708,32.9498851914406
"3d","coc","coc07",1,2024-08-22 14:00:00,2,135.5,2024-08-22 13:55:00,946.020833333333,1,12.93,35.4920833333333,1424.325,35.1104166666667,34.7745,36.2071346119234,47.81,28.9255,1456.825,78.9592814786146,-0.0979931012856695,0.56711610966674,0.805514260365309,53.1088896748764,112.255301047516,4.34191145092841,4.37715621595112,"(0, -0.1 MPa)",NA,1.42036920947046,32.1329246428451
