"Time10MIN","WP_1","WP_2","WP_3","WP_4","WP_5","WP_6","TS_1","TS_2","TS_3","TS_4","TS_5","TS_6"
2024-09-27 07:40:00,-112.149025042991,-25.7985621885632,-121.981930546868,-74.6612922398647,-302.061588832266,-138.514584125048,18.13,21.2,18.54,19.09,18.4,19.1
2024-09-27 07:50:00,-112.459332759427,-24.648784191393,-122.319445155666,-74.8334042936813,-305.348297184214,-139.185983463469,18.1,23.2,18.48,19,18.36,19.01
2024-09-27 08:00:00,-112.562959347181,-23.7462755183105,-122.601420598306,-75.1269058373682,-307.748186527538,-140.086247651795,18,25.07,18.4,18.93,18.3,18.96
2024-09-27 08:10:00,-113.00443869243,-23.2860326701907,-122.91234441658,-75.2827547506337,-310.953537926872,-140.570924936357,18,26.43,18.4,18.9,18.3,18.9
2024-09-27 08:20:00,-113.212792403154,-23.1790430685325,-123.366005389049,-75.4215585134532,-314.192274665399,-140.992334808702,18,27.3,18.4,18.83,18.22,18.9
2024-09-27 08:30:00,-113.526043481962,-23.136384994901,-123.565008230802,-75.61283165563,-317.464744468137,-141.545316038207,18,27.9,18.4,18.8,18.2,18.97
2024-09-27 08:40:00,-113.630652999185,-23.1204084650758,-123.735837575942,-75.6825057284046,-319.591707765835,-141.969646984239,18,28.46,18.4,18.8,18.3,19.06
2024-09-27 08:50:00,-113.918826466761,-23.1683711822058,-123.963977472098,-75.7871372343405,-322.400348389685,-141.90428259754,18,28.88,18.44,18.9,18.3,19.23
2024-09-27 09:00:00,-114.050055889811,-23.3773620250364,-124.192538004775,-75.7871372343405,-325.908361182108,-141.936961028213,18.02,29.09,18.53,18.92,18.36,19.43
2024-09-27 09:10:00,-114.312968421435,-23.7408083657616,-124.306976252114,-75.9618446289081,-329.075464082042,-141.838948305323,18.1,29.1,18.63,19,18.41,19.68
2024-09-27 09:20:00,-114.550107855065,-24.4284269852467,-124.335602286729,-75.9968344071997,-331.127692299431,-141.838948305323,18.1,29,18.74,19.11,18.5,19.96
2024-09-27 09:30:00,-114.602872277739,-24.8196414010073,-124.421519949528,-76.0143353397937,-333.576542118416,-141.41500800261,18.2,29.16,18.87,19.23,18.6,20.28
2024-09-27 09:40:00,-114.86705918275,-24.9571794898973,-124.478831372375,-75.9968344071997,-335.579561666228,-141.284819929895,18.24,29.48,18.98,19.35,18.71,20.62
2024-09-27 09:50:00,-115.078847129291,-25.0781503891296,-124.593533427119,-76.0318403025904,-338.217054068533,-140.894974385166,18.31,29.8,19.11,19.5,18.83,20.95
2024-09-27 10:00:00,-115.264481879579,-25.2403575319968,-124.708341175026,-75.9793375038803,-341.50377003023,-140.473855511928,18.4,29.95,19.22,19.65,18.96,21.28
2024-09-27 10:10:00,-115.689915119737,-25.327685361495,-124.909509351022,-75.9618446289081,-343.159086015295,-140.118507416252,18.47,30.11,19.33,19.81,19.08,21.61
2024-09-27 10:20:00,-115.796518554483,-25.5208715952463,-124.938274139985,-75.9968344071997,-344.98125871102,-139.764058222858,18.54,30.2,19.43,19.96,19.23,21.92
2024-09-27 10:30:00,-115.9566079173,-25.6268662603676,-125.19745550827,-75.9618446289081,-346.892972996467,-139.764058222858,18.61,30.25,19.52,20.14,19.37,22.25
2024-09-27 10:40:00,-116.143658591615,-25.8104456015533,-125.428290285472,-75.9093901648003,-349.780426072874,-139.314237545861,18.7,30.3,19.61,20.32,19.54,22.56
2024-09-27 10:50:00,-116.223915505255,-25.959450930114,-125.601695628929,-75.9268709602952,-350.829013643647,-139.250095738869,18.79,30.38,19.7,20.48,19.68,22.86
2024-09-27 11:00:00,-116.652889948648,-26.1273583834324,-125.804304883239,-75.9793375038803,-352.691913609237,-139.121900706067,18.88,30.4,19.79,20.65,19.85,23.13
2024-09-27 11:10:00,-116.948727972209,-26.2298316049887,-125.949225848975,-75.9268709602952,-354.483073420565,-139.185983463469,18.97,30.4,19.87,20.82,20.01,23.4
2024-09-27 11:20:00,-117.19133522402,-26.4664384243166,-126.123351388889,-75.8744406467995,-356.529526536472,-138.961822864624,19.06,30.33,19.95,20.98,20.18,23.65
2024-09-27 11:30:00,-117.380377648347,-26.6867386465717,-126.414095741023,-75.9443557813554,-358.340175816601,-138.769972567535,19.15,30.26,20.01,21.15,20.35,23.89
2024-09-27 11:40:00,-117.786496047927,-26.9895412290115,-126.501449672248,-75.9618446289081,-360.408896227644,-138.833893218717,19.24,30.15,20.1,21.3,20.49,24.12
2024-09-27 11:50:00,-118.030841228949,-27.295779578,-126.822264174701,-76.0318403025904,-362.072468107099,-139.05784745307,19.34,29.96,20.19,21.46,20.63,24.32
2024-09-27 12:00:00,-118.194019555905,-27.5356607561393,-127.2903563909,-76.0318403025904,-364.498296058674,-139.21803591057,19.41,29.84,20.27,21.63,20.75,24.49
2024-09-27 12:10:00,-118.411941637948,-27.9380121854804,-127.6719531746,-76.1019004743686,-366.433779832188,-139.282162950066,19.5,29.62,20.33,21.75,20.86,24.65
2024-09-27 12:20:00,-118.739578362336,-28.281048229823,-127.966267422538,-76.1544879658279,-369.143735285267,-139.860637167303,19.59,29.33,20.4,21.89,20.96,24.8
2024-09-27 12:30:00,-118.931118271958,-28.4967611588205,-128.113678872994,-76.2422145499965,-371.018446322671,-140.215331290112,19.65,29.15,20.48,22.04,21.06,24.93
2024-09-27 12:40:00,-119.425069429022,-28.8267381012143,-128.497743850044,-76.2422145499965,-373.67625556285,-140.603296314733,19.72,28.92,20.5,22.16,21.14,25.01
2024-09-27 12:50:00,-119.78308729997,-29.1471101650708,-128.823621062254,-76.29489900047,-375.573985183477,-141.154751709625,19.8,28.65,20.6,22.31,21.2,25.1
2024-09-27 13:00:00,-120.031574360301,-29.2951349150849,-128.912640009614,-76.2773334731426,-377.394444211481,-141.675744147228,19.88,28.49,20.6,22.44,21.3,25.18
2024-09-27 13:10:00,-120.308275716067,-29.6207126062113,-129.209814336087,-76.3300421912896,-380.185459091497,-142.035041479283,19.96,28.31,20.7,22.55,21.33,25.2
2024-09-27 13:20:00,-120.641159450825,-30.0466115554517,-129.537497397472,-76.4179710061206,-383.438310527255,-142.855018722197,20.04,28.01,20.7,22.66,21.4,25.3
2024-09-27 13:30:00,-120.61338399518,-30.4996954253637,-129.985677597456,-76.4883869812479,-386.274022728811,-143.514407528835,20.15,27.62,20.75,22.76,21.42,25.3
2024-09-27 13:40:00,-121.002822971406,-30.9097507089248,-130.135415318647,-76.4707769067954,-387.789014904126,-144.077280493771,20.24,27.23,20.8,22.85,21.5,25.3
2024-09-27 13:50:00,-120.947111941052,-31.3181069184576,-130.46544575407,-76.6294136474499,-388.861997247287,-144.708986692398,20.3,26.86,20.8,22.93,21.5,25.3
2024-09-27 14:00:00,-121.44943603213,-31.7464744468137,-130.645814994365,-76.7000244581581,-391.467310783441,-145.20965795669,20.31,26.46,20.86,23,21.5,25.3
2024-09-27 14:10:00,-121.701379891808,-32.0475993411571,-130.977139830907,-76.8591367672039,-394.634911341192,-145.913509243545,20.4,26.19,20.9,23.08,21.5,25.3
2024-09-27 14:20:00,-122.150571277869,-32.3664823804517,-131.248848677129,-77.0718000802229,-396.273930412962,-146.384637784799,20.4,25.92,20.9,23.1,21.5,25.3
2024-09-27 14:30:00,-122.544973556026,-32.7714382970498,-131.309304925113,-77.267258324061,-399.296499078738,-147.263630321625,20.31,25.59,20.9,23.19,21.5,25.21
2024-09-27 14:40:00,-122.91234441658,-33.1661837435628,-131.702949894379,-77.4275473457716,-402.805602541133,-148.011514483762,20.3,25.16,20.9,23.2,21.5,25.2
2024-09-27 14:50:00,-123.451253046654,-33.5039106990896,-132.189056384413,-77.641783407092,-404.106189559551,-148.900275890453,20.27,24.74,20.9,23.2,21.5,25.1
2024-09-27 15:00:00,-123.707349626357,-33.7983502679543,-132.463279321635,-77.7133270743374,-407.001024507167,-149.725407045665,20.2,24.41,20.86,23.2,21.5,25.04
2024-09-27 15:10:00,-124.049638336885,-34.2764236854364,-132.585338712367,-77.9822034627913,-409.067995282897,-150.347254709478,20.1,24.06,20.8,23.2,21.42,24.97
2024-09-27 15:20:00,-124.507496982649,-34.6493827512922,-133.25867859091,-78.2159820369976,-412.188150331768,-151.006451582302,20.02,23.61,20.79,23.2,21.4,24.87
2024-09-27 15:30:00,-124.909509351022,-34.9780426072874,-133.535120433019,-78.4323996363964,-414.567738492203,-151.563805963581,19.94,23.21,20.7,23.2,21.33,24.77
2024-09-27 15:40:00,-125.399412679111,-35.1799730509368,-133.812135746911,-78.6494160466278,-416.577205633247,-152.438793364192,19.84,22.95,20.65,23.18,21.27,24.65
2024-09-27 15:50:00,-125.862253248731,-35.358635933359,-134.244191124397,-78.9215311617148,-418.789228105334,-152.755023881349,19.74,22.72,20.59,23.1,21.2,24.53
2024-09-27 16:00:00,-126.472324990253,-35.6037302887006,-134.615634463977,-79.121680423388,-420.722271353119,-153.42477760745,19.63,22.49,20.5,23.08,21.1,24.4
2024-09-27 16:10:00,-126.997596695196,-35.8092728667541,-135.019191297375,-79.3588749731292,-421.886377480902,-154.239462259547,19.52,22.26,20.41,23,21.01,24.26
2024-09-27 16:20:00,-127.319669453272,-36.0990275144114,-135.361607252212,-79.6334447090784,-424.224261624752,-155.058472882276,19.39,21.97,20.32,22.94,20.91,24.13
2024-09-27 16:30:00,-127.613171603361,-36.3492540190134,-135.798665595179,-80.0194390246347,-426.96817233369,-155.702470123752,19.27,21.69,20.23,22.87,20.81,23.95
2024-09-27 16:40:00,-128.084183004244,-36.5506834776256,-136.17441004592,-80.2593249156879,-429.136547058174,-156.49321126708,19.16,21.42,20.11,22.79,20.71,23.8
2024-09-27 16:50:00,-128.468159557246,-36.7363075670801,-136.425483755652,-80.5555565396454,-430.621294774821,-157.034654170726,19.04,21.19,20,22.69,20.59,23.65
2024-09-27 17:00:00,-129.061141639213,-36.9313771406933,-136.865977164966,-80.7784475615378,-434.405687275034,-157.904861998276,18.92,20.95,19.89,22.6,20.47,23.49
2024-09-27 17:10:00,-129.448046962968,-37.0762244358764,-137.339512799428,-81.0765952313201,-435.70796827876,-158.086761378558,18.78,20.73,19.78,22.5,20.36,23.34
2024-09-27 17:20:00,-129.836112168989,-37.3074445731594,-137.814686795752,-81.4508277913942,-437.517574193514,-158.999406211737,18.67,20.51,19.67,22.39,20.24,23.16
2024-09-27 17:30:00,-130.375354536894,-37.4882789146322,-137.878167420266,-81.7891137775678,-439.537063559103,-159.696538404528,18.55,20.29,19.56,22.26,20.1,23.01
2024-09-27 17:40:00,-130.675900768592,-37.7133839385135,-138.355205080321,-82.0154179573495,-440.753228768117,-160.470609603675,18.44,20.05,19.45,22.15,19.98,22.85
2024-09-27 17:50:00,-131.037470923528,-37.8700172057685,-138.418934680029,-82.2423483033704,-441.159364497522,-161.471359732552,18.34,19.81,19.34,22.04,19.86,22.69
2024-09-27 18:00:00,-131.309304925113,-38.0360581285913,-138.929829405966,-82.5078940899553,-442.176341862984,-162.030026278923,18.23,19.59,19.22,21.92,19.75,22.54
2024-09-27 18:10:00,-131.733279110939,-38.2204241606955,-139.410505657846,-82.7742972762405,-444.421951877004,-162.515767215189,18.13,19.37,19.12,21.8,19.63,22.38
2024-09-27 18:20:00,-132.189056384413,-38.3173532187611,-139.571100361917,-83.0415606306155,-444.524295595447,-162.890404750032,18.03,19.15,19.01,21.68,19.52,22.21
2024-09-27 18:30:00,-132.432782035666,-38.3703271832482,-139.925060203764,-83.3672551044311,-446.987627804546,-163.642272696721,17.92,18.96,18.89,21.57,19.39,22.05
2024-09-27 18:40:00,-132.829795015393,-38.485355484353,-140.247620780599,-83.7906390017132,-448.018040704511,-164.132846898169,17.82,18.78,18.77,21.45,19.27,21.9
2024-09-27 18:50:00,-133.166658543117,-38.6007286224978,-140.538561010908,-83.9644606157501,-448.430870655313,-164.586989846747,17.72,18.62,18.67,21.33,19.16,21.75
2024-09-27 19:00:00,-133.688946954542,-38.7789014904125,-140.927420387276,-84.2743676396261,-450.604477079414,-165.232510868365,17.62,18.44,18.56,21.18,19.05,21.62
2024-09-27 19:10:00,-133.873772704062,-38.966868186987,-141.349898977797,-84.4880919834491,-450.708244540801,-165.842372651734,17.52,18.25,18.47,21.06,18.94,21.46
2024-09-27 19:20:00,-134.460741667946,-39.1377182480823,-141.545316038207,-84.7413742043179,-450.708244540801,-166.26295785772,17.42,18.04,18.38,20.94,18.82,21.31
2024-09-27 19:30:00,-134.615634463977,-39.3183697474903,-141.806292440315,-84.9954157260764,-452.2676270766,-166.838202610782,17.31,17.83,18.29,20.82,18.71,21.15
2024-09-27 19:40:00,-135.050284194655,-39.5089513212866,-142.067750021768,-85.4270683013729,-453.205845114458,-167.338357715377,17.21,17.63,18.19,20.68,18.59,21.01
2024-09-27 19:50:00,-135.174727402549,-39.6273930412962,-142.395250008759,-85.584575801811,-454.355199592893,-167.685497011304,17.11,17.42,18.1,20.56,18.48,20.86
2024-09-27 20:00:00,-135.392779002756,-39.8378142614979,-142.559283005616,-85.9004625589212,-453.51901677457,-168.343170582235,17.02,17.24,18,20.44,18.39,20.73
2024-09-27 20:10:00,-135.673647983535,-39.8928902722517,-142.723504961192,-86.0984835761212,-456.137210630896,-168.770097946717,16.92,17.06,17.9,20.32,18.28,20.57
2024-09-27 20:20:00,-136.205768972773,-40.0401321744496,-142.920821039892,-86.4560724578353,-456.347317954494,-169.393016719616,16.82,16.9,17.81,20.17,18.17,20.44
2024-09-27 20:30:00,-136.519755697839,-40.1231944411148,-143.250287558678,-86.7352236036802,-457.39930716859,-170.253285844482,16.73,16.74,17.71,20.04,18.07,20.29
2024-09-27 20:40:00,-136.834466237059,-40.2434775669118,-143.217306758208,-87.035314393153,-458.45372146828,-170.370933277193,16.63,16.56,17.62,19.92,17.96,20.14
2024-09-27 20:50:00,-137.055195177297,-40.3641212829,-143.481365919496,-87.3967941713184,-458.559296493076,-170.921030452452,16.53,16.4,17.53,19.8,17.86,19.99
2024-09-27 21:00:00,-137.434416348634,-40.4571701922623,-143.911500843368,-87.6184371573136,-460.675910035896,-171.670432953959,16.43,16.24,17.43,19.66,17.76,19.85
2024-09-27 21:10:00,-137.466065436065,-40.5504336015135,-144.077280493771,-87.8001994442173,-461.419030597634,-172.105798435357,16.33,16.07,17.32,19.55,17.65,19.73
2024-09-27 21:20:00,-137.941677285421,-40.7001024507167,-144.309692884525,-88.0836905349353,-461.950564805348,-172.621744976802,16.23,15.92,17.23,19.43,17.54,19.57
2024-09-27 21:30:00,-138.132382459447,-40.7563705799254,-144.609059783229,-88.408801351887,-463.548844073333,-173.218990174058,16.13,15.75,17.13,19.3,17.44,19.44
2024-09-27 21:40:00,-138.546481958938,-40.8973814739453,-144.808982652477,-88.5514144052114,-463.655592428544,-173.578328696984,16.03,15.58,17.03,19.17,17.32,19.3
2024-09-27 21:50:00,-138.769972567535,-41.0105413792458,-145.142801833309,-88.9191909319996,-465.795729404599,-174.098689656203,15.93,15.44,16.94,19.05,17.21,19.16
2024-09-27 22:00:00,-139.21803591057,-41.1240143892905,-145.410411156418,-89.0421222324932,-465.581271928466,-174.902292695399,15.83,15.27,16.84,18.93,17.11,19.03
2024-09-27 22:10:00,-139.474721353348,-41.1998374374558,-145.44389699598,-89.3296232690662,-467.514949264708,-175.184429197798,15.73,15.15,16.75,18.79,17,18.89
2024-09-27 22:20:00,-139.828436772829,-41.3328643203841,-145.678513888425,-89.5149353693549,-468.161291410997,-175.547844975504,15.63,15,16.65,18.66,16.89,18.74
2024-09-27 22:30:00,-139.925060203764,-41.5140880810541,-145.846329059291,-89.721288606909,-467.945744804103,-175.871514074997,15.53,14.81,16.55,18.54,16.79,18.61
2024-09-27 22:40:00,-140.215331290112,-41.6193700485496,-146.21620321973,-90.0317107308387,-470.864016041288,-176.561293744367,15.44,14.64,16.46,18.42,16.68,18.47
2024-09-27 22:50:00,-140.570924936357,-41.7249190167957,-146.587015400998,-90.2808215416819,-470.538867017462,-177.131378482887,15.35,14.45,16.36,18.3,16.57,18.35
2024-09-27 23:00:00,-140.862535853163,-41.840368654754,-146.65453676247,-90.6349088739088,-473.037425588977,-177.417110744141,15.25,14.31,16.27,18.18,16.47,18.22
2024-09-27 23:10:00,-141.122253368569,-41.8596412939325,-146.857287515581,-90.8856886875656,-473.80048662553,-178.153969090454,15.18,14.17,16.17,18.06,16.36,18.08
2024-09-27 23:20:00,-141.382449742227,-41.9754636980576,-146.958767981967,-91.2001394601221,-474.346283720086,-178.811523083508,15.09,14.06,16.07,17.94,16.26,17.95
2024-09-27 23:30:00,-141.773644093733,-41.9947985651301,-147.161939336515,-91.368291151285,-475.002070226135,-179.14120964083,15,13.94,15.97,17.82,16.15,17.83
2024-09-27 23:40:00,-141.969646984239,-42.0141423382885,-147.331463347541,-91.7477668830268,-476.31636437767,-179.802407470557,14.9,13.85,15.87,17.68,16.05,17.68
2024-09-27 23:50:00,-142.133189705334,-42.0916065738561,-147.603108049732,-91.7688950194341,-477.524328380012,-180.299906886629,14.82,13.74,15.77,17.57,15.94,17.56
2024-09-28,-142.362466065297,-42.1789245735664,-147.637098834543,-92.0652003160932,-477.524328380012,-180.673934596635,14.73,13.64,15.67,17.45,15.83,17.43
2024-09-28 00:10:00,-142.690645442935,-42.2275128193229,-148.011514483762,-92.4050066106047,-478.625135644917,-180.965381387847,14.64,13.52,15.57,17.32,15.73,17.27
2024-09-28 00:20:00,-143.085459471208,-42.2956304099403,-148.421050946947,-92.5540659795103,-480.170530332036,-181.633312109479,14.55,13.42,15.48,17.18,15.62,17.15
2024-09-28 00:30:00,-143.283275954131,-42.3638578816717,-148.660470313905,-92.8315287417931,-481.831847932222,-181.968201384688,14.45,13.31,15.39,17.06,15.52,17.03
2024-09-28 00:40:00,-143.349275536988,-42.4126591623767,-149.003168090751,-93.0241054586156,-483.276305223949,-182.471693385747,14.36,13.22,15.29,16.95,15.42,16.9
2024-09-28 00:50:00,-143.679729745395,-42.4712949112356,-148.96886279308,-93.3244636045704,-483.387596517962,-183.103017918612,14.27,13.14,15.2,16.83,15.32,16.77
2024-09-28 01:00:00,-143.812124627683,-42.4908581696051,-149.174813115438,-93.6257915530876,-485.060044681851,-183.821160022664,14.18,13.05,15.12,16.72,15.22,16.65
2024-09-28 01:10:00,-144.143645813439,-42.5398057489951,-149.622016112648,-93.7336443021827,-485.618812286666,-183.863491282328,14.09,12.97,15.03,16.59,15.14,16.53
2024-09-28 01:20:00,-144.609059783229,-42.5888097138203,-149.897884057516,-94.0579485715455,-487.411197776316,-184.075293849378,14,12.9,14.93,16.48,15.04,16.42
2024-09-28 01:30:00,-144.742311004412,-42.6182391847419,-150.174260638245,-94.2747745361217,-487.186788300842,-184.542118727379,13.9,12.84,14.85,16.36,14.95,16.28
2024-09-28 01:40:00,-145.009181916258,-42.6084271022193,-150.312639960055,-94.5791708681303,-487.748005819748,-185.22325093945,13.82,12.8,14.75,16.25,14.85,16.17
2024-09-28 01:50:00,-145.243097565797,-42.6084271022193,-150.693840925942,-94.8627045813795,-489.21019883699,-185.522036274838,13.73,12.72,14.66,16.14,14.76,16.05
2024-09-28 02:00:00,-145.343462604056,-42.686987059665,-150.936926551389,-95.1032815190391,-488.422320284827,-186.206785294884,13.66,12.66,14.57,16.03,14.67,15.94
2024-09-28 02:10:00,-145.745616773139,-42.7066496708147,-151.215218883054,-95.3444685727942,-492.034440135969,-186.507157178617,13.57,12.6,14.47,15.92,14.58,15.82
2024-09-28 02:20:00,-146.014337545772,-42.7361605708162,-151.354557404498,-95.6302965300927,-492.601241934254,-187.10935532566,13.5,12.57,14.39,15.79,14.47,15.71
2024-09-28 02:30:00,-146.115235521786,-42.7263213390168,-151.84325411402,-95.7845586439312,-493.623131061365,-187.497509068507,13.4,12.5,14.3,15.69,14.39,15.59
2024-09-28 02:40:00,-146.688309105523,-42.6476889918448,-152.298456684265,-95.9832613484536,-494.533256471003,-188.189549422169,13.33,12.53,14.2,15.58,14.3,15.48
2024-09-28 02:50:00,-146.789672805432,-42.6084271022193,-152.263392705705,-96.2266800785403,-495.330992630721,-188.449722572727,13.26,12.6,14.12,15.47,14.2,15.38
2024-09-28 03:00:00,-146.924933370626,-42.5888097138203,-152.544130730199,-96.4929318925348,-494.533256471003,-188.797179711908,13.2,12.6,14.04,15.37,14.12,15.27
2024-09-28 03:10:00,-147.094184361317,-42.5006431777635,-152.68469378852,-96.6485855314372,-496.358544558327,-189.145277480654,13.11,12.65,13.96,15.27,14.05,15.19
2024-09-28 03:20:00,-147.501182642691,-42.4615166599873,-153.036668358554,-96.9160047253318,-497.961197241063,-189.494017060134,13.07,12.7,13.89,15.18,13.97,15.09
2024-09-28 03:30:00,-147.569125090687,-42.4810754142687,-153.283533220553,-97.1170545868446,-498.879321028432,-190.237225084031,13,12.7,13.8,15.08,13.9,14.99
2024-09-28 03:40:00,-147.773140267501,-42.4810754142687,-153.530796302539,-97.3857699985417,-498.420047728948,-190.500229158143,12.94,12.7,13.72,14.98,13.81,14.9
2024-09-28 03:50:00,-148.147900925135,-42.5104304392628,-153.601516129708,-97.6102673837879,-499.10911635426,-191.071319355406,12.9,12.7,13.66,14.89,13.74,14.8
2024-09-28 04:00:00,-148.62624391623,-42.4810754142687,-153.920158686564,-97.8127574760627,-501.182043348527,-191.732397296854,12.83,12.7,13.59,14.79,13.68,14.71
2024-09-28 04:10:00,-148.62624391623,-42.5006431777635,-154.061989697293,-97.947984184216,-502.22173313654,-191.909070709422,12.8,12.65,13.5,14.7,13.6,14.62
2024-09-28 04:20:00,-148.660470313905,-42.5202199546218,-154.452699216431,-98.1737776070111,-502.453068054504,-192.395762468255,12.73,12.6,13.45,14.6,13.51,14.53
2024-09-28 04:30:00,-149.003168090751,-42.5104304392628,-154.595020941062,-98.3774366873457,-503.03187164892,-192.928106727874,12.7,12.6,13.4,14.51,13.47,14.43
2024-09-28 04:40:00,-149.209165840383,-42.5202199546218,-155.094180525933,-98.5134440678048,-504.77228604138,-192.88368850365,12.65,12.6,13.3,14.4,13.4,14.35
2024-09-28 04:50:00,-149.277895024848,-42.5398057489951,-155.022773459662,-98.8087721230746,-504.53988332995,-193.863255932835,12.6,12.6,13.24,14.32,13.32,14.28
2024-09-28 05:00:00,-149.449856522748,-42.5692013574827,-155.559128870312,-98.9225954353414,-505.353761271799,-194.399660633869,12.57,12.55,13.2,14.24,13.26,14.2
2024-09-28 05:10:00,-149.518696574895,-42.5790044069038,-155.702470123752,-99.1506355691036,-508.622422974563,-194.892668663144,12.5,12.5,13.1,14.16,13.2,14.11
2024-09-28 05:20:00,-149.897884057516,-42.6084271022193,-156.025471057852,-99.424977742786,-506.868733618487,-195.02734225848,12.5,12.5,13.07,14.09,13.12,14.05
2024-09-28 05:30:00,-150.105118757194,-42.6084271022193,-156.133286868963,-99.6541759873731,-506.868733618487,-195.296968697546,12.42,12.5,13,14,13.1,13.99
2024-09-28 05:40:00,-150.312639960055,-42.5986172787522,-156.457181521776,-99.8149290582977,-508.85670619795,-196.19841854706,12.4,12.5,12.96,13.92,13,13.9
2024-09-28 05:50:00,-150.347254709478,-42.5986172787522,-156.673484488485,-100.045026233506,-508.973888275133,-196.1532473924,12.4,12.5,12.9,13.86,12.98,13.85
2024-09-28 06:00:00,-150.520448062189,-42.6476889918448,-156.745651910343,-100.252567172965,-509.794918751278,-196.650702612319,12.3,12.5,12.85,13.8,12.9,13.8
2024-09-28 06:10:00,-150.797972505091,-42.62805352684,-157.251755496743,-100.298745818516,-511.087786174032,-197.104029300026,12.3,12.5,12.8,13.7,12.87,13.7
2024-09-28 06:20:00,-151.076008638049,-42.6673335013977,-157.32418928357,-100.460538650984,-513.21046362809,-197.421979628627,12.27,12.5,12.76,13.65,12.8,13.67
2024-09-28 06:30:00,-151.284872101836,-42.6771591491816,-157.686858995281,-100.692124110008,-512.383932378334,-197.694916667835,12.2,12.5,12.7,13.59,12.77,13.6
2024-09-28 06:40:00,-151.354557404498,-42.6673335013977,-157.759493200818,-100.83133155934,-514.867528133898,-198.10502989661,12.2,12.51,12.68,13.5,12.7,13.53
2024-09-28 06:50:00,-151.494024320582,-42.6378701290342,-158.196001570485,-101.063771784296,-514.511993056956,-198.698918109251,12.2,12.6,12.6,13.46,12.69,13.5
2024-09-28 07:00:00,-151.354557404498,-42.6182391847419,-158.37823633061,-101.273426086274,-515.341957101032,-198.79044341548,12.1,12.63,12.6,13.4,12.6,13.41
2024-09-28 07:10:00,-151.703465693491,-42.3541043658658,-158.670248694189,-101.506885444368,-516.767868613241,-199.984115912805,12.1,12.8,12.52,13.33,12.6,13.4
2024-09-28 07:20:00,-151.84325411402,-42.0916065738561,-158.779892084117,-101.623816863217,-516.767868613241,-200.214488722676,12.1,13.18,12.5,13.29,12.55,13.31
2024-09-28 07:30:00,-152.193288965276,-41.3233481722897,-159.036021393308,-101.905002139097,-518.914136893097,-200.907200650869,12.1,14.21,12.49,13.2,12.5,13.3
2024-09-28 07:40:00,-152.193288965276,-40.2064290184037,-159.292563867051,-102.234035107005,-520.829413125831,-201.231285910272,12.1,15.59,12.4,13.18,12.5,13.21
2024-09-28 07:50:00,-152.649540885819,-39.2912189585018,-159.586262036402,-102.32823950917,-522.390779081121,-202.486233690468,12.1,16.85,12.4,13.1,12.5,13.2
2024-09-28 08:00:00,-153.036668358554,-38.5296889027416,-160.027824934769,-102.682279781435,-525.769637346986,-203.093256073865,12.1,17.95,12.4,13.1,12.41,13.2
2024-09-28 08:10:00,-153.354139152641,-37.9835456550095,-160.322878753274,-102.800565202301,-528.926714444086,-203.467712458195,12.1,18.85,12.39,13.05,12.4,13.2
2024-09-28 08:20:00,-153.566152145163,-37.6093218410256,-160.877571728708,-103.01382243939,-530.512354855251,-204.030691950858,12.1,19.58,12.3,13,12.46,13.2
2024-09-28 08:30:00,-153.601516129708,-37.5401066790544,-161.062895538428,-103.3464355891,-534.435750917765,-205.397665137472,12.1,20.14,12.3,13,12.5,13.2
2024-09-28 08:40:00,-154.061989697293,-37.6786646195399,-161.769075091039,-103.322641932351,-538.388162396266,-205.492276041142,12.1,20.49,12.4,13,12.5,13.29
2024-09-28 08:50:00,-154.381587495209,-37.9049128481746,-161.992721781614,-103.680122686993,-541.621009666466,-206.345737683419,12.16,20.7,12.4,13.09,12.58,13.4
2024-09-28 09:00:00,-154.523843693353,-38.097414444967,-162.328771687639,-103.799557578521,-544.246321577572,-206.393256015918,12.2,20.85,12.4,13.1,12.62,13.54
2024-09-28 09:10:00,-154.844399595993,-38.5030827270555,-162.553192162026,-103.919130053733,-547.136266292261,-206.964330262329,12.23,20.98,12.47,13.17,12.7,13.72
2024-09-28 09:20:00,-155.344364379796,-39.1016876726778,-163.040501468623,-103.990939644953,-550.294918428102,-206.583438798721,12.3,21.03,12.5,13.24,12.8,13.91
2024-09-28 09:30:00,-155.380137859983,-39.4453217088245,-163.341109956859,-104.014887200655,-552.071721984692,-206.869041608708,12.37,21.26,12.57,13.34,12.91,14.14
2024-09-28 09:40:00,-155.702470123752,-39.6000288602903,-163.341109956859,-104.062798857618,-555.258866817188,-206.583438798721,12.41,21.58,12.6,13.45,13.02,14.38
2024-09-28 09:50:00,-155.953635215179,-39.737038986397,-163.679957060897,-104.110732583797,-557.821825296635,-206.535876680059,12.5,21.82,12.69,13.55,13.14,14.65
2024-09-28 10:00:00,-156.133286868963,-39.8378142614979,-164.132846898169,-104.014887200655,-561.817809906946,-206.678595897098,12.57,22.02,12.73,13.68,13.28,14.92
2024-09-28 10:10:00,-156.49321126708,-40.1231944411148,-164.624891765132,-104.03884027112,-565.712144920267,-206.583438798721,12.63,22.14,12.8,13.83,13.44,15.18
2024-09-28 10:20:00,-156.745651910343,-40.3734165354102,-164.700721788642,-104.062798857618,-568.716073028608,-206.583438798721,12.7,22.2,12.88,13.95,13.57,15.44
2024-09-28 10:30:00,-157.179355059229,-40.6064948126645,-164.890449697247,-103.966997602745,-569.764652230762,-206.108310074166,12.8,22.25,12.93,14.11,13.74,15.7
2024-09-28 10:40:00,-157.360418687775,-40.8033201067305,-165.422851374345,-104.014887200655,-569.895860495566,-205.823757527971,12.88,22.3,13,14.25,13.9,15.98
2024-09-28 10:50:00,-157.868507245797,-41.0010994402073,-165.842372651734,-103.871284543467,-570.946614949411,-205.53959783421,12.95,22.39,13.08,14.41,14.06,16.25
2024-09-28 11:00:00,-158.37823633061,-41.2093251428781,-166.109894513503,-104.014887200655,-572.262782826641,-205.303097793703,13.03,22.4,13.13,14.58,14.24,16.49
2024-09-28 11:10:00,-158.633717725199,-41.447229173187,-166.416162243429,-103.775659598589,-575.566491925449,-205.444965143066,13.11,22.4,13.2,14.74,14.4,16.72
2024-09-28 11:20:00,-158.999406211737,-41.6577205633247,-166.722994659298,-103.919130053733,-578.223186143449,-205.823757527971,13.2,22.4,13.29,14.89,14.57,16.94
2024-09-28 11:30:00,-158.999406211737,-41.9947985651301,-166.761388467594,-103.823461061799,-579.956609745593,-205.114093705653,13.3,22.4,13.36,15.05,14.74,17.17
2024-09-28 11:40:00,-159.402637285582,-42.2080708080487,-167.261313295279,-103.680122686993,-581.42741100267,-205.255830450513,13.39,22.4,13.43,15.2,14.9,17.37
2024-09-28 11:50:00,-159.476061818187,-42.4615166599873,-167.646890443647,-103.871284543467,-581.56130502612,-205.586930524777,13.48,22.4,13.5,15.35,15.05,17.57
2024-09-28 12:00:00,-159.806890975188,-42.7361605708162,-168.072052004126,-103.727880143698,-584.649392079895,-205.53959783421,13.57,22.4,13.58,15.5,15.18,17.75
2024-09-28 12:10:00,-160.396727170332,-43.1018094349357,-168.42071333076,-103.703998666205,-585.188122126098,-205.776370312248,13.67,22.37,13.65,15.65,15.33,17.92
2024-09-28 12:20:00,-160.655464611121,-43.4005769048522,-168.614726504224,-103.703998666205,-588.0246098543,-205.823757527971,13.76,22.29,13.71,15.81,15.45,18.06
2024-09-28 12:30:00,-161.062895538428,-43.7517574193513,-168.731241669215,-103.608527726382,-590.60280115356,-206.29823029116,13.87,22.2,13.8,15.96,15.57,18.22
2024-09-28 12:40:00,-161.174192281226,-44.1362572679609,-169.003423592256,-103.632387218347,-592.646197751843,-207.155039266247,13.96,22.11,13.88,16.11,15.69,18.35
2024-09-28 12:50:00,-161.397016542845,-44.4729053742437,-169.432025393999,-103.799557578521,-594.970595198974,-207.489202971778,14.07,22.05,13.94,16.25,15.79,18.45
2024-09-28 13:00:00,-161.918138551086,-44.7811768271755,-170.05738729538,-103.680122686993,-598.681037262437,-208.063309619024,14.17,21.95,14.02,16.39,15.91,18.56
2024-09-28 13:10:00,-162.030026278923,-45.1331351319707,-170.527922991028,-103.823461061799,-600.890727614145,-208.927449417103,14.27,21.87,14.1,16.54,16,18.67
2024-09-28 13:20:00,-162.403544065264,-45.4669165473234,-170.527922991028,-103.871284543467,-603.942374903951,-209.023686220855,14.37,21.8,14.19,16.66,16.1,18.77
2024-09-28 13:30:00,-162.590625727268,-45.7715376570395,-170.803003157289,-103.943061072761,-604.777328762527,-209.988495719667,14.46,21.8,14.26,16.81,16.19,18.86
2024-09-28 13:40:00,-162.965435828804,-46.0781996797432,-170.999760622712,-104.08676296142,-606.590357573618,-210.763548751384,14.57,21.8,14.32,16.94,16.28,18.93
2024-09-28 13:50:00,-163.416348640848,-46.2908869858709,-171.157329774735,-104.014887200655,-610.795041061016,-211.298056483928,14.66,21.8,14.4,17.06,16.37,19
2024-09-28 14:00:00,-163.642272696721,-46.4938491749731,-171.591393998783,-104.230663518779,-612.908299763335,-212.126781387485,14.76,21.8,14.49,17.18,16.46,19.09
2024-09-28 14:10:00,-163.943990710121,-46.8484797496393,-171.749508316302,-104.254666279298,-617.583241210853,-212.273363998891,14.85,21.8,14.57,17.32,16.55,19.13
2024-09-28 14:20:00,-163.981744555436,-47.1297897606126,-171.986953014069,-104.446887459554,-621.72095070527,-213.056850321587,14.95,21.77,14.63,17.45,16.65,19.2
2024-09-28 14:30:00,-164.170644234235,-47.5220867139328,-172.224725980516,-104.470940013207,-624.159381249715,-214.286840941446,15.04,21.7,14.7,17.56,16.76,19.23
2024-09-28 14:40:00,-164.624891765132,-47.8514940821805,-172.582001926894,-104.760003059605,-626.607375479465,-215.176828646636,15.12,21.59,14.79,17.67,16.88,19.3
2024-09-28 14:50:00,-164.624891765132,-48.1166632254513,-173.298778837586,-104.928992387298,-626.896005294223,-215.325518883912,15.2,21.49,14.85,17.77,17.02,19.32
2024-09-28 15:00:00,-164.92842149789,-48.3721624195917,-173.258879912817,-104.953155962495,-630.369950671107,-216.419058034927,15.27,21.38,14.9,17.88,17.15,19.4
2024-09-28 15:10:00,-165.080396163967,-48.7860326879425,-173.538365410891,-105.195097974016,-629.644628054741,-217.017872903504,15.31,21.26,15,17.98,17.29,19.4
2024-09-28 15:20:00,-165.422851374345,-49.011218783345,-173.618301186023,-105.292030872193,-631.096108826878,-217.267867844077,15.4,21.15,15.05,18.08,17.45,19.47
2024-09-28 15:30:00,-165.613411144126,-49.3509483219745,-173.818301749601,-105.292030872193,-632.696602613138,-218.371271290991,15.43,20.99,15.1,18.17,17.58,19.5
2024-09-28 15:40:00,-165.68969650247,-49.6358544558327,-173.898366469869,-105.486164709728,-632.842303163447,-218.371271290991,15.5,20.84,15.19,18.27,17.72,19.51
2024-09-28 15:50:00,-166.109894513503,-50.0029356635543,-174.459853094008,-105.46187841886,-635.178080387738,-219.076352945379,15.5,20.68,15.2,18.36,17.82,19.6
2024-09-28 16:00:00,-166.492817367452,-50.2453068054504,-174.098689656203,-105.583365813771,-633.571309359364,-219.17726456826,15.59,20.54,15.28,18.43,17.9,19.6
2024-09-28 16:10:00,-166.761388467594,-50.5121090842779,-173.938412658813,-105.607680081366,-633.717211341534,-220.036892245218,15.6,20.42,15.3,18.51,18,19.6
2024-09-28 16:20:00,-167.030392802257,-50.7569482601358,-174.259114342165,-105.680656484579,-638.550872198223,-220.442588725161,15.6,20.31,15.39,18.6,18,19.65
2024-09-28 16:30:00,-167.107330855048,-50.9677547646604,-174.459853094008,-105.924275558005,-637.963015869847,-221.205286827909,15.66,20.21,15.4,18.68,18.09,19.7
2024-09-28 16:40:00,-167.453990891451,-51.2501926722871,-174.459853094008,-105.851130926808,-639.580924502911,-221.205286827909,15.7,20.09,15.45,18.72,18.1,19.7
2024-09-28 16:50:00,-167.453990891451,-51.4986094413336,-174.620610577024,-106.070716487254,-641.941573513063,-221.817344823,15.7,19.98,15.5,18.8,18.1,19.7
2024-09-28 17:00:00,-167.878663248257,-51.8197725512804,-174.902292695399,-106.070716487254,-642.237266613238,-222.124008596988,15.7,19.87,15.5,18.84,18.1,19.7
2024-09-28 17:10:00,-167.955992033986,-52.1069319170531,-174.982856726907,-106.437705165303,-645.498893934157,-222.584799374462,15.7,19.76,15.55,18.9,18.1,19.7
2024-09-28 17:20:00,-168.033356439139,-52.3112987382447,-174.862024590425,-106.584855913982,-644.904641187382,-223.406344492817,15.76,19.65,15.6,18.9,18.01,19.66
2024-09-28 17:30:00,-168.265663535244,-52.5285608552978,-175.184429197798,-106.560316669238,-647.583094045968,-224.179296743432,15.8,19.55,15.6,18.9,18,19.6
2024-09-28 17:40:00,-168.5370944299,-52.8318115465061,-175.184429197798,-106.904380812498,-648.478381453493,-224.38586862143,15.8,19.39,15.6,18.99,18,19.6
2024-09-28 17:50:00,-168.5370944299,-53.210274877091,-175.265123187889,-107.02752990603,-650.871870362614,-224.747827536805,15.8,19.22,15.6,19,17.91,19.6
2024-09-28 18:00:00,-168.5759059982,-53.5421125237001,-175.345854347494,-107.274253843353,-652.22208800489,-225.473497947217,15.8,19.03,15.67,19,17.9,19.51
2024-09-28 18:10:00,-168.886720475577,-53.975354382781,-175.467020817193,-107.571073443254,-652.522516547241,-225.78521637424,15.8,18.82,15.7,18.92,17.83,19.5
2024-09-28 18:20:00,-169.315026311918,-54.4246321577572,-175.790540895873,-107.719791080192,-653.424632735205,-226.409946681715,15.8,18.61,15.7,18.9,17.8,19.44
2024-09-28 18:30:00,-169.588149943353,-54.8271286982378,-175.790540895873,-107.992974282988,-658.105472849376,-227.402640090832,15.8,18.42,15.7,18.9,17.72,19.4
2024-09-28 18:40:00,-169.549105324103,-55.1055704364955,-176.195779944481,-108.142275200299,-657.953955908938,-227.507386993683,15.8,18.23,15.7,18.9,17.69,19.34
2024-09-28 18:50:00,-169.705337757733,-55.4364616139046,-175.871514074997,-108.366613683033,-659.015307507016,-228.241967526455,15.79,18.03,15.7,18.83,17.6,19.3
2024-09-28 19:00:00,-170.05738729538,-55.795028330729,-176.155214037348,-108.291782527001,-663.277862299846,-228.399685959807,15.7,17.82,15.7,18.8,17.55,19.2
2024-09-28 19:10:00,-170.292492625958,-56.2206033973573,-176.236355193335,-108.666455758495,-664.653815866419,-228.978919887968,15.7,17.61,15.7,18.75,17.5,19.16
2024-09-28 19:20:00,-170.881678961453,-56.5321499754316,-176.439371638726,-108.967127473891,-662.514674851033,-229.824065263432,15.7,17.4,15.65,18.7,17.4,19.09
2024-09-28 19:30:00,-170.960391005509,-56.8847039821329,-176.31753372481,-109.193177092322,-664.041928906667,-230.088812368217,15.62,17.18,15.6,18.65,17.32,19
2024-09-28 19:40:00,-171.236168789915,-57.2394566373501,-176.601953165574,-109.369317613958,-666.953417804852,-231.204084650757,15.6,16.97,15.6,18.6,17.26,18.92
2024-09-28 19:50:00,-171.47290379279,-57.6229518933407,-176.683300099911,-109.772992210049,-668.336996220669,-231.523725647348,15.6,16.75,15.6,18.53,17.2,18.84
2024-09-28 20:00:00,-171.868189659941,-57.9556128249671,-176.96830956179,-109.798271285847,-670.649341407513,-232.110882308731,15.5,16.55,15.6,18.49,17.1,18.75
2024-09-28 20:10:00,-171.828620102582,-58.2097189528817,-176.96830956179,-110.203529120309,-672.504976492899,-233.128571444872,15.5,16.39,15.58,18.4,17.04,18.67
2024-09-28 20:20:00,-171.947356113585,-58.5053393093287,-177.335425955314,-110.25429140853,-674.055260572288,-233.074897787181,15.42,16.21,15.5,18.36,16.97,18.58
2024-09-28 20:30:00,-172.383423887059,-58.8701988060202,-177.131378482887,-110.584816706624,-675.453571585768,-234.150722634525,15.4,16.01,15.5,18.29,16.9,18.49
2024-09-28 20:40:00,-172.74102904833,-59.1691734354841,-177.539708481357,-111.018537646064,-678.25890191542,-234.960848812698,15.32,15.81,15.5,18.2,16.8,18.4
2024-09-28 20:50:00,-172.860395546842,-59.4696664194105,-177.744226331787,-111.172021422386,-678.25890191542,-235.231513263741,15.3,15.62,15.4,18.13,16.73,18.31
2024-09-28 21:00:00,-173.298778837586,-59.7716854688224,-177.8260994235,-111.376996584955,-677.634489977189,-236.15410676217,15.22,15.42,15.4,18.05,16.66,18.22
2024-09-28 21:10:00,-173.538365410891,-59.9922986308656,-177.989958762201,-111.788081385438,-680.605575399226,-236.916606001663,15.2,15.25,15.37,17.98,16.59,18.12
2024-09-28 21:20:00,-173.938412658813,-60.1582927015654,-178.400267992624,-112.12320474845,-685.007777479203,-237.462755183105,15.12,15.13,15.3,17.9,16.5,18.02
2024-09-28 21:30:00,-173.938412658813,-60.2414618923752,-178.441350902054,-112.329933670234,-687.061324755739,-237.900580871845,15.1,15,15.3,17.8,16.41,17.92
2024-09-28 21:40:00,-174.540213327627,-60.4081453786333,-178.523545105428,-112.537043751717,-687.219544687219,-237.517439298627,15,14.86,15.2,17.71,16.33,17.82
2024-09-28 21:50:00,-174.660823087967,-60.5613436949686,-178.935084379407,-112.926404946642,-684.377152458534,-238.723680993844,14.98,14.72,15.2,17.63,16.24,17.71
2024-09-28 22:00:00,-175.224771547724,-60.6869767088079,-179.182463178023,-113.23886361341,-688.169629719117,-239.3290971305,14.9,14.56,15.14,17.54,16.16,17.61
2024-09-28 22:10:00,-175.386233871214,-60.784871430975,-179.264998754811,-113.49990615371,-690.55059282607,-239.991302313102,14.85,14.41,15.1,17.45,16.07,17.5
2024-09-28 22:20:00,-175.790540895873,-60.9109681475896,-179.264998754811,-113.761550459213,-690.073742093139,-240.988047178409,14.8,14.26,15.02,17.34,15.98,17.37
2024-09-28 22:30:00,-176.074110239642,-60.9811348746825,-179.388873408823,-113.997545989881,-691.823806339828,-241.099051833218,14.7,14.15,15,17.24,15.89,17.27
2024-09-28 22:40:00,-176.155214037348,-61.1357863232986,-179.636879573422,-114.2077307578,-693.738029539176,-241.599205869895,14.66,14.04,14.9,17.15,15.79,17.16
2024-09-28 22:50:00,-176.642621950036,-61.2203069047462,-180.05098534841,-114.523734754422,-695.977985164694,-243.049931178755,14.6,13.92,14.87,17.05,15.7,17.05
2024-09-28 23:00:00,-176.886831405963,-61.3190619467741,-180.216894826756,-114.86705918275,-699.512536847036,-243.385949127316,14.51,13.78,14.8,16.95,15.6,16.95
2024-09-28 23:10:00,-177.131378482887,-61.4745703966799,-180.424496676824,-115.264481879579,-699.190473582594,-244.171798688254,14.44,13.61,14.73,16.86,15.51,16.84
2024-09-28 23:20:00,-177.131378482887,-61.658861642363,-180.424496676824,-115.423835698587,-698.546791829845,-245.016596277872,14.38,13.44,14.69,16.76,15.42,16.73
2024-09-28 23:30:00,-177.867050110509,-61.800999998061,-180.507604362898,-115.823184758169,-699.512536847036,-244.960185616427,14.3,13.26,14.6,16.66,15.33,16.62
2024-09-28 23:40:00,-178.071945043941,-61.9434660165088,-180.757157179571,-116.170404736452,-705.172719040629,-245.807710905886,14.21,13.09,14.55,16.56,15.24,16.52
2024-09-28 23:50:00,-178.400267992624,-62.0862604530471,-181.257298314569,-116.384595746851,-704.361326110145,-246.544604371738,14.14,12.89,14.48,16.46,15.16,16.41
2024-09-29,-178.523545105428,-62.2293840647578,-181.424319360034,-116.679753361839,-705.82250630913,-246.999174862722,14.06,12.7,14.4,16.36,15.06,16.29
2024-09-29 00:10:00,-178.852700698825,-62.4015679785901,-181.675139540541,-116.814163249917,-706.961075107605,-247.853754747388,13.98,12.53,14.32,16.26,14.97,16.18
2024-09-29 00:20:00,-179.306280798782,-62.4590684225411,-181.968201384688,-117.164354028312,-709.733823037879,-248.539547001189,13.9,12.37,14.26,16.15,14.87,16.07
2024-09-29 00:30:00,-179.554172778615,-62.6318878553048,-182.219773485268,-117.299322154811,-711.697601874298,-249.227236789348,13.81,12.23,14.2,16.05,14.77,15.96
2024-09-29 00:40:00,-179.88522860799,-62.7184768058532,-182.2617359696,-117.650967364501,-713.66681433554,-249.859290510278,13.72,12.09,14.1,15.95,14.67,15.84
2024-09-29 00:50:00,-180.341427254441,-62.7618161619377,-182.639833445653,-117.786496047927,-716.13599385496,-249.97438146445,13.63,11.99,14.03,15.84,14.57,15.73
2024-09-29 01:00:00,-180.798782845276,-62.8485847391285,-183.018715275595,-118.275693298022,-719.275888950339,-251.359614963299,13.54,11.9,13.95,15.73,14.45,15.62
2024-09-29 01:10:00,-180.798782845276,-62.9499663711574,-183.145183800907,-118.521053306674,-720.104462794086,-251.707121098196,13.46,11.81,13.88,15.62,14.36,15.5
2024-09-29 01:20:00,-181.007055004469,-63.1096108826877,-183.482860613319,-118.87636107723,-720.933991118063,-252.577989766633,13.38,11.66,13.8,15.51,14.25,15.38
2024-09-29 01:30:00,-181.466098663196,-63.1096108826877,-183.821160022664,-119.232734005481,-721.432166720304,-252.636154694267,13.28,11.56,13.7,15.41,14.15,15.27
2024-09-29 01:40:00,-181.84254560928,-63.1968602881101,-183.905832290247,-119.480079371476,-722.429550901866,-254.094639131833,13.2,11.48,13.63,15.29,14.05,15.17
2024-09-29 01:50:00,-182.2617359696,-63.2405302139586,-184.32977901759,-119.893462422273,-727.604711206687,-254.211680985303,13.1,11.4,13.55,15.2,13.95,15.06
2024-09-29 02:00:00,-182.55574405786,-63.255093560776,-184.287340403568,-120.031574360301,-728.107496371023,-254.856375525677,13.02,11.31,13.48,15.09,13.86,14.95
2024-09-29 02:10:00,-182.892334081479,-63.255093560776,-185.052732559525,-120.28057690091,-730.626638471878,-255.208715952463,12.93,11.25,13.39,14.98,13.75,14.84
2024-09-29 02:20:00,-183.187359393372,-63.34254409685,-185.393926444955,-120.61338399518,-731.131511830769,-256.386705862518,12.85,11.2,13.3,14.87,13.66,14.73
2024-09-29 02:30:00,-183.99054355983,-63.3717211341534,-185.607492005266,-120.863593485527,-733.492204301393,-256.504803494808,12.77,11.11,13.21,14.77,13.56,14.62
2024-09-29 02:40:00,-184.287340403568,-63.415511891324,-185.393926444955,-121.253840343304,-733.32333092286,-257.570133126948,12.69,11.04,13.13,14.66,13.47,14.48
2024-09-29 02:50:00,-184.457153506523,-63.488563741453,-185.47932316504,-121.50537844455,-737.217273427086,-258.461286932556,12.6,10.96,13.05,14.55,13.38,14.37
2024-09-29 03:00:00,-184.79724928371,-63.5763370514146,-186.121053643235,-121.729405896611,-737.726701008109,-258.639887343773,12.5,10.89,12.98,14.43,13.27,14.27
2024-09-29 03:10:00,-184.967532246446,-63.6495741649775,-186.507157178617,-121.981930546868,-740.449599299441,-259.176429411097,12.42,10.8,12.9,14.33,13.18,14.16
2024-09-29 03:20:00,-185.522036274838,-63.7228956444389,-186.679015750207,-122.432157426016,-739.257096854412,-260.133031708171,12.33,10.7,12.8,14.23,13.09,14.05
2024-09-29 03:30:00,-185.992530169697,-63.7816136367601,-187.281768797743,-122.714392697274,-744.552802128265,-260.432693394707,12.23,10.59,12.73,14.12,13,13.95
2024-09-29 03:40:00,-186.121053643235,-63.8550872198223,-187.540686936288,-122.940649288374,-746.784856171029,-261.634796089055,12.13,10.49,12.65,14.03,12.91,13.85
2024-09-29 03:50:00,-186.507157178617,-63.9580924502911,-187.411183153438,-122.968960678356,-744.381382246153,-262.117189358297,12.05,10.4,12.58,13.92,12.82,13.74
2024-09-29 04:00:00,-186.894061676261,-64.002288398349,-188.059597575767,-123.422830617535,-748.506373057474,-263.50903006715,11.96,10.3,12.5,13.83,12.74,13.64
2024-09-29 04:10:00,-187.454341141654,-64.076016188925,-188.102904884111,-123.735837575942,-749.368619119272,-263.145230250324,11.89,10.23,12.41,13.72,12.65,13.54
2024-09-29 04:20:00,-187.540686936288,-64.1202936239572,-188.710255414183,-123.821340792828,-750.059131067579,-264.238139262251,11.8,10.16,12.33,13.63,12.57,13.44
2024-09-29 04:30:00,-188.059597575767,-64.1498289106377,-188.797179711908,-124.135358394543,-753.694771368973,-264.481623693949,11.71,10.1,12.24,13.53,12.48,13.34
2024-09-29 04:40:00,-188.579944001029,-64.2089403041688,-188.797179711908,-124.392874133918,-755.084407954801,-266.192308407718,11.62,10,12.16,13.44,12.4,13.24
2024-09-29 04:50:00,-188.927641238017,-64.3125163383133,-189.145277480654,-124.679629323991,-758.569719224407,-266.253608509004,11.53,9.94,12.09,13.34,12.3,13.14
2024-09-29 05:00:00,-189.145277480654,-64.3421401672112,-189.40677193083,-125.024608257573,-758.045898768167,-267.113293639124,11.45,9.87,12,13.24,12.2,13.04
2024-09-29 05:10:00,-189.188834804817,-64.4162594519145,-189.974584112595,-125.19745550827,-762.597719899619,-267.174805829512,11.36,9.79,11.92,13.14,12.11,12.94
2024-09-29 05:20:00,-189.537654693799,-64.4459310672841,-189.930845883795,-125.514963011159,-762.597719899619,-267.790707365366,11.28,9.7,11.88,13.05,12.03,12.85
2024-09-29 05:30:00,-189.887117724936,-64.5647542660389,-190.193426386875,-125.920228306577,-766.823656579857,-268.408028700892,11.2,9.63,11.8,12.95,11.95,12.75
2024-09-29 05:40:00,-190.324852739218,-64.6093694260069,-190.456369909032,-126.123351388889,-767.176873248878,-270.01973234427,11.1,9.56,11.71,12.86,11.89,12.66
2024-09-29 05:50:00,-190.719676952144,-64.6391299922862,-190.675767179129,-126.501449672248,-766.823656579857,-270.206319805029,11.03,9.49,11.64,12.77,11.8,12.56
2024-09-29 06:00:00,-191.027328623056,-64.6986922563696,-190.939377540247,-126.705510328108,-767.707003337853,-270.642192113054,10.95,9.4,11.57,12.68,11.71,12.47
2024-09-29 06:10:00,-191.732397296854,-64.8030583139079,-191.644121592674,-126.997596695196,-772.67258324061,-271.453535509146,10.87,9.35,11.5,12.59,11.64,12.38
2024-09-29 06:20:00,-191.599998982919,-64.8627716311071,-191.997468455278,-127.143892280044,-775.524464369204,-272.330010270569,10.8,9.3,11.41,12.5,11.56,12.27
2024-09-29 06:30:00,-191.776550395959,-64.8478381453493,-191.997468455278,-127.348989266004,-773.562667702065,-272.832123009129,10.7,9.3,11.33,12.4,11.49,12.18
2024-09-29 06:40:00,-192.307181343455,-64.8329080977579,-192.0416825963,-127.613171603361,-775.167404377434,-273.902188577125,10.63,9.3,11.26,12.31,11.4,12.09
2024-09-29 06:50:00,-193.016973865232,-64.7732222732266,-192.750495180542,-127.760176303133,-778.566122430971,-274.596819307262,10.54,9.3,11.2,12.2,11.3,12
2024-09-29 07:00:00,-193.105881936844,-64.6540154156826,-192.928106727874,-128.084183004244,-780.181238649772,-275.546882878542,10.47,9.36,11.1,12.11,11.23,11.9
2024-09-29 07:10:00,-193.417382817038,-64.3421401672112,-193.551036968952,-128.320340230657,-780.181238649772,-275.800787846126,10.4,9.6,11.04,12.03,11.18,11.84
2024-09-29 07:20:00,-193.907899736765,-63.7816136367601,-193.551036968952,-128.705024746466,-783.601939837484,-276.372929778295,10.33,10.24,10.99,11.95,11.1,11.77
2024-09-29 07:30:00,-193.952553821494,-62.2293840647578,-193.818622407338,-129.061141639213,-783.060833706783,-277.776500616344,10.3,12.05,10.9,11.89,11.05,11.7
2024-09-29 07:40:00,-194.533993553672,-60.5613436949686,-194.444427963766,-129.299100148471,-785.227502735294,-278.737565405291,10.22,14.2,10.86,11.8,11,11.6
2024-09-29 07:50:00,-194.578791818428,-58.7753876857468,-195.02734225848,-129.597165357571,-790.852519316269,-279.70195533343,10.2,16.04,10.8,11.72,10.92,11.55
2024-09-29 08:00:00,-195.252005085489,-56.6755185582736,-195.476926714086,-129.955750734692,-795.051941467019,-280.024159549912,10.2,17.81,10.76,11.67,10.9,11.5
2024-09-29 08:10:00,-195.882438777405,-55.1944617406978,-196.017796317913,-130.345337958028,-796.517830985516,-281.770486895775,10.2,19.02,10.7,11.6,10.9,11.48
2024-09-29 08:20:00,-195.657050554437,-54.437165335307,-196.560162466286,-130.766199667473,-800.931736024294,-282.745370274748,10.2,20.08,10.7,11.58,10.9,11.45
2024-09-29 08:30:00,-196.288792065498,-53.8264208211869,-197.240230976894,-131.188420263866,-800.562978245253,-283.592997125376,10.2,21.15,10.7,11.5,10.9,11.5
2024-09-29 08:40:00,-196.424430401886,-53.4681924355588,-197.467442953317,-131.460567406135,-801.854373773302,-284.574186114814,10.2,22.05,10.74,11.5,10.9,11.55
2024-09-29 08:50:00,-196.333994434066,-53.2593059275485,-197.740442845837,-131.763615311862,-807.226670549032,-285.230197364633,10.3,22.76,10.8,11.5,10.95,11.66
2024-09-29 09:00:00,-196.967921675456,-53.4066703259017,-197.968231044093,-132.189056384413,-806.112215705462,-286.6787501859,10.34,23.27,10.89,11.54,11.01,11.82
2024-09-29 09:10:00,-197.467442953317,-54.2120090851728,-198.013820162302,-132.24994571376,-808.156559782728,-286.480787902525,10.41,23.57,10.99,11.6,11.11,12
2024-09-29 09:20:00,-197.376526771049,-55.5003219528772,-198.424594948511,-132.585338712367,-807.970496280167,-286.744768007857,10.52,23.88,11.13,11.65,11.23,12.26
2024-09-29 09:30:00,-197.51291674753,-56.0525664800808,-198.424594948511,-132.860383727504,-810.765952313201,-286.414830857237,10.64,24.44,11.26,11.73,11.36,12.56
2024-09-29 09:40:00,-197.603895754168,-56.0912995976858,-198.65317125957,-132.982809033395,-809.273840943918,-286.6787501859,10.76,25.05,11.44,11.83,11.52,12.87
2024-09-29 09:50:00,-197.831526656246,-55.9880707119528,-198.607434942279,-132.982809033395,-809.460204587233,-285.295881606573,10.89,25.6,11.61,11.94,11.69,13.21
2024-09-29 10:00:00,-197.694916667835,-56.1429853923402,-198.744675493745,-132.921582285715,-809.087520207478,-285.55876987014,11.05,26.09,11.79,12.06,11.87,13.58
2024-09-29 10:10:00,-197.831526656246,-56.2724083400736,-198.836221876882,-132.829795015393,-809.087520207478,-284.377677110794,11.22,26.39,11.97,12.22,12.07,13.95
2024-09-29 10:20:00,-197.831526656246,-56.5581899880676,-198.515993895163,-132.95219213506,-807.598497778499,-283.331918571886,11.41,26.55,12.17,12.4,12.3,14.33
2024-09-29 10:30:00,-197.740442845837,-56.9633474174299,-198.424594948511,-132.738071127576,-804.813962874877,-282.290005661556,11.61,26.63,12.39,12.57,12.55,14.72
2024-09-29 10:40:00,-197.376526771049,-57.1999306748304,-198.378911256801,-132.585338712367,-802.962942125547,-281.511086163456,11.82,26.7,12.61,12.75,12.8,15.09
2024-09-29 10:50:00,-197.877084293481,-57.6362215960175,-198.378911256801,-132.55481332442,-800.931736024294,-280.282190141334,12.02,26.7,12.82,12.95,13.07,15.45
2024-09-29 11:00:00,-197.694916667835,-58.0624693974086,-198.378911256801,-132.463279321635,-798.905668140522,-280.346734931327,12.26,26.7,13.04,13.14,13.34,15.82
2024-09-29 11:10:00,-197.467442953317,-58.4380213070444,-197.831526656246,-132.24994571376,-794.137130801127,-279.380121854804,12.5,26.7,13.28,13.36,13.61,16.18
2024-09-29 11:20:00,-197.194819963672,-58.8837557309782,-197.877084293481,-132.097774950327,-790.852519316269,-278.801754491345,12.75,26.7,13.5,13.56,13.9,16.52
2024-09-29 11:30:00,-197.013280437401,-59.4422859310083,-197.603895754168,-131.976164415677,-784.865975357957,-277.648609260776,13,26.7,13.72,13.78,14.16,16.82
2024-09-29 11:40:00,-196.741284463232,-59.9508717291013,-197.831526656246,-131.763615311862,-783.421529594226,-276.755016966929,13.25,26.7,13.94,13.99,14.43,17.13
2024-09-29 11:50:00,-196.92257335655,-60.4359707641822,-197.603895754168,-131.733279110939,-783.241160887181,-277.01003517972,13.5,26.7,14.17,14.2,14.7,17.42
2024-09-29 12:00:00,-196.650702612319,-60.8128703452358,-197.603895754168,-131.581702839631,-780.900143142684,-277.07382644144,13.75,26.63,14.4,14.42,14.95,17.7
2024-09-29 12:10:00,-196.424430401886,-61.3190619467741,-197.104029300026,-131.521121176651,-774.810508780011,-275.800787846126,14.01,26.59,14.63,14.66,15.19,17.95
2024-09-29 12:20:00,-196.06293628022,-61.7298899095091,-197.194819963672,-131.15821649125,-773.384568820529,-276.1820840452,14.28,26.48,14.86,14.88,15.42,18.2
2024-09-29 12:30:00,-196.108086637585,-62.2437145597631,-196.92257335655,-131.037470923528,-772.850518162532,-276.054926776555,14.54,26.36,15.07,15.09,15.66,18.41
2024-09-29 12:40:00,-195.566967896738,-62.7329199315906,-197.058649644789,-130.946984701808,-771.250577860516,-275.610337198203,14.81,26.25,15.27,15.3,15.88,18.62
2024-09-29 12:50:00,-194.892668663144,-63.1968602881101,-196.605427327392,-130.856560964172,-770.895485613094,-276.436574324184,15.08,26.14,15.49,15.52,16.09,18.83
2024-09-29 13:00:00,-194.758088064908,-63.634919996101,-196.967921675456,-130.675900768592,-771.783522937095,-276.500233526459,15.33,26.1,15.7,15.74,16.29,19.03
2024-09-29 13:10:00,-194.668419299425,-64.0170271666657,-196.333994434066,-130.555599225555,-768.060626896771,-276.436574324184,15.6,26.1,15.92,15.98,16.49,19.2
2024-09-29 13:20:00,-194.533993553672,-64.3866014976828,-196.288792065498,-130.375354536894,-768.237499754231,-276.94625860479,15.89,26.04,16.14,16.19,16.69,19.36
2024-09-29 13:30:00,-194.533993553672,-64.8179814875412,-196.424430401886,-130.345337958028,-770.540556854048,-277.776500616344,16.17,26,16.37,16.41,16.89,19.54
2024-09-29 13:40:00,-193.99721818939,-65.1921797783142,-196.514908026598,-130.255329679728,-768.945398589575,-278.480956810872,16.46,26.02,16.58,16.63,17.09,19.67
2024-09-29 13:50:00,-193.729386182175,-65.4930932079624,-196.243600103961,-130.015611351929,-767.707003337853,-278.865958359184,16.76,26.1,16.8,16.86,17.3,19.84
2024-09-29 14:00:00,-193.551036968952,-65.7802473852548,-195.882438777405,-129.925830762049,-767.530252617645,-279.70195533343,17.06,26.1,17.02,17.09,17.53,19.97
2024-09-29 14:10:00,-193.150351328888,-66.1447687482311,-195.927547568898,-129.597165357571,-769.831189500029,-280.088644919326,17.38,26.15,17.24,17.31,17.76,20.11
2024-09-29 14:20:00,-192.6617507329,-66.511310107017,-195.476926714086,-129.65686080211,-766.294136474499,-280.475869105832,17.67,26.2,17.48,17.56,17.98,20.26
2024-09-29 14:30:00,-192.085906919175,-66.8798826554229,-195.072254134053,-129.358658297297,-766.470602535675,-281.251924238049,17.95,26.12,17.7,17.78,18.22,20.4
2024-09-29 14:40:00,-191.864887099901,-67.2659844315416,-194.982440723057,-129.41824387998,-766.470602535675,-281.705614312517,18.22,26.03,17.92,18,18.48,20.54
2024-09-29 14:50:00,-191.423610104878,-67.6387390091175,-194.713248520418,-129.150324716658,-765.588678417613,-282.355012821388,18.44,25.92,18.15,18.23,18.75,20.66
2024-09-29 15:00:00,-191.203352344228,-67.9979003089882,-194.758088064908,-129.031427634213,-763.476198566452,-283.266686497087,18.65,25.79,18.37,18.45,19.04,20.78
2024-09-29 15:10:00,-191.159331213659,-68.327495532263,-194.444427963766,-128.764309250454,-764.179710061206,-283.527704941939,18.86,25.68,18.57,18.67,19.34,20.93
2024-09-29 15:20:00,-190.98334801878,-68.6903141251552,-194.086577784155,-128.705024746466,-761.544879658279,-283.527704941939,19.05,25.54,18.79,18.9,19.63,21.05
2024-09-29 15:30:00,-190.939377540247,-69.0391605980709,-194.04189284282,-128.527334955663,-758.569719224407,-283.788963904409,19.21,25.36,19.01,19.12,19.91,21.17
2024-09-29 15:40:00,-191.027328623056,-69.3738029539176,-194.04189284282,-128.409011403832,-756.476606704935,-284.377677110794,19.35,25.15,19.2,19.33,20.21,21.31
2024-09-29 15:50:00,-190.763596836923,-69.838596400358,-193.729386182175,-128.261260134887,-752.654222513032,-284.967611588205,19.47,24.96,19.38,19.55,20.48,21.44
2024-09-29 16:00:00,-190.763596836923,-70.3226944236801,-193.372851945801,-127.936805492621,-752.307692232115,-284.77083090934,19.58,24.75,19.56,19.75,20.69,21.55
2024-09-29 16:10:00,-190.719676952144,-70.5985046659694,-193.194830961566,-127.701354112996,-748.506373057474,-285.164528245308,19.69,24.55,19.74,19.95,20.88,21.67
2024-09-29 16:20:00,-190.763596836923,-70.9243725574758,-192.839280505923,-127.642559005242,-745.067298663553,-284.77083090934,19.79,24.38,19.88,20.16,21.05,21.76
2024-09-29 16:30:00,-190.631867515548,-71.3009805518506,-192.88368850365,-127.4369892219,-744.552802128265,-285.033235360574,19.89,24.23,20.03,20.35,21.18,21.86
2024-09-29 16:40:00,-190.719676952144,-71.6630853973114,-192.484384395564,-127.378315830649,-742.498366323556,-285.164528245308,19.98,24.06,20.16,20.54,21.29,21.94
2024-09-29 16:50:00,-190.631867515548,-71.9772918780491,-192.21864100238,-127.378315830649,-742.327419438312,-285.230197364633,20.06,23.9,20.29,20.7,21.4,22.01
2024-09-29 17:00:00,-190.807526835793,-72.259591560604,-192.085906919175,-127.231750511017,-741.302564316088,-285.493025102909,20.15,23.74,20.41,20.86,21.48,22.1
2024-09-29 17:10:00,-190.851466951084,-72.5931266808502,-192.21864100238,-127.143892280044,-738.066514948043,-286.6787501859,20.23,23.59,20.51,21.01,21.51,22.16
2024-09-29 17:20:00,-190.939377540247,-72.894624383385,-192.085906919175,-127.026842339396,-736.029976679392,-285.690304828194,20.3,23.45,20.6,21.14,21.6,22.2
2024-09-29 17:30:00,-191.027328623056,-73.1468287874399,-191.864887099901,-126.939125605097,-738.236480610808,-285.493025102909,20.38,23.29,20.69,21.26,21.6,22.23
2024-09-29 17:40:00,-190.939377540247,-73.5691100384071,-191.864887099901,-127.085353833848,-735.013815788716,-286.414830857237,20.44,23.07,20.76,21.37,21.6,22.3
2024-09-29 17:50:00,-191.115320218163,-74.0108688161264,-191.864887099901,-127.026842339396,-736.538583821541,-286.282962319431,20.5,22.82,20.8,21.47,21.6,22.3
2024-09-29 18:00:00,-191.247383612205,-74.3867359361528,-191.82071366286,-126.997596695196,-733.32333092286,-287.273458182653,20.58,22.58,20.9,21.55,21.67,22.3
2024-09-29 18:10:00,-191.379538263923,-74.8334042936813,-191.776550395959,-127.026842339396,-737.556852712922,-287.736861649096,20.6,22.31,20.9,21.6,21.6,22.3
2024-09-29 18:20:00,-191.688254363206,-75.2480937424687,-191.909070709422,-127.143892280044,-737.387043522249,-287.869399886478,20.6,22.05,20.98,21.7,21.6,22.3
2024-09-29 18:30:00,-191.909070709422,-75.6302441581425,-192.17438611987,-127.378315830649,-735.860519024444,-288.400163618985,20.6,21.8,21,21.7,21.6,22.3
2024-09-29 18:40:00,-191.953264493767,-75.9093901648003,-191.953264493767,-127.378315830649,-736.877850487286,-289.131561996146,20.6,21.58,21,21.76,21.6,22.3
2024-09-29 18:50:00,-192.351466806716,-76.3124685728751,-191.688254363206,-127.554417095804,-739.427336690356,-289.198144663922,20.6,21.32,21,21.8,21.52,22.29
2024-09-29 19:00:00,-192.307181343455,-76.6823656579856,-191.997468455278,-127.701354112996,-739.597615729984,-289.998333660962,20.51,21.08,21,21.8,21.5,22.2
2024-09-29 19:10:00,-192.794882732338,-77.0008470091535,-192.262906076125,-127.789597557994,-738.406485414119,-289.998333660962,20.5,20.86,21,21.8,21.43,22.2
2024-09-29 19:20:00,-193.016973865232,-77.3384568820529,-192.484384395564,-127.995736137096,-738.406485414119,-290.867703773052,20.42,20.63,21,21.8,21.39,22.13
2024-09-29 19:30:00,-193.239320837237,-77.6239077838714,-192.70611784818,-128.17269098943,-737.556852712922,-292.277579744706,20.39,20.42,21,21.8,21.3,22.1
2024-09-29 19:40:00,-193.907899736765,-78.0001615961396,-192.750495180542,-128.409011403832,-743.867359361529,-294.032612343514,20.3,20.21,20.91,21.8,21.22,22.01
2024-09-29 19:50:00,-194.444427963766,-78.2520101229887,-192.70611784818,-128.705024746466,-743.867359361529,-294.235793044574,20.23,20.01,20.9,21.73,21.16,21.95
2024-09-29 20:00:00,-194.578791818428,-78.4685274093271,-192.750495180542,-128.705024746466,-747.472987289472,-294.981990892852,20.14,19.82,20.85,21.7,21.08,21.89
2024-09-29 20:10:00,-195.296968697546,-78.6313084341276,-192.88368850365,-128.942326659603,-746.612922398647,-295.457829064547,20.06,19.65,20.8,21.7,20.99,21.8
2024-09-29 20:20:00,-196.017796317913,-78.812572320445,-193.239320837237,-129.269331357807,-749.023601566289,-296.275338126307,19.99,19.48,20.74,21.61,20.9,21.71
2024-09-29 20:30:00,-196.017796317913,-78.9215311617148,-193.595608873531,-129.597165357571,-750.059131067579,-296.753262608359,19.9,19.34,20.7,21.59,20.8,21.65
2024-09-29 20:40:00,-196.695988323465,-79.1581256949529,-194.086577784155,-129.836112168989,-752.654222513032,-297.231958034803,19.8,19.18,20.6,21.5,20.71,21.55
2024-09-29 20:50:00,-196.560162466286,-79.2310666084144,-194.265420475917,-130.105453981468,-756.825057284047,-297.505844895295,19.71,19.05,20.55,21.44,20.61,21.46
2024-09-29 21:00:00,-197.285652447592,-79.4502928686573,-194.310156892317,-130.405378028128,-755.606181978929,-299.085599153537,19.62,18.91,20.49,21.38,20.52,21.36
2024-09-29 21:10:00,-198.013820162302,-79.5784548692756,-194.937549525406,-130.585664224441,-759.968344071997,-300.051292890667,19.53,18.75,20.4,21.29,20.42,21.25
2024-09-29 21:20:00,-198.47028916049,-79.6701257110812,-194.937549525406,-130.856560964172,-759.793375038804,-300.535308400195,19.43,18.58,20.31,21.2,20.32,21.15
2024-09-29 21:30:00,-199.156966421314,-79.9089644148946,-195.431921669934,-131.128019672509,-762.422145499965,-301.366866456294,19.33,18.43,20.23,21.11,20.21,21.04
2024-09-29 21:40:00,-199.248702715164,-80.1116178605803,-195.612004040013,-131.27907332098,-760.843793814784,-302.47919074199,19.22,18.28,20.14,21.03,20.08,20.93
2024-09-29 21:50:00,-200.122307770327,-80.3517800895143,-195.747174706286,-131.521121176651,-764.179710061206,-303.595620539786,19.12,18.14,20.04,20.94,19.99,20.83
2024-09-29 22:00:00,-200.537456562076,-80.5555565396454,-196.514908026598,-131.854665836904,-767.707003337853,-304.505753213055,18.99,17.96,19.96,20.85,19.88,20.72
2024-09-29 22:10:00,-201.092328262315,-80.7226670549031,-196.650702612319,-132.158622233339,-769.122475196702,-305.559297183822,18.87,17.81,19.87,20.76,19.78,20.61
2024-09-29 22:20:00,-201.555893954599,-80.8901242368034,-197.149419405518,-132.524294964394,-770.895485613094,-306.47531665569,18.75,17.67,19.78,20.66,19.67,20.49
2024-09-29 22:30:00,-202.253246942539,-81.0952659567413,-197.376526771049,-132.70751057574,-776.239077838714,-306.899020569893,18.63,17.54,19.68,20.57,19.56,20.38
2024-09-29 22:40:00,-202.53286323701,-81.1699918642127,-197.831526656246,-133.135999316742,-776.239077838714,-308.457619365526,18.52,17.41,19.59,20.47,19.45,20.27
2024-09-29 22:50:00,-203.093256073865,-81.4133269345715,-198.424594948511,-133.412186663722,-777.31223289481,-309.738722244272,18.4,17.27,19.48,20.37,19.34,20.14
2024-09-29 23:00:00,-203.514568024595,-81.5634340362523,-198.744675493745,-133.750527168093,-783.782391626517,-310.38126758432,18.29,17.15,19.38,20.26,19.23,20.02
2024-09-29 23:10:00,-203.749007758329,-81.6197955247833,-199.386386391748,-134.151490543738,-788.30721675303,-310.66727098549,18.18,17.04,19.28,20.15,19.12,19.91
2024-09-29 23:20:00,-204.453948589195,-81.7514571701569,-199.43230208989,-134.460741667946,-789.033608996069,-312.532727749018,18.07,16.93,19.18,20.03,19.01,19.79
2024-09-29 23:30:00,-205.444965143066,-81.9965353834911,-200.030169259103,-134.677641531176,-788.851948208748,-312.892751555608,17.96,16.82,19.07,19.93,18.89,19.67
2024-09-29 23:40:00,-205.444965143066,-82.0154179573495,-200.122307770327,-135.268135054375,-791.21680423388,-314.626647319096,17.85,16.71,18.97,19.82,18.77,19.56
2024-09-29 23:50:00,-206.250733836624,-82.1288047514076,-200.629828741537,-135.392779002756,-793.406040204801,-315.860633765987,17.75,16.61,18.86,19.72,18.67,19.44
2024-09-30,-206.869041608708,-82.261287484262,-200.768466795773,-135.923798405341,-794.502928686573,-316.151686174709,17.64,16.49,18.75,19.61,18.56,19.33
2024-09-30 00:10:00,-207.298186333406,-82.4129580265398,-201.416712152777,-136.299889088932,-799.089644148946,-316.5158788605,17.54,16.38,18.65,19.49,18.45,19.22
2024-09-30 00:20:00,-207.680395624021,-82.5458991296646,-201.602309257835,-136.519755697839,-800.010159890017,-318.196576285476,17.43,16.27,18.55,19.38,18.35,19.09
2024-09-30 00:30:00,-208.255031286613,-82.6790546813098,-201.974016685529,-137.055195177297,-802.40846650646,-319.077001709835,17.32,16.16,18.45,19.27,18.25,18.97
2024-09-30 00:40:00,-208.927449417103,-82.8505703410896,-202.486233690468,-137.466065436065,-803.702839008655,-320.697446863605,17.21,16.05,18.36,19.16,18.14,18.86
2024-09-30 00:50:00,-209.071821244789,-82.8505703410896,-203.23359639129,-137.751235398415,-806.112215705462,-321.584792004279,17.11,15.94,18.26,19.05,18.04,18.74
2024-09-30 01:00:00,-209.746876643504,-82.9651117381931,-203.327210474964,-138.100579964514,-808.342666132928,-323.292405327752,17.01,15.83,18.16,18.94,17.93,18.63
2024-09-30 01:10:00,-210.133600745381,-83.0798114894467,-203.889801209459,-138.355205080321,-811.699918642127,-324.410948280828,16.91,15.73,18.06,18.83,17.83,18.51
2024-09-30 01:20:00,-210.618008723265,-83.2138283000465,-204.171680049756,-138.865864584708,-810.952659567413,-324.709879447992,16.8,15.64,17.96,18.71,17.72,18.4
2024-09-30 01:30:00,-211.590177280385,-83.3096869304089,-204.830913771745,-139.21803591057,-810.765952313201,-325.98341299585,16.7,15.55,17.86,18.59,17.62,18.29
2024-09-30 01:40:00,-211.931495347975,-83.4248630588771,-205.303097793703,-139.282162950066,-819.399137421494,-326.885383997774,16.6,15.47,17.76,18.48,17.51,18.18
2024-09-30 01:50:00,-212.029115884594,-83.5594364753478,-205.634274115354,-139.796243791916,-819.965353834911,-328.01635811504,16.51,15.37,17.66,18.39,17.4,18.07
2024-09-30 02:00:00,-212.860708051302,-83.7135005002399,-206.250733836624,-140.150774609651,-819.587832768919,-328.923954119565,16.41,15.27,17.56,18.28,17.29,17.96
2024-09-30 02:10:00,-213.204075623804,-83.8292349033255,-206.678595897098,-140.603296314733,-822.234134828842,-330.746686821815,16.31,15.2,17.46,18.17,17.18,17.86
2024-09-30 02:20:00,-213.793994883614,-83.9644606157501,-206.964330262329,-140.927420387276,-826.6001931704,-331.967449994926,16.22,15.1,17.34,18.06,17.08,17.75
2024-09-30 02:30:00,-214.237505253087,-84.1192714102697,-207.489202971778,-141.349898977797,-829.460105144344,-332.502949752011,16.13,15.01,17.25,17.96,16.98,17.64
2024-09-30 02:40:00,-215.226380647102,-84.2161730708376,-208.063309619024,-141.70836994892,-828.505703410896,-333.883918998273,16.04,14.92,17.15,17.85,16.88,17.54
2024-09-30 02:50:00,-215.424702786081,-84.3131863578099,-207.919634205929,-142.165920849886,-835.401984190152,-335.502300511967,15.95,14.83,17.05,17.75,16.79,17.43
2024-09-30 03:00:00,-215.623207670645,-84.4880919834491,-208.494931823255,-142.198659531929,-833.864533345089,-336.353152449945,15.85,14.74,16.96,17.64,16.69,17.31
2024-09-30 03:10:00,-215.971031456776,-84.6048972637815,-208.687051212715,-142.493647144008,-837.713477151602,-337.827891358135,15.76,14.64,16.86,17.54,16.59,17.2
2024-09-30 03:20:00,-216.818084076158,-84.7218640280959,-209.264472213805,-143.118409909222,-836.942269734385,-338.684641119989,15.68,14.54,16.77,17.44,16.5,17.1
2024-09-30 03:30:00,-217.067848868885,-84.9171680950841,-209.553781568138,-143.481365919496,-843.131863578099,-338.840647080105,15.6,14.43,16.68,17.31,16.4,17
2024-09-30 03:40:00,-217.818870880817,-85.093326665941,-209.891814707013,-143.712817034952,-842.937747641329,-339.934702734061,15.5,14.32,16.59,17.21,16.31,16.9
2024-09-30 03:50:00,-218.723528003908,-85.2698506734084,-210.278806040723,-144.044109293063,-844.103113997754,-341.739753973834,15.41,14.22,16.5,17.11,16.22,16.8
2024-09-30 04:00:00,-219.17726456826,-85.3484232866965,-210.909189349723,-144.475931234455,-846.243805043098,-342.448684664947,15.33,14.11,16.4,17.01,16.12,16.7
2024-09-30 04:10:00,-219.278222673362,-85.6042846476317,-211.006338988612,-144.808982652477,-848.780712970665,-344.663665509078,15.25,14.02,16.31,16.91,16.03,16.61
2024-09-30 04:20:00,-220.239647070129,-85.7621188934948,-211.541462450299,-145.10938531549,-855.254764858121,-345.378661782557,15.18,13.92,16.22,16.81,15.94,16.51
2024-09-30 04:30:00,-220.493353351296,-85.8806855234671,-211.785148809521,-145.544400789491,-855.254764858121,-347.052759903636,15.1,13.84,16.13,16.71,15.84,16.41
2024-09-30 04:40:00,-221.205286827909,-85.9796162547775,-212.420047900958,-146.014337545772,-857.818686248302,-348.013028166042,15.01,13.74,16.04,16.62,15.75,16.32
2024-09-30 04:50:00,-221.613137553736,-86.0588428874653,-213.204075623804,-146.115235521786,-860.39029387791,-347.452549252443,14.93,13.66,15.95,16.52,15.66,16.22
2024-09-30 05:00:00,-222.533553230522,-86.2969610789104,-213.351402660791,-146.620772194892,-862.373698345213,-348.09317035348,14.86,13.55,15.86,16.43,15.58,16.13
2024-09-30 05:10:00,-222.584799374462,-86.3565935016936,-213.941729563167,-146.823476268291,-863.963713411523,-349.699895425174,14.79,13.47,15.77,16.33,15.49,16.04
2024-09-30 05:20:00,-222.943852968414,-86.4560724578353,-214.188180923383,-147.195828526779,-866.753297228033,-350.748241577531,14.7,13.35,15.68,16.24,15.4,15.94
2024-09-30 05:30:00,-223.612204127533,-86.7352236036802,-214.731373707911,-147.365391576646,-868.951430360264,-352.610712643933,14.61,13.23,15.6,16.15,15.31,15.85
2024-09-30 05:40:00,-224.127683495171,-86.9351689438265,-215.127288054626,-147.773140267501,-872.359515140141,-352.935628718571,14.53,13.1,15.5,16.05,15.22,15.75
2024-09-30 05:50:00,-224.437541325858,-87.035314393153,-215.127288054626,-148.045599318458,-874.974713923823,-354.319865515343,14.44,12.97,15.41,15.96,15.16,15.66
2024-09-30 06:00:00,-225.162209877767,-87.1957871226109,-215.871596018879,-148.284413040929,-871.757118619894,-356.201301883507,14.35,12.85,15.33,15.86,15.07,15.57
2024-09-30 06:10:00,-225.421586732422,-87.3967941713184,-216.868014033165,-148.83172056599,-873.364434514881,-357.845452389893,14.26,12.74,15.24,15.77,14.99,15.48
2024-09-30 06:20:00,-226.25360223695,-87.5982645891285,-217.167835328446,-149.037481288418,-879.620824425152,-358.175192059019,14.17,12.65,15.18,15.68,14.9,15.4
2024-09-30 06:30:00,-226.566399162707,-87.6991738951559,-217.418003019064,-149.277895024848,-880.634108505337,-359.331675489669,14.08,12.58,15.09,15.59,14.8,15.3
2024-09-30 06:40:00,-226.357819866454,-87.739570158121,-217.518150767706,-149.587568336358,-882.460962243894,-360.077100188088,13.98,12.5,15,15.5,14.72,15.21
2024-09-30 06:50:00,-227.402640090832,-87.7193697012427,-218.170236511535,-150.070559755216,-885.310270358069,-361.406119890791,13.9,12.5,14.91,15.41,14.64,15.14
2024-09-30 07:00:00,-227.874381259151,-87.5780966653141,-218.471858136993,-150.451146792641,-887.351121304054,-362.907131347538,13.8,12.53,14.82,15.32,14.55,15.05
2024-09-30 07:10:00,-228.084358003516,-87.1957871226109,-219.278222673362,-150.589781253501,-889.601491629612,-363.995070748689,13.71,12.7,14.73,15.23,14.46,14.97
2024-09-30 07:20:00,-228.768119600972,-86.1976652011047,-219.682520344352,-151.180404300502,-894.73721708723,-365.422683405998,13.63,13.33,14.65,15.16,14.39,14.89
2024-09-30 07:30:00,-229.771152408815,-83.7520608700786,-220.138246314662,-151.598708837794,-897.006318950251,-365.254438784037,13.54,15.03,14.57,15.08,14.3,14.8
2024-09-30 07:40:00,-230.035838560344,-81.1699918642127,-220.594917677258,-152.193288965276,-900.317107308387,-367.447673884333,13.5,16.94,14.47,15,14.23,14.72
2024-09-30 07:50:00,-231.097635747653,-79.3406040204801,-221.256227091993,-152.509010189612,-902.600360074103,-369.483885851161,13.4,18.6,14.4,14.9,14.19,14.68
2024-09-30 08:00:00,-231.523725647348,-77.8745414546688,-221.715217678137,-152.790201075205,-904.472782259774,-371.274825325765,13.37,19.92,14.3,14.84,14.1,14.6
2024-09-30 08:10:00,-231.950601156996,-77.1961253121747,-222.431096335433,-153.67226853206,-908.020184122908,-373.160359188099,13.3,20.64,14.28,14.8,14.1,14.6
2024-09-30 08:20:00,-232.860326701907,-76.7176873248877,-223.663698668617,-153.991057863031,-909.066183002777,-375.401066790545,13.3,21.64,14.2,14.74,14.1,14.6
2024-09-30 08:30:00,-232.967587541135,-76.2422145499965,-224.489225929737,-154.630621858679,-918.111658898491,-376.873414516064,13.3,22.65,14.2,14.7,14.1,14.67
2024-09-30 08:40:00,-233.719798081795,-75.8919133939439,-225.05854272025,-155.129896392525,-916.211001772304,-377.568280800046,13.3,23.61,14.2,14.7,14.1,14.77
2024-09-30 08:50:00,-234.69049579631,-75.4910563359997,-225.525421116387,-155.523314180667,-917.900280213347,-378.787381034694,13.3,24.4,14.23,14.71,14.14,14.94
2024-09-30 09:00:00,-234.852670254061,-75.61283165563,-225.889218254408,-155.702470123752,-920.864015526653,-380.010417525265,13.34,25,14.3,14.8,14.21,15.14
2024-09-30 09:10:00,-235.339866326209,-76.2597719899619,-226.72295975458,-155.594951807543,-920.228124854347,-380.010417525265,13.4,25.47,14.38,14.83,14.32,15.38
2024-09-30 09:20:00,-235.665225065107,-77.0363153759142,-226.775170656089,-155.774190273989,-916.63302969931,-380.097928232179,13.48,26.02,14.47,14.91,14.44,15.66
2024-09-30 09:30:00,-236.698498201331,-77.2316836286274,-227.08868865323,-156.169242026181,-923.837320209525,-379.748006272563,13.56,26.75,14.61,15.02,14.58,15.98
2024-09-30 09:40:00,-236.535049131092,-77.0895485613093,-227.193290942805,-156.061401386704,-920.440039607244,-378.264428254665,13.68,27.5,14.75,15.13,14.75,16.35
2024-09-30 09:50:00,-237.025735256727,-77.0895485613093,-227.193290942805,-156.025471057852,-919.380953626027,-378.090271152155,13.83,28.02,14.9,15.25,14.93,16.71
2024-09-30 10:00:00,-236.916606001663,-77.0895485613093,-227.297941414607,-156.025471057852,-918.32308626098,-377.394444211481,13.98,28.46,15.06,15.39,15.11,17.09
2024-09-30 10:10:00,-237.134914779243,-77.2139024234998,-227.717025568129,-156.025471057852,-917.266436109927,-375.746983226611,14.15,28.76,15.23,15.55,15.31,17.49
2024-09-30 10:20:00,-236.535049131092,-77.5524464369204,-227.507386993683,-155.881832446517,-912.631600486362,-374.279036179099,14.35,28.93,15.41,15.72,15.54,17.88
2024-09-30 10:30:00,-236.589519609806,-77.820766202638,-228.031845685184,-155.953635215179,-910.952018378643,-373.67625556285,14.56,29,15.61,15.91,15.78,18.26
2024-09-30 10:40:00,-236.045378814451,-78.0720354939488,-227.297941414607,-155.881832446517,-910.952018378643,-372.988552055117,14.77,29.07,15.81,16.09,16.03,18.62
2024-09-30 10:50:00,-235.882380747312,-78.3962884970895,-227.402640090832,-155.666622432363,-905.931795651591,-371.702517416982,14.99,29.1,16.01,16.27,16.3,18.98
2024-09-30 11:00:00,-236.099736529427,-78.7762861454537,-227.350284725779,-155.380137859983,-903.224069711191,-368.125161310814,15.21,29.19,16.22,16.47,16.55,19.32
2024-09-30 11:10:00,-235.339866326209,-79.121680423388,-227.507386993683,-155.48750773671,-901.977081131596,-368.634096495109,15.42,29.2,16.43,16.67,16.82,19.65
2024-09-30 11:20:00,-235.448269298598,-79.5235030019916,-227.350284725779,-155.201352802091,-897.832872885309,-367.70158543308,15.64,29.2,16.64,16.87,17.08,19.94
2024-09-30 11:30:00,-235.069077200875,-79.7986423260863,-227.455007512541,-154.987082256197,-895.149353693549,-367.532291579565,15.87,29.26,16.85,17.07,17.33,20.25
2024-09-30 11:40:00,-234.960848812698,-80.1669761235642,-226.775170656089,-155.022773459662,-892.268379189722,-366.518164042808,16.09,29.3,17.07,17.27,17.6,20.52
2024-09-30 11:50:00,-234.204644038563,-80.741256275967,-226.931875512021,-154.452699216431,-891.652234862272,-367.447673884333,16.31,29.3,17.27,17.49,17.85,20.79
2024-09-30 12:00:00,-234.852670254061,-81.3758433435556,-227.297941414607,-154.203951399387,-885.310270358069,-365.506834776256,16.53,29.3,17.5,17.71,18.08,21.02
2024-09-30 12:10:00,-234.42045385623,-81.9210485517776,-226.72295975458,-154.132954204396,-883.274113239007,-364.414376886304,16.76,29.22,17.71,17.91,18.3,21.27
2024-09-30 12:20:00,-234.09681364492,-82.6600193170399,-226.9841345237,-153.920158686564,-883.884468165711,-364.750169545557,16.99,29.1,17.91,18.13,18.5,21.49
2024-09-30 12:30:00,-233.827454813372,-83.3480612944001,-226.566399162707,-153.601516129708,-882.054667512531,-364.330477034813,17.21,28.96,18.12,18.33,18.71,21.68
2024-09-30 12:40:00,-233.558405914193,-83.8678485831006,-226.670760873692,-153.495448599962,-882.054667512531,-365.422683405998,17.45,28.83,18.33,18.53,18.91,21.85
2024-09-30 12:50:00,-233.397125193853,-84.5270091479969,-226.566399162707,-153.389454313769,-882.460962243894,-366.855895254238,17.68,28.69,18.51,18.76,19.1,22.02
2024-09-30 13:00:00,-233.128571444872,-84.9954157260764,-226.827393580986,-153.177685269771,-881.242639151366,-365.759405177682,17.91,28.6,18.71,18.97,19.28,22.18
2024-09-30 13:10:00,-232.592390609409,-85.4664179800776,-226.357819866454,-153.001434420043,-879.215837324473,-366.686990765781,18.15,28.6,18.93,19.19,19.45,22.35
2024-09-30 13:20:00,-232.378263725076,-85.9202441487305,-226.097365753808,-152.438793364192,-881.242639151366,-367.024877544,18.4,28.51,19.13,19.39,19.63,22.49
2024-09-30 13:30:00,-231.630370817291,-86.4162671313259,-226.357819866454,-152.368608867372,-882.664179784961,-367.616928760985,18.67,28.5,19.33,19.61,19.8,22.64
2024-09-30 13:40:00,-231.683711822059,-86.6154772008669,-226.097365753808,-152.368608867372,-882.867444123984,-369.313771406933,18.95,28.59,19.53,19.81,19.98,22.76
2024-09-30 13:50:00,-230.938054280156,-87.035314393153,-226.25360223695,-152.333528737534,-883.884468165711,-368.9737774501,19.23,28.6,19.73,20.03,20.17,22.88
2024-09-30 14:00:00,-230.353864449895,-87.4773266743874,-226.045310904679,-151.948179953967,-885.310270358069,-372.130702190472,19.5,28.65,19.95,20.24,20.37,23
2024-09-30 14:10:00,-229.559622784626,-87.8001994442173,-225.78521637424,-151.773343810019,-884.902663773917,-370.762244358764,19.77,28.7,20.17,20.47,20.57,23.12
2024-09-30 14:20:00,-229.453931009849,-88.164855984373,-226.097365753808,-151.424274805818,-887.759855704237,-372.38784977813,20.01,28.7,20.39,20.67,20.79,23.24
2024-09-30 14:30:00,-229.031650303302,-88.7351121304054,-226.149432590389,-151.494024320582,-887.146824679058,-371.788114938946,20.28,28.6,20.59,20.87,21.02,23.35
2024-09-30 14:40:00,-228.768119600972,-89.3296232690662,-225.837211327495,-151.215218883054,-887.146824679058,-372.988552055117,20.51,28.5,20.81,21.09,21.28,23.46
2024-09-30 14:50:00,-228.87349547519,-89.7419500757243,-225.525421116387,-151.006451582302,-884.495244856318,-373.590223330491,20.7,28.43,21.01,21.29,21.52,23.56
2024-09-30 15:00:00,-228.50489212499,-90.0524436852193,-225.733233391888,-150.83269901933,-883.477518036568,-374.106713994928,20.86,28.37,21.21,21.51,21.79,23.68
2024-09-30 15:10:00,-227.979345456868,-90.4472782259774,-225.421586732422,-150.520448062189,-883.070755271739,-374.882789146322,21.04,28.25,21.43,21.7,22.06,23.78
2024-09-30 15:20:00,-228.189418921367,-90.9484919861407,-225.214061361958,-150.83269901933,-881.851590300694,-376.353104152763,21.19,28.09,21.62,21.89,22.34,23.89
2024-09-30 15:30:00,-228.084358003516,-91.4735433602897,-225.05854272025,-150.451146792641,-883.274113239007,-377.307555933105,21.35,27.9,21.78,22.09,22.62,24.02
2024-09-30 15:40:00,-228.399685959807,-91.9804441705997,-224.954923292233,-150.208843520984,-878.406422418813,-377.481352498925,21.48,27.7,21.95,22.3,22.87,24.13
2024-09-30 15:50:00,-227.717025568129,-92.4901539726908,-225.162209877767,-149.759886564145,-874.773266743874,-377.829185831564,21.62,27.49,22.12,22.51,23.09,24.24
2024-09-30 16:00:00,-228.241967526455,-92.9812761374845,-224.540922435805,-149.622016112648,-874.169203438842,-378.351536886402,21.72,27.26,22.28,22.69,23.3,24.34
2024-09-30 16:10:00,-227.664597821479,-93.4534852202478,-224.592630846804,-149.449856522748,-870.954570285376,-379.136417818192,21.82,27.07,22.44,22.86,23.46,24.43
2024-09-30 16:20:00,-228.031845685184,-93.7984155784381,-224.540922435805,-149.415448383106,-873.565557261871,-379.223727256065,21.91,26.89,22.56,23.04,23.6,24.51
2024-09-30 16:30:00,-227.874381259151,-94.2096743163821,-224.38586862143,-149.415448383106,-868.351387248648,-380.623415836629,22,26.73,22.68,23.21,23.7,24.6
2024-09-30 16:40:00,-227.717025568129,-94.6009510344633,-224.230921877451,-149.0718023879,-870.553573223406,-380.448172630295,22.1,26.56,22.79,23.37,23.8,24.68
2024-09-30 16:50:00,-227.612182145374,-94.9719821992877,-224.644351165475,-148.934565393587,-867.352236036802,-380.798739764026,22.17,26.41,22.9,23.52,23.88,24.73
2024-09-30 17:00:00,-227.926857315784,-95.3005709309685,-224.179296743432,-148.83172056599,-865.556660093114,-381.061877088459,22.23,26.25,22.99,23.65,23.9,24.8
2024-09-30 17:10:00,-227.979345456868,-95.7404583797972,-224.076082129931,-148.592025398566,-869.551888110172,-381.764465916167,22.3,26.08,23.08,23.76,23.99,24.8
2024-09-30 17:20:00,-227.979345456868,-96.0717059231362,-223.509250609709,-148.660470313905,-869.752132884834,-381.940315437559,22.38,25.93,23.14,23.88,24,24.86
2024-09-30 17:30:00,-228.084358003516,-96.4707161316615,-223.715205068123,-148.763196805152,-869.752132884834,-383.614931060095,22.41,25.73,23.2,23.98,24,24.9
2024-09-30 17:40:00,-228.031845685184,-97.1170545868446,-223.86979544448,-148.728946756551,-873.967941713185,-383.791632948427,22.5,25.5,23.3,24.08,24,24.9
2024-09-30 17:50:00,-228.452282986245,-97.835282288955,-224.230921877451,-148.900275890453,-869.952423772867,-384.942180852421,22.52,25.22,23.3,24.15,24,24.9
2024-09-30 18:00:00,-228.452282986245,-98.4454168899337,-223.972915037574,-148.83172056599,-873.565557261871,-385.651924051209,22.6,24.94,23.4,24.2,24,24.9
2024-09-30 18:10:00,-228.768119600972,-99.0365498670032,-224.076082129931,-148.934565393587,-874.571865943512,-385.651924051209,22.6,24.65,23.4,24.27,24,24.9
2024-09-30 18:20:00,-229.031650303302,-99.8379149413146,-224.024492644977,-148.797454741026,-873.565557261871,-386.362975850179,22.6,24.36,23.4,24.3,23.97,24.84
2024-09-30 18:30:00,-229.348287896727,-100.298745818516,-224.179296743432,-149.003168090751,-874.571865943512,-387.521232242145,22.6,24.07,23.4,24.3,23.9,24.8
2024-09-30 18:40:00,-229.348287896727,-100.854551504628,-224.179296743432,-149.277895024848,-878.81103668431,-388.056982607719,22.6,23.79,23.4,24.3,23.89,24.8
2024-09-30 18:50:00,-229.982876948737,-101.250109702653,-224.540922435805,-149.277895024848,-880.431358351644,-389.93794844997,22.52,23.52,23.4,24.3,23.8,24.73
2024-09-30 19:00:00,-230.513042233944,-101.717458974705,-224.747827536805,-149.48427258607,-883.070755271739,-389.93794844997,22.5,23.26,23.4,24.3,23.74,24.69
2024-09-30 19:10:00,-230.619221859787,-102.234035107005,-224.592630846804,-149.725407045665,-879.418307561882,-391.737820241602,22.45,23,23.4,24.3,23.69,24.6
2024-09-30 19:20:00,-231.204084650757,-102.729577608675,-224.79958359495,-150.036008709826,-887.146824679058,-392.279400064699,22.4,22.76,23.38,24.3,23.6,24.53
2024-09-30 19:30:00,-231.790430685325,-102.871601849361,-225.110370331447,-150.520448062189,-887.759855704237,-394.362401334441,22.32,22.53,23.3,24.29,23.5,24.46
2024-09-30 19:40:00,-232.164333968097,-103.298853753664,-225.214061361958,-150.416508123936,-888.373310342541,-395.726835752638,22.25,22.32,23.28,24.2,23.42,24.38
2024-09-30 19:50:00,-232.753115246749,-103.608527726382,-225.525421116387,-151.041226106149,-888.78251558658,-396.730420361733,22.18,22.09,23.2,24.18,23.33,24.29
2024-09-30 20:00:00,-233.235955843817,-103.990939644953,-226.045310904679,-151.354557404498,-897.419500757243,-398.378142614979,22.1,21.89,23.13,24.1,23.23,24.19
2024-09-30 20:10:00,-233.827454813372,-104.302688384038,-226.201511417183,-151.598708837794,-897.21288606909,-400.678004730811,22,21.7,23.07,24.03,23.11,24.08
2024-09-30 20:20:00,-234.636462533649,-104.687662401644,-226.931875512021,-152.01817079153,-900.939239185463,-400.95487890899,21.91,21.51,23,23.94,23.01,23.96
2024-09-30 20:30:00,-235.231513263741,-104.953155962495,-226.931875512021,-152.053178299157,-903.640115557644,-402.527450369814,21.81,21.31,22.91,23.86,22.89,23.85
2024-09-30 20:40:00,-235.394061572227,-105.340530810999,-227.559778537034,-152.544130730199,-907.60212164472,-404.385432662018,21.71,21.11,22.83,23.77,22.78,23.74
2024-09-30 20:50:00,-236.480591193224,-105.802395902094,-228.031845685184,-152.790201075205,-910.113386826849,-405.97145898076,21.62,20.91,22.75,23.69,22.67,23.63
2024-09-30 21:00:00,-237.572136007083,-106.021880362933,-228.557513378831,-153.283533220553,-912.211414861368,-407.282267981597,21.51,20.73,22.66,23.59,22.56,23.5
2024-09-30 21:10:00,-238.229479813549,-106.315234741851,-228.610146750559,-153.566152145163,-914.314279350001,-407.188498569725,21.4,20.55,22.56,23.49,22.44,23.38
2024-09-30 21:20:00,-238.394099759397,-106.633951357831,-229.137147565843,-154.274981297325,-918.746087062833,-409.916596750055,21.27,20.38,22.46,23.39,22.31,23.26
2024-09-30 21:30:00,-239.880807678354,-106.707636929037,-229.665363243473,-154.595020941062,-920.440039607244,-411.145463251338,21.16,20.19,22.36,23.29,22.17,23.13
2024-09-30 21:40:00,-240.821636015899,-106.92899929006,-229.401103371981,-154.880057941778,-924.901539726908,-413.423826599049,21.04,20.02,22.24,23.17,22.06,22.98
2024-09-30 21:50:00,-241.154573333391,-107.274253843353,-230.459970754779,-155.48750773671,-928.742890858186,-414.567738492203,20.92,19.85,22.13,23.06,21.94,22.86
2024-09-30 22:00:00,-242.435102676443,-107.447298932187,-231.310582586683,-156.025471057852,-928.742890858186,-416.097879376679,20.78,19.69,22.02,22.95,21.82,22.74
2024-09-30 22:10:00,-243.273891559844,-107.719791080192,-231.257327488206,-156.457181521776,-933.889521311664,-419.078617395468,20.66,19.55,21.92,22.84,21.69,22.62
2024-09-30 22:20:00,-244.284269852467,-107.992974282988,-231.683711822059,-156.565295650933,-933.244636045704,-420.334950216351,20.54,19.38,21.8,22.72,21.57,22.47
2024-09-30 22:30:00,-245.129456575347,-108.217003044651,-232.592390609409,-156.926215932145,-937.984155784381,-422.372371829919,20.42,19.23,21.7,22.61,21.45,22.34
2024-09-30 22:40:00,-245.864316739711,-108.591417550416,-233.021236486884,-157.505419754703,-943.616448114178,-423.346040704514,20.27,19.06,21.58,22.48,21.33,22.19
2024-09-30 22:50:00,-246.374356200908,-108.891881640869,-233.881301773673,-157.832160863346,-947.317374014635,-424.908581696051,20.14,18.89,21.47,22.36,21.18,22.06
2024-09-30 23:00:00,-247.169854792101,-109.218322645383,-234.636462533649,-158.4511890005,-951.251823802042,-426.86987059665,20,18.69,21.35,22.23,21.06,21.93
2024-09-30 23:10:00,-248.367921248665,-109.444893362002,-235.069077200875,-158.597195166807,-954.543011614004,-428.544082362854,19.87,18.53,21.23,22.1,20.94,21.79
2024-09-30 23:20:00,-248.482325243746,-109.697189897612,-235.828073074593,-159.182566458289,-957.404583797972,-431.216631228426,19.75,18.37,21.1,21.97,20.82,21.67
2024-09-30 23:30:00,-249.571794898973,-109.874143446956,-236.371712928482,-159.88050171637,-958.948981967322,-431.415259558162,19.62,18.22,20.98,21.85,20.68,21.54
2024-09-30 23:40:00,-250.435275660879,-110.203529120309,-237.080318733106,-160.212169873964,-966.70842252969,-434.205682119492,19.48,18.06,20.86,21.73,20.55,21.41
2024-09-30 23:50:00,-251.128210784262,-110.355886142586,-237.845808544871,-160.655464611121,-967.153710733817,-435.808305297309,19.36,17.93,20.74,21.62,20.43,21.26
2024-10-01,-252.461700082567,-110.432143623462,-238.448998349625,-161.174192281226,-974.530649453975,-436.209884485843,19.23,17.78,20.62,21.48,20.3,21.14
2024-10-01 00:10:00,-252.752524736152,-110.559356542901,-239.163831534374,-161.769075091039,-974.530649453975,-437.618327937198,19.1,17.66,20.48,21.36,20.16,21
2024-10-01 00:20:00,-253.860717062154,-110.661232381763,-239.5496289181,-162.216677665045,-982.189987141248,-440.448872356925,18.97,17.55,20.36,21.23,20.03,20.86
2024-10-01 00:30:00,-254.68038776935,-110.814222181471,-240.046568715153,-162.740446211984,-986.950797793327,-441.057795493902,18.85,17.45,20.24,21.1,19.9,20.74
2024-10-01 00:40:00,-255.973792176153,-110.967423490471,-241.432372679697,-163.153164765137,-995.16593715673,-444.319631721361,18.73,17.33,20.09,20.97,19.78,20.6
2024-10-01 00:50:00,-256.445747880416,-110.967423490471,-241.543582001084,-163.453980978098,-994.47873825856,-445.24136183888,18.61,17.23,19.97,20.84,19.66,20.46
2024-10-01 01:00:00,-257.510832239583,-111.223229820507,-242.77027062101,-164.321920640149,-1001.37213555233,-447.399508272809,18.48,17.13,19.85,20.72,19.54,20.34
2024-10-01 01:10:00,-257.86684246827,-111.530975932853,-243.610219134939,-164.473336440966,-1000.91109280912,-449.464610573653,18.38,17.04,19.73,20.58,19.42,20.2
2024-10-01 01:20:00,-258.818611170404,-111.505297932996,-244.115582526249,-165.042389373893,-1007.38505225627,-450.189646084768,18.27,16.94,19.62,20.46,19.3,20.05
2024-10-01 01:30:00,-259.47498913432,-111.813824506088,-244.847403253163,-165.460945779119,-1007.617037944,-451.435286169345,18.17,16.83,19.48,20.34,19.18,19.94
2024-10-01 01:40:00,-260.612656075721,-111.916856284891,-245.694538332659,-165.842372651734,-1015.30260959596,-454.355199592893,18.06,16.72,19.37,20.21,19.07,19.81
2024-10-01 01:50:00,-261.033052756251,-112.200683471522,-245.637971587257,-166.607866263166,-1019.28469334637,-456.97822078531,17.95,16.59,19.26,20.06,18.95,19.68
2024-10-01 02:00:00,-261.936187741388,-112.304071724738,-246.658168504996,-166.991937060554,-1020.69386038459,-459.404772406383,17.85,16.47,19.15,19.95,18.84,19.56
2024-10-01 02:10:00,-262.177551020707,-112.614808443403,-246.82861279415,-167.222804388288,-1027.05925972373,-459.722227613081,17.74,16.36,19.03,19.83,18.72,19.44
2024-10-01 02:20:00,-263.266441014885,-112.926404946642,-247.568566765826,-167.80137006555,-1028.71601849361,-462.269779190663,17.64,16.24,18.92,19.72,18.61,19.32
2024-10-01 02:30:00,-263.934098915294,-113.108567572581,-248.940468438056,-168.188192173349,-1036.80122686994,-463.975985012105,17.54,16.06,18.79,19.59,18.49,19.19
2024-10-01 02:40:00,-264.481623693949,-113.343208506355,-248.539547001189,-168.614726504224,-1035.13144678062,-467.084550320001,17.43,15.94,18.67,19.47,18.39,19.07
2024-10-01 02:50:00,-265.763602687674,-113.55218682925,-249.169856703708,-169.237071811862,-1038.47370049692,-468.808527129077,17.32,15.83,18.57,19.35,18.28,18.96
2024-10-01 03:00:00,-266.314922726783,-113.709173390356,-250.31997250595,-170.096548964355,-1044.22840443568,-469.132480463524,17.21,15.71,18.46,19.24,18.18,18.84
2024-10-01 03:10:00,-267.236332185237,-113.892598707296,-251.070393033574,-170.527922991028,-1046.63559951561,-472.819633956285,17.12,15.62,18.36,19.13,18.07,18.72
2024-10-01 03:20:00,-268.16092958142,-113.892598707296,-251.475397001531,-170.803003157289,-1051.95097974016,-472.601942597256,17.02,15.59,18.26,19.01,17.96,18.6
2024-10-01 03:30:00,-268.902910224264,-114.050055889811,-251.881054285127,-171.630908926523,-1053.64789157331,-474.564778562884,16.92,15.49,18.15,18.88,17.85,18.48
2024-10-01 03:40:00,-269.646943870413,-114.260337473684,-252.636154694267,-171.907768329576,-1055.34754071059,-475.768300449083,16.83,15.4,18.04,18.76,17.75,18.38
2024-10-01 03:50:00,-270.45530366634,-114.444651878492,-252.985425652794,-172.701258535412,-1063.64205991967,-476.974874531728,16.74,15.3,17.94,18.65,17.65,18.27
2024-10-01 04:00:00,-270.704516955901,-114.682064486206,-253.977651165721,-172.860395546842,-1063.39717547897,-479.507608264676,16.66,15.2,17.83,18.54,17.54,18.16
2024-10-01 04:10:00,-272.330010270569,-114.86705918275,-254.563130118123,-173.298778837586,-1071.75496090855,-480.391707957205,16.57,15.1,17.73,18.43,17.44,18.05
2024-10-01 04:20:00,-272.330010270569,-114.893511345866,-255.679261035408,-173.538365410891,-1069.53623436888,-484.055882691729,16.49,15.04,17.63,18.33,17.32,17.94
2024-10-01 04:30:00,-273.524039995245,-115.078847129291,-255.443880146934,-174.138781976576,-1078.68714320131,-484.613493546579,16.4,14.96,17.53,18.22,17.22,17.84
2024-10-01 04:40:00,-273.902188577125,-115.317575359411,-256.327677437981,-174.660823087967,-1078.93554869255,-485.283474530144,16.31,14.9,17.43,18.11,17.12,17.73
2024-10-01 04:50:00,-274.596819307262,-115.50359520441,-256.682051948249,-175.224771547724,-1075.21546538091,-488.872381095183,16.24,14.8,17.32,17.99,17.02,17.63
2024-10-01 05:00:00,-274.786569599962,-115.689915119737,-257.333011482687,-175.467020817193,-1088.66811244974,-490.225053328832,16.16,14.7,17.22,17.89,16.92,17.52
2024-10-01 05:10:00,-275.927828052516,-115.90322021985,-257.510832239583,-175.952524552235,-1085.91417550416,-491.694672151055,16.09,14.63,17.12,17.78,16.82,17.42
2024-10-01 05:20:00,-276.245684642175,-115.90322021985,-257.985621885632,-176.520643684261,-1084.16529845621,-493.509483219745,16,14.58,17.03,17.67,16.73,17.29
2024-10-01 05:30:00,-277.776500616344,-116.143658591615,-258.699448235616,-177.049825248336,-1092.93794053764,-495.445059938675,15.92,14.49,16.93,17.57,16.63,17.2
2024-10-01 05:40:00,-278.545086803811,-116.30422787756,-259.236113860541,-177.908010227847,-1092.18322645383,-497.159225107105,15.84,14.4,16.84,17.47,16.54,17.1
2024-10-01 05:50:00,-278.673391097619,-116.46501915148,-260.852799775776,-177.948979777687,-1098.74143446956,-499.684067864995,15.77,14.31,16.75,17.34,16.45,17
2024-10-01 06:00:00,-278.930177012212,-116.51866562648,-260.672671266653,-178.400267992624,-1104.32143623462,-498.994205463264,15.7,14.23,16.67,17.24,16.36,16.9
2024-10-01 06:10:00,-279.70195533343,-116.652889948648,-261.273583834324,-178.729196291906,-1109.41875238421,-501.643861711852,15.61,14.2,16.58,17.14,16.28,16.8
2024-10-01 06:20:00,-281.05770937877,-116.652889948648,-261.634796089055,-178.935084379407,-1108.39741036934,-503.959344571959,15.54,14.2,16.5,17.04,16.19,16.71
2024-10-01 06:30:00,-281.122432759227,-116.438205176976,-262.237926583503,-179.306280798782,-1112.48842864303,-506.752036215274,15.48,14.2,16.4,16.95,16.1,16.61
2024-10-01 06:40:00,-282.160036238631,-116.063457098343,-262.78193269449,-179.843813271706,-1119.42629060472,-507.920220305211,15.4,14.3,16.31,16.85,16.01,16.53
2024-10-01 06:50:00,-282.875609316035,-115.689915119737,-263.994878984759,-180.175403130294,-1122.26521608252,-507.569482601357,15.32,14.48,16.23,16.76,15.92,16.44
2024-10-01 07:00:00,-283.00590834843,-115.052352295947,-264.177303186486,-180.590750330291,-1123.29933670234,-510.029742053271,15.28,14.74,16.16,16.67,15.84,16.36
2024-10-01 07:10:00,-283.723626603148,-114.312968421435,-264.847271082512,-180.923717365826,-1129.26404946642,-513.44686020886,15.2,15.07,16.09,16.58,15.78,16.28
2024-10-01 07:20:00,-284.705267550873,-112.978421454293,-266.192308407718,-181.800679635984,-1129.52410206156,-514.038328163033,15.2,15.73,16,16.49,15.7,16.2
2024-10-01 07:30:00,-285.033235360574,-110.635754624705,-266.131022419678,-182.387681411487,-1130.0443869243,-517.124962532154,15.12,17.03,15.93,16.4,15.64,16.11
2024-10-01 07:40:00,-285.493025102909,-108.391568890922,-266.498950111607,-182.976578510402,-1138.663769863,-517.720667496668,15.1,18.3,15.89,16.32,15.6,16.06
2024-10-01 07:50:00,-286.6787501859,-106.781373418016,-267.852375553988,-183.99054355983,-1139.97545989881,-521.789700545817,15.1,19.35,15.8,16.25,15.54,16
2024-10-01 08:00:00,-286.744768007857,-105.243553263292,-268.469839049371,-184.37222740459,-1143.65623612214,-523.71559028535,15.1,20.22,15.8,16.2,15.5,16
2024-10-01 08:10:00,-288.00199917403,-104.784127719091,-268.902910224264,-185.052732559525,-1148.40613109769,-525.406573960283,15.1,20.7,15.75,16.12,15.5,15.9
2024-10-01 08:20:00,-289.131561996146,-103.3464355891,-269.336679990266,-185.650234630428,-1143.39292985748,-527.345813329735,15.1,21.71,15.7,16.1,15.5,15.98
2024-10-01 08:30:00,-289.264742664688,-101.273426086274,-270.206319805029,-186.121053643235,-1149.19969600519,-528.196479727727,15.1,23.18,15.77,16.1,15.5,16
2024-10-01 08:40:00,-290.332398847483,-100.114158764097,-271.391038218258,-186.550106983192,-1147.08474047815,-528.196479727727,15.1,24.44,15.8,16.1,15.58,16.08
2024-10-01 08:50:00,-291.269830071342,-99.1734684752805,-272.141956322972,-187.066276764219,-1154.23835698587,-530.39021393379,15.19,25.41,15.84,16.1,15.62,16.19
2024-10-01 09:00:00,-292.008506077475,-99.0821683869265,-272.64372233411,-187.713497862472,-1156.89915119737,-530.878946408893,15.22,26.2,15.93,16.1,15.71,16.35
2024-10-01 09:10:00,-292.41220954161,-100.252567172965,-273.272231024535,-188.059597575767,-1156.1002695312,-531.490495351306,15.32,26.8,16.03,16.12,15.83,16.56
2024-10-01 09:20:00,-292.883902375292,-101.764312383219,-273.902188577125,-188.232886656477,-1152.64481879579,-529.779931008255,15.43,27.33,16.15,16.2,15.96,16.8
2024-10-01 09:30:00,-293.42391167561,-101.975419939392,-274.596819307262,-188.449722572727,-1146.02872277739,-531.3681292306,15.55,28.09,16.3,16.29,16.14,17.1
2024-10-01 09:40:00,-293.491482807221,-102.564130463331,-274.344022725173,-188.276233870701,-1147.61311417611,-528.926714444086,15.69,28.38,16.46,16.39,16.33,17.44
2024-10-01 09:50:00,-293.491482807221,-103.632387218347,-274.660054841515,-188.406335415852,-1136.82993899739,-529.657958714202,15.84,28.08,16.64,16.52,16.53,17.79
2024-10-01 10:00:00,-293.42391167561,-104.71177040216,-274.407200044159,-188.449722572727,-1137.09173390356,-525.164670995782,16,27.66,16.83,16.65,16.75,18.16
2024-10-01 10:10:00,-293.829571946246,-105.292030872193,-274.217711720173,-188.406335415852,-1131.3461478142,-524.560400737048,16.16,27.42,17.03,16.82,16.98,18.53
2024-10-01 10:20:00,-293.559069499451,-105.340530810999,-273.902188577125,-188.016300238152,-1130.30461921948,-522.631404327004,16.32,27.49,17.22,16.98,17.21,18.9
2024-10-01 10:30:00,-293.694289580104,-105.413322610281,-274.407200044159,-188.016300238152,-1126.40741946911,-522.030048921059,16.46,27.7,17.42,17.16,17.45,19.25
2024-10-01 10:40:00,-294.168050548927,-105.413322610281,-273.83912752794,-187.540686936288,-1121.2320474845,-519.631538716305,16.64,28.14,17.63,17.36,17.69,19.58
2024-10-01 10:50:00,-293.626671755884,-105.46187841886,-274.091458870149,-187.540686936288,-1117.36612923445,-518.555807483093,16.82,28.48,17.81,17.55,17.91,19.9
2024-10-01 11:00:00,-294.439114146377,-105.46187841886,-274.470391911936,-187.497509068507,-1111.72021422386,-517.124962532154,17,28.83,17.99,17.75,18.13,20.2
2024-10-01 11:10:00,-295.11786640393,-105.973066723301,-273.587028484491,-187.195542211867,-1110.69675346017,-518.197725512804,17.19,28.9,18.18,17.94,18.35,20.48
2024-10-01 11:20:00,-293.964916626567,-106.192905236549,-274.028354244885,-187.066276764219,-1103.55886142587,-514.393535930822,17.42,29,18.36,18.13,18.58,20.74
2024-10-01 11:30:00,-294.506919063909,-106.241820138873,-274.723304937964,-186.937100579146,-1101.27429506206,-513.919980089716,17.64,29.21,18.55,18.32,18.8,21
2024-10-01 11:40:00,-293.761922975696,-106.462216174454,-273.902188577125,-186.851032682308,-1096.46684105053,-514.393535930822,17.88,29.42,18.73,18.5,19.05,21.25
2024-10-01 11:50:00,-293.694289580104,-106.978253254289,-274.091458870149,-186.335456821749,-1096.97189897612,-514.630477461992,18.12,29.57,18.95,18.69,19.28,21.5
2024-10-01 12:00:00,-292.479547693374,-107.670195703793,-274.028354244885,-186.249665928313,-1092.18322645383,-513.21046362809,18.38,29.54,19.15,18.91,19.5,21.71
2024-10-01 12:10:00,-292.41220954161,-109.04242530285,-274.028354244885,-185.949708737148,-1088.91881640868,-512.974175886905,18.64,29.34,19.35,19.11,19.72,21.92
2024-10-01 12:20:00,-291.538223079421,-109.950068036803,-274.028354244885,-186.03536146338,-1081.17377387796,-511.440955075502,18.91,29.16,19.57,19.31,19.94,22.13
2024-10-01 12:30:00,-291.269830071342,-110.9929776259,-273.902188577125,-185.564759220825,-1086.41437262852,-514.393535930822,19.17,28.93,19.77,19.51,20.16,22.34
2024-10-01 12:40:00,-291.336905150226,-111.916856284891,-274.091458870149,-185.650234630428,-1075.95845450142,-511.205482035514,19.39,28.74,19.97,19.7,20.38,22.55
2024-10-01 12:50:00,-290.666848862245,-112.459332759427,-273.398106519311,-185.26590507965,-1077.9422698203,-510.970117409903,19.61,28.6,20.19,19.89,20.57,22.72
2024-10-01 13:00:00,-291.001684148554,-112.952410206156,-273.83912752794,-185.393926444955,-1078.19050377835,-512.030112316148,19.81,28.6,20.39,20.09,20.75,22.88
2024-10-01 13:10:00,-290.399258049998,-113.892598707296,-273.272231024535,-184.83980532211,-1078.43879490097,-512.737996935195,20,28.47,20.57,20.3,20.93,23.04
2024-10-01 13:20:00,-290.332398847483,-114.497367725711,-273.965264148326,-184.83980532211,-1076.45406579098,-512.61994823974,20.19,28.32,20.75,20.48,21.08,23.17
2024-10-01 13:30:00,-290.934686248273,-114.602872277739,-273.272231024535,-184.83980532211,-1076.20623161652,-513.21046362809,20.38,28.35,20.92,20.66,21.24,23.32
2024-10-01 13:40:00,-290.466132649185,-114.602872277739,-273.587028484491,-184.882371160528,-1076.45406579098,-513.092306155682,20.55,28.51,21.08,20.84,21.39,23.44
2024-10-01 13:50:00,-290.198726618294,-114.444651878492,-273.902188577125,-184.83980532211,-1077.19791080192,-512.974175886905,20.72,28.77,21.24,21,21.54,23.54
2024-10-01 14:00:00,-290.399258049998,-114.787739228601,-274.028354244885,-185.095347431896,-1081.17377387796,-515.341957101032,20.9,28.94,21.39,21.15,21.67,23.65
2024-10-01 14:10:00,-290.533022648591,-115.370693295326,-274.344022725173,-185.010127498461,-1080.17843447319,-516.529943003681,21.1,29,21.55,21.32,21.84,23.74
2024-10-01 14:20:00,-289.931566764073,-115.929910995332,-274.091458870149,-185.26590507965,-1082.17003044651,-518.436419341469,21.31,29.07,21.68,21.46,22,23.85
2024-10-01 14:30:00,-289.731358290505,-116.51866562648,-274.913142634026,-185.22325093945,-1079.68110844333,-516.173259967766,21.51,29.03,21.84,21.61,22.19,23.95
2024-10-01 14:40:00,-289.597962786998,-117.164354028312,-275.673806130445,-185.436619889167,-1080.42718338647,-519.392294641538,21.68,28.93,21.98,21.75,22.42,24.07
2024-10-01 14:50:00,-289.597962786998,-117.922180854371,-275.356607561393,-185.26590507965,-1083.66613683033,-518.675223118018,21.85,28.83,22.15,21.89,22.65,24.17
2024-10-01 15:00:00,-289.264742664688,-118.521053306674,-276.309299885416,-184.967532246446,-1081.92088027406,-520.349932351721,21.99,28.74,22.32,22.04,22.9,24.28
2024-10-01 15:10:00,-289.731358290505,-118.985900689113,-275.800787846126,-185.095347431896,-1076.45406579098,-520.829413125831,22.13,28.62,22.48,22.2,23.15,24.39
2024-10-01 15:20:00,-289.731358290505,-119.645261278624,-275.991370098145,-185.137972117834,-1072.00177002204,-522.51107785256,22.25,28.45,22.64,22.36,23.4,24.49
2024-10-01 15:30:00,-289.664652859889,-120.308275716067,-276.309299885416,-185.052732559525,-1075.95845450142,-523.233452467639,22.38,28.26,22.77,22.54,23.65,24.61
2024-10-01 15:40:00,-290.131913584532,-121.309692659837,-276.627595913667,-184.627123085176,-1070.02888743567,-525.285608552978,22.51,28.04,22.93,22.68,23.9,24.73
2024-10-01 15:50:00,-290.867703773052,-121.897697510809,-276.1820840452,-184.712166597941,-1063.39717547897,-526.254112153352,22.61,27.8,23.06,22.85,24.13,24.84
2024-10-01 16:00:00,-290.800736719341,-122.657893641397,-276.627595913667,-184.414685566817,-1065.11255127609,-525.890714218871,22.7,27.57,23.19,23.01,24.32,24.94
2024-10-01 16:10:00,-291.001684148554,-123.280816598105,-276.500233526459,-184.117683632255,-1068.05963568817,-525.406573960283,22.79,27.36,23.32,23.17,24.47,25.02
2024-10-01 16:20:00,-290.800736719341,-123.707349626357,-275.864300636299,-184.287340403568,-1060.95142984409,-527.58872097872,22.85,27.18,23.43,23.34,24.62,25.1
2024-10-01 16:30:00,-291.471101650708,-124.106778462481,-276.054926776555,-183.905832290247,-1059.48668332007,-527.103017518102,22.9,27.03,23.52,23.49,24.72,25.2
2024-10-01 16:40:00,-291.80686340047,-124.536169194185,-276.436574324184,-183.609649869636,-1060.95142984409,-528.561470978843,23,26.85,23.6,23.64,24.8,25.26
2024-10-01 16:50:00,-291.941276374566,-124.967045553047,-276.118498091117,-183.567377052388,-1063.88700075359,-529.779931008255,23.05,26.71,23.7,23.77,24.86,25.3
2024-10-01 17:00:00,-292.344886893244,-125.3705417213,-275.610337198203,-183.313944454159,-1062.9075757253,-530.39021393379,23.1,26.56,23.75,23.9,24.9,25.4
2024-10-01 17:10:00,-293.153782683723,-125.659550667923,-276.1820840452,-183.271739717761,-1064.37705165303,-530.39021393379,23.19,26.41,23.8,24.03,24.9,25.4
2024-10-01 17:20:00,-293.559069499451,-126.15239570749,-276.245684642175,-183.187359393372,-1066.33951357831,-530.878946408893,23.21,26.25,23.88,24.13,24.9,25.4
2024-10-01 17:30:00,-293.153782683723,-126.822264174701,-276.627595913667,-183.187359393372,-1065.84855913982,-533.452190054335,23.3,26.04,23.9,24.22,24.9,25.4
2024-10-01 17:40:00,-293.897236495341,-127.525049987012,-276.818749501774,-183.271739717761,-1073.48381872648,-532.715707479231,23.3,25.77,23.95,24.3,24.9,25.4
2024-10-01 17:50:00,-293.694289580104,-128.320340230657,-276.755016966929,-183.018715275595,-1069.2899929006,-535.791108820524,23.37,25.49,24,24.37,24.9,25.4
2024-10-01 18:00:00,-294.710427517633,-129.269331357807,-277.137632393332,-183.356158909675,-1071.75496090855,-536.408316355632,23.4,25.19,24,24.4,24.8,25.4
2024-10-01 18:10:00,-294.710427517633,-130.105453981468,-277.329138423873,-183.145183800907,-1073.48381872648,-536.531843155935,23.4,24.91,24,24.45,24.8,25.4
2024-10-01 18:20:00,-295.389805217101,-130.796313164486,-277.776500616344,-183.609649869636,-1074.47298932187,-538.140282565691,23.34,24.63,24,24.5,24.73,25.39
2024-10-01 18:30:00,-296.275338126307,-131.490840805638,-278.032460083742,-183.736526739125,-1079.68110844333,-539.75354382781,23.3,24.32,24,24.5,24.68,25.3
2024-10-01 18:40:00,-296.548343501426,-132.189056384413,-278.096486794602,-183.821160022664,-1074.72042435659,-540.002166763744,23.28,24.04,24,24.5,24.6,25.26
2024-10-01 18:50:00,-297.437349529065,-132.738071127576,-278.096486794602,-184.117683632255,-1081.42275200299,-541.745736871956,23.2,23.78,24,24.5,24.52,25.2
2024-10-01 19:00:00,-297.574356034982,-132.982809033395,-278.609231564926,-184.712166597941,-1084.16529845621,-543.119633293547,23.13,23.55,23.98,24.5,24.45,25.13
2024-10-01 19:10:00,-299.016740077321,-133.750527168093,-278.28865540712,-184.924946801221,-1088.16687767878,-546.632567165648,23.07,23.34,23.9,24.5,24.36,25.07
2024-10-01 19:20:00,-299.292271540074,-134.398834463829,-278.994410453834,-185.137972117834,-1087.91634684019,-547.892685374099,23,23.09,23.9,24.44,24.27,25
2024-10-01 19:30:00,-300.673741897447,-135.050284194655,-279.830792507575,-185.47932316504,-1092.18322645383,-548.902871127836,22.9,22.83,23.8,24.4,24.17,24.91
2024-10-01 19:40:00,-301.366866456294,-135.236992000856,-279.830792507575,-185.821303583608,-1100.51382441702,-550.548396964397,22.82,22.64,23.76,24.37,24.07,24.82
2024-10-01 19:50:00,-302.339925996235,-135.517537805341,-281.122432759227,-186.163914533949,-1099.24754012536,-550.548396964397,22.74,22.48,23.7,24.3,23.95,24.72
2024-10-01 20:00:00,-303.176477290261,-135.736142396173,-280.798964836571,-186.206785294884,-1106.86716005967,-554.236983663721,22.65,22.36,23.61,24.24,23.83,24.61
2024-10-01 20:10:00,-304.155379738901,-136.17441004592,-281.316692343279,-186.851032682308,-1109.929776259,-555.64255856121,22.56,22.21,23.54,24.19,23.72,24.51
2024-10-01 20:20:00,-305.348297184214,-136.739976975601,-282.225013468452,-187.368035101573,-1105.33902240921,-559.751804663534,22.47,22.04,23.47,24.1,23.61,24.39
2024-10-01 20:30:00,-305.911287908452,-137.149902258998,-283.071080369927,-188.102904884111,-1112.74461806399,-558.850318058231,22.38,21.83,23.39,24.02,23.48,24.28
2024-10-01 20:40:00,-306.899020569893,-137.624420231455,-283.527704941939,-188.276233870701,-1118.39573554993,-561.688461467901,22.26,21.65,23.3,23.91,23.37,24.16
2024-10-01 20:50:00,-308.528652534825,-138.387066211604,-284.050463606123,-188.927641238017,-1119.94192418251,-565.581899880676,22.17,21.47,23.2,23.83,23.25,24.05
2024-10-01 21:00:00,-309.738722244272,-138.450810487284,-284.377677110794,-189.40677193083,-1128.48425086041,-567.277426863496,22.07,21.32,23.1,23.73,23.13,23.92
2024-10-01 21:10:00,-310.810371498482,-138.897843313226,-284.902002924529,-189.887117724936,-1128.22443767229,-570.946614949411,21.97,21.15,23.01,23.64,23,23.78
2024-10-01 21:20:00,-311.240068651309,-139.121900706067,-286.348888997371,-190.851466951084,-1134.21530269308,-573.317901330752,21.87,21.03,22.91,23.54,22.87,23.67
2024-10-01 21:30:00,-312.820713631055,-139.410505657846,-287.273458182653,-191.203352344228,-1140.50055889811,-575.169041968305,21.76,20.91,22.82,23.44,22.76,23.54
2024-10-01 21:40:00,-313.108964880078,-139.346319527956,-288.068321720408,-191.688254363206,-1151.05348063999,-578.75599470873,21.66,20.79,22.72,23.34,22.64,23.43
2024-10-01 21:50:00,-314.98908322793,-139.474721353348,-288.068321720408,-191.864887099901,-1137.61550459214,-582.23123779223,21.56,20.7,22.62,23.23,22.52,23.3
2024-10-01 22:00:00,-316.297312935879,-139.860637167303,-289.331356001976,-192.395762468255,-1157.1655677425,-582.097189528817,21.45,20.61,22.52,23.12,22.4,23.16
2024-10-01 22:10:00,-317.464744468137,-139.731880063947,-289.931566764073,-192.839280505923,-1159.566079173,-583.304735791929,21.35,20.6,22.42,23.01,22.26,23.04
2024-10-01 22:20:00,-318.269852190672,-139.796243791916,-290.399258049998,-193.417382817038,-1162.50680132057,-586.537120067959,21.23,20.51,22.3,22.89,22.14,22.92
2024-10-01 22:30:00,-319.591707765835,-140.02175040286,-290.867703773052,-193.907899736765,-1165.99181675294,-589.108789474834,21.13,20.46,22.19,22.79,22.03,22.8
2024-10-01 22:40:00,-320.254692881338,-140.053995314567,-291.739680122158,-195.207051825494,-1168.14163249916,-593.055724671254,21.04,20.38,22.09,22.68,21.92,22.67
2024-10-01 22:50:00,-321.288737823915,-140.215331290112,-292.546901352105,-195.566967896738,-1176.23880346765,-591.691734354841,20.94,20.27,21.99,22.57,21.81,22.56
2024-10-01 23:00:00,-321.510752893853,-140.570924936357,-293.626671755884,-195.927547568898,-1173.53352929024,-596.204847024644,20.84,20.14,21.9,22.46,21.7,22.44
2024-10-01 23:10:00,-322.77173925652,-140.862535853163,-294.710427517633,-196.469664005931,-1182.75693298022,-597.854499926553,20.74,20.02,21.8,22.35,21.6,22.33
2024-10-01 23:20:00,-323.963067449076,-141.089762509671,-295.049920826768,-197.467442953317,-1188.7636107723,-598.405397929239,20.65,19.95,21.7,22.23,21.5,22.19
2024-10-01 23:30:00,-325.458413026366,-140.992334808702,-296.07074904391,-197.649400971416,-1190.68121632312,-603.525330349777,20.55,19.9,21.62,22.13,21.39,22.08
2024-10-01 23:40:00,-326.734882372251,-141.219770845103,-296.002584082671,-198.378911256801,-1196.72813790109,-606.171484489441,20.45,19.82,21.52,22.03,21.28,21.98
2024-10-01 23:50:00,-328.167450017856,-141.480147018142,-298.05437597481,-198.744675493745,-1200.31574360301,-608.548929002568,20.35,19.73,21.43,21.92,21.18,21.87
2024-10-02,-329.227043833504,-141.545316038207,-298.810257955452,-199.202829287473,-1205.30095991149,-611.639468770554,20.26,19.68,21.33,21.82,21.08,21.77
2024-10-02 00:10:00,-330.59440741001,-141.806292440315,-299.292271540074,-199.524165209702,-1211.98013741792,-613.473069215118,20.17,19.6,21.23,21.72,20.98,21.68
2024-10-02 00:20:00,-331.509136678416,-141.806292440315,-300.258632585259,-199.846019481873,-1207.24524201281,-616.304732244058,20.08,19.51,21.13,21.63,20.89,21.58
2024-10-02 00:30:00,-332.962637020895,-142.133189705334,-300.466115554517,-200.306712135699,-1212.25923828911,-615.31216650997,20,19.45,21.04,21.53,20.79,21.48
2024-10-02 00:40:00,-334.268538427868,-141.90428259754,-301.366866456294,-200.860945383878,-1222.6312793798,-620.148221352399,19.92,19.4,20.95,21.44,20.7,21.38
2024-10-02 00:50:00,-334.268538427868,-142.264159515436,-301.853004129681,-201.231285910272,-1225.44973556026,-622.007329720033,19.86,19.4,20.87,21.34,20.6,21.27
2024-10-02 01:00:00,-335.039106990896,-142.133189705334,-302.967122715947,-201.648735249821,-1231.10615453632,-625.45418449215,19.8,19.4,20.79,21.23,20.51,21.17
2024-10-02 01:10:00,-335.888784245111,-142.198659531929,-304.225422166858,-202.160127323486,-1232.80816598105,-624.590684225411,19.72,19.35,20.7,21.14,20.43,21.08
2024-10-02 01:20:00,-337.128526544594,-142.133189705334,-304.43564624392,-202.71948882877,-1233.37602586669,-626.463110409039,19.69,19.3,20.61,21.04,20.35,20.99
2024-10-02 01:30:00,-338.061335217496,-142.296920820373,-305.137442887912,-203.23359639129,-1236.5039340219,-627.618161619377,19.6,19.3,20.53,20.95,20.27,20.9
2024-10-02 01:40:00,-338.60666507707,-142.329689669747,-305.84085734025,-203.842859252371,-1241.92538004775,-632.55093560776,19.59,19.3,20.47,20.86,20.18,20.8
2024-10-02 01:50:00,-339.54356364547,-142.329689669747,-305.700044846225,-204.359815742902,-1248.23254713487,-633.279606161207,19.5,19.2,20.4,20.78,20.1,20.72
2024-10-02 02:00:00,-339.699965245119,-142.526461296508,-306.757720885881,-204.783755140428,-1248.51999639298,-637.52247880441,19.49,19.2,20.31,20.7,20,20.64
2024-10-02 02:10:00,-340.639888890896,-142.592112273072,-307.111092141332,-205.397665137472,-1254.57174541912,-639.139270211704,19.4,19.2,20.25,20.6,19.96,20.57
2024-10-02 02:20:00,-341.975900985688,-142.526461296508,-308.315602085488,-206.108310074166,-1252.83968723856,-639.580924502911,19.4,19.2,20.18,20.52,19.9,20.5
2024-10-02 02:30:00,-342.054652913168,-142.592112273072,-309.453573674374,-206.203248317291,-1258.33275730209,-640.612638394477,19.33,19.2,20.1,20.44,19.8,20.4
2024-10-02 02:40:00,-342.212211178472,-142.395250008759,-309.453573674374,-206.916680450263,-1261.5239570749,-644.162594519145,19.3,19.2,20.03,20.37,19.77,20.33
2024-10-02 02:50:00,-343.712639103724,-142.460840546376,-310.810371498482,-207.059662808103,-1263.2680213092,-644.60771999862,19.28,19.2,20,20.3,19.7,20.28
2024-10-02 03:00:00,-344.504978567241,-142.460840546376,-311.025145868829,-207.584777286032,-1272.02457690399,-649.075927252967,19.2,19.2,19.91,20.2,19.63,20.2
2024-10-02 03:10:00,-345.219645648573,-142.493647144008,-312.10124595472,-208.111223482613,-1276.42559005241,-650.572201795919,19.2,19.2,19.89,20.12,19.6,20.11
2024-10-02 03:20:00,-345.696913823764,-142.690645442935,-312.388834244268,-208.494931823255,-1274.07649148762,-650.122957621092,19.17,19.17,19.8,20.05,19.51,20.05
2024-10-02 03:30:00,-346.813107132869,-142.920821039892,-313.108964880078,-208.735108714649,-1279.36805492621,-654.930932079624,19.1,19.1,19.79,20,19.5,20
2024-10-02 03:40:00,-347.612593913346,-142.855018722197,-312.532727749018,-209.553781568138,-1279.66267422538,-658.105472849376,19.1,19.1,19.7,19.92,19.4,19.93
2024-10-02 03:50:00,-348.413923701193,-143.250287558678,-313.758501705352,-209.650306874929,-1274.66336051617,-657.953955908938,19.1,19.07,19.7,19.88,19.4,19.9
2024-10-02 04:00:00,-348.734972609746,-143.316271946318,-314.771571612181,-210.278806040723,-1282.31730288208,-663.583383386925,19,19,19.6,19.8,19.32,19.81
2024-10-02 04:10:00,-348.975953416786,-143.547456747162,-315.424557474115,-210.085221265827,-1280.54693926386,-662.972481878035,19,19,19.6,19.75,19.3,19.8
2024-10-02 04:20:00,-349.860975265576,-143.745911944015,-315.933371738612,-210.812084439597,-1285.5693287567,-664.347801940455,19,18.91,19.53,19.7,19.23,19.71
2024-10-02 04:30:00,-350.66748810773,-144.11045933331,-316.880491080071,-210.715024237639,-1297.16583743747,-666.339413808524,18.9,18.86,19.5,19.62,19.2,19.7
2024-10-02 04:40:00,-351.880744717634,-144.376165258702,-317.391653924504,-211.638903328766,-1293.88447658617,-667.875484798041,18.9,18.78,19.46,19.6,19.17,19.6
2024-10-02 04:50:00,-351.799730509368,-144.742311004412,-317.976849777102,-211.785148809521,-1300.15611351929,-668.798826554229,18.87,18.69,19.4,19.51,19.1,19.6
2024-10-02 05:00:00,-352.773133273907,-145.20965795669,-318.196576285476,-211.931495347975,-1295.07673720133,-672.504976492899,18.8,18.58,19.4,19.5,19.1,19.52
2024-10-02 05:10:00,-353.749229368941,-145.611441898617,-319.00353997299,-212.420047900958,-1301.05453981468,-673.900071480293,18.8,18.47,19.3,19.4,19,19.5
2024-10-02 05:20:00,-354.238289743413,-145.94711093906,-319.00353997299,-213.007797816431,-1302.25340734425,-675.453571585768,18.74,18.4,19.3,19.4,19,19.43
2024-10-02 05:30:00,-354.728026246707,-146.081595118612,-319.959863203548,-213.204075623804,-1305.25541148593,-678.727588426391,18.7,18.35,19.24,19.31,18.94,19.4
2024-10-02 05:40:00,-355.545758800109,-146.553266378998,-320.402209582065,-213.597173990662,-1305.25541148593,-679.040226013793,18.7,18.26,19.2,19.3,18.9,19.35
2024-10-02 05:50:00,-356.283329707729,-146.924933370626,-320.107244098923,-213.843228438178,-1309.46984701808,-679.353007609282,18.61,18.2,19.18,19.21,18.85,19.3
2024-10-02 06:00:00,-357.269138245998,-146.992610384912,-320.254692881338,-214.286840941446,-1312.7907332098,-682.331627864271,18.6,18.11,19.1,19.2,18.8,19.26
2024-10-02 06:10:00,-357.845452389893,-146.891106549095,-320.402209582065,-214.336187991074,-1312.7907332098,-683.90456471458,18.58,18.16,19.1,19.12,18.77,19.2
2024-10-02 06:20:00,-358.422696191451,-146.823476268291,-321.214766874636,-214.780823126777,-1311.88420263866,-686.270771340011,18.5,18.2,19.01,19.1,18.7,19.18
2024-10-02 06:30:00,-360.242960008436,-147.094184361317,-320.845167507031,-214.929239718628,-1313.39543491133,-686.270771340011,18.5,18.13,19,19.02,18.69,19.1
2024-10-02 06:40:00,-360.160020550603,-146.958767981967,-322.103543399945,-215.623207670645,-1322.19497544015,-688.169629719117,18.48,18.15,18.94,19,18.6,19.08
2024-10-02 06:50:00,-361.905765961103,-146.755877125213,-322.846068753217,-215.573564307899,-1320.67361815161,-691.823806339828,18.4,18.2,18.9,18.93,18.6,19
2024-10-02 07:00:00,-361.822443672128,-146.384637784799,-323.217973070093,-216.07051269693,-1324.63279321635,-693.4186249214,18.4,18.25,18.87,18.9,18.53,19
2024-10-02 07:10:00,-362.740044913408,-146.115235521786,-324.037671290809,-216.668363167396,-1328.60383727504,-694.697126414431,18.4,18.37,18.8,18.83,18.5,18.9
2024-10-02 07:20:00,-362.907131347538,-145.410411156418,-324.560379448688,-217.317901379548,-1328.60383727504,-697.100673675262,18.4,18.51,18.8,18.8,18.5,18.9
2024-10-02 07:30:00,-364.414376886304,-144.475931234455,-324.934258575264,-217.017872903504,-1332.89366068485,-695.81774875993,18.38,18.8,18.71,18.72,18.41,18.82
2024-10-02 07:40:00,-365.759405177682,-141.219770845103,-325.009086067767,-217.818870880817,-1334.42909491906,-700.318344187876,18.3,19.67,18.7,18.7,18.4,18.8
2024-10-02 07:50:00,-365.927882398815,-138.865864584708,-326.208672152847,-218.773896756109,-1333.20060612925,-704.037030409804,18.3,20.78,18.7,18.67,18.4,18.8
2024-10-02 08:00:00,-366.771433287086,-138.674146767348,-326.283793123707,-219.17726456826,-1339.66281377759,-703.550866792759,18.3,21.08,18.7,18.6,18.4,18.71
2024-10-02 08:10:00,-368.209935021252,-138.132382459447,-328.091895368899,-219.935584840302,-1343.98834463829,-705.01036571388,18.4,21.35,18.62,18.6,18.4,18.7
2024-10-02 08:20:00,-368.80389786539,-137.276280177425,-328.999700379189,-220.594917677258,-1345.84641636975,-705.172719040629,18.4,21.81,18.61,18.57,18.4,18.7
2024-10-02 08:30:00,-369.909514859732,-136.739976975601,-329.227043833504,-221.307179086856,-1341.82383622531,-709.080434972024,18.4,22.16,18.7,18.5,18.4,18.7
2024-10-02 08:40:00,-369.654078654027,-134.615634463977,-331.509136678416,-222.021740260751,-1340.27989337944,-711.533746310712,18.49,23.05,18.7,18.5,18.4,18.8
2024-10-02 08:50:00,-370.165127575474,-133.688946954542,-330.214015546021,-222.431096335433,-1350.81384252163,-712.845647843647,18.52,23.85,18.7,18.5,18.42,18.81
2024-10-02 09:00:00,-371.702517416982,-133.627395093198,-331.738214188768,-223.097910329541,-1346.77641531176,-716.465862617021,18.6,24.25,18.79,18.5,18.5,18.9
2024-10-02 09:10:00,-371.360324356647,-133.842950677378,-332.656108282454,-223.45779162751,-1348.94891277577,-716.13599385496,18.69,24.54,18.84,18.52,18.55,18.99
2024-10-02 09:20:00,-371.189345979497,-134.182383622531,-333.039313328696,-223.972915037574,-1344.91705962641,-718.448268488566,18.79,24.75,18.92,18.6,18.63,19.1
2024-10-02 09:30:00,-372.559380213783,-133.935438052618,-334.422510229193,-224.489225929737,-1345.84641636975,-716.630853973114,18.88,25.2,19.02,18.6,18.73,19.24
2024-10-02 09:40:00,-372.902678154113,-133.904601828597,-334.653600921946,-225.317800154949,-1341.51490543738,-715.47671188653,19.01,25.58,19.13,18.68,18.84,19.39
2024-10-02 09:50:00,-373.848379467935,-134.429784502223,-334.884851301642,-225.681262377681,-1347.39677160261,-716.465862617021,19.14,25.73,19.24,18.74,18.96,19.56
2024-10-02 10:00:00,-374.192865167351,-134.553655945513,-336.740616326691,-225.681262377681,-1343.67891551125,-715.641475456026,19.26,25.86,19.35,18.83,19.08,19.75
2024-10-02 10:10:00,-373.590223330491,-134.52267738795,-336.973308863601,-226.514236327078,-1335.96629790525,-719.275888950339,19.39,26.16,19.47,18.93,19.23,19.95
2024-10-02 10:20:00,-374.882789146322,-134.027989337944,-337.67235168189,-226.618574010657,-1333.20060612925,-715.47671188653,19.54,26.6,19.6,19.03,19.36,20.17
2024-10-02 10:30:00,-375.573985183477,-133.812135746911,-339.230976440066,-226.305705052453,-1331.66658543117,-716.630853973114,19.66,27.11,19.74,19.15,19.52,20.39
2024-10-02 10:40:00,-375.833512128468,-134.275105550745,-338.762635119622,-226.72295975458,-1334.12186663722,-714.324428558815,19.81,27.36,19.86,19.26,19.68,20.61
2024-10-02 10:50:00,-375.833512128468,-135.081384252163,-339.465389851098,-226.827393580986,-1327.38071127576,-714.653462872103,19.95,27.4,20,19.4,19.85,20.82
2024-10-02 11:00:00,-376.873414516064,-135.923798405341,-339.934702734061,-226.827393580986,-1328.90979483738,-715.31198625088,20.12,27.39,20.14,19.54,20.04,21.05
2024-10-02 11:10:00,-375.833512128468,-136.645552962475,-339.621755442095,-226.87962853204,-1324.32782035665,-713.174000996418,20.3,27.3,20.29,19.68,20.23,21.3
2024-10-02 11:20:00,-376.006629715701,-137.434416348634,-340.953774350398,-226.87962853204,-1317.63615311862,-711.533746310712,20.46,27.3,20.44,19.85,20.4,21.52
2024-10-02 11:30:00,-376.179827044889,-138.418934680029,-341.110825525636,-226.409946681715,-1311.88420263866,-711.369928471919,20.62,27.2,20.56,19.99,20.56,21.74
2024-10-02 11:40:00,-376.960202818175,-139.089870392367,-341.818451520195,-225.993268040242,-1309.46984701808,-715.47671188653,20.76,27.2,20.7,20.17,20.73,21.95
2024-10-02 11:50:00,-376.613169480001,-139.957282849167,-341.739753973834,-226.462085501002,-1313.6978902064,-711.861495171367,20.91,27.2,20.83,20.34,20.86,22.15
2024-10-02 12:00:00,-378.264428254665,-140.50620453667,-343.08007981197,-226.618574010657,-1314.90840805638,-714.159968215662,21.04,27.2,20.95,20.49,21.01,22.35
2024-10-02 12:10:00,-378.003222672151,-141.349898977797,-343.001091798403,-226.045310904679,-1305.55599225555,-712.189395000709,21.16,27.2,21.06,20.65,21.14,22.54
2024-10-02 12:20:00,-378.787381034694,-141.90428259754,-343.633505454764,-226.149432590389,-1311.5821649125,-713.831161112741,21.29,27.2,21.17,20.79,21.26,22.7
2024-10-02 12:30:00,-379.485776224539,-142.756372046504,-343.159086015295,-225.993268040242,-1314.60567406135,-713.174000996418,21.42,27.13,21.28,20.94,21.38,22.85
2024-10-02 12:40:00,-380.623415836629,-143.283275954131,-344.267085133748,-226.201511417183,-1311.28019672509,-713.502505396226,21.53,27.1,21.39,21.06,21.51,22.98
2024-10-02 12:50:00,-381.500843428155,-144.11045933331,-344.663665509078,-225.941237157738,-1308.56560964172,-713.66681433554,21.64,27.1,21.5,21.2,21.62,23.12
2024-10-02 13:00:00,-381.500843428155,-144.708986692398,-345.85614979848,-226.097365753808,-1312.48848677129,-711.533746310712,21.75,27,21.6,21.33,21.7,23.25
2024-10-02 13:10:00,-381.588697357829,-145.309999887706,-347.132680955677,-226.305705052453,-1304.6544575407,-712.517445868279,21.86,26.94,21.7,21.45,21.8,23.37
2024-10-02 13:20:00,-382.732641201941,-146.081595118612,-347.9329044299,-226.25360223695,-1308.86695270039,-710.715034191015,21.98,26.9,21.78,21.56,21.89,23.47
2024-10-02 13:30:00,-381.940315437559,-146.65453676247,-348.253510099243,-226.72295975458,-1307.66199667473,-713.009805518506,22.09,26.86,21.86,21.67,21.97,23.57
2024-10-02 13:40:00,-382.644523899786,-146.823476268291,-348.09317035348,-226.775170656089,-1307.05993471121,-711.533746310712,22.19,26.9,21.94,21.77,22.04,23.66
2024-10-02 13:50:00,-383.438310527255,-147.807170208184,-349.458414709392,-227.350284725779,-1311.28019672509,-713.66681433554,22.3,26.89,22.01,21.87,22.1,23.73
2024-10-02 14:00:00,-383.350030757439,-148.934565393587,-350.02212930307,-227.08868865323,-1312.7907332098,-708.753966542068,22.4,26.7,22.1,21.96,22.18,23.8
2024-10-02 14:10:00,-385.030827270555,-150.105118757194,-350.829013643647,-227.455007512541,-1308.26433596187,-713.009805518506,22.5,26.43,22.18,22.04,22.2,23.89
2024-10-02 14:20:00,-385.030827270555,-151.180404300502,-351.718734953165,-227.821917284184,-1311.28019672509,-715.147298540342,22.57,26.18,22.23,22.11,22.3,23.93
2024-10-02 14:30:00,-386.007286224978,-152.053178299157,-351.475860153997,-227.769465388104,-1307.96313164486,-717.126056046621,22.6,25.96,22.3,22.2,22.32,24
2024-10-02 14:40:00,-385.56313463672,-152.825386369841,-351.880744717634,-227.769465388104,-1312.48848677129,-715.31198625088,22.69,25.75,22.39,22.27,22.4,24.07
2024-10-02 14:50:00,-386.986221532,-153.813871122344,-353.504952438257,-227.821917284184,-1312.18630991959,-716.630853973114,22.7,25.6,22.4,22.34,22.4,24.1
2024-10-02 15:00:00,-388.235730607485,-154.523843693353,-353.098199012386,-228.452282986245,-1310.67646890249,-716.960950679163,22.7,25.43,22.5,22.4,22.44,24.1
2024-10-02 15:10:00,-388.951546340421,-155.30859913581,-352.935628718571,-228.241967526455,-1317.0294989438,-716.300909247218,22.72,25.21,22.5,22.46,22.5,24.15
2024-10-02 15:20:00,-389.489274123586,-156.529249309496,-353.26084418983,-228.189418921367,-1322.80400895263,-716.960950679163,22.8,25.02,22.56,22.5,22.5,24.2
2024-10-02 15:30:00,-390.477039939808,-157.723171916888,-353.342194870691,-228.768119600972,-1321.89056384412,-720.76800904209,22.8,24.78,22.6,22.51,22.5,24.2
2024-10-02 15:40:00,-391.64762965905,-158.670248694189,-354.728026246707,-228.820801472158,-1325.85338712367,-722.429550901866,22.8,24.52,22.6,22.6,22.5,24.2
2024-10-02 15:50:00,-392.821728625062,-159.255889621193,-354.809714797618,-228.978919887968,-1325.85338712367,-721.930686568946,22.8,24.32,22.6,22.6,22.5,24.2
2024-10-02 16:00:00,-392.369736134512,-160.212169873964,-355.382061622852,-229.189914418642,-1328.90979483738,-722.928759957108,22.8,24.12,22.7,22.6,22.5,24.16
2024-10-02 16:10:00,-395.362525664227,-161.025813705566,-355.791445956904,-229.189914418642,-1326.7695705992,-725.095988468882,22.75,23.9,22.7,22.6,22.5,24.1
2024-10-02 16:20:00,-394.998550963332,-161.769075091039,-355.627635662578,-229.929927530587,-1335.65871571009,-724.762146301974,22.7,23.68,22.7,22.67,22.5,24.1
2024-10-02 16:30:00,-395.726835752638,-162.852902166066,-356.201301883507,-229.876990303088,-1333.81470908916,-727.604711206687,22.7,23.45,22.7,22.7,22.5,24.1
2024-10-02 16:40:00,-396.821781434848,-163.416348640848,-357.269138245998,-230.247806997522,-1341.2060457752,-729.449956016239,22.7,23.27,22.7,22.7,22.5,24.02
2024-10-02 16:50:00,-398.103047768544,-164.170644234235,-357.433704654288,-231.044429676354,-1334.12186663722,-731.636734064305,22.62,23.08,22.7,22.7,22.5,24
2024-10-02 17:00:00,-398.928902722517,-164.700721788642,-357.763064915039,-230.672330012096,-1356.73647983535,-733.154496424383,22.6,22.94,22.7,22.68,22.5,23.91
2024-10-02 17:10:00,-399.848528819447,-165.004391334199,-357.845452389893,-230.831727860359,-1351.12491471548,-735.013815788716,22.55,22.76,22.6,22.6,22.41,23.9
2024-10-02 17:20:00,-401.231944411148,-165.956972080934,-358.752967766681,-231.417129578014,-1345.2267738795,-734.675407345044,22.5,22.6,22.6,22.6,22.4,23.8
2024-10-02 17:30:00,-402.620146412105,-166.722994659298,-359.166235234735,-231.630370817291,-1346.77641531176,-737.556852712922,22.43,22.44,22.6,22.6,22.4,23.77
2024-10-02 17:40:00,-403.083946919543,-167.299831070294,-359.579978768536,-231.790430685325,-1352.99285279673,-739.257096854412,22.4,22.26,22.59,22.6,22.3,23.7
2024-10-02 17:50:00,-403.641212829,-167.492553037231,-360.325918565984,-232.378263725076,-1357.04891592386,-741.47327519255,22.3,22.13,22.5,22.57,22.29,23.63
2024-10-02 18:00:00,-406.064948126646,-168.226923394686,-360.325918565984,-232.806714802741,-1361.7441004592,-740.108688161264,22.24,21.97,22.5,22.5,22.2,23.57
2024-10-02 18:10:00,-407.376058987161,-168.5370944299,-361.739140566609,-232.860326701907,-1357.04891592386,-742.840378202631,22.2,21.84,22.45,22.5,22.2,23.5
2024-10-02 18:20:00,-407.469871591388,-169.237071811862,-361.905765961103,-233.235955843817,-1361.43058338895,-746.956829537185,22.1,21.72,22.4,22.45,22.11,23.4
2024-10-02 18:30:00,-409.633534174146,-169.783507951889,-362.990703423838,-233.827454813372,-1363.94074243424,-747.472987289472,22.06,21.56,22.36,22.4,22.1,23.34
2024-10-02 18:40:00,-410.294317808347,-170.331708436169,-362.406102795024,-233.935161134122,-1372.76280177425,-753.521246712982,22,21.41,22.3,22.37,22,23.26
2024-10-02 18:50:00,-411.619084544723,-170.803003157289,-362.740044913408,-234.204644038563,-1381.00579964514,-753.34776200792,21.91,21.24,22.23,22.3,21.99,23.17
2024-10-02 19:00:00,-411.145463251338,-171.236168789915,-364.162735276676,-234.636462533649,-1376.56113073934,-758.220465383751,21.86,21.07,22.2,22.25,21.9,23.09
2024-10-02 19:10:00,-413.423826599049,-171.51239143401,-364.162735276676,-234.79859965365,-1380.68784791533,-757.69688610021,21.8,20.95,22.12,22.2,21.86,23
2024-10-02 19:20:00,-414.854210673204,-171.551888168643,-365.675195657635,-235.448269298598,-1383.87066211604,-761.369547656141,21.7,20.88,22.1,22.14,21.8,22.91
2024-10-02 19:30:00,-415.906303337222,-171.789059655402,-365.170345523413,-235.936700926275,-1390.89870392367,-762.773334731426,21.65,20.8,22,22.1,21.73,22.83
2024-10-02 19:40:00,-417.441384772072,-172.145431822734,-366.602567685847,-236.15410676217,-1393.7840889805,-763.124685728751,21.58,20.71,21.97,22.01,21.7,22.75
2024-10-02 19:50:00,-418.018499923166,-171.868189659941,-367.024877544,-236.480591193224,-1389.61822864624,-767.35354259111,21.5,20.63,21.9,21.99,21.61,22.67
2024-10-02 20:00:00,-420.334950216351,-171.907768329576,-368.209935021252,-236.698498201331,-1396.03241495671,-769.476750754617,21.42,20.58,21.84,21.9,21.57,22.58
2024-10-02 20:10:00,-421.692136353263,-172.264386755124,-367.616928760985,-237.189523398031,-1398.92844977046,-773.918988515097,21.36,20.5,21.8,21.85,21.5,22.5
2024-10-02 20:20:00,-421.012996403526,-172.185074337086,-369.228743558034,-237.62684531137,-1402.47620780599,-776.954349794751,21.29,20.45,21.71,21.8,21.43,22.4
2024-10-02 20:30:00,-423.151127531874,-172.066174172854,-369.313771406933,-238.010163368436,-1411.87257534561,-778.386871594036,21.2,20.4,21.7,21.71,21.39,22.31
2024-10-02 20:40:00,-424.321954117674,-171.986953014069,-370.079903717139,-238.613769985892,-1416.75744147228,-781.439756205592,21.14,20.36,21.6,21.69,21.3,22.21
2024-10-02 20:50:00,-426.182391847419,-172.343735706292,-369.398818836473,-238.723680993844,-1422.64159515436,-783.060833706783,21.09,20.3,21.57,21.6,21.24,22.13
2024-10-02 21:00:00,-426.96817233369,-172.780808719802,-371.018446322671,-239.108768366671,-1419.69646984239,-788.670329245554,21,20.19,21.5,21.55,21.2,22.05
2024-10-02 21:10:00,-427.263213390168,-173.33868695048,-371.445843076675,-240.101847844229,-1417.41003263844,-786.494160466278,20.95,20.05,21.44,21.5,21.11,21.97
2024-10-02 21:20:00,-429.927774314568,-173.498411325626,-370.847625349927,-240.15713970326,-1423.62466065297,-793.588749731292,20.89,19.94,21.4,21.4,21.07,21.9
2024-10-02 21:30:00,-430.026780241029,-173.578328696984,-371.531381490384,-240.48915835072,-1423.95250008759,-792.310666084144,20.8,19.85,21.3,21.36,21,21.8
2024-10-02 21:40:00,-432.409774441883,-174.339382110883,-373.074445731594,-241.210107619333,-1430.1958135217,-795.051941467019,20.73,19.8,21.26,21.3,20.93,21.73
2024-10-02 21:50:00,-433.606218990735,-174.339382110883,-372.730989660313,-241.265654693989,-1439.44641506337,-799.27366252429,20.66,19.71,21.2,21.21,20.89,21.68
2024-10-02 22:00:00,-434.405687275034,-174.741275893003,-372.730989660313,-241.933218182249,-1442.10041702504,-795.051941467019,20.57,19.63,21.12,21.16,20.8,21.6
2024-10-02 22:10:00,-436.109455010914,-175.144096135972,-374.106713994928,-242.323482889133,-1444.42668251589,-800.010159890017,20.48,19.54,21.07,21.1,20.75,21.5
2024-10-02 22:20:00,-435.908665421969,-175.66915102359,-374.279036179099,-242.323482889133,-1454.4389699598,-804.999299475078,20.39,19.41,21,21.02,20.69,21.43
2024-10-02 22:30:00,-438.324254100471,-176.074110239642,-374.623918710724,-243.105901937218,-1447.08986692398,-805.741072776606,20.28,19.27,20.91,20.97,20.6,21.35
2024-10-02 22:40:00,-440.854727634583,-176.27693978606,-376.353104152763,-243.890847276026,-1452.0965795669,-806.669250667722,20.16,19.14,20.85,20.9,20.53,21.26
2024-10-02 22:50:00,-441.769269894031,-176.846106396668,-376.006629715701,-244.340524860637,-1461.15235521786,-810.765952313201,20.04,19.02,20.77,20.81,20.46,21.18
2024-10-02 23:00:00,-442.278168451078,-177.049825248336,-377.220687659192,-244.565674470011,-1458.1275056699,-811.886840974795,19.94,18.9,20.69,20.75,20.38,21.09
2024-10-02 23:10:00,-444.115062076772,-177.621487367429,-378.264428254665,-244.62199428145,-1462.83553776556,-807.41256275967,19.82,18.76,20.59,20.69,20.29,21
2024-10-02 23:20:00,-445.446450283126,-177.662390935346,-378.264428254665,-245.411834810417,-1471.61939336515,-819.210485517776,19.67,18.63,20.5,20.6,20.18,20.9
2024-10-02 23:30:00,-446.37051795796,-178.236030919135,-380.448172630295,-245.751118104536,-1470.94184361317,-818.079485853374,19.55,18.47,20.39,20.51,20.07,20.81
2024-10-02 23:40:00,-449.361129436603,-178.729196291906,-380.448172630295,-246.147541501017,-1473.65391576646,-819.021877047765,19.41,18.35,20.28,20.44,19.97,20.72
2024-10-02 23:50:00,-449.775196987691,-179.099965601522,-381.588697357829,-246.885453726387,-1479.43368354824,-821.85556919113,19.26,18.22,20.16,20.35,19.87,20.62
2024-10-03,-450.812035898282,-179.14120964083,-383.085313378243,-247.340652663729,-1485.23611996019,-828.696495864059,19.13,18.08,20.04,20.26,19.76,20.51
2024-10-03 00:10:00,-453.623455410792,-179.595521415033,-383.968416229726,-248.082141651669,-1494.8427258607,-824.699065481843,18.97,17.95,19.92,20.15,19.64,20.41
2024-10-03 00:20:00,-455.088124158286,-180.466045735798,-385.474365664395,-249.169856703708,-1501.74260638246,-829.460105144344,18.82,17.77,19.78,20.05,19.53,20.29
2024-10-03 00:30:00,-456.767822987112,-180.673934596635,-386.007286224978,-249.686753426034,-1503.12639960055,-832.138283000465,18.65,17.61,19.66,19.96,19.4,20.17
2024-10-03 00:40:00,-458.031664380635,-180.757157179571,-386.808048819953,-250.31997250595,-1504.85793438113,-837.135005002399,18.5,17.42,19.53,19.86,19.26,20.05
2024-10-03 00:50:00,-460.675910035896,-181.257298314569,-388.414560942704,-251.186041849512,-1513.89412091902,-835.786789619166,18.35,17.23,19.39,19.75,19.14,19.94
2024-10-03 01:00:00,-463.762365366302,-182.010105935733,-390.117562866002,-251.707121098196,-1527.90201075205,-843.52022956791,18.18,17.04,19.25,19.64,19.01,19.82
2024-10-03 01:10:00,-466.117600853132,-182.303708117264,-391.467310783441,-252.752524736152,-1528.60579767124,-843.131863578099,18.02,16.84,19.11,19.54,18.86,19.69
2024-10-03 01:20:00,-467.622610954535,-183.229544698245,-392.731288492113,-253.393518777542,-1537.43053524602,-847.608888734413,17.86,16.62,18.96,19.42,18.73,19.57
2024-10-03 01:30:00,-468.376937303632,-183.99054355983,-393.364806957825,-254.621752193844,-1540.97467865799,-854.074002564262,17.7,16.39,18.81,19.3,18.56,19.44
2024-10-03 01:40:00,-471.080906871247,-184.32977901759,-394.544053755556,-254.797699432157,-1548.44399595993,-850.93326665941,17.53,16.14,18.65,19.18,18.43,19.32
2024-10-03 01:50:00,-473.691402591021,-184.924946801221,-396.730420361733,-255.620395487311,-1562.05205463333,-857.423737091796,17.34,15.9,18.51,19.06,18.29,19.17
2024-10-03 02:00:00,-474.564778562884,-185.692987098576,-398.103047768544,-256.563872708822,-1571.79355059229,-858.213817327501,17.16,15.67,18.37,18.94,18.14,19.05
2024-10-03 02:10:00,-477.304470927933,-186.249665928313,-400.032708277463,-257.155313517604,-1578.68507245797,-869.551888110172,17,15.48,18.23,18.81,17.99,18.91
2024-10-03 02:20:00,-480.281106412613,-186.851032682308,-399.572418616938,-257.688775873141,-1581.96001570485,-867.152543795196,16.82,15.33,18.07,18.67,17.84,18.75
2024-10-03 02:30:00,-482.164800565862,-187.152443807447,-401.416761102304,-258.818611170404,-1588.53029765914,-871.355752055845,16.65,15.17,17.93,18.54,17.68,18.61
2024-10-03 02:40:00,-483.721624195916,-187.497509068507,-403.827139284778,-260.073140759535,-1607.66479813376,-875.780966653141,16.48,15.03,17.76,18.42,17.53,18.46
2024-10-03 02:50:00,-485.618812286666,-187.627072503787,-404.758056983147,-260.612656075721,-1613.97016542845,-876.587962310745,16.32,14.92,17.62,18.28,17.35,18.34
2024-10-03 03:00:00,-488.422320284827,-187.627072503787,-407.751439045797,-261.755311112792,-1614.71359732552,-878.001994442173,16.15,14.85,17.46,18.15,17.19,18.18
2024-10-03 03:10:00,-489.999348323317,-188.059597575767,-408.033201067306,-262.419136706227,-1619.18138551086,-879.620824425152,15.98,14.73,17.29,18.02,17.04,18.04
2024-10-03 03:20:00,-492.487829364212,-188.319591067138,-409.822220831396,-263.024075292532,-1624.78350884771,-882.257791490008,15.82,14.57,17.14,17.87,16.88,17.89
2024-10-03 03:30:00,-495.102936794603,-188.710255414183,-411.050804408285,-264.420731560276,-1642.84088475413,-886.330108427006,15.66,14.41,16.99,17.74,16.74,17.74
2024-10-03 03:40:00,-497.159225107105,-189.363164430566,-412.948128715199,-265.580083087453,-1653.08620775254,-889.191909319996,15.52,14.25,16.84,17.59,16.57,17.59
2024-10-03 03:50:00,-499.339017529118,-189.755993644815,-413.519031913567,-266.990311741311,-1660.71650699963,-897.21288606909,15.37,14.13,16.69,17.45,16.44,17.45
2024-10-03 04:00:00,-501.643861711852,-190.06209078929,-415.619104647311,-267.42099627705,-1664.16162243429,-896.593327376707,15.24,14.03,16.55,17.29,16.29,17.27
2024-10-03 04:10:00,-502.916057614119,-190.237225084031,-417.729842683368,-267.914057943871,-1667.9979111741,-899.902591411474,15.13,13.95,16.43,17.15,16.15,17.14
2024-10-03 04:20:00,-505.586538874188,-189.930845883795,-418.50003864921,-269.212674420927,-1672.61313295279,-906.349088739089,15.01,13.9,16.28,17.03,16.01,16.99
2024-10-03 04:30:00,-509.325596443205,-190.500229158143,-418.40368654754,-270.268544273012,-1696.27203553995,-912.421483486037,14.88,13.83,16.16,16.87,15.86,16.85
2024-10-03 04:40:00,-510.029742053271,-190.456369909032,-421.400942331594,-271.141192910347,-1704.49410060002,-914.103774943153,14.77,13.8,16.04,16.75,15.74,16.73
2024-10-03 04:50:00,-513.092306155682,-190.237225084031,-422.372371829919,-271.954032233584,-1691.59153202914,-917.900280213347,14.66,13.74,15.92,16.62,15.62,16.57
2024-10-03 05:00:00,-515.104687996813,-190.368681701894,-422.566926289714,-272.832123009129,-1711.17923880071,-924.262860994764,14.56,13.7,15.79,16.48,15.48,16.45
2024-10-03 05:10:00,-515.935608122565,-190.456369909032,-423.833716520666,-274.660054841515,-1716.30908926523,-927.460671066757,14.45,13.7,15.68,16.35,15.37,16.33
2024-10-03 05:20:00,-517.959141581403,-190.587977959075,-427.460020684432,-275.103111510627,-1726.61497178938,-925.540659795103,14.36,13.66,15.57,16.23,15.26,16.2
2024-10-03 05:30:00,-519.990611471832,-191.203352344228,-427.952435622605,-276.436574324184,-1730.59523036822,-930.88386433477,14.27,13.55,15.46,16.11,15.16,16.07
2024-10-03 05:40:00,-522.751758510833,-191.555886531599,-428.84021239549,-276.94625860479,-1735.78328696984,-931.312650920818,14.19,13.47,15.36,15.98,15.06,15.95
2024-10-03 05:50:00,-523.71559028535,-191.997468455278,-430.81964887885,-278.416841582711,-1738.18301749601,-937.984155784381,14.1,13.39,15.27,15.86,14.95,15.83
2024-10-03 06:00:00,-524.922879406065,-192.085906919175,-431.61397938069,-279.187199544323,-1745.40213327627,-940.579485715455,14.02,13.3,15.19,15.74,14.86,15.72
2024-10-03 06:10:00,-527.831740516573,-191.997468455278,-433.207036762732,-279.70195533343,-1753.86233871214,-946.445264152224,13.95,13.3,15.1,15.63,14.76,15.61
2024-10-03 06:20:00,-528.926714444086,-192.0416825963,-434.005769048522,-280.928307318605,-1754.67020817193,-947.753730254408,13.9,13.3,15,15.52,14.67,15.5
2024-10-03 06:30:00,-530.756721086325,-191.732397296854,-435.808305297309,-282.030126655057,-1769.6830956179,-953.225172249299,13.8,13.35,14.92,15.42,14.58,15.39
2024-10-03 06:40:00,-531.3681292306,-191.247383612205,-436.109455010914,-282.420034951396,-1774.98833158867,-951.251823802042,13.74,13.43,14.84,15.31,14.49,15.3
2024-10-03 06:50:00,-534.312706704974,-190.631867515548,-437.71910488296,-283.266686497087,-1767.64684504522,-959.611629300499,13.7,13.5,14.76,15.21,14.4,15.2
2024-10-03 07:00:00,-536.284817995152,-190.105859241826,-437.71910488296,-283.854316251872,-1775.80593216822,-957.845586439312,13.61,13.6,14.68,15.12,14.31,15.12
2024-10-03 07:10:00,-539.629275288913,-189.363164430566,-438.021574986152,-284.312204268913,-1780.30947183562,-962.931740778391,13.59,13.81,14.6,15.03,14.25,15.03
2024-10-03 07:20:00,-541.621009666466,-185.864095446373,-439.942078642958,-285.887720876565,-1805.90750330291,-963.597140254335,13.5,14.79,14.51,14.94,14.2,14.95
2024-09-02 10:15:00,-0.0979931012856695,-0.0979931012856695,-0.0979931012856695,-0.0979931012856695,-0.0979931012856695,-0.0979931012856695,24.96,31.94,25,24.07,24.6,24.1
2024-09-02 10:20:00,-0.0979931012856695,-0.0979931012856695,-0.0979931012856695,-0.0979931012856695,-0.0979931012856695,-0.0979931012856695,25.02,32.2,25.1,24.1,24.62,24.1
2024-09-02 10:30:00,-0.0979931012856695,-0.0979931012856695,-0.0979931012856695,-0.0979931012856695,-0.0979931012856695,-0.0979931012856695,25.1,32.46,25.17,24.19,24.72,24.2
2024-09-02 10:40:00,-0.0979931012856695,-0.0979931012856695,-0.0979931012856695,-0.0979931012856695,-0.0979931012856695,-0.0979931012856695,25.2,32.77,25.34,24.28,24.83,24.33
2024-09-02 10:50:00,-0.0979931012856695,-0.0979931012856695,-0.0979931012856695,-0.0979931012856695,-0.0979931012856695,-0.0979931012856695,25.32,33.04,25.48,24.38,24.94,24.46
2024-09-02 11:00:00,-0.0979931012856695,-0.0979931012856695,-0.0979931012856695,-0.0979931012856695,-0.0979931012856695,-0.0979931012856695,25.42,33.29,25.64,24.51,25.07,24.62
2024-09-02 11:10:00,-0.0979931012856695,-0.0979931012856695,-0.0979931012856695,-0.0979931012856695,-0.0979931012856695,-0.0979931012856695,25.53,33.46,25.79,24.64,25.24,24.8
2024-09-02 11:20:00,-0.0979931012856695,-0.0979931012856695,-0.0979931012856695,-0.0979931012856695,-0.0979931012856695,-0.0979931012856695,25.64,33.61,25.96,24.79,25.42,24.97
2024-09-02 11:30:00,-0.0979931012856695,-0.0979931012856695,-0.0979931012856695,-0.0979931012856695,-0.0979931012856695,-0.0979931012856695,25.75,33.75,26.14,24.95,25.61,25.15
2024-09-02 11:40:00,-0.0979931012856695,-0.0979931012856695,-0.0979931012856695,-0.0979931012856695,-0.0979931012856695,-0.0979931012856695,25.86,33.82,26.3,25.12,25.81,25.37
2024-09-02 11:50:00,-0.0979931012856695,-0.0979931012856695,-0.0979931012856695,-0.0979931012856695,-0.0979931012856695,-0.0979931012856695,25.99,33.9,26.47,25.29,26.02,25.58
2024-09-02 12:00:00,-0.0979931012856695,-0.0979931012856695,-0.0979931012856695,-0.0979931012856695,-0.0979931012856695,-0.0979931012856695,26.12,34,26.65,25.49,26.24,25.79
2024-09-02 12:10:00,-0.0979931012856695,-0.0979931012856695,-0.0979931012856695,-0.0979931012856695,-0.0979931012856695,-0.0979931012856695,26.24,34,26.8,25.67,26.48,26.01
2024-09-02 12:20:00,-0.0979931012856695,-0.0979931012856695,-0.0979931012856695,-0.0979931012856695,-0.0979931012856695,-0.0979931012856695,26.37,34.03,26.98,25.88,26.7,26.23
2024-09-02 12:30:00,-0.0979931012856695,-0.0979931012856695,-0.0979931012856695,-0.0979931012856695,-0.0979931012856695,-0.0979931012856695,26.53,34.09,27.15,26.07,26.92,26.45
2024-09-02 12:40:00,-0.0979931012856695,-0.0979931012856695,-0.0979931012856695,-0.0979931012856695,-0.0979931012856695,-0.0979931012856695,26.66,34.01,27.32,26.27,27.14,26.67
2024-09-02 12:50:00,-0.0979931012856695,-0.0979931012856695,-0.0979931012856695,-0.0979931012856695,-0.0979931012856695,-0.0979931012856695,26.79,34,27.5,26.49,27.36,26.88
2024-09-02 13:00:00,-0.0979931012856695,-0.0979931012856695,-0.0979931012856695,-0.0979931012856695,-0.0979931012856695,-0.0979931012856695,26.95,34,27.65,26.69,27.57,27.09
2024-09-02 13:10:00,-0.0979931012856695,-0.0979931012856695,-0.0979931012856695,-0.0979931012856695,-0.0979931012856695,-0.0979931012856695,27.1,34,27.82,26.9,27.75,27.29
2024-09-02 13:20:00,-0.0979931012856695,-0.0979931012856695,-0.0979931012856695,-0.0979931012856695,-0.0979931012856695,-0.0979931012856695,27.25,34,27.98,27.11,27.96,27.51
2024-09-02 13:30:00,-0.0979931012856695,-0.0979931012856695,-0.0979931012856695,-0.0979931012856695,-0.0979931012856695,-0.0979931012856695,27.43,33.94,28.15,27.31,28.15,27.7
2024-09-02 13:40:00,-0.0979931012856695,-0.0979931012856695,-0.0979931012856695,-0.0979931012856695,-0.0979931012856695,-0.0979931012856695,27.6,33.9,28.31,27.53,28.34,27.89
2024-09-02 13:50:00,-0.0979931012856695,-0.0979931012856695,-0.0979931012856695,-0.0979931012856695,-0.0979931012856695,-0.0979931012856695,27.76,33.9,28.46,27.73,28.53,28.06
2024-09-02 14:00:00,-0.0979931012856695,-0.0979931012856695,-0.0979931012856695,-0.0979931012856695,-0.0979931012856695,-0.0979931012856695,27.95,33.9,28.62,27.94,28.73,28.25
2024-09-02 14:10:00,-0.0979931012856695,-0.0979931012856695,-0.0979931012856695,-0.0979931012856695,-0.0979931012856695,-0.0979931012856695,28.14,33.99,28.78,28.15,28.95,28.42
2024-09-02 14:20:00,-0.0979931012856695,-0.0979931012856695,-0.0979931012856695,-0.0979931012856695,-0.0979931012856695,-0.0979931012856695,28.33,33.92,28.94,28.35,29.18,28.56
2024-09-02 14:30:00,-0.0979931012856695,-0.0979931012856695,-0.0979931012856695,-0.0979931012856695,-0.0979931012856695,-0.0979931012856695,28.51,33.82,29.1,28.55,29.4,28.73
2024-09-02 14:40:00,-0.0979931012856695,-0.0979931012856695,-0.0979931012856695,-0.0979931012856695,-0.0979931012856695,-0.0979931012856695,28.69,33.71,29.26,28.74,29.64,28.87
2024-09-02 14:50:00,-0.0979931012856695,-0.0979931012856695,-0.0979931012856695,-0.0979931012856695,-0.0979931012856695,-0.0979931012856695,28.86,33.53,29.41,28.94,29.89,29.03
2024-09-02 15:00:00,-0.0979931012856695,-0.0979931012856695,-0.0979931012856695,-0.0979931012856695,-0.0979931012856695,-0.0979931012856695,29.03,33.42,29.56,29.14,30.11,29.17
2024-09-02 15:10:00,-0.0979931012856695,-0.0979931012856695,-0.0979931012856695,-0.0979931012856695,-0.0979931012856695,-0.0979931012856695,29.17,33.36,29.7,29.33,30.32,29.31
2024-09-02 15:20:00,-0.0979931012856695,-0.0979931012856695,-0.0979931012856695,-0.0979931012856695,-0.0979931012856695,-0.0979931012856695,29.28,33.28,29.85,29.52,30.51,29.44
2024-09-02 15:30:00,-0.0979931012856695,-0.0979931012856695,-0.0979931012856695,-0.0979931012856695,-0.0979931012856695,-0.0979931012856695,29.39,33.16,29.98,29.7,30.67,29.57
2024-09-02 15:40:00,-0.0979931012856695,-0.0979931012856695,-0.0979931012856695,-0.0979931012856695,-0.0979931012856695,-0.0979931012856695,29.5,33.05,30.11,29.88,30.84,29.69
2024-09-02 15:50:00,-0.0979931012856695,-0.0979931012856695,-0.0979931012856695,-0.0979931012856695,-0.0979931012856695,-0.0979931012856695,29.6,32.92,30.24,30.05,30.96,29.82
2024-09-02 16:00:00,-0.0979931012856695,-0.0979931012856695,-0.0979931012856695,-0.0979931012856695,-0.0979931012856695,-0.0979931012856695,29.68,32.79,30.34,30.21,31.05,29.93
2024-09-02 16:10:00,-0.0979931012856695,-0.0979931012856695,-0.0979931012856695,-0.0979931012856695,-0.0979931012856695,-0.0979931012856695,29.73,32.64,30.45,30.35,31.14,30.03
2024-09-02 16:20:00,-0.0979931012856695,-0.0979931012856695,-0.0979931012856695,-0.0979931012856695,-0.0979931012856695,-0.0979931012856695,29.8,32.48,30.56,30.49,31.2,30.13
2024-09-02 16:30:00,-0.0979931012856695,-0.0979931012856695,-0.0979931012856695,-0.0979931012856695,-0.0979931012856695,-0.0979931012856695,29.86,32.35,30.64,30.63,31.27,30.22
2024-09-02 16:40:00,-0.0979931012856695,-0.0979931012856695,-0.0979931012856695,-0.0979931012856695,-0.0979931012856695,-0.0979931012856695,29.9,32.17,30.72,30.74,31.3,30.3
2024-09-02 16:50:00,-0.0979931012856695,-0.0979931012856695,-0.0979931012856695,-0.0979931012856695,-0.0979931012856695,-0.0979931012856695,29.9,31.97,30.8,30.85,31.3,30.38
2024-09-02 17:00:00,-0.0979931012856695,-0.0979931012856695,-0.0979931012856695,-0.0979931012856695,-0.0979931012856695,-0.0979931012856695,29.9,31.77,30.89,30.95,31.3,30.44
2024-09-02 17:10:00,-0.0979931012856695,-0.0979931012856695,-0.0979931012856695,-0.0979931012856695,-0.0979931012856695,-0.0979931012856695,29.9,31.57,30.92,31.01,31.3,30.5
2024-09-02 17:20:00,-0.0979931012856695,-0.0979931012856695,-0.0979931012856695,-0.0979931012856695,-0.0979931012856695,-0.0979931012856695,29.9,31.35,31,31.1,31.3,30.59
2024-09-02 17:30:00,-0.0979931012856695,-0.0979931012856695,-0.0979931012856695,-0.0979931012856695,-0.0979931012856695,-0.0979931012856695,29.9,31.14,31,31.19,31.3,30.6
2024-09-02 17:40:00,-0.0979931012856695,-0.0979931012856695,-0.0979931012856695,-0.0979931012856695,-0.0979931012856695,-0.0979931012856695,29.9,30.95,31.05,31.2,31.3,30.62
2024-09-02 17:50:00,-0.0979931012856695,-0.0979931012856695,-0.0979931012856695,-0.0979931012856695,-0.0979931012856695,-0.0979931012856695,29.86,30.75,31.1,31.28,31.29,30.7
2024-09-02 18:00:00,-0.0979931012856695,-0.0979931012856695,-0.0979931012856695,-0.0979931012856695,-0.0979931012856695,-0.0979931012856695,29.8,30.58,31.1,31.3,31.2,30.7
2024-09-02 18:10:00,-0.0979931012856695,-0.0979931012856695,-0.0979931012856695,-0.0979931012856695,-0.0979931012856695,-0.0979931012856695,29.78,30.4,31.1,31.3,31.2,30.7
2024-09-02 18:20:00,-0.0979931012856695,-0.0979931012856695,-0.0979931012856695,-0.0979931012856695,-0.0979931012856695,-0.0979931012856695,29.7,30.24,31.1,31.3,31.13,30.7
2024-09-02 18:30:00,-0.0979931012856695,-0.0979931012856695,-0.0979931012856695,-0.0979931012856695,-0.0979931012856695,-0.0979931012856695,29.69,30.05,31.1,31.3,31.08,30.7
2024-09-02 18:40:00,-0.0979931012856695,-0.0979931012856695,-0.0979931012856695,-0.0979931012856695,-0.0979931012856695,-0.0979931012856695,29.6,29.89,31.1,31.3,31,30.7
2024-09-02 18:50:00,-0.0979931012856695,-0.0979931012856695,-0.0979931012856695,-0.0979931012856695,-0.0979931012856695,-0.0979931012856695,29.58,29.72,31.06,31.3,30.96,30.7
2024-09-02 19:00:00,-0.0979931012856695,-0.0979931012856695,-0.0979931012856695,-0.0979931012856695,-0.0979931012856695,-0.0979931012856695,29.5,29.56,31,31.3,30.9,30.65
2024-09-02 19:10:00,-0.0979931012856695,-0.0979931012856695,-0.0979931012856695,-0.0979931012856695,-0.0979931012856695,-0.0979931012856695,29.44,29.43,31,31.3,30.81,30.6
2024-09-02 19:20:00,-0.0979931012856695,-0.0979931012856695,-0.0979931012856695,-0.0979931012856695,-0.0979931012856695,-0.0979931012856695,29.39,29.26,30.99,31.21,30.73,30.6
2024-09-02 19:30:00,-0.0979931012856695,-0.0979931012856695,-0.0979931012856695,-0.0979931012856695,-0.0979931012856695,-0.0979931012856695,29.3,29.09,30.9,31.2,30.67,30.57
2024-09-02 19:40:00,-0.0979931012856695,-0.0979931012856695,-0.0979931012856695,-0.0979931012856695,-0.0979931012856695,-0.0979931012856695,29.25,28.93,30.9,31.18,30.6,30.5
2024-09-02 19:50:00,-0.0979931012856695,-0.0979931012856695,-0.0979931012856695,-0.0979931012856695,-0.0979931012856695,-0.0979931012856695,29.18,28.76,30.8,31.1,30.5,30.46
2024-09-02 20:00:00,-0.0979931012856695,-0.0979931012856695,-0.0979931012856695,-0.0979931012856695,-0.0979931012856695,-0.0979931012856695,29.09,28.62,30.77,31.05,30.41,30.4
2024-09-02 20:10:00,-0.0979931012856695,-0.0979931012856695,-0.0979931012856695,-0.0979931012856695,-0.0979931012856695,-0.0979931012856695,29,28.48,30.7,31,30.34,30.35
2024-09-02 20:20:00,-0.0979931012856695,-0.0979931012856695,-0.0979931012856695,-0.0979931012856695,-0.0979931012856695,-0.0979931012856695,28.92,28.4,30.63,30.94,30.27,30.3
2024-09-02 20:30:00,-0.0979931012856695,-0.0979931012856695,-0.0979931012856695,-0.0979931012856695,-0.0979931012856695,-0.0979931012856695,28.84,28.29,30.59,30.9,30.18,30.23
2024-09-02 20:40:00,-0.0979931012856695,-0.0979931012856695,-0.0979931012856695,-0.0979931012856695,-0.0979931012856695,-0.0979931012856695,28.76,28.17,30.5,30.8,30.09,30.19
2024-09-02 20:50:00,-0.0979931012856695,-0.0979931012856695,-0.0979931012856695,-0.0979931012856695,-0.0979931012856695,-0.0979931012856695,28.67,28.02,30.41,30.72,30,30.1
2024-09-02 21:00:00,-0.0979931012856695,-0.0979931012856695,-0.0979931012856695,-0.0979931012856695,-0.0979931012856695,-0.0979931012856695,28.59,27.84,30.34,30.67,29.91,30.02
2024-09-02 21:10:00,-0.0979931012856695,-0.0979931012856695,-0.0979931012856695,-0.0979931012856695,-0.0979931012856695,-0.0979931012856695,28.5,27.66,30.27,30.6,29.83,29.96
2024-09-02 21:20:00,-0.0979931012856695,-0.0979931012856695,-0.0979931012856695,-0.0979931012856695,-0.0979931012856695,-0.0979931012856695,28.41,27.52,30.19,30.5,29.72,29.9
2024-09-02 21:30:00,-0.0979931012856695,-0.0979931012856695,-0.0979931012856695,-0.0979931012856695,-0.0979931012856695,-0.0979931012856695,28.34,27.35,30.1,30.41,29.64,29.8
2024-09-02 21:40:00,-0.0979931012856695,-0.0979931012856695,-0.0979931012856695,-0.0979931012856695,-0.0979931012856695,-0.0979931012856695,28.23,27.19,30,30.33,29.55,29.71
2024-09-02 21:50:00,-0.0979931012856695,-0.0979931012856695,-0.0979931012856695,-0.0979931012856695,-0.0979931012856695,-0.0979931012856695,28.13,27.02,29.91,30.25,29.44,29.63
2024-09-02 22:00:00,-0.0979931012856695,-0.0979931012856695,-0.0979931012856695,-0.0979931012856695,-0.0979931012856695,-0.0979931012856695,28.03,26.85,29.83,30.17,29.34,29.56
2024-09-02 22:10:00,-0.0979931012856695,-0.0979931012856695,-0.0979931012856695,-0.0979931012856695,-0.0979931012856695,-0.0979931012856695,27.93,26.67,29.71,30.07,29.24,29.46
2024-09-02 22:20:00,-0.0979931012856695,-0.0979931012856695,-0.0979931012856695,-0.0979931012856695,-0.0979931012856695,-0.0979931012856695,27.82,26.5,29.62,29.98,29.14,29.38
2024-09-02 22:30:00,-0.0979931012856695,-0.0979931012856695,-0.0979931012856695,-0.0979931012856695,-0.0979931012856695,-0.0979931012856695,27.71,26.34,29.52,29.88,29.02,29.29
2024-09-02 22:40:00,-0.0979931012856695,-0.0979931012856695,-0.0979931012856695,-0.0979931012856695,-0.0979931012856695,-0.0979931012856695,27.58,26.17,29.41,29.77,28.91,29.2
2024-09-02 22:50:00,-0.0979931012856695,-0.0979931012856695,-0.0979931012856695,-0.0979931012856695,-0.0979931012856695,-0.0979931012856695,27.47,25.99,29.31,29.67,28.81,29.08
2024-09-02 23:00:00,-0.0979931012856695,-0.0979931012856695,-0.0979931012856695,-0.0979931012856695,-0.0979931012856695,-0.0979931012856695,27.33,25.79,29.19,29.57,28.68,28.99
2024-09-02 23:10:00,-0.0979931012856695,-0.0979931012856695,-0.0979931012856695,-0.0979931012856695,-0.0979931012856695,-0.0979931012856695,27.19,25.61,29.07,29.46,28.57,28.89
2024-09-02 23:20:00,-0.0979931012856695,-0.0979931012856695,-0.0979931012856695,-0.0979931012856695,-0.0979931012856695,-0.0979931012856695,27.05,25.46,28.96,29.35,28.46,28.79
2024-09-02 23:30:00,-0.0979931012856695,-0.0979931012856695,-0.0979931012856695,-0.0979931012856695,-0.0979931012856695,-0.0979931012856695,26.88,25.29,28.84,29.25,28.36,28.68
2024-09-02 23:40:00,-0.0979931012856695,-0.0979931012856695,-0.0979931012856695,-0.0979931012856695,-0.0979931012856695,-0.0979931012856695,26.74,25.14,28.73,29.14,28.23,28.58
2024-09-02 23:50:00,-0.0979931012856695,-0.0979931012856695,-0.0979931012856695,-0.0979931012856695,-0.0979931012856695,-0.0979931012856695,26.59,24.99,28.58,29.01,28.12,28.47
2024-09-03,-0.0979931012856695,-0.0979931012856695,-0.0979931012856695,-0.0979931012856695,-0.0979931012856695,-0.0979931012856695,26.44,24.85,28.46,28.89,27.99,28.38
2024-09-03 00:10:00,-0.0979931012856695,-0.0979931012856695,-0.0979931012856695,-0.0979931012856695,-0.0979931012856695,-0.0979931012856695,26.27,24.71,28.35,28.78,27.86,28.26
2024-09-03 00:20:00,-0.0979931012856695,-0.0979931012856695,-0.0979931012856695,-0.0979931012856695,-0.0979931012856695,-0.0979931012856695,26.15,24.55,28.22,28.65,27.74,28.15
2024-09-03 00:30:00,-0.0979931012856695,-0.0979931012856695,-0.0979931012856695,-0.0979931012856695,-0.0979931012856695,-0.0979931012856695,26.02,24.43,28.08,28.53,27.63,28.04
2024-09-03 00:40:00,-0.0979931012856695,-0.0979931012856695,-0.0979931012856695,-0.0979931012856695,-0.0979931012856695,-0.0979931012856695,25.87,24.31,27.96,28.42,27.5,27.93
2024-09-03 00:50:00,-0.0979931012856695,-0.0979931012856695,-0.0979931012856695,-0.0979931012856695,-0.0979931012856695,-0.0979931012856695,25.75,24.2,27.82,28.29,27.36,27.79
2024-09-03 01:00:00,-0.0979931012856695,-0.0979931012856695,-0.0979931012856695,-0.0979931012856695,-0.0979931012856695,-0.0979931012856695,25.63,24.1,27.68,28.16,27.24,27.67
2024-09-03 01:10:00,-0.0979931012856695,-0.0979931012856695,-0.0979931012856695,-0.0979931012856695,-0.0979931012856695,-0.0979931012856695,25.52,23.99,27.56,28.04,27.13,27.56
2024-09-03 01:20:00,-0.0979931012856695,-0.0979931012856695,-0.0979931012856695,-0.0979931012856695,-0.0979931012856695,-0.0979931012856695,25.4,23.9,27.43,27.91,27,27.45
2024-09-03 01:30:00,-0.0979931012856695,-0.0979931012856695,-0.0979931012856695,-0.0979931012856695,-0.0979931012856695,-0.0979931012856695,25.27,23.81,27.28,27.77,26.87,27.31
2024-09-03 01:40:00,-0.0979931012856695,-0.0979931012856695,-0.0979931012856695,-0.0979931012856695,-0.0979931012856695,-0.0979931012856695,25.16,23.72,27.16,27.65,26.75,27.19
2024-09-03 01:50:00,-0.0979931012856695,-0.0979931012856695,-0.0979931012856695,-0.0979931012856695,-0.0979931012856695,-0.0979931012856695,25.05,23.62,27.04,27.53,26.64,27.07
2024-09-03 02:00:00,-0.0979931012856695,-0.0979931012856695,-0.0979931012856695,-0.0979931012856695,-0.0979931012856695,-0.0979931012856695,24.96,23.52,26.91,27.39,26.53,26.96
2024-09-03 02:10:00,-0.0979931012856695,-0.0979931012856695,-0.0979931012856695,-0.0979931012856695,-0.0979931012856695,-0.0979931012856695,24.85,23.43,26.77,27.26,26.39,26.84
2024-09-03 02:20:00,-0.0979931012856695,-0.0979931012856695,-0.0979931012856695,-0.0979931012856695,-0.0979931012856695,-0.0979931012856695,24.75,23.34,26.66,27.14,26.27,26.72
2024-09-03 02:30:00,-0.0979931012856695,-0.0979931012856695,-0.0979931012856695,-0.0979931012856695,-0.0979931012856695,-0.0979931012856695,24.64,23.28,26.54,27.02,26.16,26.61
2024-09-03 02:40:00,-0.0979931012856695,-0.0979931012856695,-0.0979931012856695,-0.0979931012856695,-0.0979931012856695,-0.0979931012856695,24.54,23.2,26.42,26.88,26.05,26.49
2024-09-03 02:50:00,-0.0979931012856695,-0.0979931012856695,-0.0979931012856695,-0.0979931012856695,-0.0979931012856695,-0.0979931012856695,24.45,23.15,26.29,26.76,25.95,26.37
2024-09-03 03:00:00,-0.0979931012856695,-0.0979931012856695,-0.0979931012856695,-0.0979931012856695,-0.0979931012856695,-0.0979931012856695,24.36,23.1,26.17,26.64,25.83,26.26
2024-09-03 03:10:00,-0.0979931012856695,-0.0979931012856695,-0.0979931012856695,-0.0979931012856695,-0.0979931012856695,-0.0979931012856695,24.27,23.05,26.06,26.53,25.72,26.15
2024-09-03 03:20:00,-0.0979931012856695,-0.0979931012856695,-0.0979931012856695,-0.0979931012856695,-0.0979931012856695,-0.0979931012856695,24.19,23,25.95,26.4,25.61,26.05
2024-09-03 03:30:00,-0.0979931012856695,-0.0979931012856695,-0.0979931012856695,-0.0979931012856695,-0.0979931012856695,-0.0979931012856695,24.1,22.93,25.83,26.27,25.51,25.94
2024-09-03 03:40:00,-0.0979931012856695,-0.0979931012856695,-0.0979931012856695,-0.0979931012856695,-0.0979931012856695,-0.0979931012856695,24.01,22.9,25.72,26.16,25.41,25.83
2024-09-03 03:50:00,-0.0979931012856695,-0.0979931012856695,-0.0979931012856695,-0.0979931012856695,-0.0979931012856695,-0.0979931012856695,23.91,22.82,25.62,26.05,25.3,25.72
2024-09-03 04:00:00,-0.0979931012856695,-0.0979931012856695,-0.0979931012856695,-0.0979931012856695,-0.0979931012856695,-0.0979931012856695,23.84,22.8,25.52,25.94,25.2,25.62
2024-09-03 04:10:00,-0.0979931012856695,-0.0979931012856695,-0.0979931012856695,-0.0979931012856695,-0.0979931012856695,-0.0979931012856695,23.77,22.76,25.41,25.82,25.1,25.53
2024-09-03 04:20:00,-0.0979931012856695,-0.0979931012856695,-0.0979931012856695,-0.0979931012856695,-0.0979931012856695,-0.0979931012856695,23.7,22.7,25.31,25.72,25,25.43
2024-09-03 04:30:00,-0.0979931012856695,-0.0979931012856695,-0.0979931012856695,-0.0979931012856695,-0.0979931012856695,-0.0979931012856695,23.62,22.68,25.2,25.61,24.92,25.34
2024-09-03 04:40:00,-0.0979931012856695,-0.0979931012856695,-0.0979931012856695,-0.0979931012856695,-0.0979931012856695,-0.0979931012856695,23.57,22.6,25.11,25.51,24.83,25.22
2024-09-03 04:50:00,-0.0979931012856695,-0.0979931012856695,-0.0979931012856695,-0.0979931012856695,-0.0979931012856695,-0.0979931012856695,23.5,22.6,25.01,25.41,24.75,25.13
2024-09-03 05:00:00,-0.0979931012856695,-0.0979931012856695,-0.0979931012856695,-0.0979931012856695,-0.0979931012856695,-0.0979931012856695,23.44,22.55,24.94,25.3,24.66,25.05
2024-09-03 05:10:00,-0.0979931012856695,-0.0979931012856695,-0.0979931012856695,-0.0979931012856695,-0.0979931012856695,-0.0979931012856695,23.4,22.5,24.86,25.19,24.57,24.98
2024-09-03 05:20:00,-0.0979931012856695,-0.0979931012856695,-0.0979931012856695,-0.0979931012856695,-0.0979931012856695,-0.0979931012856695,23.31,22.48,24.78,25.1,24.5,24.89
2024-09-03 05:30:00,-0.0979931012856695,-0.0979931012856695,-0.0979931012856695,-0.0979931012856695,-0.0979931012856695,-0.0979931012856695,23.29,22.4,24.69,25,24.4,24.8
2024-09-03 05:40:00,-0.0979931012856695,-0.0979931012856695,-0.0979931012856695,-0.0979931012856695,-0.0979931012856695,-0.0979931012856695,23.2,22.4,24.6,24.92,24.33,24.72
2024-09-03 05:50:00,-0.0979931012856695,-0.0979931012856695,-0.0979931012856695,-0.0979931012856695,-0.0979931012856695,-0.0979931012856695,23.14,22.37,24.51,24.83,24.26,24.63
2024-09-03 06:00:00,-0.0979931012856695,-0.0979931012856695,-0.0979931012856695,-0.0979931012856695,-0.0979931012856695,-0.0979931012856695,23.1,22.3,24.44,24.74,24.2,24.56
2024-09-03 06:10:00,-0.0979931012856695,-0.0979931012856695,-0.0979931012856695,-0.0979931012856695,-0.0979931012856695,-0.0979931012856695,23.03,22.27,24.38,24.65,24.1,24.49
2024-09-03 06:20:00,-0.0979931012856695,-0.0979931012856695,-0.0979931012856695,-0.0979931012856695,-0.0979931012856695,-0.0979931012856695,23,22.2,24.3,24.57,24.04,24.4
2024-09-03 06:30:00,-0.0979931012856695,-0.0979931012856695,-0.0979931012856695,-0.0979931012856695,-0.0979931012856695,-0.0979931012856695,22.93,22.2,24.22,24.49,23.96,24.33
2024-09-03 06:40:00,-0.0979931012856695,-0.0979931012856695,-0.0979931012856695,-0.0979931012856695,-0.0979931012856695,-0.0979931012856695,22.9,22.2,24.16,24.4,23.9,24.27
2024-09-03 06:50:00,-0.0979931012856695,-0.0979931012856695,-0.0979931012856695,-0.0979931012856695,-0.0979931012856695,-0.0979931012856695,22.84,22.11,24.1,24.32,23.8,24.2
2024-09-03 07:00:00,-0.0979931012856695,-0.0979931012856695,-0.0979931012856695,-0.0979931012856695,-0.0979931012856695,-0.0979931012856695,22.8,22.1,24,24.25,23.75,24.11
2024-09-03 07:10:00,-0.0979931012856695,-0.0979931012856695,-0.0979931012856695,-0.0979931012856695,-0.0979931012856695,-0.0979931012856695,22.78,22.1,23.93,24.18,23.7,24.06
2024-09-03 07:20:00,-0.0979931012856695,-0.0979931012856695,-0.0979931012856695,-0.0979931012856695,-0.0979931012856695,-0.0979931012856695,22.7,22.1,23.89,24.1,23.62,23.99
2024-09-03 07:30:00,-0.0979931012856695,-0.0979931012856695,-0.0979931012856695,-0.0979931012856695,-0.0979931012856695,-0.0979931012856695,22.7,22.05,23.8,24.02,23.58,23.9
2024-09-03 07:40:00,-0.0979931012856695,-0.0979931012856695,-0.0979931012856695,-0.0979931012856695,-0.0979931012856695,-0.0979931012856695,22.62,22,23.74,23.94,23.5,23.84
2024-09-03 07:50:00,-0.0979931012856695,-0.0979931012856695,-0.0979931012856695,-0.0979931012856695,-0.0979931012856695,-0.0979931012856695,22.6,22,23.7,23.88,23.45,23.8
2024-09-03 08:00:00,-0.0979931012856695,-0.0979931012856695,-0.0979931012856695,-0.0979931012856695,-0.0979931012856695,-0.0979931012856695,22.57,22,23.62,23.8,23.4,23.7
2024-09-03 08:10:00,-0.0979931012856695,-0.0979931012856695,-0.0979931012856695,-0.0979931012856695,-0.0979931012856695,-0.0979931012856695,22.5,22,23.58,23.72,23.32,23.68
2024-09-03 08:20:00,-0.0979931012856695,-0.0979931012856695,-0.0979931012856695,-0.0979931012856695,-0.0979931012856695,-0.0979931012856695,22.5,22,23.5,23.68,23.29,23.6
2024-09-03 08:30:00,-0.0979931012856695,-0.0979931012856695,-0.0979931012856695,-0.0979931012856695,-0.0979931012856695,-0.0979931012856695,22.43,22,23.47,23.6,23.2,23.55
2024-09-03 08:40:00,-0.0979931012856695,-0.0979931012856695,-0.0979931012856695,-0.0979931012856695,-0.0979931012856695,-0.0979931012856695,22.4,22,23.4,23.54,23.15,23.5
2024-09-03 08:50:00,-0.0979931012856695,-0.0979931012856695,-0.0979931012856695,-0.0979931012856695,-0.0979931012856695,-0.0979931012856695,22.4,22,23.36,23.5,23.1,23.44
2024-09-03 09:00:00,-0.0979931012856695,-0.0979931012856695,-0.0979931012856695,-0.0979931012856695,-0.0979931012856695,-0.0979931012856695,22.3,22,23.3,23.41,23.03,23.4
2024-09-03 09:10:00,-0.0979931012856695,-0.0979931012856695,-0.0979931012856695,-0.0979931012856695,-0.0979931012856695,-0.0979931012856695,22.3,22,23.26,23.38,23,23.34
2024-09-03 09:20:00,-0.0979931012856695,-0.0979931012856695,-0.0979931012856695,-0.0979931012856695,-0.0979931012856695,-0.0979931012856695,22.27,22,23.2,23.3,22.93,23.3
2024-09-03 09:30:00,-0.0979931012856695,-0.0979931012856695,-0.0979931012856695,-0.0979931012856695,-0.0979931012856695,-0.0979931012856695,22.2,22,23.14,23.25,22.9,23.24
2024-09-03 09:40:00,-0.0979931012856695,-0.0979931012856695,-0.0979931012856695,-0.0979931012856695,-0.0979931012856695,-0.0979931012856695,22.2,22,23.1,23.2,22.85,23.2
2024-09-03 09:50:00,-0.0979931012856695,-0.0979931012856695,-0.0979931012856695,-0.0979931012856695,-0.0979931012856695,-0.0979931012856695,22.2,21.91,23.07,23.11,22.8,23.13
2024-09-03 10:00:00,-0.0979931012856695,-0.0979931012856695,-0.0979931012856695,-0.0979931012856695,-0.0979931012856695,-0.0979931012856695,22.14,21.9,23,23.1,22.79,23.1
2024-09-03 10:10:00,-0.0979931012856695,-0.0979931012856695,-0.0979931012856695,-0.0979931012856695,-0.0979931012856695,-0.0979931012856695,22.1,21.9,23,23.01,22.7,23.06
2024-09-03 10:20:00,-0.0979931012856695,-0.0979931012856695,-0.0979931012856695,-0.0979931012856695,-0.0979931012856695,-0.0979931012856695,22.1,21.9,22.91,23,22.7,23
2024-09-03 10:30:00,-0.0979931012856695,-0.0979931012856695,-0.0979931012856695,-0.0979931012856695,-0.0979931012856695,-0.0979931012856695,22.1,21.9,22.9,22.92,22.64,23
2024-09-03 10:40:00,-0.0979931012856695,-0.0979931012856695,-0.0979931012856695,-0.0979931012856695,-0.0979931012856695,-0.0979931012856695,22.1,21.94,22.88,22.9,22.6,22.92
2024-09-03 10:50:00,-0.0979931012856695,-0.0979931012856695,-0.0979931012856695,-0.0979931012856695,-0.0979931012856695,-0.0979931012856695,22.03,22,22.8,22.84,22.6,22.9
2024-09-03 11:00:00,-0.0979931012856695,-0.0979931012856695,-0.0979931012856695,-0.0979931012856695,-0.0979931012856695,-0.0979931012856695,22,22,22.8,22.8,22.52,22.9
2024-09-03 11:10:00,-0.0979931012856695,-0.0979931012856695,-0.0979931012856695,-0.0979931012856695,-0.0979931012856695,-0.0979931012856695,22,22,22.78,22.78,22.5,22.8
2024-09-03 11:20:00,-0.0979931012856695,-0.0979931012856695,-0.0979931012856695,-0.0979931012856695,-0.0979931012856695,-0.0979931012856695,22,22,22.7,22.7,22.5,22.8
2024-09-03 11:30:00,-0.0979931012856695,-0.0979931012856695,-0.0979931012856695,-0.0979931012856695,-0.0979931012856695,-0.0979931012856695,22,22,22.7,22.7,22.43,22.8
2024-09-03 11:40:00,-0.0979931012856695,-0.0979931012856695,-0.0979931012856695,-0.0979931012856695,-0.0979931012856695,-0.0979931012856695,22,22,22.7,22.64,22.4,22.7
2024-09-03 11:50:00,-0.0979931012856695,-0.0979931012856695,-0.0979931012856695,-0.0979931012856695,-0.0979931012856695,-0.0979931012856695,22,22.07,22.63,22.6,22.4,22.7
2024-09-03 12:00:00,-0.0979931012856695,-0.0979931012856695,-0.0979931012856695,-0.0979931012856695,-0.0979931012856695,-0.0979931012856695,22,22.1,22.6,22.6,22.39,22.7
2024-09-03 12:10:00,-0.0979931012856695,-0.0979931012856695,-0.0979931012856695,-0.0979931012856695,-0.0979931012856695,-0.0979931012856695,22,22.21,22.6,22.53,22.3,22.65
2024-09-03 12:20:00,-0.0979931012856695,-0.0979931012856695,-0.0979931012856695,-0.0979931012856695,-0.0979931012856695,-0.0979931012856695,21.92,22.34,22.6,22.5,22.3,22.6
2024-09-03 12:30:00,-0.0979931012856695,-0.0979931012856695,-0.0979931012856695,-0.0979931012856695,-0.0979931012856695,-0.0979931012856695,21.9,22.46,22.56,22.5,22.3,22.6
2024-09-03 12:40:00,-0.0979931012856695,-0.0979931012856695,-0.0979931012856695,-0.0979931012856695,-0.0979931012856695,-0.0979931012856695,21.9,22.6,22.5,22.46,22.24,22.6
2024-09-03 12:50:00,-0.0979931012856695,-0.0979931012856695,-0.0979931012856695,-0.0979931012856695,-0.0979931012856695,-0.0979931012856695,21.9,22.82,22.5,22.4,22.2,22.6
2024-09-03 13:00:00,-0.0979931012856695,-0.0979931012856695,-0.0979931012856695,-0.0979931012856695,-0.0979931012856695,-0.0979931012856695,21.98,23.15,22.5,22.4,22.2,22.5
2024-09-03 13:10:00,-0.0979931012856695,-0.0979931012856695,-0.0979931012856695,-0.0979931012856695,-0.0979931012856695,-0.0979931012856695,22,23.47,22.5,22.4,22.2,22.5
2024-09-03 13:20:00,-0.0979931012856695,-0.0979931012856695,-0.0979931012856695,-0.0979931012856695,-0.0979931012856695,-0.0979931012856695,22,23.6,22.5,22.4,22.2,22.5
2024-09-03 13:30:00,-0.0979931012856695,-0.0979931012856695,-0.0979931012856695,-0.0979931012856695,-0.0979931012856695,-0.0979931012856695,22,23.6,22.5,22.3,22.2,22.5
2024-09-03 13:40:00,-0.0979931012856695,-0.0979931012856695,-0.0979931012856695,-0.0979931012856695,-0.0979931012856695,-0.0979931012856695,22.1,23.65,22.5,22.3,22.2,22.5
2024-09-03 13:50:00,-0.0979931012856695,-0.0979931012856695,-0.0979931012856695,-0.0979931012856695,-0.0979931012856695,-0.0979931012856695,22.1,23.73,22.5,22.3,22.2,22.5
2024-09-03 14:00:00,-0.0979931012856695,-0.0979931012856695,-0.0979931012856695,-0.0979931012856695,-0.0979931012856695,-0.0979931012856695,22.18,23.94,22.5,22.3,22.2,22.5
2024-09-03 14:10:00,-0.0979931012856695,-0.0979931012856695,-0.0979931012856695,-0.0979931012856695,-0.0979931012856695,-0.0979931012856695,22.2,24.25,22.5,22.3,22.28,22.5
2024-09-03 14:20:00,-0.0979931012856695,-0.0979931012856695,-0.0979931012856695,-0.0979931012856695,-0.0979931012856695,-0.0979931012856695,22.27,24.5,22.53,22.3,22.3,22.52
2024-09-03 14:30:00,-0.0979931012856695,-0.0979931012856695,-0.0979931012856695,-0.0979931012856695,-0.0979931012856695,-0.0979931012856695,22.34,24.6,22.6,22.3,22.32,22.6
2024-09-03 14:40:00,-0.0979931012856695,-0.0979931012856695,-0.0979931012856695,-0.0979931012856695,-0.0979931012856695,-0.0979931012856695,22.4,24.65,22.6,22.37,22.4,22.6
2024-09-03 14:50:00,-0.0979931012856695,-0.0979931012856695,-0.0979931012856695,-0.0979931012856695,-0.0979931012856695,-0.0979931012856695,22.5,24.7,22.61,22.4,22.41,22.6
2024-09-03 15:00:00,-0.0979931012856695,-0.0979931012856695,-0.0979931012856695,-0.0979931012856695,-0.0979931012856695,-0.0979931012856695,22.56,24.75,22.7,22.4,22.5,22.67
2024-09-03 15:10:00,-0.0979931012856695,-0.0979931012856695,-0.0979931012856695,-0.0979931012856695,-0.0979931012856695,-0.0979931012856695,22.61,24.8,22.7,22.42,22.53,22.7
2024-09-03 15:20:00,-0.0979931012856695,-0.0979931012856695,-0.0979931012856695,-0.0979931012856695,-0.0979931012856695,-0.0979931012856695,22.7,24.8,22.79,22.5,22.6,22.73
2024-09-03 15:30:00,-0.0979931012856695,-0.0979931012856695,-0.0979931012856695,-0.0979931012856695,-0.0979931012856695,-0.0979931012856695,22.77,24.8,22.8,22.5,22.65,22.8
2024-09-03 15:40:00,-0.0979931012856695,-0.0979931012856695,-0.0979931012856695,-0.0979931012856695,-0.0979931012856695,-0.0979931012856695,22.81,24.8,22.89,22.59,22.7,22.83
2024-09-03 15:50:00,-0.0979931012856695,-0.0979931012856695,-0.0979931012856695,-0.0979931012856695,-0.0979931012856695,-0.0979931012856695,22.9,24.8,22.91,22.6,22.77,22.9
2024-09-03 16:00:00,-0.0979931012856695,-0.0979931012856695,-0.0979931012856695,-0.0979931012856695,-0.0979931012856695,-0.0979931012856695,22.93,24.8,23,22.69,22.8,22.94
2024-09-03 16:10:00,-0.0979931012856695,-0.0979931012856695,-0.0979931012856695,-0.0979931012856695,-0.0979931012856695,-0.0979931012856695,23,24.78,23.02,22.7,22.87,23
2024-09-03 16:20:00,-0.0979931012856695,-0.0979931012856695,-0.0979931012856695,-0.0979931012856695,-0.0979931012856695,-0.0979931012856695,23.06,24.65,23.1,22.8,22.9,23.06
2024-09-03 16:30:00,-0.0979931012856695,-0.0979931012856695,-0.0979931012856695,-0.0979931012856695,-0.0979931012856695,-0.0979931012856695,23.1,24.53,23.14,22.82,22.97,23.1
2024-09-03 16:40:00,-0.0979931012856695,-0.0979931012856695,-0.0979931012856695,-0.0979931012856695,-0.0979931012856695,-0.0979931012856695,23.15,24.38,23.2,22.9,23,23.18
2024-09-03 16:50:00,-0.0979931012856695,-0.0979931012856695,-0.0979931012856695,-0.0979931012856695,-0.0979931012856695,-0.0979931012856695,23.2,24.28,23.26,22.95,23.04,23.22
2024-09-03 17:00:00,-0.0979931012856695,-0.0979931012856695,-0.0979931012856695,-0.0979931012856695,-0.0979931012856695,-0.0979931012856695,23.2,24.2,23.3,23,23.1,23.3
2024-09-03 17:10:00,-0.0979931012856695,-0.0979931012856695,-0.0979931012856695,-0.0979931012856695,-0.0979931012856695,-0.0979931012856695,23.29,24.2,23.35,23.07,23.1,23.33
2024-09-03 17:20:00,-0.0979931012856695,-0.0979931012856695,-0.0979931012856695,-0.0979931012856695,-0.0979931012856695,-0.0979931012856695,23.3,24.11,23.4,23.1,23.16,23.4
2024-09-03 17:30:00,-0.0979931012856695,-0.0979931012856695,-0.0979931012856695,-0.0979931012856695,-0.0979931012856695,-0.0979931012856695,23.3,24.1,23.4,23.17,23.2,23.41
2024-09-03 17:40:00,-0.0979931012856695,-0.0979931012856695,-0.0979931012856695,-0.0979931012856695,-0.0979931012856695,-0.0979931012856695,23.3,24.01,23.49,23.2,23.2,23.5
2024-09-03 17:50:00,-0.0979931012856695,-0.0979931012856695,-0.0979931012856695,-0.0979931012856695,-0.0979931012856695,-0.0979931012856695,23.33,23.92,23.5,23.29,23.2,23.5
2024-09-03 18:00:00,-0.0979931012856695,-0.0979931012856695,-0.0979931012856695,-0.0979931012856695,-0.0979931012856695,-0.0979931012856695,23.4,23.81,23.5,23.3,23.29,23.53
2024-09-03 18:10:00,-0.0979931012856695,-0.0979931012856695,-0.0979931012856695,-0.0979931012856695,-0.0979931012856695,-0.0979931012856695,23.4,23.67,23.54,23.34,23.3,23.6
2024-09-03 18:20:00,-0.0979931012856695,-0.0979931012856695,-0.0979931012856695,-0.0979931012856695,-0.0979931012856695,-0.0979931012856695,23.4,23.54,23.6,23.4,23.3,23.6
2024-09-03 18:30:00,-0.0979931012856695,-0.0979931012856695,-0.0979931012856695,-0.0979931012856695,-0.0979931012856695,-0.0979931012856695,23.4,23.42,23.6,23.4,23.3,23.6
2024-09-03 18:40:00,-0.0979931012856695,-0.0979931012856695,-0.0979931012856695,-0.0979931012856695,-0.0979931012856695,-0.0979931012856695,23.4,23.27,23.6,23.41,23.3,23.66
2024-09-03 18:50:00,-0.0979931012856695,-0.0979931012856695,-0.0979931012856695,-0.0979931012856695,-0.0979931012856695,-0.0979931012856695,23.33,23.14,23.6,23.5,23.3,23.7
2024-09-03 19:00:00,-0.0979931012856695,-0.0979931012856695,-0.0979931012856695,-0.0979931012856695,-0.0979931012856695,-0.0979931012856695,23.3,23.02,23.6,23.5,23.3,23.7
2024-09-03 19:10:00,-0.0979931012856695,-0.0979931012856695,-0.0979931012856695,-0.0979931012856695,-0.0979931012856695,-0.0979931012856695,23.3,22.9,23.6,23.5,23.3,23.7
2024-09-03 19:20:00,-0.0979931012856695,-0.0979931012856695,-0.0979931012856695,-0.0979931012856695,-0.0979931012856695,-0.0979931012856695,23.3,22.79,23.6,23.5,23.3,23.7
2024-09-03 19:30:00,-0.0979931012856695,-0.0979931012856695,-0.0979931012856695,-0.0979931012856695,-0.0979931012856695,-0.0979931012856695,23.22,22.68,23.6,23.5,23.3,23.7
2024-09-03 19:40:00,-0.0979931012856695,-0.0979931012856695,-0.0979931012856695,-0.0979931012856695,-0.0979931012856695,-0.0979931012856695,23.2,22.58,23.6,23.5,23.3,23.7
2024-09-03 19:50:00,-0.0979931012856695,-0.0979931012856695,-0.0979931012856695,-0.0979931012856695,-0.0979931012856695,-0.0979931012856695,23.16,22.48,23.6,23.5,23.23,23.7
2024-09-03 20:00:00,-0.0979931012856695,-0.0979931012856695,-0.0979931012856695,-0.0979931012856695,-0.0979931012856695,-0.0979931012856695,23.1,22.4,23.6,23.5,23.2,23.7
2024-09-03 20:10:00,-0.0979931012856695,-0.0979931012856695,-0.0979931012856695,-0.0979931012856695,-0.0979931012856695,-0.0979931012856695,23.09,22.3,23.6,23.5,23.2,23.7
2024-09-03 20:20:00,-0.0979931012856695,-0.0979931012856695,-0.0979931012856695,-0.0979931012856695,-0.0979931012856695,-0.0979931012856695,23,22.22,23.6,23.5,23.19,23.7
2024-09-03 20:30:00,-0.0979931012856695,-0.0979931012856695,-0.0979931012856695,-0.0979931012856695,-0.0979931012856695,-0.0979931012856695,23,22.16,23.58,23.5,23.1,23.62
2024-09-03 20:40:00,-0.0979931012856695,-0.0979931012856695,-0.0979931012856695,-0.0979931012856695,-0.0979931012856695,-0.0979931012856695,22.91,22.1,23.5,23.5,23.1,23.6
2024-09-03 20:50:00,-0.0979931012856695,-0.0979931012856695,-0.0979931012856695,-0.0979931012856695,-0.0979931012856695,-0.0979931012856695,22.9,22.02,23.5,23.48,23.1,23.6
2024-09-03 21:00:00,-0.0979931012856695,-0.0979931012856695,-0.0979931012856695,-0.0979931012856695,-0.0979931012856695,-0.0979931012856695,22.82,21.98,23.5,23.4,23,23.6
2024-09-03 21:10:00,-0.0979931012856695,-0.0979931012856695,-0.0979931012856695,-0.0979931012856695,-0.0979931012856695,-0.0979931012856695,22.8,21.9,23.44,23.4,23,23.51
2024-09-03 21:20:00,-0.0979931012856695,-0.0979931012856695,-0.0979931012856695,-0.0979931012856695,-0.0979931012856695,-0.0979931012856695,22.73,21.85,23.4,23.4,22.98,23.5
2024-09-03 21:30:00,-0.0979931012856695,-0.0979931012856695,-0.0979931012856695,-0.0979931012856695,-0.0979931012856695,-0.0979931012856695,22.7,21.8,23.4,23.35,22.9,23.5
2024-09-03 21:40:00,-0.0979931012856695,-0.0979931012856695,-0.0979931012856695,-0.0979931012856695,-0.0979931012856695,-0.0979931012856695,22.63,21.71,23.34,23.3,22.9,23.42
2024-09-03 21:50:00,-0.0979931012856695,-0.0979931012856695,-0.0979931012856695,-0.0979931012856695,-0.0979931012856695,-0.0979931012856695,22.6,21.68,23.3,23.3,22.84,23.4
2024-09-03 22:00:00,-0.0979931012856695,-0.0979931012856695,-0.0979931012856695,-0.0979931012856695,-0.0979931012856695,-0.0979931012856695,22.54,21.6,23.3,23.23,22.8,23.39
2024-09-03 22:10:00,-0.0979931012856695,-0.0979931012856695,-0.0979931012856695,-0.0979931012856695,-0.0979931012856695,-0.0979931012856695,22.5,21.53,23.2,23.2,22.79,23.3
2024-09-03 22:20:00,-0.0979931012856695,-0.0979931012856695,-0.0979931012856695,-0.0979931012856695,-0.0979931012856695,-0.0979931012856695,22.44,21.5,23.2,23.15,22.7,23.3
2024-09-03 22:30:00,-0.0979931012856695,-0.0979931012856695,-0.0979931012856695,-0.0979931012856695,-0.0979931012856695,-0.0979931012856695,22.4,21.43,23.11,23.1,22.7,23.23
2024-09-03 22:40:00,-0.0979931012856695,-0.0979931012856695,-0.0979931012856695,-0.0979931012856695,-0.0979931012856695,-0.0979931012856695,22.33,21.4,23.1,23.09,22.62,23.2
2024-09-03 22:50:00,-0.0979931012856695,-0.0979931012856695,-0.0979931012856695,-0.0979931012856695,-0.0979931012856695,-0.0979931012856695,22.29,21.34,23.04,23,22.6,23.13
2024-09-03 23:00:00,-0.0979931012856695,-0.0979931012856695,-0.0979931012856695,-0.0979931012856695,-0.0979931012856695,-0.0979931012856695,22.2,21.3,23,23,22.55,23.1
2024-09-03 23:10:00,-0.0979931012856695,-0.0979931012856695,-0.0979931012856695,-0.0979931012856695,-0.0979931012856695,-0.0979931012856695,22.18,21.24,22.96,22.92,22.5,23.05
2024-09-03 23:20:00,-0.0979931012856695,-0.0979931012856695,-0.0979931012856695,-0.0979931012856695,-0.0979931012856695,-0.0979931012856695,22.1,21.2,22.9,22.9,22.47,23
2024-09-03 23:30:00,-0.0979931012856695,-0.0979931012856695,-0.0979931012856695,-0.0979931012856695,-0.0979931012856695,-0.0979931012856695,22.08,21.15,22.88,22.83,22.4,22.97
2024-09-03 23:40:00,-0.0979931012856695,-0.0979931012856695,-0.0979931012856695,-0.0979931012856695,-0.0979931012856695,-0.0979931012856695,22,21.1,22.8,22.8,22.38,22.9
2024-09-03 23:50:00,-0.0979931012856695,-0.0979931012856695,-0.0979931012856695,-0.0979931012856695,-0.0979931012856695,-0.0979931012856695,21.97,21.03,22.78,22.73,22.3,22.87
2024-09-04,-0.0979931012856695,-0.0979931012856695,-0.0979931012856695,-0.0979931012856695,-0.0979931012856695,-0.0979931012856695,21.9,20.99,22.7,22.7,22.25,22.8
2024-09-04 00:10:00,-0.0979931012856695,-0.0979931012856695,-0.0979931012856695,-0.0979931012856695,-0.0979931012856695,-0.0979931012856695,21.86,20.9,22.68,22.63,22.2,22.77
2024-09-04 00:20:00,-0.0979931012856695,-0.0979931012856695,-0.0979931012856695,-0.0979931012856695,-0.0979931012856695,-0.0979931012856695,21.8,20.85,22.6,22.6,22.16,22.7
2024-09-04 00:30:00,-0.0979931012856695,-0.0979931012856695,-0.0979931012856695,-0.0979931012856695,-0.0979931012856695,-0.0979931012856695,21.75,20.8,22.58,22.53,22.1,22.67
2024-09-04 00:40:00,-0.0979931012856695,-0.0979931012856695,-0.0979931012856695,-0.0979931012856695,-0.0979931012856695,-0.0979931012856695,21.7,20.71,22.5,22.5,22.05,22.6
2024-09-04 00:50:00,-0.0979931012856695,-0.0979931012856695,-0.0979931012856695,-0.0979931012856695,-0.0979931012856695,-0.0979931012856695,21.65,20.69,22.47,22.41,22,22.57
2024-09-04 01:00:00,-0.0979931012856695,-0.0979931012856695,-0.0979931012856695,-0.0979931012856695,-0.0979931012856695,-0.0979931012856695,21.6,20.6,22.4,22.4,21.95,22.5
2024-09-04 01:10:00,-0.0979931012856695,-0.0979931012856695,-0.0979931012856695,-0.0979931012856695,-0.0979931012856695,-0.0979931012856695,21.53,20.56,22.36,22.3,21.9,22.46
2024-09-04 01:20:00,-0.0979931012856695,-0.0979931012856695,-0.0979931012856695,-0.0979931012856695,-0.0979931012856695,-0.0979931012856695,21.5,20.5,22.3,22.25,21.84,22.4
2024-09-04 01:30:00,-0.0979931012856695,-0.0979931012856695,-0.0979931012856695,-0.0979931012856695,-0.0979931012856695,-0.0979931012856695,21.41,20.41,22.21,22.2,21.8,22.34
2024-09-04 01:40:00,-0.0979931012856695,-0.0979931012856695,-0.0979931012856695,-0.0979931012856695,-0.0979931012856695,-0.0979931012856695,21.39,20.35,22.2,22.12,21.73,22.3
2024-09-04 01:50:00,-0.0979931012856695,-0.0979931012856695,-0.0979931012856695,-0.0979931012856695,-0.0979931012856695,-0.0979931012856695,21.3,20.26,22.1,22.1,21.7,22.2
2024-09-04 02:00:00,-0.0979931012856695,-0.0979931012856695,-0.0979931012856695,-0.0979931012856695,-0.0979931012856695,-0.0979931012856695,21.25,20.2,22.08,22,21.64,22.18
2024-09-04 02:10:00,-0.0979931012856695,-0.0979931012856695,-0.0979931012856695,-0.0979931012856695,-0.0979931012856695,-0.0979931012856695,21.2,20.11,22,21.97,21.6,22.1
2024-09-04 02:20:00,-0.0979931012856695,-0.0979931012856695,-0.0979931012856695,-0.0979931012856695,-0.0979931012856695,-0.0979931012856695,21.12,20.05,21.96,21.9,21.51,22.06
2024-09-04 02:30:00,-0.0979931012856695,-0.0979931012856695,-0.0979931012856695,-0.0979931012856695,-0.0979931012856695,-0.0979931012856695,21.09,19.99,21.9,21.85,21.49,22
2024-09-04 02:40:00,-0.0979931012856695,-0.0979931012856695,-0.0979931012856695,-0.0979931012856695,-0.0979931012856695,-0.0979931012856695,21,19.9,21.83,21.8,21.4,21.94
2024-09-04 02:50:00,-0.0979931012856695,-0.0979931012856695,-0.0979931012856695,-0.0979931012856695,-0.0979931012856695,-0.0979931012856695,20.95,19.8,21.8,21.72,21.35,21.9
2024-09-04 03:00:00,-0.0979931012856695,-0.0979931012856695,-0.0979931012856695,-0.0979931012856695,-0.0979931012856695,-0.0979931012856695,20.9,19.71,21.71,21.7,21.3,21.82
2024-09-04 03:10:00,-0.0979931012856695,-0.0979931012856695,-0.0979931012856695,-0.0979931012856695,-0.0979931012856695,-0.0979931012856695,20.81,19.64,21.7,21.61,21.2,21.8
2024-09-04 03:20:00,-0.0979931012856695,-0.0979931012856695,-0.0979931012856695,-0.0979931012856695,-0.0979931012856695,-0.0979931012856695,20.77,19.58,21.61,21.57,21.16,21.7
2024-09-04 03:30:00,-0.0979931012856695,-0.0979931012856695,-0.0979931012856695,-0.0979931012856695,-0.0979931012856695,-0.0979931012856695,20.7,19.5,21.58,21.5,21.1,21.7
2024-09-04 03:40:00,-0.0979931012856695,-0.0979931012856695,-0.0979931012856695,-0.0979931012856695,-0.0979931012856695,-0.0979931012856695,20.63,19.48,21.5,21.44,21.01,21.6
2024-09-04 03:50:00,-0.0979931012856695,-0.0979931012856695,-0.0979931012856695,-0.0979931012856695,-0.0979931012856695,-0.0979931012856695,20.58,19.4,21.45,21.4,20.97,21.57
2024-09-04 04:00:00,-0.0979931012856695,-0.0979931012856695,-0.0979931012856695,-0.0979931012856695,-0.0979931012856695,-0.0979931012856695,20.5,19.4,21.4,21.3,20.9,21.5
2024-09-04 04:10:00,-0.0979931012856695,-0.0979931012856695,-0.0979931012856695,-0.0979931012856695,-0.0979931012856695,-0.0979931012856695,20.43,19.38,21.31,21.25,20.83,21.45
2024-09-04 04:20:00,-0.0979931012856695,-0.0979931012856695,-0.0979931012856695,-0.0979931012856695,-0.0979931012856695,-0.0979931012856695,20.38,19.3,21.26,21.2,20.78,21.4
2024-09-04 04:30:00,-0.0979931012856695,-0.0979931012856695,-0.0979931012856695,-0.0979931012856695,-0.0979931012856695,-0.0979931012856695,20.3,19.27,21.2,21.11,20.7,21.31
2024-09-04 04:40:00,-0.0979931012856695,-0.0979931012856695,-0.0979931012856695,-0.0979931012856695,-0.0979931012856695,-0.0979931012856695,20.24,19.2,21.13,21.07,20.65,21.27
2024-09-04 04:50:00,-0.0979931012856695,-0.0979931012856695,-0.0979931012856695,-0.0979931012856695,-0.0979931012856695,-0.0979931012856695,20.18,19.17,21.1,21,20.6,21.2
2024-09-04 05:00:00,-0.0979931012856695,-0.0979931012856695,-0.0979931012856695,-0.0979931012856695,-0.0979931012856695,-0.0979931012856695,20.1,19.1,21,20.94,20.52,21.13
2024-09-04 05:10:00,-0.0979931012856695,-0.0979931012856695,-0.0979931012856695,-0.0979931012856695,-0.0979931012856695,-0.0979931012856695,20.03,19.1,20.97,20.9,20.5,21.1
2024-09-04 05:20:00,-0.0979931012856695,-0.0979931012856695,-0.0979931012856695,-0.0979931012856695,-0.0979931012856695,-0.0979931012856695,20,19.02,20.9,20.8,20.4,21.01
2024-09-04 05:30:00,-0.0979931012856695,-0.0979931012856695,-0.0979931012856695,-0.0979931012856695,-0.0979931012856695,-0.0979931012856695,19.92,19,20.84,20.77,20.38,20.98
2024-09-04 05:40:00,-0.0979931012856695,-0.0979931012856695,-0.0979931012856695,-0.0979931012856695,-0.0979931012856695,-0.0979931012856695,19.9,19,20.8,20.7,20.3,20.9
2024-09-04 05:50:00,-0.0979931012856695,-0.0979931012856695,-0.0979931012856695,-0.0979931012856695,-0.0979931012856695,-0.0979931012856695,19.81,19,20.71,20.64,20.28,20.86
2024-09-04 06:00:00,-0.0979931012856695,-0.0979931012856695,-0.0979931012856695,-0.0979931012856695,-0.0979931012856695,-0.0979931012856695,19.8,19,20.69,20.6,20.2,20.8
2024-09-04 06:10:00,-0.0979931012856695,-0.0979931012856695,-0.0979931012856695,-0.0979931012856695,-0.0979931012856695,-0.0979931012856695,19.73,19,20.6,20.51,20.15,20.74
2024-09-04 06:20:00,-0.0979931012856695,-0.0979931012856695,-0.0979931012856695,-0.0979931012856695,-0.0979931012856695,-0.0979931012856695,19.7,19,20.57,20.48,20.1,20.7
2024-09-04 06:30:00,-0.0979931012856695,-0.0979931012856695,-0.0979931012856695,-0.0979931012856695,-0.0979931012856695,-0.0979931012856695,19.67,19,20.5,20.4,20.04,20.62
2024-09-04 06:40:00,-0.0979931012856695,-0.0979931012856695,-0.0979931012856695,-0.0979931012856695,-0.0979931012856695,-0.0979931012856695,19.6,19,20.46,20.36,20,20.6
2024-09-04 06:50:00,-0.0979931012856695,-0.0979931012856695,-0.0979931012856695,-0.0979931012856695,-0.0979931012856695,-0.0979931012856695,19.6,19,20.4,20.3,19.99,20.51
2024-09-04 07:00:00,-0.0979931012856695,-0.0979931012856695,-0.0979931012856695,-0.0979931012856695,-0.0979931012856695,-0.0979931012856695,19.58,19,20.36,20.25,19.9,20.5
2024-09-04 07:10:00,-0.0979931012856695,-0.0979931012856695,-0.0979931012856695,-0.0979931012856695,-0.0979931012856695,-0.0979931012856695,19.5,19.05,20.3,20.2,19.9,20.41
2024-09-04 07:20:00,-0.0979931012856695,-0.0979931012856695,-0.0979931012856695,-0.0979931012856695,-0.0979931012856695,-0.0979931012856695,19.5,19.22,20.28,20.11,19.84,20.4
2024-09-04 07:30:00,-0.0979931012856695,-0.0979931012856695,-0.0979931012856695,-0.0979931012856695,-0.0979931012856695,-0.0979931012856695,19.5,19.41,20.2,20.1,19.8,20.32
2024-09-04 07:40:00,-0.0979931012856695,-0.0979931012856695,-0.0979931012856695,-0.0979931012856695,-0.0979931012856695,-0.0979931012856695,19.48,19.89,20.19,20,19.8,20.3
2024-09-04 07:50:00,-0.0979931012856695,-0.0979931012856695,-0.0979931012856695,-0.0979931012856695,-0.0979931012856695,-0.0979931012856695,19.4,20.61,20.1,20,19.74,20.25
2024-09-04 08:00:00,-0.0979931012856695,-0.0979931012856695,-0.0979931012856695,-0.0979931012856695,-0.0979931012856695,-0.0979931012856695,19.4,21.35,20.1,19.93,19.7,20.2
2024-09-04 08:10:00,-0.0979931012856695,-0.0979931012856695,-0.0979931012856695,-0.0979931012856695,-0.0979931012856695,-0.0979931012856695,19.4,21.6,20.03,19.9,19.7,20.17
2024-09-04 08:20:00,-0.0979931012856695,-0.0979931012856695,-0.0979931012856695,-0.0979931012856695,-0.0979931012856695,-0.0979931012856695,19.43,21.48,20,19.87,19.7,20.1
2024-09-04 08:30:00,-0.0979931012856695,-0.0979931012856695,-0.0979931012856695,-0.0979931012856695,-0.0979931012856695,-0.0979931012856695,19.5,21.37,20,19.8,19.7,20.1
2024-09-04 08:40:00,-0.0979931012856695,-0.0979931012856695,-0.0979931012856695,-0.0979931012856695,-0.0979931012856695,-0.0979931012856695,19.5,21.26,20,19.8,19.7,20.1
2024-09-04 08:50:00,-0.0979931012856695,-0.0979931012856695,-0.0979931012856695,-0.0979931012856695,-0.0979931012856695,-0.0979931012856695,19.5,21.2,20,19.8,19.7,20.1
2024-09-04 09:00:00,-0.0979931012856695,-0.0979931012856695,-0.0979931012856695,-0.0979931012856695,-0.0979931012856695,-0.0979931012856695,19.5,21.2,20,19.8,19.7,20.1
2024-09-04 09:10:00,-0.0979931012856695,-0.0979931012856695,-0.0979931012856695,-0.0979931012856695,-0.0979931012856695,-0.0979931012856695,19.56,21.26,20,19.8,19.7,20.1
2024-09-04 09:20:00,-0.0979931012856695,-0.0979931012856695,-0.0979931012856695,-0.0979931012856695,-0.0979931012856695,-0.0979931012856695,19.6,21.28,20,19.8,19.7,20.1
2024-09-04 09:30:00,-0.0979931012856695,-0.0979931012856695,-0.0979931012856695,-0.0979931012856695,-0.0979931012856695,-0.0979931012856695,19.6,21.16,20.03,19.8,19.7,20.1
2024-09-04 09:40:00,-0.0979931012856695,-0.0979931012856695,-0.0979931012856695,-0.0979931012856695,-0.0979931012856695,-0.0979931012856695,19.6,21.03,20.1,19.8,19.7,20.17
2024-09-04 09:50:00,-0.0979931012856695,-0.0979931012856695,-0.0979931012856695,-0.0979931012856695,-0.0979931012856695,-0.0979931012856695,19.64,20.88,20.1,19.8,19.71,20.2
2024-09-04 10:00:00,-0.0979931012856695,-0.0979931012856695,-0.0979931012856695,-0.0979931012856695,-0.0979931012856695,-0.0979931012856695,19.7,20.76,20.1,19.8,19.8,20.2
2024-09-04 10:10:00,-0.0979931012856695,-0.0979931012856695,-0.0979931012856695,-0.0979931012856695,-0.0979931012856695,-0.0979931012856695,19.7,20.68,20.1,19.8,19.8,20.2
2024-09-04 10:20:00,-0.0979931012856695,-0.0979931012856695,-0.0979931012856695,-0.0979931012856695,-0.0979931012856695,-0.0979931012856695,19.7,20.58,20.1,19.8,19.8,20.3
2024-09-04 10:30:00,-0.0979931012856695,-0.0979931012856695,-0.0979931012856695,-0.0979931012856695,-0.0979931012856695,-0.0979931012856695,19.7,20.47,20.19,19.84,19.8,20.3
2024-09-04 10:40:00,-0.0979931012856695,-0.0979931012856695,-0.0979931012856695,-0.0979931012856695,-0.0979931012856695,-0.0979931012856695,19.7,20.36,20.2,19.9,19.8,20.3
2024-09-04 10:50:00,-0.0979931012856695,-0.0979931012856695,-0.0979931012856695,-0.0979931012856695,-0.0979931012856695,-0.0979931012856695,19.7,20.27,20.2,19.9,19.8,20.3
2024-09-04 11:00:00,-0.0979931012856695,-0.0979931012856695,-0.0979931012856695,-0.0979931012856695,-0.0979931012856695,-0.0979931012856695,19.7,20.2,20.2,19.9,19.8,20.32
2024-09-04 11:10:00,-0.0979931012856695,-0.0979931012856695,-0.0979931012856695,-0.0979931012856695,-0.0979931012856695,-0.0979931012856695,19.7,20.2,20.2,19.9,19.8,20.4
2024-09-04 11:20:00,-0.0979931012856695,-0.0979931012856695,-0.0979931012856695,-0.0979931012856695,-0.0979931012856695,-0.0979931012856695,19.65,20.2,20.2,19.9,19.8,20.4
2024-09-04 11:30:00,-0.0979931012856695,-0.0979931012856695,-0.0979931012856695,-0.0979931012856695,-0.0979931012856695,-0.0979931012856695,19.6,20.2,20.2,19.9,19.8,20.4
2024-09-04 11:40:00,-0.0979931012856695,-0.0979931012856695,-0.0979931012856695,-0.0979931012856695,-0.0979931012856695,-0.0979931012856695,19.6,20.17,20.2,20,19.8,20.4
2024-09-04 11:50:00,-0.0979931012856695,-0.0979931012856695,-0.0979931012856695,-0.0979931012856695,-0.0979931012856695,-0.0979931012856695,19.6,20.2,20.2,20,19.8,20.4
2024-09-04 12:00:00,-0.0979931012856695,-0.0979931012856695,-0.0979931012856695,-0.0979931012856695,-0.0979931012856695,-0.0979931012856695,19.6,20.24,20.2,20,19.8,20.4
2024-09-04 12:10:00,-0.0979931012856695,-0.0979931012856695,-0.0979931012856695,-0.0979931012856695,-0.0979931012856695,-0.0979931012856695,19.6,20.39,20.2,20,19.8,20.4
2024-09-04 12:20:00,-0.0979931012856695,-0.0979931012856695,-0.0979931012856695,-0.0979931012856695,-0.0979931012856695,-0.0979931012856695,19.6,20.56,20.2,20,19.85,20.4
2024-09-04 12:30:00,-0.0979931012856695,-0.0979931012856695,-0.0979931012856695,-0.0979931012856695,-0.0979931012856695,-0.0979931012856695,19.6,20.6,20.19,20,19.9,20.4
2024-09-04 12:40:00,-0.0979931012856695,-0.0979931012856695,-0.0979931012856695,-0.0979931012856695,-0.0979931012856695,-0.0979931012856695,19.6,20.6,20.12,20,19.9,20.4
2024-09-04 12:50:00,-0.0979931012856695,-0.0979931012856695,-0.0979931012856695,-0.0979931012856695,-0.0979931012856695,-0.0979931012856695,19.6,20.6,20.1,20,19.9,20.4
2024-09-04 13:00:00,-0.0979931012856695,-0.0979931012856695,-0.0979931012856695,-0.0979931012856695,-0.0979931012856695,-0.0979931012856695,19.67,20.59,20.1,20,19.9,20.4
2024-09-04 13:10:00,-0.0979931012856695,-0.0979931012856695,-0.0979931012856695,-0.0979931012856695,-0.0979931012856695,-0.0979931012856695,19.7,20.5,20.1,20,19.9,20.4
2024-09-04 13:20:00,-0.0979931012856695,-0.0979931012856695,-0.0979931012856695,-0.0979931012856695,-0.0979931012856695,-0.0979931012856695,19.7,20.5,20.1,20,19.9,20.4
2024-09-04 13:30:00,-0.0979931012856695,-0.0979931012856695,-0.0979931012856695,-0.0979931012856695,-0.0979931012856695,-0.0979931012856695,19.7,20.44,20.1,20,19.9,20.4
2024-09-04 13:40:00,-0.0979931012856695,-0.0979931012856695,-0.0979931012856695,-0.0979931012856695,-0.0979931012856695,-0.0979931012856695,19.7,20.4,20.1,20,19.9,20.4
2024-09-04 13:50:00,-0.0979931012856695,-0.0979931012856695,-0.0979931012856695,-0.0979931012856695,-0.0979931012856695,-0.0979931012856695,19.7,20.4,20.1,20,19.9,20.4
2024-09-04 14:00:00,-0.0979931012856695,-0.0979931012856695,-0.0979931012856695,-0.0979931012856695,-0.0979931012856695,-0.0979931012856695,19.7,20.4,20.1,20,19.9,20.4
2024-09-04 14:10:00,-0.0979931012856695,-0.0979931012856695,-0.0979931012856695,-0.0979931012856695,-0.0979931012856695,-0.0979931012856695,19.7,20.4,20.1,20,19.9,20.4
2024-09-04 14:20:00,-0.0979931012856695,-0.0979931012856695,-0.0979931012856695,-0.0979931012856695,-0.0979931012856695,-0.0979931012856695,19.7,20.4,20.1,20,19.92,20.4
2024-09-04 14:30:00,-0.0979931012856695,-0.0979931012856695,-0.0979931012856695,-0.0979931012856695,-0.0979931012856695,-0.0979931012856695,19.7,20.46,20.1,20,20,20.4
2024-09-04 14:40:00,-0.0979931012856695,-0.0979931012856695,-0.0979931012856695,-0.0979931012856695,-0.0979931012856695,-0.0979931012856695,19.7,20.5,20.1,20,20,20.4
2024-09-04 14:50:00,-0.0979931012856695,-0.0979931012856695,-0.0979931012856695,-0.0979931012856695,-0.0979931012856695,-0.0979931012856695,19.79,20.6,20.1,20,20,20.4
2024-09-04 15:00:00,-0.0979931012856695,-0.0979931012856695,-0.0979931012856695,-0.0979931012856695,-0.0979931012856695,-0.0979931012856695,19.8,20.64,20.1,20,20,20.4
2024-09-04 15:10:00,-0.0979931012856695,-0.0979931012856695,-0.0979931012856695,-0.0979931012856695,-0.0979931012856695,-0.0979931012856695,19.8,20.7,20.1,20,20,20.4
2024-09-04 15:20:00,-0.0979931012856695,-0.0979931012856695,-0.0979931012856695,-0.0979931012856695,-0.0979931012856695,-0.0979931012856695,19.8,20.7,20.1,20,20,20.4
2024-09-04 15:30:00,-0.0979931012856695,-0.0979931012856695,-0.0979931012856695,-0.0979931012856695,-0.0979931012856695,-0.0979931012856695,19.8,20.7,20.1,20,20,20.4
2024-09-04 15:40:00,-0.0979931012856695,-0.0979931012856695,-0.0979931012856695,-0.0979931012856695,-0.0979931012856695,-0.0979931012856695,19.8,20.76,20.1,20,20,20.4
2024-09-04 15:50:00,-0.0979931012856695,-0.0979931012856695,-0.0979931012856695,-0.0979931012856695,-0.0979931012856695,-0.0979931012856695,19.88,20.8,20.1,20,20,20.4
2024-09-04 16:00:00,-0.0979931012856695,-0.0979931012856695,-0.0979931012856695,-0.0979931012856695,-0.0979931012856695,-0.0979931012856695,19.9,20.8,20.17,20,20,20.4
2024-09-04 16:10:00,-0.0979931012856695,-0.0979931012856695,-0.0979931012856695,-0.0979931012856695,-0.0979931012856695,-0.0979931012856695,19.9,20.78,20.2,20,20,20.4
2024-09-04 16:20:00,-0.0979931012856695,-0.0979931012856695,-0.0979931012856695,-0.0979931012856695,-0.0979931012856695,-0.0979931012856695,19.9,20.7,20.2,20,20,20.4
2024-09-04 16:30:00,-0.0979931012856695,-0.0979931012856695,-0.0979931012856695,-0.0979931012856695,-0.0979931012856695,-0.0979931012856695,19.9,20.7,20.2,20.06,20,20.4
2024-09-04 16:40:00,-0.0979931012856695,-0.0979931012856695,-0.0979931012856695,-0.0979931012856695,-0.0979931012856695,-0.0979931012856695,19.94,20.7,20.2,20.1,20.07,20.4
2024-09-04 16:50:00,-0.0979931012856695,-0.0979931012856695,-0.0979931012856695,-0.0979931012856695,-0.0979931012856695,-0.0979931012856695,20,20.7,20.2,20.1,20.1,20.4
2024-09-04 17:00:00,-0.0979931012856695,-0.0979931012856695,-0.0979931012856695,-0.0979931012856695,-0.0979931012856695,-0.0979931012856695,20,20.8,20.2,20.1,20.1,20.4
2024-09-04 17:10:00,-0.0979931012856695,-0.0979931012856695,-0.0979931012856695,-0.0979931012856695,-0.0979931012856695,-0.0979931012856695,20,20.8,20.2,20.1,20.1,20.4
2024-09-04 17:20:00,-0.0979931012856695,-0.0979931012856695,-0.0979931012856695,-0.0979931012856695,-0.0979931012856695,-0.0979931012856695,20,20.86,20.2,20.1,20.1,20.4
2024-09-04 17:30:00,-0.0979931012856695,-0.0979931012856695,-0.0979931012856695,-0.0979931012856695,-0.0979931012856695,-0.0979931012856695,20.05,20.9,20.2,20.1,20.1,20.4
2024-09-04 17:40:00,-0.0979931012856695,-0.0979931012856695,-0.0979931012856695,-0.0979931012856695,-0.0979931012856695,-0.0979931012856695,20.1,20.9,20.2,20.1,20.1,20.4
2024-09-04 17:50:00,-0.0979931012856695,-0.0979931012856695,-0.0979931012856695,-0.0979931012856695,-0.0979931012856695,-0.0979931012856695,20.1,20.87,20.2,20.1,20.1,20.4
2024-09-04 18:00:00,-0.0979931012856695,-0.0979931012856695,-0.0979931012856695,-0.0979931012856695,-0.0979931012856695,-0.0979931012856695,20.18,20.8,20.2,20.1,20.17,20.4
2024-09-04 18:10:00,-0.0979931012856695,-0.0979931012856695,-0.0979931012856695,-0.0979931012856695,-0.0979931012856695,-0.0979931012856695,20.22,20.68,20.21,20.1,20.2,20.4
2024-09-04 18:20:00,-0.0979931012856695,-0.0979931012856695,-0.0979931012856695,-0.0979931012856695,-0.0979931012856695,-0.0979931012856695,20.3,20.55,20.29,20.1,20.2,20.4
2024-09-04 18:30:00,-0.0979931012856695,-0.0979931012856695,-0.0979931012856695,-0.0979931012856695,-0.0979931012856695,-0.0979931012856695,20.36,20.38,20.3,20.11,20.2,20.4
2024-09-04 18:40:00,-0.0979931012856695,-0.0979931012856695,-0.0979931012856695,-0.0979931012856695,-0.0979931012856695,-0.0979931012856695,20.4,20.21,20.3,20.14,20.2,20.4
2024-09-04 18:50:00,-0.0979931012856695,-0.0979931012856695,-0.0979931012856695,-0.0979931012856695,-0.0979931012856695,-0.0979931012856695,20.4,20.03,20.3,20.2,20.2,20.4
2024-09-04 19:00:00,-0.0979931012856695,-0.0979931012856695,-0.0979931012856695,-0.0979931012856695,-0.0979931012856695,-0.0979931012856695,20.4,19.86,20.3,20.2,20.2,20.4
2024-09-04 19:10:00,-0.0979931012856695,-0.0979931012856695,-0.0979931012856695,-0.0979931012856695,-0.0979931012856695,-0.0979931012856695,20.4,19.71,20.3,20.2,20.2,20.4
2024-09-04 19:20:00,-0.0979931012856695,-0.0979931012856695,-0.0979931012856695,-0.0979931012856695,-0.0979931012856695,-0.0979931012856695,20.4,19.55,20.3,20.2,20.2,20.4
2024-09-04 19:30:00,-0.0979931012856695,-0.0979931012856695,-0.0979931012856695,-0.0979931012856695,-0.0979931012856695,-0.0979931012856695,20.38,19.41,20.3,20.2,20.2,20.4
2024-09-04 19:40:00,-0.0979931012856695,-0.0979931012856695,-0.0979931012856695,-0.0979931012856695,-0.0979931012856695,-0.0979931012856695,20.3,19.27,20.3,20.2,20.2,20.4
2024-09-04 19:50:00,-0.0979931012856695,-0.0979931012856695,-0.0979931012856695,-0.0979931012856695,-0.0979931012856695,-0.0979931012856695,20.28,19.15,20.3,20.2,20.18,20.4
2024-09-04 20:00:00,-0.0979931012856695,-0.0979931012856695,-0.0979931012856695,-0.0979931012856695,-0.0979931012856695,-0.0979931012856695,20.2,19.05,20.25,20.2,20.1,20.4
2024-09-04 20:10:00,-0.0979931012856695,-0.0979931012856695,-0.0979931012856695,-0.0979931012856695,-0.0979931012856695,-0.0979931012856695,20.13,18.94,20.2,20.2,20.1,20.38
2024-09-04 20:20:00,-0.0979931012856695,-0.0979931012856695,-0.0979931012856695,-0.0979931012856695,-0.0979931012856695,-0.0979931012856695,20.06,18.81,20.2,20.16,20.09,20.3
2024-09-04 20:30:00,-0.0979931012856695,-0.0979931012856695,-0.0979931012856695,-0.0979931012856695,-0.0979931012856695,-0.0979931012856695,20,18.67,20.2,20.1,20,20.3
2024-09-04 20:40:00,-0.0979931012856695,-0.0979931012856695,-0.0979931012856695,-0.0979931012856695,-0.0979931012856695,-0.0979931012856695,19.92,18.54,20.14,20.1,20,20.3
2024-09-04 20:50:00,-0.0979931012856695,-0.0979931012856695,-0.0979931012856695,-0.0979931012856695,-0.0979931012856695,-0.0979931012856695,19.86,18.4,20.1,20.1,19.97,20.23
2024-09-04 21:00:00,-0.0979931012856695,-0.0979931012856695,-0.0979931012856695,-0.0979931012856695,-0.0979931012856695,-0.0979931012856695,19.8,18.27,20.1,20.1,19.9,20.2
2024-09-04 21:10:00,-0.0979931012856695,-0.0979931012856695,-0.0979931012856695,-0.0979931012856695,-0.0979931012856695,-0.0979931012856695,19.7,18.16,20.01,20,19.89,20.17
2024-09-04 21:20:00,-0.0979931012856695,-0.0979931012856695,-0.0979931012856695,-0.0979931012856695,-0.0979931012856695,-0.0979931012856695,19.62,18.1,20,20,19.8,20.1
2024-09-04 21:30:00,-0.0979931012856695,-0.0979931012856695,-0.0979931012856695,-0.0979931012856695,-0.0979931012856695,-0.0979931012856695,19.55,18.02,19.98,20,19.79,20.09
2024-09-04 21:40:00,-0.0979931012856695,-0.0979931012856695,-0.0979931012856695,-0.0979931012856695,-0.0979931012856695,-0.0979931012856695,19.48,18,19.9,19.93,19.7,20
2024-09-04 21:50:00,-0.0979931012856695,-0.0979931012856695,-0.0979931012856695,-0.0979931012856695,-0.0979931012856695,-0.0979931012856695,19.4,17.95,19.9,19.9,19.66,20
2024-09-04 22:00:00,-0.0979931012856695,-0.0979931012856695,-0.0979931012856695,-0.0979931012856695,-0.0979931012856695,-0.0979931012856695,19.31,17.9,19.8,19.87,19.6,19.92
2024-09-04 22:10:00,-0.0979931012856695,-0.0979931012856695,-0.0979931012856695,-0.0979931012856695,-0.0979931012856695,-0.0979931012856695,19.25,17.86,19.8,19.8,19.54,19.9
2024-09-04 22:20:00,-0.0979931012856695,-0.0979931012856695,-0.0979931012856695,-0.0979931012856695,-0.0979931012856695,-0.0979931012856695,19.19,17.8,19.7,19.78,19.5,19.81
2024-09-04 22:30:00,-0.0979931012856695,-0.0979931012856695,-0.0979931012856695,-0.0979931012856695,-0.0979931012856695,-0.0979931012856695,19.1,17.8,19.7,19.7,19.41,19.8
2024-09-04 22:40:00,-0.0979931012856695,-0.0979931012856695,-0.0979931012856695,-0.0979931012856695,-0.0979931012856695,-0.0979931012856695,19.04,17.76,19.6,19.67,19.38,19.7
2024-09-04 22:50:00,-0.0979931012856695,-0.0979931012856695,-0.0979931012856695,-0.0979931012856695,-0.0979931012856695,-0.0979931012856695,18.99,17.7,19.59,19.6,19.3,19.67
2024-09-04 23:00:00,-0.0979931012856695,-0.0979931012856695,-0.0979931012856695,-0.0979931012856695,-0.0979931012856695,-0.0979931012856695,18.9,17.63,19.5,19.55,19.25,19.6
2024-09-04 23:10:00,-0.0979931012856695,-0.0979931012856695,-0.0979931012856695,-0.0979931012856695,-0.0979931012856695,-0.0979931012856695,18.84,17.56,19.47,19.5,19.2,19.55
2024-09-04 23:20:00,-0.0979931012856695,-0.0979931012856695,-0.0979931012856695,-0.0979931012856695,-0.0979931012856695,-0.0979931012856695,18.79,17.48,19.4,19.42,19.13,19.5
2024-09-04 23:30:00,-0.0979931012856695,-0.0979931012856695,-0.0979931012856695,-0.0979931012856695,-0.0979931012856695,-0.0979931012856695,18.7,17.37,19.36,19.4,19.1,19.41
2024-09-04 23:40:00,-0.0979931012856695,-0.0979931012856695,-0.0979931012856695,-0.0979931012856695,-0.0979931012856695,-0.0979931012856695,18.64,17.26,19.3,19.3,19,19.39
2024-09-04 23:50:00,-0.0979931012856695,-0.0979931012856695,-0.0979931012856695,-0.0979931012856695,-0.0979931012856695,-0.0979931012856695,18.59,17.16,19.23,19.26,18.97,19.3
2024-09-05,-0.0979931012856695,-0.0979931012856695,-0.0979931012856695,-0.0979931012856695,-0.0979931012856695,-0.0979931012856695,18.5,17.06,19.2,19.2,18.9,19.25
2024-09-05 00:10:00,-0.0979931012856695,-0.0979931012856695,-0.0979931012856695,-0.0979931012856695,-0.0979931012856695,-0.0979931012856695,18.44,16.98,19.12,19.13,18.83,19.2
2024-09-05 00:20:00,-0.0979931012856695,-0.0979931012856695,-0.0979931012856695,-0.0979931012856695,-0.0979931012856695,-0.0979931012856695,18.4,16.9,19.09,19.09,18.78,19.12
2024-09-05 00:30:00,-0.0979931012856695,-0.0979931012856695,-0.0979931012856695,-0.0979931012856695,-0.0979931012856695,-0.0979931012856695,18.3,16.82,19,19,18.7,19.08
2024-09-05 00:40:00,-0.0979931012856695,-0.0979931012856695,-0.0979931012856695,-0.0979931012856695,-0.0979931012856695,-0.0979931012856695,18.24,16.76,18.96,18.94,18.64,19
2024-09-05 00:50:00,-0.0979931012856695,-0.0979931012856695,-0.0979931012856695,-0.0979931012856695,-0.0979931012856695,-0.0979931012856695,18.19,16.7,18.9,18.9,18.6,18.94
2024-09-05 01:00:00,-0.0979931012856695,-0.0979931012856695,-0.0979931012856695,-0.0979931012856695,-0.0979931012856695,-0.0979931012856695,18.1,16.7,18.82,18.8,18.5,18.9
2024-09-05 01:10:00,-0.0979931012856695,-0.0979931012856695,-0.0979931012856695,-0.0979931012856695,-0.0979931012856695,-0.0979931012856695,18.03,16.7,18.77,18.74,18.45,18.8
2024-09-05 01:20:00,-0.0979931012856695,-0.0979931012856695,-0.0979931012856695,-0.0979931012856695,-0.0979931012856695,-0.0979931012856695,17.98,16.7,18.7,18.7,18.4,18.75
2024-09-05 01:30:00,-0.0979931012856695,-0.0979931012856695,-0.0979931012856695,-0.0979931012856695,-0.0979931012856695,-0.0979931012856695,17.9,16.67,18.64,18.6,18.33,18.7
2024-09-05 01:40:00,-0.0979931012856695,-0.0979931012856695,-0.0979931012856695,-0.0979931012856695,-0.0979931012856695,-0.0979931012856695,17.85,16.6,18.6,18.56,18.29,18.61
2024-09-05 01:50:00,-0.0979931012856695,-0.0979931012856695,-0.0979931012856695,-0.0979931012856695,-0.0979931012856695,-0.0979931012856695,17.8,16.54,18.5,18.5,18.2,18.58
2024-09-05 02:00:00,-0.0979931012856695,-0.0979931012856695,-0.0979931012856695,-0.0979931012856695,-0.0979931012856695,-0.0979931012856695,17.71,16.5,18.47,18.41,18.16,18.5
2024-09-05 02:10:00,-0.0979931012856695,-0.0979931012856695,-0.0979931012856695,-0.0979931012856695,-0.0979931012856695,-0.0979931012856695,17.68,16.4,18.4,18.39,18.1,18.44
2024-09-05 02:20:00,-0.0979931012856695,-0.0979931012856695,-0.0979931012856695,-0.0979931012856695,-0.0979931012856695,-0.0979931012856695,17.6,16.35,18.38,18.3,18.03,18.4
2024-09-05 02:30:00,-0.0979931012856695,-0.0979931012856695,-0.0979931012856695,-0.0979931012856695,-0.0979931012856695,-0.0979931012856695,17.56,16.3,18.3,18.24,18,18.34
2024-09-05 02:40:00,-0.0979931012856695,-0.0979931012856695,-0.0979931012856695,-0.0979931012856695,-0.0979931012856695,-0.0979931012856695,17.5,16.21,18.25,18.2,17.9,18.3
2024-09-05 02:50:00,-0.0979931012856695,-0.0979931012856695,-0.0979931012856695,-0.0979931012856695,-0.0979931012856695,-0.0979931012856695,17.44,16.18,18.2,18.11,17.87,18.21
2024-09-05 03:00:00,-0.0979931012856695,-0.0979931012856695,-0.0979931012856695,-0.0979931012856695,-0.0979931012856695,-0.0979931012856695,17.39,16.1,18.13,18.07,17.8,18.18
2024-09-05 03:10:00,-0.0979931012856695,-0.0979931012856695,-0.0979931012856695,-0.0979931012856695,-0.0979931012856695,-0.0979931012856695,17.3,16.06,18.1,18,17.75,18.1
2024-09-05 03:20:00,-0.0979931012856695,-0.0979931012856695,-0.0979931012856695,-0.0979931012856695,-0.0979931012856695,-0.0979931012856695,17.27,16,18.01,17.94,17.7,18.06
2024-09-05 03:30:00,-0.0979931012856695,-0.0979931012856695,-0.0979931012856695,-0.0979931012856695,-0.0979931012856695,-0.0979931012856695,17.2,15.94,17.99,17.9,17.63,18
2024-09-05 03:40:00,-0.0979931012856695,-0.0979931012856695,-0.0979931012856695,-0.0979931012856695,-0.0979931012856695,-0.0979931012856695,17.16,15.9,17.9,17.8,17.6,17.94
2024-09-05 03:50:00,-0.0979931012856695,-0.0979931012856695,-0.0979931012856695,-0.0979931012856695,-0.0979931012856695,-0.0979931012856695,17.1,15.86,17.87,17.77,17.51,17.9
2024-09-05 04:00:00,-0.0979931012856695,-0.0979931012856695,-0.0979931012856695,-0.0979931012856695,-0.0979931012856695,-0.0979931012856695,17.05,15.8,17.8,17.7,17.49,17.82
2024-09-05 04:10:00,-0.0979931012856695,-0.0979931012856695,-0.0979931012856695,-0.0979931012856695,-0.0979931012856695,-0.0979931012856695,17,15.8,17.76,17.64,17.4,17.8
2024-09-05 04:20:00,-0.0979931012856695,-0.0979931012856695,-0.0979931012856695,-0.0979931012856695,-0.0979931012856695,-0.0979931012856695,16.95,15.73,17.7,17.6,17.35,17.7
2024-09-05 04:30:00,-0.0979931012856695,-0.0979931012856695,-0.0979931012856695,-0.0979931012856695,-0.0979931012856695,-0.0979931012856695,16.9,15.7,17.64,17.52,17.3,17.69
2024-09-05 04:40:00,-0.0979931012856695,-0.0979931012856695,-0.0979931012856695,-0.0979931012856695,-0.0979931012856695,-0.0979931012856695,16.85,15.68,17.6,17.49,17.24,17.6
2024-09-05 04:50:00,-0.0979931012856695,-0.0979931012856695,-0.0979931012856695,-0.0979931012856695,-0.0979931012856695,-0.0979931012856695,16.8,15.6,17.53,17.4,17.2,17.57
2024-09-05 05:00:00,-0.0979931012856695,-0.0979931012856695,-0.0979931012856695,-0.0979931012856695,-0.0979931012856695,-0.0979931012856695,16.77,15.59,17.5,17.33,17.13,17.5
2024-09-05 05:10:00,-0.0979931012856695,-0.0979931012856695,-0.0979931012856695,-0.0979931012856695,-0.0979931012856695,-0.0979931012856695,16.7,15.5,17.42,17.3,17.1,17.46
2024-09-05 05:20:00,-0.0979931012856695,-0.0979931012856695,-0.0979931012856695,-0.0979931012856695,-0.0979931012856695,-0.0979931012856695,16.67,15.49,17.38,17.21,17.03,17.4
2024-09-05 05:30:00,-0.0979931012856695,-0.0979931012856695,-0.0979931012856695,-0.0979931012856695,-0.0979931012856695,-0.0979931012856695,16.6,15.4,17.3,17.19,17,17.32
2024-09-05 05:40:00,-0.0979931012856695,-0.0979931012856695,-0.0979931012856695,-0.0979931012856695,-0.0979931012856695,-0.0979931012856695,16.58,15.39,17.27,17.1,16.93,17.3
2024-09-05 05:50:00,-0.0979931012856695,-0.0979931012856695,-0.0979931012856695,-0.0979931012856695,-0.0979931012856695,-0.0979931012856695,16.5,15.3,17.2,17.07,16.9,17.21
2024-09-05 06:00:00,-0.0979931012856695,-0.0979931012856695,-0.0979931012856695,-0.0979931012856695,-0.0979931012856695,-0.0979931012856695,16.5,15.3,17.16,17,16.83,17.2
2024-09-05 06:10:00,-0.0979931012856695,-0.0979931012856695,-0.0979931012856695,-0.0979931012856695,-0.0979931012856695,-0.0979931012856695,16.4,15.3,17.1,16.95,16.8,17.11
2024-09-05 06:20:00,-0.0979931012856695,-0.0979931012856695,-0.0979931012856695,-0.0979931012856695,-0.0979931012856695,-0.0979931012856695,16.4,15.3,17.06,16.9,16.73,17.1
2024-09-05 06:30:00,-0.0979931012856695,-0.0979931012856695,-0.0979931012856695,-0.0979931012856695,-0.0979931012856695,-0.0979931012856695,16.32,15.31,17,16.84,16.7,17
2024-09-05 06:40:00,-0.0979931012856695,-0.0979931012856695,-0.0979931012856695,-0.0979931012856695,-0.0979931012856695,-0.0979931012856695,16.3,15.42,16.96,16.8,16.64,17
2024-09-05 06:50:00,-0.0979931012856695,-0.0979931012856695,-0.0979931012856695,-0.0979931012856695,-0.0979931012856695,-0.0979931012856695,16.25,15.57,16.9,16.73,16.6,16.91
2024-09-05 07:00:00,-0.0979931012856695,-0.0979931012856695,-0.0979931012856695,-0.0979931012856695,-0.0979931012856695,-0.0979931012856695,16.2,16.03,16.87,16.7,16.56,16.9
2024-09-05 07:10:00,-0.0979931012856695,-0.0979931012856695,-0.0979931012856695,-0.0979931012856695,-0.0979931012856695,-0.0979931012856695,16.2,16.74,16.8,16.63,16.5,16.82
2024-09-05 07:20:00,-0.0979931012856695,-0.0979931012856695,-0.0979931012856695,-0.0979931012856695,-0.0979931012856695,-0.0979931012856695,16.19,18.13,16.8,16.6,16.5,16.8
2024-09-05 07:30:00,-0.0979931012856695,-0.0979931012856695,-0.0979931012856695,-0.0979931012856695,-0.0979931012856695,-0.0979931012856695,16.1,19.39,16.7,16.53,16.4,16.74
2024-09-05 07:40:00,-0.0979931012856695,-0.0979931012856695,-0.0979931012856695,-0.0979931012856695,-0.0979931012856695,-0.0979931012856695,16.1,19.87,16.7,16.5,16.4,16.7
2024-09-05 07:50:00,-0.0979931012856695,-0.0979931012856695,-0.0979931012856695,-0.0979931012856695,-0.0979931012856695,-0.0979931012856695,16.1,19.98,16.7,16.45,16.4,16.7
2024-09-05 08:00:00,-0.0979931012856695,-0.0979931012856695,-0.0979931012856695,-0.0979931012856695,-0.0979931012856695,-0.0979931012856695,16.1,20.18,16.7,16.4,16.32,16.6
2024-09-05 08:10:00,-0.0979931012856695,-0.0979931012856695,-0.0979931012856695,-0.0979931012856695,-0.0979931012856695,-0.0979931012856695,16.1,20.1,16.7,16.4,16.3,16.6
2024-09-05 08:20:00,-0.0979931012856695,-0.0979931012856695,-0.0979931012856695,-0.0979931012856695,-0.0979931012856695,-0.0979931012856695,16.2,20.06,16.7,16.33,16.3,16.6
2024-09-05 08:30:00,-0.0979931012856695,-0.0979931012856695,-0.0979931012856695,-0.0979931012856695,-0.0979931012856695,-0.0979931012856695,16.2,20.01,16.7,16.3,16.3,16.6
2024-09-05 08:40:00,-0.0979931012856695,-0.0979931012856695,-0.0979931012856695,-0.0979931012856695,-0.0979931012856695,-0.0979931012856695,16.2,20.34,16.75,16.3,16.3,16.6
2024-09-05 08:50:00,-0.0979931012856695,-0.0979931012856695,-0.0979931012856695,-0.0979931012856695,-0.0979931012856695,-0.0979931012856695,16.21,20.6,16.8,16.3,16.33,16.68
2024-09-05 09:00:00,-0.0979931012856695,-0.0979931012856695,-0.0979931012856695,-0.0979931012856695,-0.0979931012856695,-0.0979931012856695,16.3,20.93,16.81,16.3,16.4,16.7
2024-09-05 09:20:00,-0.0979931012856695,-0.0979931012856695,-0.0979931012856695,-0.0979931012856695,-0.0979931012856695,-0.0979931012856695,16.34,21.74,16.91,16.4,16.4,16.81
2024-09-05 09:30:00,-0.0979931012856695,-0.0979931012856695,-0.0979931012856695,-0.0979931012856695,-0.0979931012856695,-0.0979931012856695,16.4,22.24,17,16.4,16.49,16.9
2024-09-05 09:40:00,-0.0979931012856695,-0.0979931012856695,-0.0979931012856695,-0.0979931012856695,-0.0979931012856695,-0.0979931012856695,16.46,22.57,17.03,16.44,16.5,16.97
2024-09-05 09:50:00,-0.0979931012856695,-0.0979931012856695,-0.0979931012856695,-0.0979931012856695,-0.0979931012856695,-0.0979931012856695,16.53,22.6,17.1,16.5,16.58,17.04
2024-09-05 10:00:00,-0.0979931012856695,-0.0979931012856695,-0.0979931012856695,-0.0979931012856695,-0.0979931012856695,-0.0979931012856695,16.62,22.62,17.18,16.56,16.64,17.14
2024-09-05 10:10:00,-0.0979931012856695,-0.0979931012856695,-0.0979931012856695,-0.0979931012856695,-0.0979931012856695,-0.0979931012856695,16.71,22.71,17.25,16.61,16.72,17.24
2024-09-05 10:20:00,-0.0979931012856695,-0.0979931012856695,-0.0979931012856695,-0.0979931012856695,-0.0979931012856695,-0.0979931012856695,16.81,22.84,17.34,16.7,16.82,17.35
2024-09-05 10:30:00,-0.0979931012856695,-0.0979931012856695,-0.0979931012856695,-0.0979931012856695,-0.0979931012856695,-0.0979931012856695,16.91,23.06,17.45,16.79,16.93,17.49
2024-09-05 10:40:00,-0.0979931012856695,-0.0979931012856695,-0.0979931012856695,-0.0979931012856695,-0.0979931012856695,-0.0979931012856695,17.01,23.42,17.54,16.88,17.04,17.63
2024-09-05 10:50:00,-0.0979931012856695,-0.0979931012856695,-0.0979931012856695,-0.0979931012856695,-0.0979931012856695,-0.0979931012856695,17.12,23.71,17.64,16.98,17.16,17.76
2024-09-05 11:00:00,-0.0979931012856695,-0.0979931012856695,-0.0979931012856695,-0.0979931012856695,-0.0979931012856695,-0.0979931012856695,17.23,24.02,17.75,17.09,17.28,17.91
2024-09-05 11:10:00,-0.0979931012856695,-0.0979931012856695,-0.0979931012856695,-0.0979931012856695,-0.0979931012856695,-0.0979931012856695,17.34,24.32,17.86,17.22,17.45,18.05
2024-09-05 11:20:00,-0.0979931012856695,-0.0979931012856695,-0.0979931012856695,-0.0979931012856695,-0.0979931012856695,-0.0979931012856695,17.47,24.54,17.97,17.34,17.59,18.2
2024-09-05 11:30:00,-0.0979931012856695,-0.0979931012856695,-0.0979931012856695,-0.0979931012856695,-0.0979931012856695,-0.0979931012856695,17.58,24.63,18.08,17.49,17.75,18.35
2024-09-05 11:40:00,-0.0979931012856695,-0.0979931012856695,-0.0979931012856695,-0.0979931012856695,-0.0979931012856695,-0.0979931012856695,17.72,24.7,18.2,17.64,17.93,18.5
2024-09-05 11:50:00,-0.0979931012856695,-0.0979931012856695,-0.0979931012856695,-0.0979931012856695,-0.0979931012856695,-0.0979931012856695,17.84,24.7,18.33,17.77,18.11,18.66
2024-09-05 12:00:00,-0.0979931012856695,-0.0979931012856695,-0.0979931012856695,-0.0979931012856695,-0.0979931012856695,-0.0979931012856695,17.95,24.66,18.44,17.94,18.31,18.84
2024-09-05 12:10:00,-0.0979931012856695,-0.0979931012856695,-0.0979931012856695,-0.0979931012856695,-0.0979931012856695,-0.0979931012856695,18.07,24.6,18.57,18.08,18.49,19.02
2024-09-05 12:20:00,-0.0979931012856695,-0.0979931012856695,-0.0979931012856695,-0.0979931012856695,-0.0979931012856695,-0.0979931012856695,18.2,24.6,18.71,18.25,18.71,19.19
2024-09-05 12:30:00,-0.0979931012856695,-0.0979931012856695,-0.0979931012856695,-0.0979931012856695,-0.0979931012856695,-0.0979931012856695,18.33,24.6,18.85,18.42,18.92,19.36
2024-09-05 12:40:00,-0.0979931012856695,-0.0979931012856695,-0.0979931012856695,-0.0979931012856695,-0.0979931012856695,-0.0979931012856695,18.44,24.6,18.98,18.58,19.13,19.55
2024-09-05 12:50:00,-0.0979931012856695,-0.0979931012856695,-0.0979931012856695,-0.0979931012856695,-0.0979931012856695,-0.0979931012856695,18.56,24.6,19.12,18.77,19.32,19.72
2024-09-05 13:00:00,-0.0979931012856695,-0.0979931012856695,-0.0979931012856695,-0.0979931012856695,-0.0979931012856695,-0.0979931012856695,18.7,24.6,19.25,18.95,19.51,19.88
2024-09-05 13:10:00,-0.0979931012856695,-0.0979931012856695,-0.0979931012856695,-0.0979931012856695,-0.0979931012856695,-0.0979931012856695,18.84,24.6,19.37,19.15,19.7,20.05
2024-09-05 13:20:00,-0.0979931012856695,-0.0979931012856695,-0.0979931012856695,-0.0979931012856695,-0.0979931012856695,-0.0979931012856695,18.99,24.6,19.51,19.33,19.88,20.23
2024-09-05 13:30:00,-0.0979931012856695,-0.0979931012856695,-0.0979931012856695,-0.0979931012856695,-0.0979931012856695,-0.0979931012856695,19.14,24.5,19.64,19.51,20.06,20.38
2024-09-05 13:40:00,-0.0979931012856695,-0.0979931012856695,-0.0979931012856695,-0.0979931012856695,-0.0979931012856695,-0.0979931012856695,19.27,24.52,19.76,19.71,20.26,20.54
2024-09-05 13:50:00,-0.0979931012856695,-0.0979931012856695,-0.0979931012856695,-0.0979931012856695,-0.0979931012856695,-0.0979931012856695,19.43,24.63,19.89,19.89,20.45,20.67
2024-09-05 14:00:00,-0.0979931012856695,-0.0979931012856695,-0.0979931012856695,-0.0979931012856695,-0.0979931012856695,-0.0979931012856695,19.57,24.76,20.03,20.09,20.64,20.83
2024-09-05 14:10:00,-0.0979931012856695,-0.0979931012856695,-0.0979931012856695,-0.0979931012856695,-0.0979931012856695,-0.0979931012856695,19.74,24.89,20.16,20.29,20.83,20.96
2024-09-05 14:20:00,-0.0979931012856695,-0.0979931012856695,-0.0979931012856695,-0.0979931012856695,-0.0979931012856695,-0.0979931012856695,19.9,24.93,20.32,20.48,21.03,21.08
2024-09-05 14:30:00,-0.0979931012856695,-0.0979931012856695,-0.0979931012856695,-0.0979931012856695,-0.0979931012856695,-0.0979931012856695,20.05,24.97,20.45,20.67,21.23,21.23
2024-09-05 14:40:00,-0.0979931012856695,-0.0979931012856695,-0.0979931012856695,-0.0979931012856695,-0.0979931012856695,-0.0979931012856695,20.25,24.9,20.57,20.85,21.46,21.35
2024-09-05 14:50:00,-0.0979931012856695,-0.0979931012856695,-0.0979931012856695,-0.0979931012856695,-0.0979931012856695,-0.0979931012856695,20.41,24.9,20.72,21.04,21.69,21.47
2024-09-05 15:00:00,-0.0979931012856695,-0.0979931012856695,-0.0979931012856695,-0.0979931012856695,-0.0979931012856695,-0.0979931012856695,20.56,24.9,20.85,21.22,21.9,21.58
2024-09-05 15:10:00,-0.0979931012856695,-0.0979931012856695,-0.0979931012856695,-0.0979931012856695,-0.0979931012856695,-0.0979931012856695,20.71,24.9,20.97,21.41,22.13,21.7
2024-09-05 15:20:00,-0.0979931012856695,-0.0979931012856695,-0.0979931012856695,-0.0979931012856695,-0.0979931012856695,-0.0979931012856695,20.85,24.84,21.12,21.59,22.37,21.81
2024-09-05 15:30:00,-0.0979931012856695,-0.0979931012856695,-0.0979931012856695,-0.0979931012856695,-0.0979931012856695,-0.0979931012856695,20.98,24.8,21.25,21.76,22.57,21.92
2024-09-05 15:40:00,-0.0979931012856695,-0.0979931012856695,-0.0979931012856695,-0.0979931012856695,-0.0979931012856695,-0.0979931012856695,21.11,24.71,21.37,21.94,22.76,22.03
2024-09-05 15:50:00,-0.0979931012856695,-0.0979931012856695,-0.0979931012856695,-0.0979931012856695,-0.0979931012856695,-0.0979931012856695,21.22,24.61,21.52,22.12,22.94,22.14
2024-09-05 16:00:00,-0.0979931012856695,-0.0979931012856695,-0.0979931012856695,-0.0979931012856695,-0.0979931012856695,-0.0979931012856695,21.33,24.6,21.64,22.29,23.07,22.25
2024-09-05 16:10:00,-0.0979931012856695,-0.0979931012856695,-0.0979931012856695,-0.0979931012856695,-0.0979931012856695,-0.0979931012856695,21.43,24.57,21.74,22.46,23.22,22.37
2024-09-05 16:20:00,-0.0979931012856695,-0.0979931012856695,-0.0979931012856695,-0.0979931012856695,-0.0979931012856695,-0.0979931012856695,21.5,24.5,21.86,22.63,23.34,22.48
2024-09-05 16:30:00,-0.0979931012856695,-0.0979931012856695,-0.0979931012856695,-0.0979931012856695,-0.0979931012856695,-0.0979931012856695,21.6,24.42,21.97,22.77,23.42,22.57
2024-09-05 16:40:00,-0.0979931012856695,-0.0979931012856695,-0.0979931012856695,-0.0979931012856695,-0.0979931012856695,-0.0979931012856695,21.67,24.32,22.08,22.93,23.5,22.67
2024-09-05 16:50:00,-0.0979931012856695,-0.0979931012856695,-0.0979931012856695,-0.0979931012856695,-0.0979931012856695,-0.0979931012856695,21.7,24.2,22.18,23.05,23.58,22.76
2024-09-05 17:00:00,-0.0979931012856695,-0.0979931012856695,-0.0979931012856695,-0.0979931012856695,-0.0979931012856695,-0.0979931012856695,21.79,24.07,22.28,23.17,23.61,22.84
2024-09-05 17:10:00,-0.0979931012856695,-0.0979931012856695,-0.0979931012856695,-0.0979931012856695,-0.0979931012856695,-0.0979931012856695,21.8,23.95,22.4,23.31,23.7,22.91
2024-09-05 17:20:00,-0.0979931012856695,-0.0979931012856695,-0.0979931012856695,-0.0979931012856695,-0.0979931012856695,-0.0979931012856695,21.87,23.83,22.48,23.41,23.7,23
2024-09-05 17:30:00,-0.0979931012856695,-0.0979931012856695,-0.0979931012856695,-0.0979931012856695,-0.0979931012856695,-0.0979931012856695,21.9,23.68,22.56,23.5,23.7,23.06
2024-09-05 17:40:00,-0.0979931012856695,-0.0979931012856695,-0.0979931012856695,-0.0979931012856695,-0.0979931012856695,-0.0979931012856695,21.9,23.55,22.63,23.6,23.78,23.11
2024-09-05 17:50:00,-0.0979931012856695,-0.0979931012856695,-0.0979931012856695,-0.0979931012856695,-0.0979931012856695,-0.0979931012856695,21.9,23.43,22.7,23.69,23.8,23.2
2024-09-05 18:00:00,-0.0979931012856695,-0.0979931012856695,-0.0979931012856695,-0.0979931012856695,-0.0979931012856695,-0.0979931012856695,21.98,23.3,22.78,23.75,23.8,23.24
2024-09-05 18:10:00,-0.0979931012856695,-0.0979931012856695,-0.0979931012856695,-0.0979931012856695,-0.0979931012856695,-0.0979931012856695,22,23.15,22.8,23.8,23.8,23.3
2024-09-05 18:20:00,-0.0979931012856695,-0.0979931012856695,-0.0979931012856695,-0.0979931012856695,-0.0979931012856695,-0.0979931012856695,22,23.02,22.9,23.89,23.8,23.3
2024-09-05 18:30:00,-0.0979931012856695,-0.0979931012856695,-0.0979931012856695,-0.0979931012856695,-0.0979931012856695,-0.0979931012856695,22,22.87,22.9,23.9,23.77,23.38
2024-09-05 18:40:00,-0.0979931012856695,-0.0979931012856695,-0.0979931012856695,-0.0979931012856695,-0.0979931012856695,-0.0979931012856695,22,22.74,22.98,23.97,23.7,23.4
2024-09-05 18:50:00,-0.0979931012856695,-0.0979931012856695,-0.0979931012856695,-0.0979931012856695,-0.0979931012856695,-0.0979931012856695,21.98,22.62,23,24,23.7,23.4
2024-09-05 19:00:00,-0.0979931012856695,-0.0979931012856695,-0.0979931012856695,-0.0979931012856695,-0.0979931012856695,-0.0979931012856695,21.9,22.48,23,24,23.7,23.4
2024-09-05 19:10:00,-0.0979931012856695,-0.0979931012856695,-0.0979931012856695,-0.0979931012856695,-0.0979931012856695,-0.0979931012856695,21.9,22.36,23,24.03,23.69,23.4
2024-09-05 19:20:00,-0.0979931012856695,-0.0979931012856695,-0.0979931012856695,-0.0979931012856695,-0.0979931012856695,-0.0979931012856695,21.9,22.23,23.1,24.1,23.6,23.4
2024-09-05 19:30:00,-0.0979931012856695,-0.0979931012856695,-0.0979931012856695,-0.0979931012856695,-0.0979931012856695,-0.0979931012856695,21.9,22.1,23.1,24.1,23.6,23.4
2024-09-05 19:40:00,-0.0979931012856695,-0.0979931012856695,-0.0979931012856695,-0.0979931012856695,-0.0979931012856695,-0.0979931012856695,21.85,21.96,23.1,24.1,23.55,23.4
2024-09-05 19:50:00,-0.0979931012856695,-0.0979931012856695,-0.0979931012856695,-0.0979931012856695,-0.0979931012856695,-0.0979931012856695,21.8,21.84,23.1,24.1,23.5,23.4
2024-09-05 20:00:00,-0.0979931012856695,-0.0979931012856695,-0.0979931012856695,-0.0979931012856695,-0.0979931012856695,-0.0979931012856695,21.8,21.71,23.1,24.01,23.48,23.4
2024-09-05 20:10:00,-0.0979931012856695,-0.0979931012856695,-0.0979931012856695,-0.0979931012856695,-0.0979931012856695,-0.0979931012856695,21.76,21.61,23.1,24,23.4,23.4
2024-09-05 20:20:00,-0.0979931012856695,-0.0979931012856695,-0.0979931012856695,-0.0979931012856695,-0.0979931012856695,-0.0979931012856695,21.7,21.51,23.06,24,23.39,23.4
2024-09-05 20:30:00,-0.0979931012856695,-0.0979931012856695,-0.0979931012856695,-0.0979931012856695,-0.0979931012856695,-0.0979931012856695,21.7,21.42,23,23.98,23.3,23.4
2024-09-05 20:40:00,-0.0979931012856695,-0.0979931012856695,-0.0979931012856695,-0.0979931012856695,-0.0979931012856695,-0.0979931012856695,21.65,21.31,23,23.9,23.27,23.3
2024-09-05 20:50:00,-0.0979931012856695,-0.0979931012856695,-0.0979931012856695,-0.0979931012856695,-0.0979931012856695,-0.0979931012856695,21.6,21.21,23,23.9,23.2,23.3
2024-09-05 21:00:00,-0.0979931012856695,-0.0979931012856695,-0.0979931012856695,-0.0979931012856695,-0.0979931012856695,-0.0979931012856695,21.58,21.13,22.98,23.86,23.12,23.3
2024-09-05 21:10:00,-0.0979931012856695,-0.0979931012856695,-0.0979931012856695,-0.0979931012856695,-0.0979931012856695,-0.0979931012856695,21.5,21.05,22.9,23.8,23.09,23.2
2024-09-05 21:20:00,-0.0979931012856695,-0.0979931012856695,-0.0979931012856695,-0.0979931012856695,-0.0979931012856695,-0.0979931012856695,21.5,20.97,22.9,23.77,23,23.2
2024-09-05 21:30:00,-0.0979931012856695,-0.0979931012856695,-0.0979931012856695,-0.0979931012856695,-0.0979931012856695,-0.0979931012856695,21.41,20.9,22.86,23.7,22.96,23.11
2024-09-05 21:40:00,-0.0979931012856695,-0.0979931012856695,-0.0979931012856695,-0.0979931012856695,-0.0979931012856695,-0.0979931012856695,21.4,20.88,22.8,23.68,22.9,23.1
2024-09-05 21:50:00,-0.0979931012856695,-0.0979931012856695,-0.0979931012856695,-0.0979931012856695,-0.0979931012856695,-0.0979931012856695,21.31,20.8,22.8,23.6,22.82,23.03
2024-09-05 22:00:00,-0.0979931012856695,-0.0979931012856695,-0.0979931012856695,-0.0979931012856695,-0.0979931012856695,-0.0979931012856695,21.3,20.8,22.7,23.55,22.78,23
2024-09-05 22:10:00,-0.0979931012856695,-0.0979931012856695,-0.0979931012856695,-0.0979931012856695,-0.0979931012856695,-0.0979931012856695,21.2,20.8,22.7,23.5,22.7,22.92
2024-09-05 22:20:00,-0.0979931012856695,-0.0979931012856695,-0.0979931012856695,-0.0979931012856695,-0.0979931012856695,-0.0979931012856695,21.2,20.76,22.62,23.42,22.63,22.9
2024-09-05 22:30:00,-0.0979931012856695,-0.0979931012856695,-0.0979931012856695,-0.0979931012856695,-0.0979931012856695,-0.0979931012856695,21.12,20.7,22.6,23.38,22.59,22.81
2024-09-05 22:40:00,-0.0979931012856695,-0.0979931012856695,-0.0979931012856695,-0.0979931012856695,-0.0979931012856695,-0.0979931012856695,21.1,20.7,22.52,23.3,22.5,22.79
2024-09-05 22:50:00,-0.0979931012856695,-0.0979931012856695,-0.0979931012856695,-0.0979931012856695,-0.0979931012856695,-0.0979931012856695,21.05,20.7,22.5,23.23,22.44,22.7
2024-09-05 23:00:00,-0.0979931012856695,-0.0979931012856695,-0.0979931012856695,-0.0979931012856695,-0.0979931012856695,-0.0979931012856695,21,20.7,22.42,23.16,22.4,22.67
2024-09-05 23:10:00,-0.0979931012856695,-0.0979931012856695,-0.0979931012856695,-0.0979931012856695,-0.0979931012856695,-0.0979931012856695,21,20.64,22.4,23.1,22.3,22.6
2024-09-05 23:20:00,-0.0979931012856695,-0.0979931012856695,-0.0979931012856695,-0.0979931012856695,-0.0979931012856695,-0.0979931012856695,20.91,20.6,22.32,23.01,22.24,22.54
2024-09-05 23:30:00,-0.0979931012856695,-0.0979931012856695,-0.0979931012856695,-0.0979931012856695,-0.0979931012856695,-0.0979931012856695,20.9,20.59,22.29,22.96,22.2,22.5
2024-09-05 23:40:00,-0.0979931012856695,-0.0979931012856695,-0.0979931012856695,-0.0979931012856695,-0.0979931012856695,-0.0979931012856695,20.88,20.5,22.2,22.9,22.1,22.41
2024-09-05 23:50:00,-0.0979931012856695,-0.0979931012856695,-0.0979931012856695,-0.0979931012856695,-0.0979931012856695,-0.0979931012856695,20.8,20.5,22.19,22.8,22.07,22.39
2024-09-06,-0.0979931012856695,-0.0979931012856695,-0.0979931012856695,-0.0979931012856695,-0.0979931012856695,-0.0979931012856695,20.8,20.5,22.1,22.75,22,22.3
2024-09-06 00:10:00,-0.0979931012856695,-0.0979931012856695,-0.0979931012856695,-0.0979931012856695,-0.0979931012856695,-0.0979931012856695,20.77,20.5,22.09,22.7,21.95,22.23
2024-09-06 00:20:00,-0.0979931012856695,-0.0979931012856695,-0.0979931012856695,-0.0979931012856695,-0.0979931012856695,-0.0979931012856695,20.7,20.5,22,22.6,21.9,22.2
2024-09-06 00:30:00,-0.0979931012856695,-0.0979931012856695,-0.0979931012856695,-0.0979931012856695,-0.0979931012856695,-0.0979931012856695,20.7,20.4,22,22.55,21.83,22.1
2024-09-06 00:40:00,-0.0979931012856695,-0.0979931012856695,-0.0979931012856695,-0.0979931012856695,-0.0979931012856695,-0.0979931012856695,20.69,20.39,21.9,22.5,21.8,22.08
2024-09-06 00:50:00,-0.0979931012856695,-0.0979931012856695,-0.0979931012856695,-0.0979931012856695,-0.0979931012856695,-0.0979931012856695,20.6,20.3,21.9,22.4,21.72,22
2024-09-06 01:00:00,-0.0979931012856695,-0.0979931012856695,-0.0979931012856695,-0.0979931012856695,-0.0979931012856695,-0.0979931012856695,20.6,20.3,21.81,22.35,21.7,21.97
2024-09-06 01:10:00,-0.0979931012856695,-0.0979931012856695,-0.0979931012856695,-0.0979931012856695,-0.0979931012856695,-0.0979931012856695,20.6,20.23,21.8,22.27,21.63,21.9
2024-09-06 01:20:00,-0.0979931012856695,-0.0979931012856695,-0.0979931012856695,-0.0979931012856695,-0.0979931012856695,-0.0979931012856695,20.51,20.2,21.73,22.2,21.6,21.85
2024-09-06 01:30:00,-0.0979931012856695,-0.0979931012856695,-0.0979931012856695,-0.0979931012856695,-0.0979931012856695,-0.0979931012856695,20.5,20.2,21.7,22.13,21.53,21.8
2024-09-06 01:40:00,-0.0979931012856695,-0.0979931012856695,-0.0979931012856695,-0.0979931012856695,-0.0979931012856695,-0.0979931012856695,20.5,20.2,21.68,22.08,21.5,21.74
2024-09-06 01:50:00,-0.0979931012856695,-0.0979931012856695,-0.0979931012856695,-0.0979931012856695,-0.0979931012856695,-0.0979931012856695,20.42,20.19,21.6,22,21.43,21.7
2024-09-06 02:00:00,-0.0979931012856695,-0.0979931012856695,-0.0979931012856695,-0.0979931012856695,-0.0979931012856695,-0.0979931012856695,20.4,20.1,21.6,21.94,21.4,21.67
2024-09-06 02:10:00,-0.0979931012856695,-0.0979931012856695,-0.0979931012856695,-0.0979931012856695,-0.0979931012856695,-0.0979931012856695,20.4,20.1,21.5,21.9,21.32,21.6
2024-09-06 02:20:00,-0.0979931012856695,-0.0979931012856695,-0.0979931012856695,-0.0979931012856695,-0.0979931012856695,-0.0979931012856695,20.35,20.1,21.5,21.81,21.3,21.56
2024-09-06 02:30:00,-0.0979931012856695,-0.0979931012856695,-0.0979931012856695,-0.0979931012856695,-0.0979931012856695,-0.0979931012856695,20.3,20.2,21.42,21.77,21.21,21.5
2024-09-06 02:40:00,-0.0979931012856695,-0.0979931012856695,-0.0979931012856695,-0.0979931012856695,-0.0979931012856695,-0.0979931012856695,20.3,20.2,21.4,21.7,21.2,21.47
2024-09-06 02:50:00,-0.0979931012856695,-0.0979931012856695,-0.0979931012856695,-0.0979931012856695,-0.0979931012856695,-0.0979931012856695,20.3,20.2,21.34,21.66,21.13,21.4
2024-09-06 03:00:00,-0.0979931012856695,-0.0979931012856695,-0.0979931012856695,-0.0979931012856695,-0.0979931012856695,-0.0979931012856695,20.24,20.2,21.3,21.6,21.1,21.37
2024-09-06 03:10:00,-0.0979931012856695,-0.0979931012856695,-0.0979931012856695,-0.0979931012856695,-0.0979931012856695,-0.0979931012856695,20.2,20.2,21.27,21.53,21.05,21.3
2024-09-06 03:20:00,-0.0979931012856695,-0.0979931012856695,-0.0979931012856695,-0.0979931012856695,-0.0979931012856695,-0.0979931012856695,20.2,20.2,21.2,21.5,21,21.27
2024-09-06 03:30:00,-0.0979931012856695,-0.0979931012856695,-0.0979931012856695,-0.0979931012856695,-0.0979931012856695,-0.0979931012856695,20.2,20.2,21.2,21.4,20.99,21.2
2024-09-06 03:40:00,-0.0979931012856695,-0.0979931012856695,-0.0979931012856695,-0.0979931012856695,-0.0979931012856695,-0.0979931012856695,20.2,20.14,21.13,21.38,20.9,21.19
2024-09-06 03:50:00,-0.0979931012856695,-0.0979931012856695,-0.0979931012856695,-0.0979931012856695,-0.0979931012856695,-0.0979931012856695,20.12,20.1,21.1,21.3,20.9,21.1
2024-09-06 04:00:00,-0.0979931012856695,-0.0979931012856695,-0.0979931012856695,-0.0979931012856695,-0.0979931012856695,-0.0979931012856695,20.1,20.1,21.1,21.25,20.86,21.1
2024-09-06 04:10:00,-0.0979931012856695,-0.0979931012856695,-0.0979931012856695,-0.0979931012856695,-0.0979931012856695,-0.0979931012856695,20.1,20.1,21.01,21.2,20.8,21.02
2024-09-06 04:20:00,-0.0979931012856695,-0.0979931012856695,-0.0979931012856695,-0.0979931012856695,-0.0979931012856695,-0.0979931012856695,20.1,20.1,21,21.14,20.8,21
2024-09-06 04:30:00,-0.0979931012856695,-0.0979931012856695,-0.0979931012856695,-0.0979931012856695,-0.0979931012856695,-0.0979931012856695,20.1,20.1,21,21.1,20.74,20.97
2024-09-06 04:40:00,-0.0979931012856695,-0.0979931012856695,-0.0979931012856695,-0.0979931012856695,-0.0979931012856695,-0.0979931012856695,20.1,20.01,20.91,21.04,20.7,20.9
2024-09-06 04:50:00,-0.0979931012856695,-0.0979931012856695,-0.0979931012856695,-0.0979931012856695,-0.0979931012856695,-0.0979931012856695,20.02,20,20.9,21,20.7,20.9
2024-09-06 05:00:00,-0.0979931012856695,-0.0979931012856695,-0.0979931012856695,-0.0979931012856695,-0.0979931012856695,-0.0979931012856695,20,19.96,20.9,20.95,20.64,20.83
2024-09-06 05:10:00,-0.0979931012856695,-0.0979931012856695,-0.0979931012856695,-0.0979931012856695,-0.0979931012856695,-0.0979931012856695,20,19.9,20.83,20.9,20.6,20.8
2024-09-06 05:20:00,-0.0979931012856695,-0.0979931012856695,-0.0979931012856695,-0.0979931012856695,-0.0979931012856695,-0.0979931012856695,20,19.86,20.8,20.88,20.6,20.8
2024-09-06 05:30:00,-0.0979931012856695,-0.0979931012856695,-0.0979931012856695,-0.0979931012856695,-0.0979931012856695,-0.0979931012856695,20,19.8,20.8,20.8,20.56,20.72
2024-09-06 05:40:00,-0.0979931012856695,-0.0979931012856695,-0.0979931012856695,-0.0979931012856695,-0.0979931012856695,-0.0979931012856695,20,19.78,20.78,20.8,20.5,20.7
2024-09-06 05:50:00,-0.0979931012856695,-0.0979931012856695,-0.0979931012856695,-0.0979931012856695,-0.0979931012856695,-0.0979931012856695,19.94,19.7,20.7,20.71,20.5,20.7
2024-09-06 06:00:00,-0.0979931012856695,-0.0979931012856695,-0.0979931012856695,-0.0979931012856695,-0.0979931012856695,-0.0979931012856695,19.9,19.7,20.7,20.7,20.48,20.64
2024-09-06 06:10:00,-0.0979931012856695,-0.0979931012856695,-0.0979931012856695,-0.0979931012856695,-0.0979931012856695,-0.0979931012856695,19.9,19.7,20.7,20.66,20.4,20.6
2024-09-06 06:20:00,-0.0979931012856695,-0.0979931012856695,-0.0979931012856695,-0.0979931012856695,-0.0979931012856695,-0.0979931012856695,19.9,19.62,20.61,20.6,20.4,20.6
2024-09-06 06:30:00,-0.0979931012856695,-0.0979931012856695,-0.0979931012856695,-0.0979931012856695,-0.0979931012856695,-0.0979931012856695,19.9,19.69,20.6,20.6,20.4,20.55
2024-09-06 06:40:00,-0.0979931012856695,-0.0979931012856695,-0.0979931012856695,-0.0979931012856695,-0.0979931012856695,-0.0979931012856695,19.8,19.7,20.6,20.52,20.3,20.5
2024-09-06 06:50:00,-0.0979931012856695,-0.0979931012856695,-0.0979931012856695,-0.0979931012856695,-0.0979931012856695,-0.0979931012856695,19.8,19.77,20.55,20.5,20.3,20.5
2024-09-06 07:00:00,-0.0979931012856695,-0.0979931012856695,-0.0979931012856695,-0.0979931012856695,-0.0979931012856695,-0.0979931012856695,19.8,19.83,20.5,20.49,20.3,20.48
2024-09-06 07:10:00,-0.0979931012856695,-0.0979931012856695,-0.0979931012856695,-0.0979931012856695,-0.0979931012856695,-0.0979931012856695,19.8,19.9,20.5,20.4,20.22,20.4
2024-09-06 07:20:00,-0.0979931012856695,-0.0979931012856695,-0.0979931012856695,-0.0979931012856695,-0.0979931012856695,-0.0979931012856695,19.8,20,20.5,20.4,20.2,20.4
2024-09-06 07:30:00,-0.0979931012856695,-0.0979931012856695,-0.0979931012856695,-0.0979931012856695,-0.0979931012856695,-0.0979931012856695,19.8,20.13,20.4,20.38,20.2,20.4
2024-09-06 07:40:00,-0.0979931012856695,-0.0979931012856695,-0.0979931012856695,-0.0979931012856695,-0.0979931012856695,-0.0979931012856695,19.8,20.27,20.4,20.3,20.14,20.35
2024-10-03 07:40:00,-543.24470560961,-175.952524552235,-443.808384195301,-288.068321720408,-1807.98782845276,-970.946951329539,13.44,17.67,14.39,14.78,14.08,14.8
2024-10-03 07:50:00,-545.249784290723,-174.178883529609,-446.267749180047,-289.731358290505,-1808.82062936196,-974.530649453975,13.4,18.44,14.3,14.7,14,14.77
2024-10-03 08:00:00,-547.76654294435,-174.862024590425,-448.327627518273,-290.666848862245,-1813.40789608293,-977.452141482068,13.4,18.57,14.27,14.63,14,14.7
2024-10-03 08:10:00,-550.168222927429,-174.50002858491,-448.844081011707,-291.80686340047,-1822.19773485269,-987.40541010255,13.4,18.9,14.2,14.6,13.96,14.7
2024-10-03 08:20:00,-551.563479228138,-173.179109619193,-450.293318016791,-292.81647112814,-1820.93943990017,-985.588216331275,13.4,19.66,14.2,14.55,13.9,14.78
2024-10-03 08:30:00,-553.981806861547,-172.502543275338,-452.788619274345,-293.829571946246,-1822.19773485269,-986.042201004035,13.4,20.3,14.2,14.5,13.97,14.84
2024-10-03 08:40:00,-557.436628688305,-171.789059655402,-454.250592485743,-295.11786640393,-1813.82549675804,-984.227516045308,13.4,20.9,14.2,14.5,14,14.96
2024-10-03 08:50:00,-557.051698072484,-172.582001926894,-454.564486081091,-295.185827627941,-1799.6808789475,-979.931012856695,13.4,21.32,14.2,14.54,14.01,15.12
2024-10-03 09:00:00,-559.751804663534,-174.29924360594,-457.0834560244,-296.07074904391,-1809.65381387847,-982.642406511237,13.4,21.53,14.2,14.6,14.1,15.27
2024-10-03 09:10:00,-561.559142809004,-176.927565793617,-458.031664380635,-296.753262608359,-1804.66045735798,-983.774366873458,13.4,21.6,14.24,14.63,14.17,15.48
2024-10-03 09:20:00,-562.983287097193,-179.512833661977,-458.770519485306,-297.505844895295,-1802.99906886629,-983.321426336468,13.44,21.65,14.3,14.7,14.26,15.7
2024-10-03 09:30:00,-563.112933715187,-180.507604362898,-460.251807179199,-297.642882951759,-1791.82463178023,-980.156676290397,13.5,21.84,14.3,14.79,14.37,15.95
2024-10-03 09:40:00,-567.800149367828,-181.007055004469,-461.525288488704,-298.123013432988,-1793.88873408823,-980.608159070496,13.5,22.03,14.4,14.88,14.47,16.21
2024-10-03 09:50:00,-569.37120865858,-181.173845461154,-463.122096364788,-298.535170239233,-1781.94995280936,-990.593565009518,13.58,22.42,14.4,14.98,14.63,16.48
2024-10-03 10:00:00,-572.526380268139,-181.382549675805,-464.831448030041,-298.741462271592,-1778.67050110509,-979.254334237408,13.6,22.76,14.49,15.09,14.75,16.72
2024-10-03 10:10:00,-575.831611131584,-181.466098663196,-467.084550320001,-298.741462271592,-1774.17110744141,-975.20406394015,13.7,23.11,14.51,15.2,14.87,16.95
2024-10-03 10:20:00,-577.424892858586,-182.135877497701,-468.05350569969,-299.223364881261,-1768.05390763575,-974.081964826139,13.73,23.34,14.6,15.32,15.02,17.19
2024-10-03 10:30:00,-578.223186143449,-183.145183800907,-470.430533912164,-298.947896854668,-1754.67020817193,-979.028878551723,13.8,23.43,14.6,15.43,15.15,17.42
2024-10-03 10:40:00,-577.823901640656,-184.584616013033,-472.601942597256,-298.39772136389,-1768.86831405963,-972.961156833101,13.89,23.5,14.7,15.55,15.29,17.63
2024-10-03 10:50:00,-579.823085174349,-185.821303583608,-475.220867139328,-298.26033577152,-1764.39371638726,-972.737150038248,13.95,23.47,14.72,15.66,15.45,17.83
2024-10-03 11:00:00,-580.223751141288,-187.281768797743,-476.645505734029,-298.123013432988,-1754.26622693733,-970.946951329539,14.03,23.35,14.8,15.78,15.6,18.03
2024-10-03 11:10:00,-581.69522988336,-188.406335415852,-476.097063085501,-298.6726824267,-1739.38412658813,-978.127574760627,14.11,23.13,14.86,15.92,15.76,18.22
2024-10-03 11:20:00,-583.573419411731,-190.193426386875,-478.735355844247,-298.123013432988,-1736.58282880127,-974.979540756304,14.2,22.9,14.9,16.04,15.93,18.39
2024-10-03 11:30:00,-585.053393093287,-192.17438611987,-478.184508551354,-298.879069481928,-1735.78328696984,-971.170545868446,14.28,22.68,15,16.16,16.07,18.55
2024-10-03 11:40:00,-588.160023113826,-193.818622407338,-478.845601425637,-298.879069481928,-1730.99376052689,-966.485855314373,14.35,22.52,15.04,16.28,16.23,18.72
2024-10-03 11:50:00,-590.874846430656,-196.017796317913,-480.502334971676,-298.123013432988,-1731.79109619193,-962.266800785403,14.41,22.33,15.1,16.42,16.36,18.87
2024-10-03 12:00:00,-591.419312973562,-197.785979507836,-480.170530332036,-297.368869932659,-1724.62827669476,-968.936915595532,14.5,22.14,15.19,16.54,16.48,19.02
2024-10-03 12:10:00,-593.328899821518,-199.156966421314,-480.834368893023,-297.84855840096,-1723.83423887059,-966.26333934115,14.58,21.95,15.2,16.65,16.59,19.13
2024-10-03 12:20:00,-594.833613927803,-201.092328262315,-484.278849999841,-298.05437597481,-1712.75601914611,-966.040874598226,14.63,21.76,15.28,16.77,16.69,19.22
2024-10-03 12:30:00,-597.854499926553,-202.253246942539,-484.50192001184,-297.437349529065,-1719.07768329576,-966.931040998904,14.7,21.57,15.3,16.88,16.78,19.3
2024-10-03 12:40:00,-598.818904537571,-203.795928102824,-484.836717703117,-297.84855840096,-1731.39238246108,-970.276476537124,14.78,21.43,15.38,16.99,16.85,19.39
2024-10-03 12:50:00,-598.956803561472,-205.208573989779,-487.0746223113,-298.123013432988,-1716.70432953959,-971.617889429536,14.81,21.27,15.4,17.09,16.9,19.4
2024-10-03 13:00:00,-601.305951620502,-206.773796827031,-489.999348323317,-297.84855840096,-1719.47356113585,-969.383230294982,14.9,21.17,15.46,17.19,16.99,19.5
2024-10-03 13:10:00,-601.72146255253,-207.967514983222,-491.468290516874,-298.191666697345,-1723.43735706293,-973.185215213365,14.95,21.04,15.5,17.29,17,19.5
2024-10-03 13:20:00,-604.916599922276,-209.023686220855,-492.487829364212,-299.223364881261,-1721.45431822734,-972.289291157266,15,20.94,15.51,17.37,17.09,19.5
2024-10-03 13:30:00,-604.916599922276,-210.375665310515,-494.191762960959,-299.016740077321,-1726.61497178938,-982.189987141248,15.09,20.84,15.6,17.48,17.1,19.5
2024-10-03 13:40:00,-606.730046246744,-211.980299996795,-495.216951584713,-298.879069481928,-1737.78283214032,-970.053087841588,15.13,20.8,15.6,17.55,17.18,19.5
2024-10-03 13:50:00,-608.689068705356,-212.517893476155,-495.330992630721,-298.879069481928,-1732.58879912818,-975.428638828323,15.2,20.71,15.65,17.61,17.2,19.5
2024-10-03 14:00:00,-610.232737028774,-213.351402660791,-497.617336611094,-300.189503439208,-1746.60823087967,-979.931012856695,15.25,20.7,15.7,17.7,17.25,19.5
2024-10-03 14:10:00,-611.498649791252,-214.484297333747,-497.961197241063,-299.844096371805,-1749.02292695399,-986.042201004035,15.3,20.62,15.7,17.76,17.3,19.5
2024-10-03 14:20:00,-610.795041061016,-215.722528695138,-499.339017529118,-300.466115554517,-1733.78604253614,-982.41617078289,15.39,20.54,15.78,17.8,17.37,19.5
2024-10-03 14:30:00,-613.473069215118,-216.818084076158,-499.339017529118,-301.089425100683,-1753.45854347494,-981.73777607011,15.42,20.5,15.8,17.89,17.43,19.5
2024-10-03 14:40:00,-615.028870021975,-218.01958189149,-500.835958605158,-301.366866456294,-1748.21765756457,-987.40541010255,15.5,20.4,15.81,17.91,17.5,19.5
2024-10-03 14:50:00,-616.872631366806,-218.673170848205,-502.800270243415,-301.714027687129,-1757.50068287738,-987.632794777977,15.54,20.32,15.9,18,17.6,19.5
2024-10-03 15:00:00,-620.148221352399,-220.138246314662,-504.191479873842,-302.827633320946,-1750.63457868067,-991.734684752805,15.6,20.22,15.9,18,17.67,19.5
2024-10-03 15:10:00,-622.007329720033,-221.052536393332,-504.191479873842,-303.176477290261,-1754.67020817193,-991.734684752805,15.63,20.11,15.94,18.1,17.76,19.5
2024-10-03 15:20:00,-624.015679785901,-222.431096335433,-506.28551521534,-303.665534063584,-1760.74110239642,-997.689731673034,15.7,19.97,16,18.1,17.85,19.47
2024-10-03 15:30:00,-623.441204701237,-223.921349304986,-507.920220305211,-304.43564624392,-1752.65123187889,-1000.21992666842,15.7,19.85,16,18.17,17.93,19.4
2024-10-03 15:40:00,-624.878385105646,-225.162209877767,-508.973888275133,-304.646015588798,-1761.95779944481,-999.069043550684,15.76,19.68,16.04,18.2,18.01,19.4
2024-10-03 15:50:00,-626.751673771976,-226.931875512021,-509.091097337594,-305.488947655149,-1755.47844975504,-1000.91109280912,15.8,19.54,16.1,18.21,18.1,19.4
2024-10-03 16:00:00,-628.485847391285,-227.874381259151,-509.208333391546,-306.334212049619,-1748.62024590425,-1003.91166932265,15.8,19.39,16.1,18.3,18.16,19.4
2024-10-03 16:10:00,-630.079721413695,-228.87349547519,-511.205482035514,-306.193172409661,-1761.55214037348,-1007.38505225627,15.8,19.25,16.1,18.3,18.2,19.4
2024-10-03 16:20:00,-633.133804929754,-229.559622784626,-512.265965199869,-306.757720885881,-1749.42570073515,-1014.83515310931,15.88,19.13,16.11,18.3,18.2,19.39
2024-10-03 16:30:00,-634.593329085283,-230.778583009565,-513.21046362809,-306.969694817236,-1767.64684504522,-1011.33608282497,15.9,19,16.2,18.38,18.2,19.3
2024-10-03 16:40:00,-634.301155338005,-231.417129578014,-515.935608122565,-307.181815225581,-1768.46106396669,-1011.56897837586,15.9,18.87,16.2,18.4,18.2,19.3
2024-10-03 16:50:00,-637.228956444389,-232.538840397706,-516.292126937687,-308.173650191769,-1767.64684504522,-1012.26798687209,15.9,18.75,16.2,18.4,18.2,19.29
2024-10-03 17:00:00,-638.403857352639,-233.343389706495,-517.720667496668,-308.315602085488,-1779.08010227847,-1016.70627138015,15.9,18.64,16.2,18.4,18.2,19.2
2024-10-03 17:10:00,-640.170271666657,-233.773620250364,-518.555807483093,-308.74185020504,-1778.67050110509,-1014.60150558047,15.92,18.52,16.2,18.4,18.2,19.2
2024-10-03 17:20:00,-641.646016553242,-234.69049579631,-518.675223118018,-309.596115130381,-1779.08010227847,-1015.77028140385,16,18.38,16.2,18.4,18.1,19.12
2024-10-03 17:30:00,-642.089403041688,-236.317292595836,-519.511902906925,-310.45274374099,-1784.82443272262,-1020.69386038459,16,18.24,16.2,18.4,18.1,19.1
2024-10-03 17:40:00,-643.866014976829,-237.517439298627,-520.589617536513,-311.598603372092,-1792.64998754811,-1023.04680273742,16,18.06,16.2,18.4,18.02,19.01
2024-10-03 17:50:00,-645.796225618196,-239.163831534374,-521.789700545817,-312.029390260086,-1794.71504062927,-1023.75374257291,16,17.89,16.2,18.35,18,18.98
2024-10-03 18:00:00,-645.944942815461,-240.323091689403,-522.51107785256,-312.460772713467,-1800.9244839332,-1023.98949772483,16,17.71,16.2,18.3,17.9,18.9
2024-10-03 18:10:00,-646.986922563696,-241.099051833218,-522.270508006308,-313.541839851673,-1818.00679635984,-1030.37544979635,15.91,17.53,16.2,18.3,17.86,18.83
2024-10-03 18:20:00,-646.986922563696,-242.435102676443,-522.872140410428,-314.844058790105,-1816.75139540541,-1029.18986882713,15.9,17.34,16.2,18.26,17.8,18.77
2024-10-03 18:30:00,-649.973278511115,-243.441997265679,-524.077485178375,-315.497195024902,-1823.03708117264,-1035.60825220843,15.9,17.16,16.2,18.2,17.71,18.7
2024-10-03 18:40:00,-649.973278511115,-244.396792823493,-525.164670995782,-315.933371738612,-1836.51932421679,-1037.27880143698,15.89,16.99,16.2,18.19,17.64,18.61
2024-10-03 18:50:00,-652.82308347391,-245.355333152412,-526.254112153352,-317.464744468137,-1842.02492485454,-1039.90939644953,15.8,16.84,16.2,18.1,17.58,18.54
2024-10-03 19:00:00,-654.327996104066,-246.48784191393,-526.860333492332,-318.416454627981,-1844.9963122596,-1043.98798963974,15.8,16.7,16.2,18.09,17.5,18.47
2024-10-03 19:10:00,-656.138471283797,-247.397611511078,-528.074871994833,-319.077001709835,-1852.2325093945,-1050.74057331755,15.75,16.57,16.11,18,17.4,18.4
2024-10-03 19:20:00,-658.560233055324,-248.196414010073,-529.292210297738,-319.959863203548,-1849.67532246446,-1048.32393705986,15.7,16.45,16.1,17.96,17.3,18.31
2024-10-03 19:30:00,-659.774463840238,-248.768565834447,-529.414098365408,-320.475993411571,-1862.49665928313,-1046.63559951561,15.66,16.34,16.1,17.9,17.22,18.23
2024-10-03 19:40:00,-661.752365548643,-249.169856703708,-530.878946408893,-321.80701165185,-1867.22005131237,-1053.16278049715,15.6,16.23,16.06,17.81,17.14,18.14
2024-10-03 19:50:00,-665.11310107017,-250.262340837579,-530.39021393379,-322.474592360628,-1875.40686936288,-1061.19575106621,15.55,16.12,16,17.76,17.05,18.05
2024-10-03 20:00:00,-664.194847816094,-250.377617446031,-533.697910441332,-323.143557949121,-1889.71148443814,-1064.37705165303,15.5,16.02,16,17.7,16.96,17.96
2024-10-03 20:10:00,-666.339413808524,-251.591232371642,-532.10274877091,-323.963067449076,-1889.27641238016,-1064.13199799371,15.42,15.93,15.93,17.6,16.88,17.87
2024-10-03 20:20:00,-668.336996220669,-251.939058718959,-533.329372288732,-325.009086067767,-1900.6209078929,-1070.76829255733,15.39,15.81,15.9,17.53,16.79,17.78
2024-10-03 20:30:00,-670.95825796795,-252.403575319968,-534.435750917765,-326.283793123707,-1910.27328623056,-1069.78253254289,15.3,15.69,15.84,17.46,16.7,17.69
2024-10-03 20:40:00,-672.350144325911,-253.160242166283,-535.297854159508,-327.035954947817,-1900.6209078929,-1077.19791080192,15.26,15.56,15.8,17.36,16.6,17.59
2024-10-03 20:50:00,-672.350144325911,-253.510237678799,-537.521082178194,-328.01635811504,-1924.84384395565,-1080.17843447319,15.2,15.43,15.75,17.28,16.51,17.49
2024-10-03 21:00:00,-674.831742262735,-255.26748669693,-537.149903984062,-328.77251391394,-1938.63255932835,-1089.9222097111,15.15,15.27,15.7,17.2,16.42,17.38
2024-10-03 21:10:00,-676.075973898604,-256.032739106215,-538.884264647516,-329.606298749963,-1937.73999157906,-1080.92485307566,15.1,15.14,15.65,17.1,16.34,17.28
2024-10-03 21:20:00,-680.448878215136,-256.859422882883,-539.25664130944,-330.670538350005,-1939.07899736765,-1082.17003044651,15.02,14.95,15.6,17.02,16.25,17.18
2024-10-03 21:30:00,-682.803128686577,-257.510832239583,-539.380824036314,-330.822852829478,-1961.9841854706,-1087.66587368182,14.98,14.77,15.54,16.94,16.16,17.09
2024-10-03 21:40:00,-683.117643561857,-259.057101732856,-541.745736871956,-332.656108282454,-1962.43600103961,-1090.92652759862,14.9,14.6,15.5,16.85,16.07,16.99
2024-10-03 21:50:00,-683.274955322631,-259.236113860541,-542.994589773133,-333.269448212793,-1966.05427327392,-1101.27429506206,14.84,14.44,15.43,16.77,15.98,16.89
2024-10-03 22:00:00,-688.645164683418,-260.432693394707,-543.24470560961,-334.345515465202,-1979.68231044093,-1096.21439929476,14.79,14.32,15.4,16.68,15.89,16.8
2024-10-03 22:10:00,-690.073742093139,-260.612656075721,-544.747821878335,-335.270623760748,-1977.40442845837,-1101.27429506206,14.7,14.19,15.3,16.6,15.8,16.7
2024-10-03 22:20:00,-690.55059282607,-261.393932475362,-543.995744586088,-336.120888153983,-1992.48702715164,-1103.05077079032,14.64,14.08,15.27,16.5,15.7,16.6
2024-10-03 22:30:00,-693.099367361022,-262.117189358297,-547.136266292261,-335.966134400785,-2003.06712135699,-1110.69675346017,14.59,13.95,15.2,16.41,15.61,16.5
2024-10-03 22:40:00,-694.377280217906,-262.600472047713,-546.129331749496,-337.827891358135,-2003.06712135699,-1110.69675346017,14.5,13.83,15.17,16.32,15.52,16.41
2024-10-03 22:50:00,-694.697126414431,-263.630408406301,-548.01885685256,-338.217054068533,-2003.98978028954,-1108.39741036934,14.41,13.71,15.1,16.23,15.43,16.31
2024-10-03 23:00:00,-698.707656692348,-263.69111854039,-547.640429556625,-338.996724900167,-2013.70339579933,-1112.48842864303,14.35,13.61,15.04,16.14,15.34,16.21
2024-10-03 23:10:00,-699.673624106151,-264.298989347654,-549.788311414698,-339.934702734061,-2015.55893954599,-1112.74461806399,14.3,13.53,14.99,16.05,15.26,16.11
2024-10-03 23:20:00,-700.963658352283,-264.54252985017,-551.18260423931,-340.718333154803,-2025.79503521638,-1119.94192418251,14.2,13.5,14.9,15.96,15.18,16.01
2024-10-03 23:30:00,-704.685771188568,-264.908261441848,-551.944617406978,-341.897167189421,-2026.26154546825,-1123.81675429453,14.14,13.42,14.84,15.86,15.1,15.91
2024-10-03 23:40:00,-706.310239661266,-265.091316803794,-553.216981155917,-343.317153007968,-2044.06876747326,-1118.65328533518,14.08,13.39,14.79,15.77,15,15.81
2024-10-03 23:50:00,-709.570419599025,-264.969265846351,-554.87544002651,-343.950149407154,-2048.78083262989,-1127.7049907342,14,13.3,14.7,15.68,14.91,15.7
2024-10-04,-708.917181964013,-265.152363363204,-554.74768994318,-344.108580781878,-2054.44965143066,-1130.30461921948,13.92,13.26,14.64,15.58,14.83,15.61
2024-10-04 00:10:00,-710.551404845954,-265.213423980723,-555.770514719379,-345.537751163041,-2063.93256015918,-1141.28866094322,13.87,13.2,14.59,15.49,14.74,15.51
2024-10-04 00:20:00,-713.338234286089,-265.70241540141,-557.564997993951,-346.733259656948,-2070.11991047434,-1137.35358909719,13.8,13.1,14.5,15.4,14.66,15.42
2024-10-04 00:30:00,-716.795883324245,-266.069750541634,-559.107737408992,-346.972857251978,-2083.98938463843,-1142.34031087456,13.72,13.06,14.43,15.3,14.58,15.32
2024-10-04 00:40:00,-716.960950679163,-266.437593524833,-558.593017226169,-348.253510099243,-2084.94931823255,-1131.86727195325,13.68,13,14.39,15.21,14.48,15.23
2024-10-04 00:50:00,-717.952153378449,-266.498950111607,-558.979012915363,-349.619383318206,-2090.23686220855,-1144.44651878492,13.6,13,14.3,15.13,14.4,15.16
2024-10-04 01:00:00,-720.436159524505,-265.947249102539,-560.396613854916,-350.90980431036,-2110.06338988612,-1147.08474047815,13.52,12.91,14.25,15.05,14.31,15.07
2024-10-04 01:10:00,-723.928213187555,-265.947249102539,-562.076596152923,-350.748241577531,-2117.85148809521,-1152.91025563189,13.49,12.9,14.2,14.96,14.23,14.98
2024-10-04 01:20:00,-725.095988468882,-265.457807096639,-563.502052730713,-352.448366794203,-2101.81991366005,-1156.89915119737,13.4,12.9,14.11,14.88,14.16,14.9
2024-10-04 01:30:00,-728.442879483359,-265.580083087453,-564.931124343304,-352.691913609237,-2125.6683316368,-1158.76535589439,13.35,12.94,14.07,14.79,14.09,14.8
2024-10-04 01:40:00,-729.114109234792,-265.335587403036,-563.242610188854,-353.26084418983,-2127.62704640505,-1167.33498748371,13.3,12.9,14,14.7,14,14.71
2024-10-04 01:50:00,-731.299880466196,-265.641242202418,-564.541018500957,-354.809714797618,-2126.15784121282,-1166.26032720274,13.2,12.9,13.93,14.61,13.92,14.63
2024-10-04 02:00:00,-735.013815788716,-265.947249102539,-566.885700812451,-356.365376421731,-2140.40276060047,-1169.48727972209,13.18,12.87,13.9,14.54,13.86,14.55
2024-10-04 02:10:00,-735.860519024444,-266.560320827883,-565.972724986804,-356.119292944715,-2147.80823126777,-1170.29541200198,13.1,12.8,13.8,14.44,13.79,14.46
2024-10-04 02:20:00,-735.521720749292,-266.805945053104,-570.158367678026,-357.680696408417,-2150.2824108547,-1174.88538773854,13.05,12.74,13.76,14.36,13.7,14.39
2024-10-04 02:30:00,-740.449599299441,-266.990311741311,-571.47271845763,-358.587793955147,-2166.68363167396,-1178.95031394611,13,12.7,13.7,14.29,13.64,14.3
2024-10-04 02:40:00,-738.57652936699,-266.805945053104,-572.262782826641,-359.911316731425,-2164.19058034927,-1181.39601729533,12.94,12.62,13.62,14.2,13.57,14.22
2024-10-04 02:50:00,-744.552802128265,-267.482579326747,-572.7900991287,-360.242960008436,-2167.68165614625,-1186.30265517255,12.9,12.6,13.58,14.12,13.5,14.15
2024-10-04 03:00:00,-746.441028210921,-267.667413578824,-573.449927855599,-361.655856640131,-2188.2427710748,-1195.07593844042,12.83,12.54,13.5,14.05,13.43,14.09
2024-10-04 03:10:00,-746.097358552986,-267.42099627705,-574.374965226197,-362.406102795024,-2198.34324078429,-1196.72813790109,12.8,12.5,13.46,13.98,13.38,14
2024-10-04 03:20:00,-750.231858450197,-267.790707365366,-575.433978099819,-363.157905317062,-2197.83711181923,-1198.10671550723,12.73,12.45,13.4,13.9,13.3,13.92
2024-10-04 03:30:00,-751.96132149755,-267.914057943871,-577.026159606841,-362.990703423838,-2208.99891438581,-1196.17715110609,12.7,12.4,13.33,13.83,13.22,13.87
2024-10-04 03:40:00,-755.084407954801,-267.852375553988,-579.022583073438,-364.498296058674,-2208.99891438581,-1194.25069429022,12.65,12.4,13.29,13.76,13.18,13.8
2024-10-04 03:50:00,-755.95423162033,-267.914057943871,-578.356342281911,-365.338551410078,-2205.44129667765,-1203.35980909845,12.6,12.39,13.2,13.7,13.1,13.72
2024-10-04 04:00:00,-758.045898768167,-268.902910224264,-580.223751141288,-365.84363408992,-2211.03441481279,-1199.76310503489,12.58,12.3,13.18,13.61,13.05,13.67
2024-10-04 04:10:00,-759.793375038804,-269.212674420927,-580.357367979902,-366.686990765781,-2222.26324040379,-1205.30095991149,12.5,12.23,13.1,13.55,13,13.6
2024-10-04 04:20:00,-760.843793814784,-269.212674420927,-581.42741100267,-366.940376671717,-2222.26324040379,-1212.25923828911,12.5,12.14,13.08,13.5,12.92,13.52
2024-10-04 04:30:00,-761.895664800853,-270.206319805029,-581.42741100267,-367.447673884333,-2206.96528786091,-1225.16759781448,12.42,12.04,13,13.41,12.9,13.49
2024-10-04 04:40:00,-763.476198566452,-270.829209702333,-584.245670044151,-369.143735285267,-2237.66723328781,-1222.0683664936,12.4,11.97,12.99,13.36,12.8,13.4
2024-10-04 04:50:00,-763.827873319077,-271.828821606489,-584.784028077326,-369.398818836473,-2252.65924786769,-1219.81930546868,12.35,11.86,12.9,13.3,12.79,13.34
2024-10-04 05:00:00,-766.470602535675,-273.083526438647,-584.245670044151,-369.824349851624,-2248.5135157174,-1230.25603018887,12.3,11.69,12.89,13.2,12.7,13.29
2024-10-04 05:10:00,-767.707003337853,-274.660054841515,-588.0246098543,-369.824349851624,-2270.36405569845,-1225.16759781448,12.25,11.47,12.8,13.16,12.67,13.2
2024-10-04 05:20:00,-768.768362751149,-276.118498091117,-587.212784751762,-372.045025793959,-2269.31875512021,-1229.1234441658,12.2,11.24,12.8,13.1,12.6,13.15
2024-10-04 05:30:00,-771.60583367162,-278.224584452896,-588.0246098543,-372.216398316976,-2262.01511417183,-1238.21340792828,12.13,11.05,12.7,13.03,12.55,13.1
2024-10-04 05:40:00,-774.988936034161,-278.737565405291,-590.19496806859,-371.616939602307,-2270.8868865323,-1240.21078140323,12.1,10.9,12.7,12.99,12.5,13.02
2024-10-04 05:50:00,-777.133270743374,-280.088644919326,-590.19496806859,-373.934471149786,-2278.74381259151,-1240.78205110433,12.02,10.8,12.61,12.9,12.42,12.98
2024-10-04 06:00:00,-777.849366660902,-280.153145138754,-591.147017018082,-374.451437738843,-2292.95484581285,-1241.0677846248,11.98,10.7,12.6,12.86,12.38,12.9
2024-10-04 06:10:00,-777.670280844083,-279.637558992333,-592.37333692512,-376.006629715701,-2304.06911494368,-1240.78205110433,11.9,10.7,12.5,12.8,12.3,12.84
2024-10-04 06:20:00,-783.421529594226,-279.380121854804,-592.646197751843,-375.746983226611,-2315.23725647348,-1251.39813222969,11.86,10.7,12.48,12.72,12.21,12.8
2024-10-04 06:30:00,-785.589196640483,-279.058658687456,-593.875627672337,-376.439772635191,-2320.04015906013,-1263.84991170699,11.8,10.79,12.4,12.68,12.17,12.7
2024-10-04 06:40:00,-786.494160466278,-278.994410453834,-597.166590565342,-376.960202818175,-2308.84884949617,-1251.68631047463,11.74,10.8,12.35,12.6,12.1,12.65
2024-10-04 06:50:00,-788.12572320445,-278.609231564926,-596.067581589205,-378.351536886402,-2321.10882308731,-1263.2680213092,11.7,10.8,12.3,12.54,12.03,12.6
2024-10-04 07:00:00,-787.581493233966,-277.07382644144,-595.930347756662,-378.961859242099,-2332.89666590766,-1261.81446714563,11.64,10.89,12.2,12.5,12,12.5
2024-10-04 07:10:00,-790.852519316269,-274.913142634026,-597.854499926553,-379.748006272563,-2325.38840397706,-1262.68639882014,11.6,11.2,12.19,12.41,11.91,12.46
2024-10-04 07:20:00,-795.418160735365,-265.274498659587,-599.232696884827,-381.500843428155,-2343.66482765866,-1271.14619687202,11.59,12.75,12.1,12.37,11.9,12.4
2024-10-04 07:30:00,-796.151105416894,-252.461700082567,-598.681037262437,-382.997114879667,-2344.74437375328,-1269.09900156096,11.5,14.97,12.1,12.3,11.9,12.35
2024-10-04 07:40:00,-798.170187580961,-243.161885584908,-600.33754159206,-384.056838404454,-2355.02489508196,-1269.6835778428,11.5,16.91,12.01,12.22,11.8,12.3
2024-10-04 07:50:00,-801.116178605803,-240.544539401559,-601.860029992065,-385.385617129529,-2350.69077200875,-1276.42559005241,11.5,17.57,12,12.2,11.8,12.27
2024-10-04 08:00:00,-802.778074359975,-241.988931778436,-603.386379504807,-386.096177920925,-2359.91033614361,-1283.79447540082,11.5,17.67,12,12.12,11.8,12.2
2024-10-04 08:10:00,-803.702839008655,-240.323091689403,-603.803328041979,-388.14634631804,-2353.94061572227,-1283.79447540082,11.5,18.13,12,12.1,11.8,12.27
2024-10-04 08:20:00,-805.370100726036,-234.69049579631,-606.590357573618,-386.897124919531,-2355.02489508196,-1281.43181534202,11.5,19.37,12,12.1,11.8,12.33
2024-10-04 08:30:00,-804.813962874877,-232.378263725076,-607.84871430975,-389.130706396882,-2341.50722634525,-1282.90796781848,11.5,20.41,12,12.1,11.84,12.44
2024-10-04 08:40:00,-805.92662287633,-231.790430685325,-608.969444934588,-390.297260016578,-2357.19495236369,-1283.79447540082,11.54,21.14,12.05,12.12,11.9,12.58
2024-10-04 08:50:00,-806.297851273843,-233.074897787181,-608.408821564424,-389.578967669188,-2355.56722203897,-1277.60176303133,11.6,21.55,12.1,12.2,11.96,12.75
2024-10-04 09:00:00,-805.741072776606,-235.177355441545,-608.689068705356,-391.106922056378,-2341.50722634525,-1293.58658297297,11.63,21.91,12.19,12.24,12.05,12.98
2024-10-04 09:10:00,-809.273840943918,-239.936048635146,-610.092241924137,-392.098790315047,-2343.12524101374,-1278.77901980463,11.7,22.15,12.28,12.34,12.17,13.23
2024-10-04 09:20:00,-811.513039344962,-242.77027062101,-610.513824307252,-392.098790315047,-2310.97635747653,-1277.89597557994,11.76,22.44,12.39,12.44,12.33,13.53
2024-10-04 09:30:00,-813.009279271506,-243.834695798027,-611.357863232986,-392.640869181377,-2314.17129578014,-1273.78315830649,11.82,22.77,12.51,12.56,12.48,13.85
2024-10-04 09:40:00,-813.945829813345,-244.453073744018,-611.217109088292,-393.274241790865,-2289.78919887968,-1271.73171613925,11.9,23.1,12.62,12.69,12.66,14.18
2024-10-04 09:50:00,-811.326203073391,-245.920935609011,-613.190619467741,-393.093174005142,-2288.20801472158,-1266.76338664821,11.97,23.33,12.73,12.84,12.85,14.54
2024-10-04 10:00:00,-818.26787730481,-246.94230774824,-610.513824307252,-392.640869181377,-2269.84134523699,-1254.86065449964,12.05,23.46,12.85,13,13.05,14.9
2024-10-04 10:10:00,-817.891137775678,-248.596781935946,-615.453863685048,-393.093174005142,-2235.09250609709,-1262.10504411647,12.14,23.59,12.96,13.16,13.28,15.24
2024-10-04 10:20:00,-820.531961511893,-249.916829362196,-615.879151024765,-391.016876726778,-2208.99891438581,-1251.39813222969,12.24,23.51,13.07,13.36,13.5,15.58
2024-10-04 10:30:00,-820.343048795817,-252.694333016411,-615.170501958116,-390.656902673818,-2203.41094533124,-1240.49638336885,12.35,23.39,13.18,13.55,13.73,15.92
2024-10-04 10:40:00,-820.720917731737,-254.445926453609,-612.767188658534,-390.20740109709,-2199.86232711037,-1235.93463401295,12.46,23.26,13.29,13.74,13.98,16.24
2024-10-04 10:50:00,-821.666351738209,-256.91857376043,-613.755649065364,-387.967639471784,-2149.29239718628,-1229.97278588026,12.57,23.12,13.41,13.93,14.21,16.54
2024-10-04 11:00:00,-821.477177849201,-258.342288513776,-615.028870021975,-387.253634493999,-2153.75105125512,-1227.14392697274,12.67,23.04,13.51,14.13,14.45,16.83
2024-10-04 11:10:00,-819.021877047765,-259.65429002812,-618.152318426325,-386.185090087298,-2129.09726683889,-1222.91283304943,12.78,23,13.61,14.33,14.7,17.1
2024-10-04 11:20:00,-821.85556919113,-260.912870268204,-621.005579888285,-386.629958140582,-2118.82701935548,-1218.69632759892,12.89,22.98,13.7,14.54,14.91,17.36
2024-10-04 11:30:00,-820.720917731737,-262.298316049887,-621.005579888285,-386.007286224978,-2098.43490894342,-1213.09692659837,13.01,22.97,13.8,14.75,15.13,17.6
2024-10-04 11:40:00,-825.649082137647,-263.873332839346,-620.433875931735,-383.438310527255,-2094.5730070266,-1217.8547726961,13.13,23,13.9,14.93,15.31,17.81
2024-10-04 11:50:00,-827.361870795129,-265.947249102539,-622.437145597631,-383.261771312451,-2097.9517820736,-1210.58559663545,13.24,23,13.98,15.13,15.51,18.01
2024-10-04 12:00:00,-826.980944291389,-267.667413578824,-622.580483548667,-382.644523899786,-2077.76058006022,-1209.74964249244,13.37,23,14.08,15.3,15.69,18.2
2024-10-04 12:10:00,-830.224418058754,-268.841000168942,-624.303115805824,-381.500843428155,-2056.34274115354,-1211.98013741792,13.5,22.96,14.17,15.48,15.86,18.36
2024-10-04 12:20:00,-828.31495488426,-271.391038218258,-624.446883461848,-380.010417525265,-2067.26190881859,-1211.98013741792,13.64,22.81,14.26,15.66,16.04,18.49
2024-10-04 12:30:00,-829.842173606775,-274.470391911936,-625.166218507545,-378.961859242099,-2054.92276041142,-1206.96729552402,13.76,22.6,14.36,15.85,16.19,18.64
2024-10-04 12:40:00,-827.171385615366,-278.032460083742,-627.184768058532,-379.835456550095,-2024.86233690467,-1210.58559663545,13.88,22.38,14.45,16.03,16.35,18.76
2024-10-04 12:50:00,-825.839216753721,-280.475869105832,-629.209835143849,-377.916194233492,-2043.59815742902,-1217.57438355383,14.03,22.16,14.56,16.2,16.47,18.89
2024-10-04 13:00:00,-826.980944291389,-281.965194294417,-629.064970903923,-376.613169480001,-2030.93256073865,-1211.14322029291,14.14,22.07,14.66,16.36,16.62,19
2024-10-04 13:10:00,-829.269136883888,-282.940751331617,-630.515115428324,-376.353104152763,-2033.74033685862,-1220.66221789147,14.26,22,14.75,16.54,16.73,19.1
2024-10-04 13:20:00,-830.224418058754,-284.443165030089,-630.079721413695,-375.746983226611,-2024.39614879539,-1211.14322029291,14.4,22,14.85,16.7,16.84,19.19
2024-10-04 13:30:00,-834.056559856515,-286.348888997371,-629.209835143849,-374.279036179099,-2029.06286388235,-1217.57438355383,14.55,21.94,14.94,16.85,16.96,19.27
2024-10-04 13:40:00,-832.329911982294,-288.00199917403,-629.934656898113,-374.79647913132,-2016.02309257835,-1218.41574470377,14.67,21.9,15.03,17.02,17.07,19.33
2024-10-04 13:50:00,-835.017355929788,-289.397984679319,-630.660313614811,-373.67625556285,-2016.48735249821,-1220.94331811574,14.82,21.9,15.13,17.16,17.19,19.4
2024-10-04 14:00:00,-835.401984190152,-291.202770435288,-632.842303163447,-372.473605121871,-2011.38636813317,-1223.19445155666,14.95,21.84,15.2,17.32,17.33,19.46
2024-10-04 14:10:00,-831.946698137759,-292.681655204756,-633.571309359364,-372.473605121871,-2009.53466569755,-1226.29653869002,15.07,21.73,15.3,17.48,17.46,19.5
2024-10-04 14:20:00,-834.825108212358,-295.525868576865,-632.55093560776,-372.130702190472,-2025.79503521638,-1219.25768724619,15.2,21.63,15.4,17.64,17.61,19.59
2024-10-04 14:30:00,-835.979258797418,-298.329020659155,-633.863146922744,-371.702517416982,-2004.91286422007,-1231.10615453632,15.32,21.49,15.49,17.76,17.75,19.6
2024-10-04 14:40:00,-833.480612944001,-299.637042929806,-635.031842066764,-371.788114938946,-2003.52839771074,-1225.44973556026,15.42,21.34,15.58,17.91,17.88,19.69
2024-10-04 14:50:00,-834.632904756506,-300.812239160362,-636.788926274143,-370.762244358764,-2014.16712152777,-1227.7091777792,15.52,21.3,15.67,18.04,18.04,19.7
2024-10-04 15:00:00,-836.556932309618,-301.505682988373,-635.324352385208,-371.360324356647,-2003.52839771074,-1230.82271450188,15.61,21.3,15.76,18.16,18.18,19.77
2024-10-04 15:10:00,-835.401984190152,-302.967122715947,-638.256876354575,-370.420916923224,-1992.02829287474,-1229.1234441658,15.7,21.3,15.84,18.28,18.34,19.8
2024-10-04 15:20:00,-835.786789619166,-304.365555415653,-635.616997440654,-370.933026003053,-1984.7028916049,-1220.10021158284,15.8,21.26,15.92,18.39,18.48,19.8
2024-10-04 15:30:00,-836.942269734385,-306.052197705905,-637.082245946114,-370.506219311791,-1976.03895754168,-1230.82271450188,15.88,21.19,16,18.5,18.65,19.88
2024-10-04 15:40:00,-839.064800492274,-307.535675018855,-638.697920899125,-371.018446322671,-1978.31526656246,-1227.99190081277,15.95,21.1,16.1,18.6,18.82,19.9
2024-10-04 15:50:00,-839.644606157501,-308.74185020504,-637.228956444389,-370.591541344221,-1976.03895754168,-1227.14392697274,16.01,21.06,16.17,18.71,18.98,19.9
2024-10-04 16:00:00,-840.031365836083,-309.952756089801,-637.963015869847,-371.018446322671,-1986.07434942279,-1225.16759781448,16.1,21,16.23,18.81,19.14,19.98
2024-10-04 16:10:00,-843.908774448057,-311.598603372092,-636.788926274143,-371.531381490384,-1963.79207212063,-1233.94414732169,16.17,20.94,16.3,18.91,19.26,20
2024-10-04 16:20:00,-842.549649832603,-313.325327611019,-640.022883983491,-370.933026003053,-1959.7266674827,-1228.27468895322,16.21,20.84,16.39,19,19.37,20
2024-10-04 16:30:00,-843.908774448057,-315.206745147288,-641.498289106377,-371.531381490384,-1977.40442845837,-1232.80816598105,16.3,20.71,16.44,19.09,19.46,20.05
2024-10-04 16:40:00,-845.07548325471,-316.734595817271,-640.465148864333,-371.445843076675,-1964.69664005931,-1234.22830617535,16.33,20.59,16.5,19.17,19.5,20.1
2024-10-04 16:50:00,-852.698506734084,-318.343144970212,-643.273265474776,-372.130702190472,-1958.82438777405,-1227.99190081277,16.4,20.5,16.57,19.24,19.58,20.1
2024-10-04 17:00:00,-852.109686867548,-318.783256226333,-644.904641187382,-372.216398316976,-1965.60162466285,-1229.68960678356,16.42,20.4,16.6,19.3,19.6,20.1
2024-10-04 17:10:00,-848.389924996446,-321.066876063596,-643.717776415282,-371.873732172737,-1967.86591034022,-1229.1234441658,16.5,20.27,16.69,19.39,19.6,20.1
2024-10-04 17:20:00,-852.305914964533,-322.029384856347,-644.756163500843,-373.67625556285,-1972.85652447592,-1233.09206323523,16.5,20.09,16.7,19.4,19.6,20.1
2024-10-04 17:30:00,-855.451717219458,-323.888480783533,-646.391299922862,-374.192865167351,-1966.50702612319,-1233.66005389049,16.54,19.91,16.77,19.48,19.6,20.1
2024-10-04 17:40:00,-854.860996159219,-327.111266429513,-646.093694260069,-374.106713994928,-1982.41923279072,-1239.35436997408,16.6,19.71,16.8,19.5,19.57,20.1
2024-10-04 17:50:00,-856.437159562744,-329.985990551223,-645.647542660389,-374.710188987646,-1986.07434942279,-1241.35358394543,16.6,19.49,16.8,19.5,19.5,20.1
2024-10-04 18:00:00,-860.984835761212,-332.043897126061,-648.179814875412,-374.79647913132,-1984.7028916049,-1241.0677846248,16.6,19.25,16.84,19.5,19.48,20.07
2024-10-04 18:10:00,-855.648714935972,-335.347831563322,-648.329080977579,-375.228228011141,-1990.19441167708,-1237.07349626357,16.6,18.99,16.9,19.5,19.4,20
2024-10-04 18:20:00,-860.192204498184,-338.840647080105,-646.093694260069,-377.742197461755,-2000.30169259102,-1240.78205110433,16.6,18.7,16.9,19.5,19.35,20
2024-10-04 18:30:00,-862.175152322306,-340.404664444823,-648.478381453493,-376.873414516064,-1996.62039234772,-1243.35602286729,16.54,18.45,16.9,19.5,19.29,19.92
2024-10-04 18:40:00,-862.969610789104,-343.238110412564,-646.837965469348,-378.525814333937,-2007.22243469756,-1256.59550667923,16.5,18.2,16.9,19.5,19.2,19.89
2024-10-04 18:50:00,-864.958961195965,-345.29914456186,-649.075927252967,-380.798739764026,-2022.06681772617,-1251.9745550827,16.5,17.95,16.9,19.48,19.12,19.8
2024-10-04 19:00:00,-866.753297228033,-348.013028166042,-648.030583139079,-379.922926966117,-2023.46409454638,-1249.95823591734,16.5,17.7,16.9,19.4,19.04,19.74
2024-10-04 19:10:00,-870.754048671144,-350.344660106054,-650.722018828957,-382.292257518693,-2039.83717556213,-1251.39813222969,16.45,17.41,16.9,19.4,18.95,19.67
2024-10-04 19:20:00,-874.169203438842,-351.233153068864,-647.881385760667,-383.350030757439,-2017.8807738289,-1262.39568800284,16.4,17.15,16.89,19.31,18.86,19.6
2024-10-04 19:30:00,-877.799850285371,-353.58635933359,-650.722018828957,-383.614931060095,-2052.55830450513,-1263.55893301179,16.38,16.93,16.8,19.28,18.75,19.5
2024-10-04 19:40:00,-878.81103668431,-354.973148338722,-651.771704522594,-384.410730773284,-2058.23757527971,-1273.48989266004,16.3,16.71,16.8,19.2,18.65,19.41
2024-10-04 19:50:00,-877.193697012427,-356.775893490711,-653.876158414315,-385.918414994745,-2049.72454835259,-1262.10504411647,16.26,16.54,16.8,19.13,18.55,19.32
2024-10-04 20:00:00,-879.823387925023,-359.414424192042,-654.629394676277,-386.718993228544,-2062.50733836624,-1271.73171613925,16.2,16.37,16.75,19.07,18.45,19.23
2024-10-04 20:10:00,-881.242639151366,-360.077100188088,-654.327996104066,-388.056982607719,-2078.23905719867,-1272.61050077333,16.12,16.25,16.7,18.99,18.35,19.13
2024-10-04 20:20:00,-883.680969675208,-362.656530546719,-654.327996104066,-389.489274123586,-2091.19967353498,-1284.68159557246,16.06,16.07,16.69,18.9,18.24,19.02
2024-10-04 20:30:00,-883.274113239007,-364.414376886304,-655.836377916121,-389.93794844997,-2092.64472213805,-1278.19025588129,16,15.89,16.6,18.81,18.13,18.92
2024-10-04 20:40:00,-888.98718888669,-366.686990765781,-657.802473852548,-391.64762965905,-2100.85221265827,-1292.39569420872,15.9,15.73,16.58,18.71,18.02,18.79
2024-10-04 20:50:00,-891.446947983292,-367.447673884333,-657.802473852548,-393.455392980587,-2104.24111674982,-1295.37497397472,15.82,15.55,16.5,18.62,17.91,18.67
2024-10-04 21:00:00,-893.090567310771,-369.824349851624,-657.953955908938,-394.816689286703,-2116.38903328766,-1310.07301904281,15.74,15.35,16.46,18.52,17.78,18.56
2024-10-04 21:10:00,-893.090567310771,-371.616939602307,-660.83875211646,-395.81796571525,-2133.51402660791,-1299.55750734692,15.67,15.19,16.4,18.42,17.67,18.44
2024-10-04 21:20:00,-896.799799389773,-373.590223330491,-658.257024681896,-397.736550115552,-2148.30283933103,-1304.35408433323,15.58,15.03,16.31,18.33,17.55,18.34
2024-10-04 21:30:00,-900.524436852193,-375.141838465058,-662.362142771191,-398.561644779183,-2151.27288054626,-1302.85325531035,15.5,14.84,16.26,18.23,17.43,18.22
2024-10-04 21:40:00,-901.769417142591,-376.960202818175,-662.819844396364,-399.848528819447,-2156.72862465514,-1312.18630991959,15.4,14.66,16.2,18.13,17.28,18.1
2024-10-04 21:50:00,-906.349088739089,-378.264428254665,-662.819844396364,-401.87917536337,-2176.6845889174,-1324.02291771148,15.32,14.49,16.1,18.02,17.16,17.97
2024-10-04 22:00:00,-905.514694690421,-379.049128481746,-665.266266654501,-402.805602541133,-2172.67867844077,-1315.21121176651,15.24,14.29,16.03,17.91,17.04,17.85
2024-10-04 22:10:00,-907.393162591375,-380.711067707871,-665.266266654501,-404.106189559551,-2192.27737809195,-1317.93958498758,15.17,14.14,15.96,17.79,16.92,17.73
2024-10-04 22:20:00,-910.113386826849,-382.997114879667,-667.875484798041,-405.784545256612,-2184.21558923748,-1318.24308673235,15.08,14.01,15.88,17.68,16.78,17.6
2024-10-04 22:30:00,-910.322972307087,-384.587799225326,-670.494936467106,-407.751439045797,-2210.01643025365,-1321.28195089182,14.99,13.85,15.8,17.56,16.66,17.47
2024-10-04 22:40:00,-916.844116555644,-385.74073391257,-670.95825796795,-409.916596750055,-2193.79227282097,-1318.85029991372,14.9,13.69,15.7,17.45,16.54,17.34
2024-10-04 22:50:00,-916.63302969931,-387.789014904126,-673.744918117794,-411.145463251338,-2226.87327068717,-1324.02291771148,14.81,13.52,15.62,17.32,16.42,17.2
2024-10-04 23:00:00,-916.844116555644,-389.668681869871,-674.210485402005,-413.614259152442,-2232.52074146488,-1335.96629790525,14.71,13.33,15.53,17.19,16.28,17.07
2024-10-04 23:10:00,-921.500345608421,-392.279400064699,-675.142585333507,-415.140880810541,-2236.63698668617,-1337.19733516475,14.62,13.14,15.45,17.07,16.16,16.95
2024-10-04 23:20:00,-930.241054586156,-392.460093007369,-674.831742262735,-417.153126051637,-2249.54923292233,-1340.89725722239,14.52,12.98,15.36,16.95,16.04,16.82
2024-10-04 23:30:00,-931.098232944855,-393.455392980587,-674.521042307532,-418.211048889105,-2275.07386993683,-1349.25955550424,14.41,12.86,15.28,16.84,15.91,16.68
2024-10-04 23:40:00,-930.241054586156,-393.727276231714,-677.322499606116,-419.271654675975,-2263.05705052453,-1352.68135054375,14.31,12.73,15.2,16.72,15.77,16.56
2024-10-04 23:50:00,-934.104582079526,-396.456463328476,-678.883889223226,-420.916065738561,-2300.88812368217,-1354.55144040661,14.21,12.6,15.1,16.58,15.65,16.43
2024-10-05,-935.395987116712,-396.821781434848,-677.478476832043,-423.833716520666,-2292.95484581285,-1357.98665595179,14.11,12.5,15.01,16.46,15.53,16.3
2024-10-05 00:10:00,-937.984155784381,-397.553427834005,-680.919078030759,-424.517406600054,-2313.10582586682,-1365.19755697839,14.01,12.4,14.92,16.35,15.4,16.17
2024-10-05 00:20:00,-940.146432576762,-398.469883133847,-684.219586936708,-425.888097138203,-2314.70421476518,-1375.29385477538,13.91,12.31,14.82,16.23,15.27,16.04
2024-10-05 00:30:00,-943.399197410356,-399.848528819447,-682.174533287667,-426.575101157924,-2331.28571444872,-1368.97495349367,13.82,12.17,14.73,16.1,15.16,15.91
2024-10-05 00:40:00,-948.845500412796,-400.862566264569,-683.274955322631,-429.630893280189,-2342.58577859893,-1373.07892848464,13.71,12.05,14.63,15.97,15.04,15.77
2024-10-05 00:50:00,-951.251823802042,-401.231944411148,-683.747107997575,-431.315933959328,-2351.77355441545,-1375.92734685682,13.62,11.93,14.54,15.84,14.92,15.65
2024-10-05 01:00:00,-954.103529514432,-403.548281704544,-682.488758617404,-433.107298639446,-2377.36301719047,-1379.41677285421,13.51,11.78,14.42,15.72,14.78,15.52
2024-10-05 01:10:00,-955.862672899322,-405.410975940099,-687.061324755739,-433.805948019729,-2385.03909582175,-1381.32382459447,13.42,11.64,14.33,15.59,14.67,15.38
2024-10-05 01:20:00,-957.845586439312,-406.345544759034,-689.279722499459,-434.005769048522,-2389.98680060257,-1382.59665692429,13.32,11.47,14.23,15.47,14.55,15.26
2024-10-05 01:30:00,-964.707161316615,-408.503237173032,-692.939793706199,-436.009048658064,-2396.5997100427,-1395.71100361917,13.21,11.28,14.13,15.35,14.42,15.16
2024-10-05 01:40:00,-963.375289355764,-410.388802443868,-695.657549246715,-438.12244479367,-2410.99051833218,-1403.76853117528,13.11,11.11,14.04,15.23,14.28,15.04
2024-10-05 01:50:00,-969.829750577281,-410.672386920852,-693.4186249214,-439.435868061076,-2432.17882124794,-1405.0620453667,13,10.96,13.94,15.12,14.16,14.92
2024-10-05 02:00:00,-973.409325190916,-412.093251428781,-695.977985164694,-440.651753269939,-2438.90847276026,-1407.32856391843,12.89,10.84,13.84,15,14.05,14.78
2024-10-05 02:10:00,-976.10267383788,-413.900072465711,-699.190473582594,-441.46421186885,-2454.68349479907,-1418.38948305323,12.78,10.72,13.74,14.87,13.93,14.66
2024-10-05 02:20:00,-975.653265432729,-415.332104278722,-702.57954646874,-443.501918086254,-2462.60922737955,-1413.17355707595,12.67,10.57,13.64,14.76,13.8,14.54
2024-10-05 02:30:00,-985.361302383236,-415.619104647311,-701.448034171639,-446.062282600757,-2463.74356200908,-1416.75744147228,12.56,10.45,13.53,14.64,13.68,14.4
2024-10-05 02:40:00,-988.087721230747,-416.769090705781,-701.609567146796,-446.781829785221,-2460.90870459789,-1424.60840546377,12.45,10.33,13.44,14.51,13.55,14.27
2024-10-05 02:50:00,-987.178077778352,-418.596412939325,-704.523529972796,-448.430870655313,-2490.55136161583,-1422.96920820373,12.33,10.17,13.33,14.38,13.44,14.15
2024-10-05 03:00:00,-994.936818110852,-418.982132086456,-709.080434972024,-450.708244540801,-2498.01764905645,-1426.90645442934,12.18,10.06,13.21,14.26,13.31,14.03
2024-10-05 03:10:00,-997.230384349064,-419.754636980576,-706.961075107605,-451.955319547373,-2514.75397001531,-1436.79729745395,12.07,9.94,13.11,14.14,13.17,13.9
2024-10-05 03:20:00,-998.839025884808,-421.206924703635,-709.407053780872,-453.205845114458,-2549.73768252504,-1435.47456747162,11.95,9.84,13,14.02,13.05,13.77
2024-10-05 03:30:00,-997.230384349064,-423.931319076901,-712.845647843647,-454.773868971473,-2548.56375525676,-1446.75670052707,11.85,9.73,12.89,13.89,12.93,13.65
2024-10-05 03:40:00,-1007.38505225627,-422.566926289714,-714.324428558815,-456.242252197945,-2576.88775873141,-1439.77789801104,11.73,9.62,12.78,13.77,12.82,13.53
2024-10-05 03:50:00,-1008.3133155934,-425.398057489952,-716.795883324245,-457.715376570395,-2562.09661356475,-1446.75670052707,11.62,9.53,12.67,13.66,12.68,13.42
2024-10-05 04:00:00,-1007.38505225627,-425.986172787522,-714.653462872103,-459.510566443963,-2606.12656075721,-1442.76468175047,11.5,9.42,12.57,13.53,12.57,13.27
2024-10-05 04:10:00,-1009.47484770151,-427.853907276658,-717.952153378449,-461.631570849375,-2607.32700278184,-1462.49874621133,11.37,9.3,12.46,13.42,12.45,13.15
2024-10-05 04:20:00,-1016.70627138015,-428.445417800893,-718.448268488566,-462.482711316835,-2622.98316049887,-1469.92610384912,11.26,9.16,12.35,13.28,12.33,13.03
2024-10-05 04:30:00,-1015.53641857855,-429.630893280189,-721.266069948366,-463.762365366302,-2627.8193269449,-1464.85791643523,11.15,9.06,12.23,13.16,12.19,12.91
2024-10-05 04:40:00,-1023.51804169936,-429.828791182439,-724.26167122563,-465.045560119986,-2635.69712249627,-1470.26460581255,11.03,8.95,12.12,13.05,12.07,12.78
2024-10-05 04:50:00,-1027.53234691593,-431.71337361492,-724.929048167927,-468.161291410997,-2635.0903006715,-1471.95828526779,10.92,8.85,12.01,12.93,11.96,12.67
2024-10-05 05:00:00,-1023.04680273742,-432.608952360912,-727.102273234109,-469.456657654314,-2670.51795610811,-1489.00275890453,10.81,8.75,11.91,12.82,11.86,12.55
2024-10-05 05:10:00,-1038.23461061799,-433.306797854215,-728.107496371023,-470.972448971028,-2692.12674420927,-1478.75253601114,10.69,8.65,11.82,12.69,11.74,12.43
2024-10-05 05:20:00,-1039.66997602745,-434.805974009523,-726.767507351632,-472.819633956285,-2719.54032233583,-1502.43434367642,10.57,8.58,11.71,12.57,11.63,12.29
2024-10-05 05:30:00,-1041.10732583796,-436.009048658064,-731.468287874399,-474.674063722797,-2715.16047192224,-1494.49856522748,10.45,8.49,11.61,12.46,11.52,12.17
2024-10-05 05:40:00,-1044.94998105804,-435.808305297309,-731.131511830769,-475.220867139328,-2733.98106519311,-1509.02176040637,10.35,8.4,11.5,12.35,11.4,12.05
2024-10-05 05:50:00,-1049.28992387298,-436.410812823238,-733.32333092286,-478.514940821805,-2730.20653871685,-1517.73343810019,10.25,8.32,11.39,12.22,11.28,11.94
2024-10-05 06:00:00,-1050.01499807699,-437.618327937198,-738.066514948043,-478.514940821805,-2752.93211658413,-1526.1439607644,10.15,8.26,11.28,12.09,11.17,11.85
2024-10-05 06:10:00,-1055.83365813771,-439.031318999751,-740.620113750835,-480.281106412613,-2762.45684642175,-1515.28911125128,10.05,8.2,11.18,11.98,11.07,11.73
2024-10-05 06:20:00,-1057.04993156758,-438.627142370345,-741.985643731093,-482.609095332615,-2752.93211658413,-1511.80404300502,9.95,8.12,11.08,11.88,10.96,11.62
2024-10-05 06:30:00,-1060.95142984409,-439.435868061076,-740.790667469154,-483.721624195916,-2779.04450881621,-1522.98456684265,9.85,8.1,10.98,11.77,10.86,11.51
2024-10-05 06:40:00,-1062.9075757253,-440.550301134668,-745.925583064557,-485.171746744342,-2806.69681905239,-1527.90201075205,9.75,8.1,10.88,11.66,10.76,11.38
2024-10-05 06:50:00,-1068.79768002898,-437.71910488296,-746.097358552986,-487.97267380496,-2790.58658687456,-1540.61989697293,9.66,8.1,10.78,11.55,10.65,11.27
2024-10-05 07:00:00,-1069.78253254289,-435.908665421969,-747.989501714081,-488.64729887484,-2830.71080369927,-1533.54139152641,9.57,8.19,10.69,11.44,10.54,11.17
2024-10-05 07:10:00,-1074.72042435659,-432.011693672715,-747.817290593743,-489.999348323317,-2819.65194294418,-1547.73107531608,9.5,8.53,10.58,11.33,10.45,11.07
2024-10-05 07:20:00,-1079.68110844333,-414.663207232495,-753.174317244589,-492.034440135969,-2843.12204268913,-1547.3747380923,9.4,10.05,10.49,11.23,10.37,10.97
2024-10-05 07:30:00,-1085.41420867606,-391.106922056378,-753.694771368973,-493.509483219745,-2828.10482298229,-1559.89549001312,9.33,12.28,10.4,11.13,10.3,10.89
2024-10-05 07:40:00,-1087.16510035261,-372.902678154113,-754.389269686261,-494.988948254346,-2851.64528245308,-1556.66622432363,9.29,14.11,10.32,11.03,10.21,10.8
2024-10-05 07:50:00,-1085.16431158996,-370.676883025037,-757.348034121523,-497.502769175534,-2856.90304828194,-1581.23166391694,9.2,14.68,10.25,10.95,10.16,10.72
2024-10-05 08:00:00,-1090.92652759862,-372.38784977813,-758.919133939439,-498.534826400019,-2875.38168700609,-1569.26215932145,9.18,14.63,10.2,10.88,10.1,10.7
2024-10-05 08:10:00,-1093.44137297024,-370.506219311791,-761.895664800853,-502.337387278813,-2878.03123138273,-1563.49142049424,9.1,14.98,10.13,10.8,10.1,10.7
2024-10-05 08:20:00,-1092.93794053764,-361.655856640131,-761.720252036749,-504.191479873842,-2893.97984679318,-1571.79355059229,9.1,16.17,10.1,10.76,10.1,10.7
2024-10-05 08:30:00,-1093.69317613958,-352.529530373689,-764.355689201651,-506.052415796558,-2891.98144663922,-1582.32431740001,9.1,17.55,10.1,10.7,10.1,10.73
2024-10-05 08:40:00,-1091.68037328573,-344.584312903405,-766.823656579857,-508.154180077846,-2895.31288068295,-1577.95822848995,9.1,18.74,10.1,10.7,10.1,10.84
2024-10-05 08:50:00,-1099.7538789051,-342.606424430368,-766.647109234342,-510.617273639261,-2870.08991359852,-1584.87677935859,9.19,19.58,10.18,10.7,10.2,10.98
2024-10-05 09:00:00,-1102.79681320323,-343.554390024903,-765.941326227197,-512.030112316148,-2872.73458182653,-1582.32431740001,9.22,20.27,10.21,10.77,10.28,11.17
2024-10-05 09:10:00,-1103.30478686005,-347.9329044299,-764.355689201651,-512.737996935195,-2853.6158097461,-1573.2418928357,9.3,20.94,10.3,10.8,10.39,11.4
2024-10-05 09:20:00,-1100.767256266,-349.780426072874,-766.294136474499,-512.265965199869,-2852.30197364633,-1565.29249309496,9.39,21.72,10.4,10.89,10.54,11.66
2024-10-05 09:30:00,-1100.51382441702,-347.132680955677,-765.236192970958,-513.565099329756,-2833.31918571886,-1558.81832446517,9.48,22.53,10.53,10.98,10.72,11.93
2024-10-05 09:40:00,-1103.81299450125,-348.734972609746,-766.823656579857,-512.737996935195,-2779.04450881621,-1553.0859913581,9.59,22.77,10.66,11.08,10.91,12.25
2024-10-05 09:50:00,-1101.02074647653,-353.830692517593,-768.591367672039,-514.986094413336,-2765.00233526458,-1548.08749459899,9.73,22.45,10.82,11.22,11.11,12.58
2024-10-05 10:00:00,-1101.78156741189,-355.955331706031,-767.530252617645,-514.275106077309,-2735.24039995245,-1543.81587495209,9.86,22.21,10.96,11.35,11.33,12.92
2024-10-05 10:10:00,-1098.99445816367,-357.104647605893,-769.476750754617,-512.974175886905,-2711.41192910347,-1528.95781268919,10.02,22.44,11.14,11.52,11.58,13.25
2024-10-05 10:20:00,-1095.45742269495,-358.422696191451,-770.008470091535,-513.565099329756,-2687.17222816043,-1527.55023881349,10.16,22.65,11.3,11.67,11.82,13.58
2024-10-05 10:30:00,-1104.83011216798,-359.166235234735,-773.028494060202,-513.44686020886,-2673.59427405742,-1529.30990877092,10.34,22.92,11.48,11.85,12.05,13.92
2024-10-05 10:40:00,-1103.55886142587,-358.505235569508,-773.562667702065,-511.440955075502,-2635.69712249627,-1513.19710741759,10.49,23.27,11.65,12.01,12.31,14.23
2024-10-05 10:50:00,-1096.97189897612,-359.497191950202,-773.562667702065,-512.501926722871,-2606.12656075721,-1510.76008638049,10.68,23.47,11.84,12.19,12.58,14.54
2024-10-05 11:00:00,-1100.26045091617,-363.995070748689,-773.206510943054,-510.382179831264,-2587.5902284344,-1512.50041482884,10.86,23.28,11.98,12.39,12.82,14.83
2024-10-05 11:10:00,-1097.22451517272,-367.70158543308,-774.453777501245,-509.208333391546,-2545.04521539081,-1497.25407045665,11.05,22.92,12.16,12.57,13.08,15.1
2024-10-05 11:20:00,-1096.21439929476,-370.335634173996,-773.028494060202,-507.803280816113,-2547.97699432157,-1500.01465619192,11.23,22.72,12.36,12.77,13.35,15.35
2024-10-05 11:30:00,-1097.22451517272,-371.531381490384,-773.028494060202,-504.77228604138,-2513.01743935963,-1491.4046829959,11.43,22.76,12.55,12.97,13.61,15.62
2024-10-05 11:40:00,-1092.93794053764,-371.959369122895,-772.850518162532,-504.307587619284,-2499.16829362196,-1485.23611996019,11.63,22.96,12.73,13.17,13.86,15.88
2024-10-05 11:50:00,-1102.5429140853,-373.762307607145,-774.632122605525,-502.568775469744,-2466.58168504996,-1484.55230091755,11.81,23,12.91,13.37,14.1,16.1
2024-10-05 12:00:00,-1104.06718609967,-374.451437738843,-773.740807597106,-502.337387278813,-2456.94538332659,-1487.28946756551,12.01,23.17,13.09,13.57,14.32,16.32
2024-10-05 12:10:00,-1091.68037328573,-375.314637451443,-769.653949724189,-501.066655203399,-2444.53073744018,-1474.33271476145,12.25,23.3,13.27,13.77,14.57,16.53
2024-10-05 12:20:00,-1089.42039753997,-378.787381034694,-771.783522937095,-501.643861711852,-2416.5484254805,-1473.31463347541,12.5,23.2,13.46,13.97,14.79,16.71
2024-10-05 12:30:00,-1085.91417550416,-382.116245959297,-771.783522937095,-496.587178756352,-2422.67692268574,-1472.29725521217,12.75,23.07,13.65,14.17,14.99,16.89
2024-10-05 12:40:00,-1082.66850293127,-384.322227121208,-770.718000802229,-497.159225107105,-2404.33790050371,-1480.11514483762,13.02,23,13.83,14.36,15.19,17.06
2024-10-05 12:50:00,-1083.16720502395,-386.897124919531,-770.895485613094,-496.01579061933,-2386.13769985891,-1461.48883671841,13.29,22.99,14.03,14.57,15.38,17.23
2024-10-05 13:00:00,-1080.17843447319,-390.836848256754,-771.428185315899,-494.419399089387,-2379.55365812065,-1474.33271476145,13.56,22.88,14.21,14.77,15.57,17.38
2024-10-05 13:10:00,-1077.44597334524,-392.821728625062,-770.895485613094,-492.941636371732,-2354.48269298598,-1470.60318572792,13.82,22.8,14.41,14.95,15.75,17.54
2024-10-05 13:20:00,-1071.26151313855,-394.544053755556,-767.883794761104,-491.694672151055,-2349.06753306121,-1472.29725521217,14.1,22.79,14.61,15.15,15.95,17.66
2024-10-05 13:30:00,-1065.84855913982,-397.095990908094,-768.591367672039,-491.128913479218,-2355.56722203897,-1468.23476268291,14.37,22.66,14.81,15.32,16.12,17.78
2024-10-05 13:40:00,-1065.11255127609,-398.469883133847,-769.476750754617,-490.450862299279,-2336.12190916562,-1455.1089181074,14.66,22.7,15,15.5,16.29,17.92
2024-10-05 13:50:00,-1066.5850755954,-400.30913654665,-767.000244581581,-488.422320284827,-2326.99528031091,-1471.61939336515,14.92,22.74,15.18,15.68,16.47,18.03
2024-10-05 14:00:00,-1058.99888399999,-403.362483637862,-766.470602535675,-486.738279264094,-2315.23725647348,-1462.1620321973,15.2,22.64,15.37,15.87,16.65,18.14
2024-10-05 14:10:00,-1058.75506856698,-405.504336015135,-767.530252617645,-487.186788300842,-2307.25450394416,-1472.63630321625,15.46,22.6,15.55,16.05,16.83,18.25
2024-10-05 14:20:00,-1050.25680080269,-405.504336015135,-764.707769067954,-485.95438176633,-2294.01103371982,-1468.91106549095,15.74,22.72,15.75,16.23,17.03,18.35
2024-10-05 14:30:00,-1051.46664994087,-405.97145898076,-763.124685728751,-484.725092775033,-2290.31650303303,-1474.67223150137,16.02,22.85,15.95,16.4,17.23,18.44
2024-10-05 14:40:00,-1048.80681925308,-406.439120051271,-764.531708867456,-483.944437536853,-2273.50284725779,-1469.92610384912,16.29,22.99,16.15,16.56,17.45,18.54
2024-10-05 14:50:00,-1046.87662401644,-407.188498569725,-761.720252036749,-481.942806589358,-2259.41237157738,-1468.23476268291,16.55,23,16.35,16.74,17.7,18.64
2024-10-05 15:00:00,-1051.22456866918,-410.010994402074,-761.720252036749,-482.164800565862,-2258.89218254408,-1465.53266378998,16.8,23,16.55,16.92,17.95,18.74
2024-10-05 15:10:00,-1045.19061738619,-411.42957059166,-764.355689201651,-480.945097845676,-2250.06727041428,-1460.14337545773,17.05,23.1,16.75,17.08,18.22,18.85
2024-10-05 15:20:00,-1045.43130912928,-414.281464130842,-760.318403025904,-480.612987461891,-2232.00674374541,-1456.78513888425,17.28,23.1,16.97,17.26,18.49,18.96
2024-10-05 15:30:00,-1043.74763019499,-416.193700485496,-759.268709602952,-479.728480532646,-2217.15217678138,-1469.24933370626,17.51,23.05,17.17,17.45,18.77,19.07
2024-10-05 15:40:00,-1041.58688389355,-419.464780873907,-759.093901648003,-478.514940821805,-2193.28719163437,-1471.61939336515,17.71,22.9,17.38,17.64,19.06,19.18
2024-10-05 15:50:00,-1041.8267457508,-423.053704600701,-757.173668367536,-478.514940821805,-2194.80278415885,-1453.09999887706,17.88,22.74,17.57,17.81,19.32,19.29
2024-10-05 16:00:00,-1036.56252204796,-425.790044069038,-753.694771368973,-477.194580164102,-2176.18344646711,-1467.89672805433,18.05,22.63,17.77,17.99,19.59,19.41
2024-10-05 16:10:00,-1037.75659598589,-430.522151972088,-755.084407954801,-476.645505734029,-2148.30283933103,-1464.52065926472,18.21,22.47,17.95,18.16,19.82,19.52
2024-10-05 16:20:00,-1038.71284543467,-431.71337361492,-752.827547506338,-475.877862762059,-2133.51402660791,-1464.52065926472,18.35,22.32,18.12,18.34,20.02,19.63
2024-10-05 16:30:00,-1033.22641932352,-433.905847031503,-752.480937424687,-475.111456087769,-2130.07797816431,-1467.2208922584,18.46,22.2,18.28,18.5,20.21,19.74
2024-10-05 16:40:00,-1036.32387218347,-434.705867759714,-750.750279293865,-474.237074025618,-2108.60631304852,-1448.08982652477,18.58,22.09,18.43,18.66,20.36,19.84
2024-10-05 16:50:00,-1029.90105360832,-436.71237887808,-748.678742863181,-472.819633956285,-2095.53781568138,-1443.76165258702,18.69,21.95,18.56,18.85,20.47,19.94
2024-10-05 17:00:00,-1032.51293825427,-439.537063559103,-747.645119121917,-471.840811829401,-2109.09189349723,-1464.18347974159,18.79,21.78,18.68,19.01,20.57,20.02
2024-10-05 17:10:00,-1032.51293825427,-442.074538718629,-744.895760327873,-471.514988291945,-2092.16292835453,-1449.42418094251,18.89,21.63,18.82,19.15,20.62,20.1
2024-10-05 17:20:00,-1030.37544979635,-444.421951877004,-746.441028210921,-471.732178974742,-2089.27449417103,-1448.42329992062,18.96,21.44,18.93,19.27,20.7,20.2
2024-10-05 17:30:00,-1029.90105360832,-446.884716948197,-744.724261485808,-471.514988291945,-2085.42945082972,-1444.09412926926,19,21.25,19.03,19.41,20.7,20.26
2024-10-05 17:40:00,-1029.42687583751,-448.94744308025,-742.840378202631,-471.623571130843,-2103.75665310515,-1453.76933026369,19.07,21.05,19.11,19.51,20.7,20.3
2024-10-05 17:50:00,-1032.98853753664,-454.041450517608,-746.097358552986,-470.430533912164,-2081.59148380047,-1439.44641506337,19.1,20.87,19.2,19.6,20.7,20.36
2024-10-05 18:00:00,-1027.05925972373,-455.82223101106,-744.724261485808,-469.672900222528,-2091.19967353498,-1445.42480181852,19.1,20.67,19.26,19.7,20.7,20.4
2024-10-05 18:10:00,-1027.29577608675,-458.137142212006,-743.696097290277,-471.080906871247,-2087.83177283506,-1453.43462604056,19.1,20.47,19.3,19.77,20.7,20.4
2024-10-05 18:20:00,-1033.22641932352,-460.781996797432,-743.696097290277,-470.755608076279,-2092.16292835453,-1450.09181916258,19.1,20.27,19.38,19.8,20.7,20.4
2024-10-05 18:30:00,-1034.89312639546,-463.122096364788,-744.724261485808,-470.647225070252,-2115.41462450299,-1449.7579616202,19.1,20.09,19.4,19.9,20.64,20.4
2024-10-05 18:40:00,-1034.89312639546,-464.510464717617,-744.381382246153,-472.384351465722,-2116.87640598027,-1447.08986692398,19.1,20,19.4,19.9,20.6,20.4
2024-10-05 18:50:00,-1039.19130053733,-465.688488321368,-745.925583064557,-472.493134505937,-2112.49408909399,-1442.76468175047,19,19.9,19.4,19.92,20.55,20.4
2024-10-05 19:00:00,-1041.58688389355,-467.299700240846,-743.182547620268,-472.819633956285,-2107.63548751384,-1457.79179805533,19,19.84,19.48,20,20.5,20.4
2024-10-05 19:10:00,-1038.71284543467,-469.781058856137,-740.449599299441,-473.14635902238,-2124.68965056112,-1454.4389699598,18.97,19.73,19.5,20,20.42,20.4
2024-10-05 19:20:00,-1043.98798963974,-471.080906871247,-746.612922398647,-474.127889474717,-2134.00534292995,-1467.89672805433,18.9,19.65,19.48,20,20.37,20.34
2024-10-05 19:30:00,-1043.74763019499,-472.384351465722,-745.753847124341,-473.90959578046,-2141.88180923383,-1458.46329059291,18.89,19.6,19.4,20,20.3,20.3
2024-10-05 19:40:00,-1043.98798963974,-472.819633956285,-746.612922398647,-475.658763360857,-2155.73564307899,-1465.87015400998,18.8,19.53,19.4,19.97,20.21,20.3
2024-10-05 19:50:00,-1046.87662401644,-473.90959578046,-747.817290593743,-476.535766685074,-2150.2824108547,-1474.33271476145,18.8,19.5,19.4,19.9,20.14,20.2
2024-10-05 20:00:00,-1049.53155962495,-475.439764835428,-747.817290593743,-477.854304456611,-2162.69612668409,-1472.29725521217,18.73,19.45,19.4,19.9,20.06,20.18
2024-10-05 20:10:00,-1051.22456866918,-473.90959578046,-748.506373057474,-479.286837688728,-2182.70730756279,-1477.73140267501,18.7,19.39,19.4,19.9,20,20.1
2024-10-05 20:20:00,-1052.92030872193,-477.084714700643,-749.713795595301,-479.066168757981,-2182.70730756279,-1478.75253601114,18.68,19.3,19.35,19.83,19.92,20.06
2024-10-05 20:30:00,-1056.80656484579,-477.854304456611,-745.925583064557,-479.507608264676,-2175.18150767706,-1482.16141266494,18.6,19.21,19.3,19.8,19.86,20
2024-10-05 20:40:00,-1059.48668332007,-478.294627280864,-748.851152363072,-480.612987461891,-2174.18003019064,-1482.84413040929,18.6,19.14,19.3,19.79,19.8,19.96
2024-10-05 20:50:00,-1056.31999948173,-481.166632254514,-751.96132149755,-483.498913440693,-2199.86232711037,-1485.92025398566,18.52,19.07,19.29,19.7,19.71,19.9
2024-10-05 21:00:00,-1057.53683315521,-481.831847932222,-750.231858450197,-484.167353510755,-2199.35584840302,-1486.94704593407,18.5,19,19.2,19.7,19.65,19.85
2024-10-05 21:10:00,-1063.15234741851,-482.164800565862,-755.258292583412,-485.283474530144,-2211.54358291905,-1488.3172056599,18.44,18.96,19.2,19.62,19.6,19.8
2024-10-05 21:20:00,-1064.13199799371,-483.498913440693,-752.827547506338,-486.178223566919,-2205.94917677258,-1492.09165840383,18.4,18.9,19.19,19.6,19.51,19.73
2024-10-05 21:30:00,-1065.11255127609,-485.283474530144,-752.13448692613,-486.178223566919,-2208.99891438581,-1498.63372767597,18.4,18.9,19.1,19.54,19.45,19.7
2024-10-05 21:40:00,-1069.2899929006,-484.50192001184,-753.694771368973,-488.309869836283,-2238.18253453322,-1489.68862793081,18.31,18.82,19.1,19.5,19.4,19.6
2024-10-05 21:50:00,-1071.01487445589,-486.626216535685,-759.968344071997,-489.548250015644,-2246.44351165476,-1506.24459824413,18.3,18.8,19.06,19.43,19.31,19.59
2024-10-05 22:00:00,-1070.2752990603,-486.850367798871,-760.493492965179,-490.337944815446,-2241.79296743432,-1499.66930481483,18.26,18.8,19,19.4,19.26,19.5
2024-10-05 22:10:00,-1072.49555877144,-486.626216535685,-761.019004743686,-491.015839886304,-2253.6968746925,-1508.67433530565,18.2,18.75,19,19.34,19.2,19.46
2024-10-05 22:20:00,-1077.19791080192,-490.676775282549,-759.793375038804,-492.941636371732,-2238.18253453322,-1504.85793438113,18.2,18.7,18.92,19.3,19.13,19.4
2024-10-05 22:30:00,-1080.17843447319,-489.322856617817,-763.300421912896,-493.168696663008,-2270.8868865323,-1506.93840925942,18.15,18.67,18.9,19.23,19.1,19.34
2024-10-05 22:40:00,-1081.17377387796,-490.789770793963,-765.060011110367,-494.191762960959,-2266.70760873692,-1510.41226106149,18.1,18.6,18.87,19.2,19,19.3
2024-10-05 22:50:00,-1080.42718338647,-491.58146830239,-764.531708867456,-495.673273364607,-2266.18574010657,-1519.1319662032,18.1,18.6,18.8,19.13,18.97,19.23
2024-10-05 23:00:00,-1088.41746621087,-491.921158061841,-766.117711041457,-496.815918268564,-2259.41237157738,-1520.88193868488,18.06,18.53,18.8,19.1,18.9,19.2
2024-10-05 23:10:00,-1083.91568890922,-491.355138788506,-764.531708867456,-497.961197241063,-2298.24065263433,-1516.68538700898,18,18.47,18.71,19.02,18.85,19.12
2024-10-05 23:20:00,-1091.93177092322,-493.168696663008,-765.764982022365,-499.454007825168,-2274.55007512541,-1524.03697075638,18,18.4,18.7,19,18.8,19.1
2024-10-05 23:30:00,-1095.70969013035,-496.358544558327,-768.237499754231,-497.846550637783,-2294.01103371982,-1521.93288965276,17.99,18.32,18.69,18.92,18.72,19.02
2024-10-05 23:40:00,-1091.93177092322,-498.305295483601,-767.000244581581,-499.914233875784,-2312.57327488206,-1521.5824919969,17.9,18.25,18.6,18.9,18.7,19
2024-10-05 23:50:00,-1100.767256266,-498.879321028432,-764.179710061206,-501.990504727716,-2288.20801472158,-1527.90201075205,17.9,18.15,18.6,18.81,18.61,18.92
2024-10-06,-1100.51382441702,-500.029356635543,-769.831189500029,-503.959344571959,-2308.3172786036,-1527.19854786409,17.9,18.04,18.55,18.8,18.6,18.9
2024-10-06 00:10:00,-1096.46684105053,-503.727316147721,-771.250577860516,-503.147712353958,-2319.50601156995,-1525.441307302,17.81,17.93,18.5,18.7,18.5,18.8
2024-10-06 00:20:00,-1103.55886142587,-504.423722102601,-769.476750754617,-505.237412663703,-2323.78263725076,-1528.25386369841,17.8,17.84,18.5,18.7,18.49,18.79
2024-10-06 00:30:00,-1105.59356542901,-505.935906335831,-771.60583367162,-505.121090842779,-2310.97635747653,-1532.12959796213,17.78,17.78,18.41,18.61,18.4,18.7
2024-10-06 00:40:00,-1110.18537646064,-507.335792029871,-774.275473457716,-505.819423699311,-2314.70421476518,-1531.42418864653,17.7,17.7,18.4,18.6,18.39,18.69
2024-10-06 00:50:00,-1106.86716005967,-506.752036215274,-774.988936034161,-507.335792029871,-2300.88812368217,-1534.2477760745,17.7,17.67,18.39,18.51,18.3,18.6
2024-10-06 01:00:00,-1112.48842864303,-510.85247573689,-779.283538661606,-507.569482601357,-2333.43389706495,-1545.23843693353,17.62,17.6,18.3,18.5,18.28,18.58
2024-10-06 01:10:00,-1120.97390398568,-511.440955075502,-780.360902702561,-509.442886498788,-2320.04015906013,-1538.49292152858,17.6,17.51,18.3,18.41,18.2,18.5
2024-10-06 01:20:00,-1118.91089443029,-513.44686020886,-781.799705387334,-510.382179831264,-2324.85302514975,-1537.78458246884,17.56,17.47,18.21,18.4,18.16,18.47
2024-10-06 01:30:00,-1118.13824506088,-513.565099329756,-785.046718235436,-512.265965199869,-2370.25735256727,-1543.46043913273,17.5,17.36,18.2,18.33,18.1,18.4
2024-10-06 01:40:00,-1118.91089443029,-517.005903816827,-784.323996363963,-512.856072815497,-2363.17292595835,-1545.23843693353,17.49,17.27,18.14,18.3,18.04,18.38
2024-10-06 01:50:00,-1122.78215733489,-517.363162221438,-784.504614431799,-514.275106077309,-2373.53424719262,-1555.23314180667,17.4,17.2,18.1,18.22,18,18.3
2024-10-06 02:00:00,-1126.40741946911,-519.392294641538,-787.037639074413,-514.511993056956,-2357.73777905238,-1559.89549001312,17.37,17.1,18.05,18.2,17.91,18.27
2024-10-06 02:10:00,-1127.44535695669,-520.589617536513,-787.400166770165,-513.44686020886,-2383.39213808582,-1553.80137859983,17.3,17.04,18,18.11,17.89,18.2
2024-10-06 02:20:00,-1137.35358909719,-520.829413125831,-786.313084341276,-516.054420364826,-2366.44002632257,-1569.62353689049,17.28,17,17.95,18.09,17.8,18.15
2024-10-06 02:30:00,-1136.30652999185,-520.829413125831,-786.494160466278,-517.482303208024,-2371.34914779243,-1554.8750773671,17.2,17,17.9,18,17.76,18.1
2024-10-06 02:40:00,-1139.97545989881,-521.069319170531,-789.397056081619,-518.078419813109,-2384.48998349625,-1572.15551110282,17.19,17,17.86,17.98,17.7,18.03
2024-10-06 02:50:00,-1133.17113272565,-521.189313629547,-793.040747338874,-518.197725512804,-2389.98680060257,-1573.9665643507,17.1,17,17.8,17.9,17.64,18
2024-10-06 03:00:00,-1140.23797917133,-520.230131145136,-794.137130801127,-519.153160717373,-2396.04793609384,-1569.26215932145,17.09,16.95,17.76,17.86,17.6,17.91
2024-10-06 03:10:00,-1141.55148262627,-522.390779081121,-793.040747338874,-521.30933572149,-2392.73995913368,-1566.01350293302,17,16.9,17.7,17.8,17.51,17.89
2024-10-06 03:20:00,-1148.6705918275,-524.198172372963,-795.967805954124,-521.30933572149,-2414.32372679697,-1583.7823633061,17,16.87,17.66,17.74,17.49,17.8
2024-10-06 03:30:00,-1148.6705918275,-525.406573960283,-791.034640805149,-522.270508006308,-2406.55339766453,-1579.04861998276,16.91,16.8,17.6,17.7,17.4,17.77
2024-10-06 03:40:00,-1149.19969600519,-526.011818972946,-795.601333623074,-524.802025360726,-2414.87970938667,-1581.96001570485,16.9,16.73,17.57,17.62,17.35,17.7
2024-10-06 03:50:00,-1157.1655677425,-528.561470978843,-798.905668140522,-525.043761282281,-2417.66154344191,-1571.06987955672,16.83,16.7,17.5,17.6,17.3,17.66
2024-10-06 04:00:00,-1154.77002580466,-529.292210297738,-797.43538411217,-524.439630145899,-2411.5457333339,-1580.50364747021,16.8,16.61,17.47,17.51,17.25,17.6
2024-10-06 04:10:00,-1163.31010999098,-530.878946408893,-802.40846650646,-525.285608552978,-2414.32372679697,-1594.76061818187,16.73,16.56,17.4,17.49,17.2,17.55
2024-10-06 04:20:00,-1163.04227877559,-532.347847574116,-801.669761235642,-528.439779213283,-2423.23482889133,-1602.4906433684,16.7,16.48,17.35,17.4,17.14,17.5
2024-10-06 04:30:00,-1159.566079173,-534.312706704974,-804.07304308001,-528.074871994833,-2422.119144928,-1591.09277054175,16.63,16.4,17.3,17.35,17.1,17.44
2024-10-06 04:40:00,-1168.41063801933,-535.174611462963,-804.25820905748,-529.048518343537,-2462.60922737955,-1610.62895538428,16.6,16.38,17.25,17.3,17.04,17.4
2024-10-06 04:50:00,-1166.26032720274,-536.161348067947,-808.901242368034,-529.901931390699,-2440.03189027536,-1604.33664133989,16.54,16.3,17.2,17.24,17,17.3
2024-10-06 05:00:00,-1171.10410271272,-538.760196244505,-808.528815340631,-531.612889651096,-2447.3467281614,-1596.59771150804,16.5,16.23,17.15,17.2,16.93,17.29
2024-10-06 05:10:00,-1175.15594624452,-538.016385451164,-810.019553057244,-533.083821580754,-2451.29456575347,-1602.12169873964,16.47,16.17,17.1,17.12,16.9,17.2
2024-10-06 05:20:00,-1178.67888185526,-539.380824036314,-812.260814786284,-532.47043930928,-2448.47403253163,-1611.74192281226,16.4,16.07,17.05,17.1,16.82,17.18
2024-10-06 05:30:00,-1175.42656705607,-540.624225250371,-810.579288044974,-534.681924355588,-2468.85453726387,-1607.66479813376,16.4,15.96,17,17.01,16.8,17.1
2024-10-06 05:40:00,-1183.30173811311,-545.124250341382,-812.260814786284,-535.297854159508,-2466.0137990109,-1617.31830673044,16.31,15.86,16.95,17,16.71,17.07
2024-10-06 05:50:00,-1187.39578362336,-546.758448457762,-813.945829813345,-537.397327623411,-2483.10739004962,-1618.43589659498,16.3,15.8,16.9,16.91,16.7,17
2024-10-06 06:00:00,-1183.84679419582,-544.37165335307,-815.44655523557,-538.264208211869,-2480.25025203574,-1633.78724967767,16.24,15.8,16.86,16.9,16.6,16.97
2024-10-06 06:10:00,-1192.87655353802,-547.262263578739,-815.822168733579,-539.008361621623,-2498.01764905645,-1629.65435828804,16.2,15.72,16.8,16.8,16.59,16.9
2024-10-06 06:20:00,-1192.60191518114,-547.010298014392,-817.514571701569,-540.126521173963,-2468.2861279415,-1622.54033736039,16.17,15.7,16.76,16.79,16.5,16.86
2024-10-06 06:30:00,-1194.25069429022,-547.640429556625,-821.098960722807,-542.369803873825,-2513.01743935963,-1633.41109956858,16.1,15.7,16.7,16.7,16.49,16.8
2024-10-06 06:40:00,-1198.93462422273,-548.01885685256,-820.720917731737,-541.122387940341,-2506.66041329082,-1655.37160908399,16.1,15.73,16.66,16.69,16.4,16.75
2024-10-06 06:50:00,-1195.62641799147,-546.506714855437,-823.750141943764,-542.494703515405,-2521.13152178071,-1643.59761517066,16.02,15.8,16.6,16.6,16.39,16.7
2024-10-06 07:00:00,-1197.00372646525,-546.758448457762,-822.423483033704,-544.37165335307,-2511.86041849512,-1639.43990710121,16,15.9,16.58,16.58,16.3,16.65
2024-10-06 07:10:00,-1205.85614934334,-544.497013990599,-823.181311994129,-546.255097154031,-2536.27010343475,-1648.52486638929,15.98,15.93,16.5,16.5,16.3,16.6
2024-10-06 07:20:00,-1208.0794655796,-540.25090422114,-822.612874842621,-549.535182830149,-2536.27010343475,-1646.24891765131,15.9,16.19,16.5,16.49,16.21,16.57
2024-10-06 07:30:00,-1213.93519376212,-524.198172372963,-825.078940899553,-547.892685374099,-2546.21752193844,-1648.52486638929,15.9,17.32,16.4,16.4,16.2,16.5
2024-10-06 07:40:00,-1211.70110080469,-512.030112316148,-826.980944291389,-549.788311414698,-2532.18541177922,-1652.32510868365,15.89,18.25,16.4,16.4,16.19,16.5
2024-10-06 07:50:00,-1210.58559663545,-502.568775469744,-826.790546813098,-551.436491664171,-2526.94333016412,-1660.71650699963,15.8,18.81,16.4,16.32,16.1,16.44
2024-10-06 08:00:00,-1221.50571277869,-492.034440135969,-833.864533345089,-552.198855832686,-2545.04521539081,-1653.84765740123,15.8,19.56,16.3,16.3,16.1,16.4
2024-10-06 08:10:00,-1215.0537844455,-479.507608264676,-830.606838581347,-552.326018957701,-2531.60242166283,-1665.69507800594,15.8,20.59,16.3,16.3,16.1,16.4
2024-10-06 08:20:00,-1224.32157426016,-466.439694719397,-832.521585093408,-555.514631862643,-2555.02705046193,-1651.94469056618,15.8,21.74,16.3,16.25,16.1,16.4
2024-10-06 08:30:00,-1223.19445155666,-458.45372146828,-835.401984190152,-556.923446944907,-2536.85416844833,-1674.92553037231,15.9,22.6,16.31,16.2,16.1,16.5
2024-10-06 08:40:00,-1221.7870072472,-453.832404840736,-833.672551044311,-558.207288081279,-2533.3517948046,-1672.99831070295,15.9,23.2,16.4,16.2,16.19,16.54
2024-10-06 08:50:00,-1223.19445155666,-449.568115540859,-836.364330132436,-557.564997993951,-2519.39058718958,-1653.08620775254,15.97,23.74,16.42,16.26,16.23,16.64
2024-10-06 09:00:00,-1228.84046061474,-449.878773478295,-835.786789619166,-558.464411237597,-2551.49958738901,-1670.30392802257,16.03,24.26,16.51,16.3,16.32,16.76
2024-10-06 09:10:00,-1223.75788314361,-453.623455410792,-837.906390017133,-559.236491545945,-2544.45926453609,-1671.07330855047,16.11,24.37,16.61,16.31,16.42,16.94
2024-10-06 09:20:00,-1218.41574470377,-459.616384844326,-835.979258797418,-560.009639259826,-2522.87365938231,-1662.246788041,16.22,24.14,16.72,16.4,16.54,17.11
2024-10-06 09:30:00,-1217.29405896611,-465.259770834899,-839.258024547328,-560.138601091265,-2495.71794898973,-1656.89696502471,16.32,23.79,16.83,16.46,16.67,17.3
2024-10-06 09:40:00,-1216.45347238167,-471.189389747696,-835.979258797418,-559.880707119528,-2484.25116660582,-1656.5154943196,16.43,23.52,16.96,16.54,16.81,17.53
2024-10-06 09:50:00,-1218.13522640779,-475.549251491574,-834.632904756506,-562.853670328001,-2473.40652663728,-1651.94469056618,16.53,23.4,17.08,16.64,16.95,17.73
2024-10-06 10:00:00,-1221.50571277869,-479.286837688728,-837.32778465446,-562.983287097193,-2468.85453726387,-1654.22851374345,16.62,23.47,17.23,16.74,17.09,17.93
2024-10-06 10:10:00,-1215.61346625336,-482.053790798609,-836.17177229844,-563.112933715187,-2472.26774307259,-1659.95189485706,16.73,23.5,17.35,16.84,17.24,18.13
2024-10-06 10:20:00,-1211.42212843462,-484.94836833675,-838.87162092358,-561.171365444661,-2462.04225592738,-1661.86408563543,16.83,23.4,17.48,16.95,17.36,18.3
2024-10-06 10:30:00,-1214.2147448535,-487.860326879425,-836.364330132436,-562.206033973573,-2443.40524860637,-1643.97611108169,16.93,23.4,17.59,17.06,17.53,18.45
2024-10-06 10:40:00,-1210.02822971406,-489.322856617817,-837.32778465446,-560.783855854934,-2436.10219134939,-1633.78724967767,17.04,23.47,17.71,17.16,17.65,18.61
2024-10-06 10:50:00,-1215.89340382575,-491.128913479218,-836.749578840196,-563.242610188854,-2420.4465820463,-1636.42272696722,17.15,23.56,17.81,17.27,17.77,18.75
2024-10-06 11:00:00,-1215.33359313156,-493.395861543494,-838.678485831006,-562.076596152923,-2422.67692268574,-1635.66929994812,17.26,23.6,17.92,17.39,17.92,18.91
2024-10-06 11:10:00,-1213.37628464938,-495.787419494686,-841.192714102697,-563.112933715187,-2417.10492038498,-1627.40446211984,17.39,23.69,18.02,17.51,18.04,19.04
2024-10-06 11:20:00,-1211.70110080469,-496.358544558327,-840.418303665097,-563.631818812661,-2385.5883345996,-1620.30026278923,17.53,23.8,18.12,17.62,18.16,19.16
2024-10-06 11:30:00,-1208.9142656067,-497.388228117064,-837.32778465446,-564.021296385142,-2403.78434497578,-1631.90736495083,17.65,23.97,18.22,17.73,18.27,19.28
2024-10-06 11:40:00,-1208.9142656067,-497.388228117064,-840.224812476658,-561.688461467901,-2383.94099759397,-1633.0350360613,17.77,24.14,18.32,17.83,18.39,19.41
2024-10-06 11:50:00,-1210.58559663545,-497.617336611094,-842.161730708376,-564.021296385142,-2388.8864243971,-1632.65905913587,17.91,24.26,18.41,17.94,18.52,19.52
2024-10-06 12:00:00,-1209.74964249244,-497.846550637783,-837.520608700786,-562.464999044511,-2377.36301719047,-1647.00721788642,18.05,24.48,18.51,18.05,18.64,19.63
2024-10-06 12:10:00,-1210.58559663545,-496.358544558327,-840.805419726602,-563.502052730713,-2364.80591193224,-1629.65435828804,18.17,24.71,18.62,18.15,18.75,19.74
2024-10-06 12:20:00,-1203.91410439145,-496.130015626002,-843.908774448057,-564.411043092144,-2360.99736529427,-1633.0350360613,18.34,24.89,18.73,18.26,18.89,19.84
2024-10-06 12:30:00,-1206.1338399518,-497.388228117064,-846.633604464949,-562.853670328001,-2371.89523398031,-1631.53164765137,18.46,25.05,18.85,18.37,19.03,19.95
2024-10-06 12:40:00,-1205.30095991149,-497.388228117064,-844.103113997754,-563.891440632994,-2337.73620250364,-1635.29271653084,18.63,25.16,18.97,18.47,19.15,20.06
2024-10-06 12:50:00,-1197.27937849333,-500.029356635543,-842.937747641329,-563.502052730713,-2345.82441711174,-1638.30781319033,18.79,25.2,19.1,18.58,19.27,20.19
2024-10-06 13:00:00,-1197.27937849333,-503.147712353958,-842.743676396261,-561.300594804238,-2350.69077200875,-1637.17650103217,18.96,25.2,19.23,18.7,19.42,20.32
2024-10-06 13:10:00,-1203.63692483715,-504.075398860118,-841.192714102697,-561.171365444661,-2325.38840397706,-1615.08544167991,19.14,25.2,19.36,18.83,19.55,20.44
2024-10-06 13:20:00,-1197.8308729997,-505.237412663703,-843.326024216861,-562.983287097193,-2330.21236486884,-1621.41991322765,19.3,25.2,19.49,18.95,19.67,20.55
2024-10-06 13:30:00,-1193.97573956217,-508.271200373787,-840.224812476658,-563.112933715187,-2330.21236486884,-1625.15767215189,19.45,25.2,19.63,19.07,19.8,20.67
2024-10-06 13:40:00,-1197.27937849333,-511.912226598385,-842.549649832603,-562.206033973573,-2300.88812368217,-1635.29271653084,19.61,25.2,19.75,19.19,19.93,20.78
2024-10-06 13:50:00,-1192.87655353802,-513.092306155682,-840.611839411658,-561.559142809004,-2296.12486927139,-1611.37084824292,19.76,25.2,19.88,19.32,20.03,20.91
2024-10-06 14:00:00,-1193.7008481375,-515.341957101032,-839.064800492274,-558.593017226169,-2295.59622784626,-1613.97016542845,19.92,25.11,20.02,19.44,20.16,21.02
2024-10-06 14:10:00,-1188.48991934648,-518.078419813109,-840.999044620194,-560.138601091265,-2286.62792242964,-1619.18138551086,20.05,25.1,20.14,19.55,20.28,21.13
2024-10-06 14:20:00,-1189.03736522517,-520.589617536513,-840.805419726602,-558.464411237597,-2293.48287896727,-1613.97016542845,20.22,25.1,20.27,19.67,20.39,21.24
2024-10-06 14:30:00,-1192.05282814446,-520.469761146728,-840.031365836083,-558.721652830774,-2290.84392861662,-1617.31830673044,20.36,25.1,20.4,19.78,20.49,21.35
2024-10-06 14:40:00,-1189.03736522517,-520.829413125831,-838.485395204309,-559.880707119528,-2287.15449858838,-1616.94594829906,20.5,25.18,20.52,19.89,20.59,21.45
2024-10-06 14:50:00,-1184.66484910366,-521.069319170531,-836.749578840196,-559.494088777126,-2277.17025568129,-1619.55425872994,20.64,25.2,20.63,20,20.7,21.54
2024-10-06 15:00:00,-1187.39578362336,-524.922879406065,-839.258024547328,-560.009639259826,-2291.89914418642,-1619.55425872994,20.76,25.2,20.74,20.11,20.81,21.63
2024-10-06 15:10:00,-1183.30173811311,-526.011818972946,-840.611839411658,-558.721652830774,-2267.75170656088,-1623.66153572208,20.88,25.2,20.85,20.23,20.92,21.7
2024-10-06 15:20:00,-1190.68121632312,-526.860333492332,-837.32778465446,-558.721652830774,-2265.66399162707,-1609.88740410128,21.02,25.2,20.96,20.33,21.03,21.8
2024-10-06 15:30:00,-1181.94019555905,-528.804938587791,-837.906390017133,-558.593017226169,-2254.21586732422,-1627.40446211984,21.14,25.2,21.06,20.43,21.13,21.89
2024-10-06 15:40:00,-1184.66484910366,-532.10274877091,-839.064800492274,-557.821825296635,-2252.65924786769,-1614.71359732552,21.25,25.2,21.16,20.53,21.24,21.97
2024-10-06 15:50:00,-1183.02930418516,-534.189690820899,-842.743676396261,-559.622931885011,-2233.03485755032,-1616.20148860305,21.37,25.18,21.26,20.62,21.35,22.05
2024-10-06 16:00:00,-1183.57423477852,-536.902594261277,-837.32778465446,-557.95028330729,-2222.77499434039,-1628.52902166066,21.48,25.1,21.37,20.72,21.45,22.12
2024-10-06 16:10:00,-1191.77837943553,-538.016385451164,-835.017355929788,-557.436628688305,-2240.24492644977,-1605.0756358135,21.59,25.01,21.47,20.81,21.53,22.2
2024-10-06 16:20:00,-1183.84679419582,-540.873249242258,-840.418303665097,-557.564997993951,-2228.92524158846,-1602.4906433684,21.69,24.92,21.56,20.9,21.6,22.3
2024-10-06 16:30:00,-1181.94019555905,-544.873269141841,-840.224812476658,-556.538870700066,-2216.64171739732,-1602.4906433684,21.76,24.78,21.64,21,21.7,22.38
2024-10-06 16:40:00,-1177.05160114611,-547.388289880503,-840.611839411658,-556.282634083787,-2220.21740260751,-1599.90981408284,21.82,24.65,21.7,21.09,21.74,22.44
2024-10-06 16:50:00,-1184.11941637948,-552.707684062299,-836.17177229844,-557.564997993951,-2233.03485755032,-1590.36021393308,21.9,24.48,21.8,21.17,21.8,22.5
2024-10-06 17:00:00,-1180.85208957726,-554.74768994318,-840.418303665097,-556.795225344843,-2224.82318885084,-1603.22878753274,21.92,24.33,21.86,21.24,21.87,22.57
2024-10-06 17:10:00,-1187.66922308612,-558.979012915363,-836.942269734385,-556.154560019351,-2218.17344823,-1606.92461158135,22,24.16,21.9,21.31,21.9,22.6
2024-10-06 17:20:00,-1183.84679419582,-563.372316525071,-838.87162092358,-557.308288937381,-2207.98186699346,-1600.27824934769,22,23.98,22,21.4,21.95,22.66
2024-10-06 17:30:00,-1186.84909354689,-566.233425082531,-842.35566794007,-558.850318058231,-2221.75160428933,-1594.39345325229,22,23.76,22.01,21.47,22,22.7
2024-10-06 17:40:00,-1184.39210134393,-570.815164767306,-836.364330132436,-555.258866817188,-2214.60105483143,-1597.333141252,22,23.53,22.1,21.5,22,22.7
2024-10-06 17:50:00,-1189.58506327006,-573.846189880535,-837.520608700786,-557.95028330729,-2208.49033214368,-1606.92461158135,22,23.3,22.1,21.59,22,22.71
2024-10-06 18:00:00,-1189.58506327006,-579.155923301039,-836.364330132436,-556.410737641761,-2205.44129667765,-1596.59771150804,22,23.07,22.1,21.6,22.02,22.8
2024-10-06 18:10:00,-1192.87655353802,-582.901942291099,-836.942269734385,-557.693396861126,-2210.52536393332,-1608.77571728708,22,22.87,22.19,21.66,22.1,22.8
2024-10-06 18:20:00,-1197.55509399994,-587.077589576821,-841.192714102697,-555.003219528772,-2225.84799374462,-1600.27824934769,22,22.69,22.2,21.7,22.04,22.8
2024-10-06 18:30:00,-1199.21072090764,-589.244452404686,-838.292349033255,-556.538870700066,-2211.03441481279,-1600.64676945767,21.92,22.52,22.2,21.7,22,22.8
2024-10-06 18:40:00,-1202.8057690091,-591.964281219694,-844.29749830094,-558.593017226169,-2218.68426034872,-1606.55464611122,21.9,22.36,22.2,21.7,22,22.71
2024-10-06 18:50:00,-1200.59215833902,-593.738898497732,-843.52022956791,-557.308288937381,-2216.13137553736,-1613.22707581559,21.85,22.19,22.18,21.7,22,22.7
2024-10-06 19:00:00,-1209.74964249244,-598.129885503421,-844.491927367918,-557.821825296635,-2235.09250609709,-1606.55464611122,21.8,22.05,22.1,21.7,21.99,22.7
2024-10-06 19:10:00,-1202.52884462907,-600.752383339037,-845.464744520589,-558.207288081279,-2225.33553230522,-1604.70609603675,21.72,21.89,22.1,21.7,21.9,22.67
2024-10-06 19:20:00,-1205.57852266814,-602.692104996646,-841.773990186379,-559.751804663534,-2223.28686612625,-1606.55464611122,21.7,21.76,22.1,21.7,21.9,22.6
2024-10-06 19:30:00,-1213.09692659837,-606.450701061295,-847.023583437408,-560.138601091265,-2238.6979544448,-1609.88740410128,21.6,21.66,22.04,21.7,21.85,22.59
2024-10-06 19:40:00,-1210.58559663545,-609.53058489582,-849.367232469073,-560.525664800808,-2244.37541325859,-1613.97016542845,21.56,21.55,22,21.7,21.8,22.5
2024-10-06 19:50:00,-1216.45347238167,-611.076387349705,-846.828571502185,-562.464999044511,-2234.06344492816,-1608.40532563317,21.5,21.41,21.98,21.7,21.75,22.48
2024-10-06 20:00:00,-1220.66221789147,-613.614342873637,-849.367232469073,-563.242610188854,-2235.6072144214,-1610.62895538428,21.44,21.25,21.9,21.67,21.7,22.4
2024-10-06 20:10:00,-1220.10021158284,-617.583241210853,-852.109686867548,-562.724083400736,-2241.27683495171,-1621.41991322765,21.4,21.13,21.89,21.6,21.66,22.34
2024-10-06 20:20:00,-1229.68960678356,-618.5794704365,-850.149888971569,-564.28109760783,-2257.8521637424,-1621.79330194613,21.3,21.03,21.8,21.6,21.6,22.27
2024-10-06 20:30:00,-1228.84046061474,-622.007329720033,-852.50218824991,-565.321499754316,-2246.44351165476,-1616.57367559651,21.24,20.94,21.78,21.54,21.53,22.2
2024-10-06 20:40:00,-1233.66005389049,-622.723854508286,-858.806855234671,-565.061219519038,-2247.9958359495,-1621.41991322765,21.17,20.9,21.7,21.5,21.5,22.12
2024-10-06 20:50:00,-1242.49743953255,-625.45418449215,-856.63438421187,-564.931124343304,-2273.50284725779,-1618.80859813913,21.1,20.81,21.68,21.47,21.4,22.06
2024-10-06 21:00:00,-1232.24056754435,-624.878385105646,-859.004625589212,-566.494245262737,-2270.8868865323,-1635.29271653084,21.01,20.8,21.6,21.4,21.35,22
2024-10-06 21:10:00,-1240.21078140323,-628.34114983651,-858.016229042329,-566.624700401805,-2269.84134523699,-1636.04597008692,20.94,20.7,21.55,21.36,21.3,21.9
2024-10-06 21:20:00,-1244.21519949528,-629.354732743838,-864.162671313259,-568.323353539161,-2282.945282327,-1636.04597008692,20.89,20.63,21.5,21.3,21.2,21.84
2024-10-06 21:30:00,-1250.82197476809,-631.677637586631,-860.588428874653,-569.895860495566,-2281.36882414649,-1653.46688874432,20.8,20.56,21.41,21.23,21.15,21.78
2024-10-06 21:40:00,-1249.09509351023,-633.279606161207,-865.158148288357,-570.552355188243,-2289.26201612862,-1643.21920640149,20.73,20.49,21.37,21.2,21.1,21.7
2024-10-06 21:50:00,-1260.94313757219,-635.909777295165,-865.755984826608,-572.394566373501,-2308.3172786036,-1649.66402042869,20.67,20.4,21.3,21.11,21,21.64
2024-10-06 22:00:00,-1257.46383197812,-639.433672506321,-864.759819962816,-571.735951977251,-2308.84884949617,-1647.76586741212,20.6,20.35,21.22,21.08,20.96,21.58
2024-10-06 22:10:00,-1258.91237440341,-639.139270211704,-865.158148288357,-574.242725728143,-2302.47806997522,-1651.56436003314,20.52,20.25,21.18,21,20.9,21.5
2024-10-06 22:20:00,-1263.2680213092,-642.385164235555,-874.169203438842,-574.904227816299,-2312.04084650757,-1653.46688874432,20.47,20.13,21.1,20.95,20.81,21.42
2024-10-06 22:30:00,-1264.14095741023,-644.60771999862,-873.565557261871,-577.291951169588,-2325.38840397706,-1656.13411144126,20.4,20,21.03,20.9,20.76,21.35
2024-10-06 22:40:00,-1277.30761821987,-649.524447914975,-877.395701581211,-578.223186143449,-2321.10882308731,-1664.92817367452,20.32,19.88,20.99,20.82,20.7,21.28
2024-10-06 22:50:00,-1275.83790967402,-650.422419255555,-876.184371573136,-578.090060661791,-2324.85302514975,-1669.15052136335,20.27,19.8,20.9,20.79,20.61,21.2
2024-10-06 23:00:00,-1272.31750511017,-651.471621662356,-879.418307561882,-581.42741100267,-2352.3151326374,-1675.31124063295,20.19,19.7,20.85,20.7,20.56,21.11
2024-10-06 23:10:00,-1279.07350345783,-657.045586550292,-878.406422418813,-581.293547805908,-2347.44541502022,-1672.61313295279,20.1,19.62,20.8,20.65,20.5,21.05
2024-10-06 23:20:00,-1285.27334955663,-657.49961435979,-881.242639151366,-583.036175877019,-2351.77355441545,-1668.76622949744,20.02,19.53,20.71,20.6,20.41,20.99
2024-10-06 23:30:00,-1283.20340230657,-660.230377342606,-880.431358351644,-583.304735791929,-2352.3151326374,-1682.26923394686,19.98,19.43,20.67,20.51,20.35,20.9
2024-10-06 23:40:00,-1292.99100148471,-662.972481878035,-884.08801351887,-583.976676912764,-2358.82380747312,-1678.4001220755,19.9,19.32,20.6,20.47,20.3,20.83
2024-10-06 23:50:00,-1294.1824387998,-667.414292066125,-886.942575089683,-585.997148120739,-2363.17292595835,-1683.04412597075,19.82,19.21,20.52,20.4,20.2,20.76
2024-10-07,-1293.28875794441,-668.336996220669,-889.191909319996,-588.973157778929,-2374.08083657616,-1683.04412597075,19.77,19.11,20.47,20.32,20.13,20.7
2024-10-07 00:10:00,-1304.6544575407,-669.415096796893,-887.964293501096,-588.837557309782,-2368.07526990909,-1691.20207352442,19.7,19.01,20.4,20.28,20.05,20.6
2024-10-07 00:20:00,-1306.75900768592,-673.900071480293,-889.601491629612,-590.059086299613,-2385.5883345996,-1687.31241669215,19.61,18.92,20.32,20.2,20,20.53
2024-10-07 00:30:00,-1303.75354536894,-673.279672325016,-894.73721708723,-591.964281219694,-2370.80318733106,-1697.83507951889,19.55,18.83,20.27,20.11,19.91,20.47
2024-10-07 00:40:00,-1306.45814994365,-674.831742262735,-892.679378592343,-594.696664194105,-2383.39213808582,-1707.63678839951,19.49,18.74,20.19,20.05,19.85,20.4
2024-10-07 00:50:00,-1313.09304925113,-679.509452430787,-897.21288606909,-594.286004145243,-2385.5883345996,-1705.27922991028,19.4,18.65,20.1,20,19.8,20.31
2024-10-07 01:00:00,-1317.63615311862,-682.017474879262,-898.246435422114,-596.204847024644,-2409.32564017887,-1698.61714153039,19.34,18.53,20.02,19.91,19.7,20.24
2024-10-07 01:10:00,-1319.1540113825,-685.954804730026,-903.224069711191,-597.992176862519,-2406.55339766453,-1704.10167151111,19.29,18.41,19.98,19.86,19.64,20.15
2024-10-07 01:20:00,-1331.35999316742,-689.438453294708,-902.184792942508,-598.26762585656,-2417.10492038498,-1712.36168789915,19.2,18.32,19.9,19.8,19.58,20.07
2024-10-07 01:30:00,-1334.73639395097,-688.803749349508,-903.016118625507,-599.508717291013,-2420.4465820463,-1716.30908926523,19.14,18.27,19.83,19.71,19.5,20
2024-10-07 01:40:00,-1333.20060612925,-692.301866391947,-903.016118625507,-602.414618923753,-2418.77517413114,-1710.78527057904,19.08,18.2,19.77,19.66,19.42,19.91
2024-10-07 01:50:00,-1332.5867859091,-695.337260860956,-904.681068793272,-601.16751174754,-2426.58496518693,-1727.4102904833,19,18.16,19.7,19.6,19.36,19.85
2024-10-07 02:00:00,-1345.84641636975,-695.657549246715,-908.229287569917,-603.247460650769,-2440.59379307003,-1730.99376052689,18.93,18.1,19.61,19.51,19.3,19.78
2024-10-07 02:10:00,-1348.01741364388,-698.86855859962,-910.532606051723,-603.942374903951,-2445.65674470011,-1730.19679196396,18.87,18.01,19.56,19.45,19.2,19.7
2024-10-07 02:20:00,-1354.23957931689,-697.903702656964,-913.682911512851,-603.803328041979,-2462.60922737955,-1735.38365410892,18.8,17.98,19.5,19.4,19.15,19.61
2024-10-07 02:30:00,-1354.23957931689,-701.448034171639,-915.15678184916,-607.149305305009,-2458.07710905886,-1736.98273781416,18.72,17.9,19.4,19.3,19.09,19.55
2024-10-07 02:40:00,-1362.99889088932,-705.335109754919,-916.000060679255,-608.829240680219,-2461.47541501017,-1739.78468069794,18.68,17.82,19.36,19.24,19,19.48
2024-10-07 02:50:00,-1356.42411567962,-707.123877653509,-920.01625889101,-610.513824307252,-2473.97611511078,-1738.18301749601,18.6,17.8,19.3,19.19,18.94,19.4
2024-10-07 03:00:00,-1361.7441004592,-708.101480541917,-919.804441705997,-610.373264487328,-2481.39271252825,-1746.60823087967,18.54,17.75,19.2,19.1,18.88,19.33
2024-10-07 03:10:00,-1371.49902258998,-708.917181964013,-923.199376360333,-613.04944336391,-2485.96781935946,-1753.05484120432,18.5,17.7,19.16,19.04,18.8,19.27
2024-10-07 03:20:00,-1372.13076668416,-712.353401550369,-924.050066106048,-612.908299763335,-2489.97795699015,-1759.12014650278,18.41,17.7,19.1,18.99,18.72,19.2
2024-10-07 03:30:00,-1383.55205080321,-712.681527963139,-926.606841483955,-614.03835907841,-2484.82325243746,-1749.42570073515,18.4,17.7,19.01,18.9,18.68,19.11
2024-10-07 03:40:00,-1378.46423453771,-715.31198625088,-928.956766434148,-616.730607546004,-2495.71794898973,-1763.58137011735,18.3,17.7,18.97,18.84,18.6,19.06
2024-10-07 03:50:00,-1387.06081346124,-716.300909247218,-933.459548306151,-617.298899095091,-2511.86041849512,-1771.31378482887,18.29,17.7,18.9,18.78,18.54,19
2024-10-07 04:00:00,-1382.59665692429,-717.456380854171,-931.956201157683,-617.298899095091,-2511.86041849512,-1770.49825248336,18.2,17.64,18.83,18.7,18.5,18.91
2024-10-07 04:10:00,-1385.46481958938,-716.465862617021,-938.848469088096,-618.437053646722,-2538.60717062154,-1779.48979777688,18.19,17.6,18.79,18.64,18.42,18.86
2024-10-07 04:20:00,-1386.74146767348,-718.944726421253,-939.280924354859,-620.433875931735,-2531.60242166283,-1774.98833158867,18.1,17.58,18.7,18.6,18.4,18.8
2024-10-07 04:30:00,-1397.31880063947,-721.764475021785,-939.497226682084,-622.293840647579,-2522.87365938231,-1776.62390935346,18.1,17.5,18.67,18.5,18.32,18.71
2024-10-07 04:40:00,-1405.0620453667,-722.263224500171,-940.796087081911,-625.310184923193,-2536.85416844833,-1784.82443272262,18.02,17.41,18.6,18.47,18.3,18.68
2024-10-07 04:50:00,-1402.47620780599,-726.934871022198,-936.904883015653,-623.584773872044,-2550.32484892036,-1801.75403130294,18,17.32,18.55,18.4,18.21,18.6
2024-10-07 05:00:00,-1410.57279131209,-728.610628967031,-945.573957162886,-625.45418449215,-2542.70222127552,-1805.07604362898,17.96,17.26,18.5,18.38,18.2,18.55
2024-10-07 05:10:00,-1409.27420387276,-728.275168620988,-944.05109962209,-626.896005294223,-2560.91699610872,-1798.02407470557,17.9,17.2,18.45,18.3,18.12,18.5
2024-10-07 05:20:00,-1413.82449742227,-729.28201329262,-947.317374014635,-629.644628054741,-2567.41161979927,-1805.90750330291,17.89,17.11,18.4,18.26,18.1,18.43
2024-10-07 05:30:00,-1418.71611690487,-735.013815788716,-951.909152289871,-631.677637586631,-2578.6684246827,-1812.15567083929,17.8,17.09,18.39,18.2,18.02,18.4
2024-10-07 05:40:00,-1422.96920820373,-736.708197624654,-955.202614359242,-631.968602881101,-2577.48117738259,-1816.75139540541,17.8,17,18.3,18.15,18,18.35
2024-10-07 05:50:00,-1424.28041501873,-738.236480610808,-951.032815190391,-632.55093560776,-2567.41161979927,-1808.82062936196,17.71,16.92,18.29,18.1,17.92,18.3
2024-10-07 06:00:00,-1419.0428259754,-735.860519024444,-957.845586439312,-634.739466423287,-2594.7498913432,-1803.41427254441,17.7,16.9,18.2,18.04,17.9,18.23
2024-10-07 06:10:00,-1435.47456747162,-740.620113750835,-952.566935000999,-635.470658066927,-2582.23344883177,-1825.97783911182,17.62,16.82,18.19,18,17.82,18.2
2024-10-07 06:20:00,-1435.80513576228,-741.131892742735,-955.202614359242,-636.642317084895,-2599.53400225528,-1820.52020136769,17.6,16.8,18.1,17.94,17.8,18.12
2024-10-07 06:30:00,-1443.09692884525,-739.427336690356,-956.963784199097,-639.580924502911,-2587.5902284344,-1828.08128439616,17.53,16.8,18.08,17.9,17.72,18.1
2024-10-07 06:40:00,-1439.77789801104,-740.961260463438,-959.390695994093,-640.022883983491,-2617.55311112792,-1833.13944454159,17.5,16.8,18,17.84,17.7,18.01
2024-10-07 06:50:00,-1448.08982652477,-743.696097290277,-966.040874598226,-643.125163383134,-2629.02976115815,-1827.66040158253,17.44,16.8,17.98,17.8,17.62,18
2024-10-07 07:00:00,-1455.1089181074,-742.669352575308,-961.159587675316,-641.350595671096,-2633.27067332737,-1844.57153506523,17.4,16.83,17.9,17.73,17.6,17.91
2024-10-07 07:10:00,-1457.79179805533,-739.938291456407,-963.153489534369,-644.014287675496,-2618.75881648529,-1836.51932421679,17.35,16.94,17.9,17.7,17.54,17.9
2024-10-07 07:20:00,-1454.77390546828,-740.790667469154,-970.946951329539,-645.944942815461,-2612.73583834325,-1840.32913825985,17.3,17.05,17.8,17.64,17.5,17.81
2024-10-07 07:30:00,-1468.57287515581,-736.708197624654,-973.857699985417,-645.647542660389,-2632.05828655152,-1865.07157178617,17.3,17.17,17.8,17.6,17.47,17.8
2024-10-07 07:40:00,-1470.94184361317,-734.506261555306,-971.617889429536,-645.647542660389,-2646.03450032165,-1865.07157178617,17.28,17.34,17.72,17.55,17.4,17.73
2024-10-07 07:50:00,-1466.5453676247,-730.290249932888,-969.383230294982,-645.498893934157,-2641.77303186485,-1840.75293849378,17.2,17.53,17.7,17.5,17.4,17.7
2024-10-07 08:00:00,-1468.57287515581,-725.931266808503,-977.227100718828,-648.478381453493,-2648.47271082512,-1856.92987098576,17.2,17.78,17.7,17.48,17.32,17.69
2024-10-07 08:10:00,-1476.71097446923,-720.104462794086,-973.633486777639,-650.572201795919,-2652.74498659587,-1859.92530169697,17.2,18.02,17.6,17.4,17.3,17.6
2024-10-07 08:20:00,-1479.09307056969,-719.607204020527,-971.394191897825,-652.071925607921,-2661.92308407718,-1872.81768797743,17.2,18.23,17.6,17.4,17.3,17.6
2024-10-07 08:30:00,-1478.41207985454,-713.174000996418,-985.588216331275,-650.722018828957,-2636.9111854039,-1862.49665928313,17.24,18.41,17.6,17.3,17.3,17.6
2024-10-07 08:40:00,-1477.05103888673,-707.612510271681,-983.095034276028,-655.836377916121,-2651.52363363204,-1874.11183153438,17.3,18.65,17.6,17.3,17.3,17.6
2024-10-07 08:50:00,-1472.29725521217,-705.01036571388,-982.189987141248,-655.987407210067,-2644.20731560275,-1853.93926444955,17.3,18.9,17.6,17.3,17.3,17.6
2024-10-07 09:00:00,-1474.67223150137,-699.995909920872,-983.095034276028,-656.894313629598,-2654.57807096639,-1869.80149393246,17.39,19.13,17.6,17.3,17.3,17.6
2024-10-07 09:10:00,-1476.37098834543,-695.017119939493,-988.542857233135,-660.230377342606,-2642.98989347654,-1853.93926444955,17.43,19.33,17.6,17.3,17.31,17.6
2024-10-07 09:20:00,-1480.11514483762,-688.169629719117,-988.770503845598,-661.600008976798,-2633.87707611921,-1872.38650541203,17.5,19.59,17.6,17.23,17.4,17.6
2024-10-07 09:30:00,-1475.01182642691,-683.747107997575,-989.225954353415,-657.802473852548,-2650.91316803794,-1871.0935532566,17.58,19.89,17.62,17.27,17.4,17.6
2024-10-07 09:40:00,-1475.35149955607,-679.82245016279,-991.278079197925,-661.904757205924,-2659.47249102539,-1879.73012868969,17.64,20.13,17.7,17.3,17.46,17.6
2024-10-07 09:50:00,-1471.95828526779,-677.322499606116,-988.770503845598,-662.819844396364,-2626.60945002888,-1881.89549422169,17.72,20.37,17.7,17.3,17.5,17.7
2024-10-07 10:00:00,-1476.37098834543,-672.195347806243,-990.137484838717,-664.959970749459,-2637.51842655115,-1863.35456821749,17.8,20.53,17.77,17.3,17.56,17.7
2024-10-07 10:10:00,-1476.71097446923,-671.267316822483,-993.334461124814,-661.904757205924,-2651.52363363204,-1875.40686936288,17.9,20.65,17.8,17.3,17.6,17.77
2024-10-07 10:20:00,-1477.73140267501,-669.415096796893,-987.632794777977,-665.879281790457,-2616.95046663521,-1885.36526863014,17.99,20.78,17.88,17.31,17.69,17.8
2024-10-07 10:30:00,-1477.05103888673,-667.567987580272,-988.998202881669,-668.336996220669,-2629.02976115815,-1873.68035101573,18.08,20.9,17.92,17.4,17.73,17.9
2024-10-07 10:40:00,-1472.63630321625,-666.339413808524,-991.963066395336,-666.03262381473,-2633.27067332737,-1865.07157178617,18.17,21.04,18,17.4,17.8,17.95
2024-10-07 10:50:00,-1473.31463347541,-665.725975070424,-991.278079197925,-666.03262381473,-2631.45230250324,-1872.38650541203,18.27,21.18,18.07,17.5,17.88,18.01
2024-10-07 11:00:00,-1473.31463347541,-663.277862299846,-990.593565009518,-666.339413808524,-2615.14336551761,-1880.59597575767,18.36,21.33,18.13,17.5,17.95,18.1
2024-10-07 11:10:00,-1474.33271476145,-664.500791287859,-993.334461124814,-667.414292066125,-2604.32693394707,-1874.97509068507,18.45,21.45,18.2,17.59,18.01,18.18
2024-10-07 11:20:00,-1480.11514483762,-662.819844396364,-994.47873825856,-665.725975070424,-2600.73140759535,-1870.66276764219,18.55,21.55,18.3,17.61,18.1,18.25
2024-10-07 11:30:00,-1476.03108049732,-665.11310107017,-994.47873825856,-669.106890724829,-2598.93550633808,-1867.65004412077,18.65,21.65,18.37,17.7,18.18,18.33
2024-10-07 11:40:00,-1467.2208922584,-666.646345116867,-995.624333548688,-667.875484798041,-2595.9450930114,-1868.51032682309,18.74,21.7,18.43,17.74,18.26,18.4
2024-10-07 11:50:00,-1472.29725521217,-667.260631937604,-997.689731673034,-667.721718488193,-2569.77738259539,-1869.37100579146,18.84,21.8,18.5,17.8,18.33,18.5
2024-10-07 12:00:00,-1479.09307056969,-667.875484798041,-992.648526928605,-668.183123656123,-2560.32739106215,-1883.19591067139,18.94,21.8,18.6,17.88,18.4,18.59
2024-10-07 12:10:00,-1475.35149955607,-669.569253066399,-991.506355691037,-670.95825796795,-2592.9581205442,-1865.07157178617,19.03,21.8,18.69,17.94,18.5,18.67
2024-10-07 12:20:00,-1460.47962460535,-673.434718548379,-994.47873825856,-669.415096796893,-2562.68662603677,-1877.99963030671,19.12,21.8,18.77,18,18.58,18.77
2024-10-07 12:30:00,-1471.95828526779,-673.124661798256,-991.049855261368,-671.88586167604,-2569.77738259539,-1870.66276764219,19.2,21.8,18.86,18.1,18.65,18.87
2024-10-07 12:40:00,-1469.24933370626,-676.69894972923,-991.734684752805,-670.649341407513,-2568.0028562376,-1872.81768797743,19.3,21.8,18.95,18.17,18.73,18.96
2024-10-07 12:50:00,-1470.26460581255,-678.571323615001,-994.707751815509,-672.195347806243,-2560.91699610872,-1859.06897163463,19.38,21.8,19.02,18.23,18.81,19.05
2024-10-07 13:00:00,-1479.43368354824,-680.448878215136,-1001.14158764097,-671.88586167604,-2585.80340164753,-1873.68035101573,19.44,21.8,19.1,18.3,18.9,19.14
2024-10-07 13:10:00,-1477.39118161598,-683.117643561857,-997.460031568891,-672.350144325911,-2556.79261035408,-1863.35456821749,19.5,21.8,19.2,18.4,18.98,19.22
2024-10-07 13:20:00,-1475.35149955607,-685.796875982159,-996.54175987373,-675.453571585768,-2547.97699432157,-1866.36036266709,19.58,21.77,19.26,18.44,19.04,19.3
2024-10-07 13:30:00,-1473.99327618914,-687.061324755739,-1000.91109280912,-673.434718548379,-2542.70222127552,-1861.21053643235,19.61,21.7,19.32,18.5,19.1,19.4
2024-10-07 13:40:00,-1485.57814759101,-691.505283051463,-996.771248513656,-675.142585333507,-2536.27010343475,-1847.9724928371,19.7,21.62,19.4,18.6,19.19,19.47
2024-10-07 13:50:00,-1476.03108049732,-695.81774875993,-999.299114186185,-674.987145904556,-2529.27180311808,-1853.08569042459,19.7,21.54,19.47,18.66,19.22,19.53
2024-10-07 14:00:00,-1477.39118161598,-695.177171971432,-997.000790001377,-672.504976492899,-2524.61700082567,-1864.21287232449,19.78,21.46,19.51,18.72,19.3,19.6
2024-10-07 14:10:00,-1485.23611996019,-701.448034171639,-1000.21992666842,-673.279672325016,-2507.2376596363,-1860.3536146338,19.8,21.4,19.6,18.8,19.35,19.69
2024-10-07 14:20:00,-1482.50273223672,-701.771137320577,-1000.68065104455,-677.166558291138,-2510.12588594382,-1839.9054355983,19.8,21.4,19.62,18.88,19.4,19.73
2024-10-07 14:30:00,-1484.55230091755,-702.74134001423,-1003.44945735017,-674.365745977677,-2509.54797463622,-1847.12166597941,19.84,21.4,19.7,18.92,19.43,19.8
2024-10-07 14:40:00,-1486.60470313905,-706.798310044058,-1005.29958306542,-672.96968695988,-2511.28210784262,-1848.3980532211,19.9,21.35,19.7,19,19.5,19.85
2024-10-07 14:50:00,-1485.57814759101,-709.897264106098,-1002.29485823735,-673.124661798256,-2497.44252545246,-1871.52443807448,19.9,21.3,19.8,19.05,19.5,19.9
2024-10-07 15:00:00,-1485.23611996019,-713.831161112741,-1002.75653837484,-673.589800476563,-2512.4388623239,-1847.12166597941,19.9,21.21,19.8,19.1,19.6,19.94
2024-10-07 15:10:00,-1489.68862793081,-712.845647843647,-1003.44945735017,-674.987145904556,-2526.36154694266,-1851.80606619599,19.9,21.28,19.83,19.16,19.6,20
2024-10-07 15:20:00,-1487.28946756551,-713.502505396226,-1007.15311997906,-676.69894972923,-2527.52524736152,-1859.49708737148,19.99,21.3,19.9,19.2,19.63,20
2024-10-07 15:30:00,-1487.63196805152,-714.982648746187,-1004.37409420064,-676.85478336096,-2507.2376596363,-1847.9724928371,20,21.2,19.9,19.23,19.7,20.09
2024-10-07 15:40:00,-1493.81048165318,-716.630853973114,-1002.0640978857,-674.987145904556,-2498.01764905645,-1871.52443807448,20,21.13,19.9,19.3,19.7,20.1
2024-10-07 15:50:00,-1495.18696574895,-717.621600311777,-1009.01007438052,-676.69894972923,-2517.65085477821,-1860.3536146338,20,21.05,19.99,19.3,19.72,20.1
2024-10-07 16:00:00,-1500.36008709826,-722.928759957108,-1007.15311997906,-674.831742262735,-2495.71794898973,-1855.22036274838,20,20.96,20,19.4,19.8,20.2
2024-10-07 16:10:00,-1498.63372767597,-727.437193317475,-1009.47484770151,-674.831742262735,-2484.25116660582,-1852.6590507965,20,20.81,20,19.4,19.8,20.2
2024-10-07 16:20:00,-1504.51146792641,-735.013815788716,-1013.43407458568,-676.543151975388,-2510.70393033573,-1852.6590507965,20,20.6,20,19.4,19.8,20.2
2024-10-07 16:30:00,-1504.16508123936,-740.27912410593,-1013.90088570323,-676.69894972923,-2493.99456341086,-1853.08569042459,19.91,20.37,20,19.49,19.8,20.2
2024-10-07 16:40:00,-1509.02176040637,-747.645119121917,-1018.34632964899,-675.764701085473,-2502.04722437861,-1850.52732559525,19.9,20.14,20,19.5,19.8,20.2
2024-10-07 16:50:00,-1513.19710741759,-747.817290593743,-1012.03493038707,-678.25890191542,-2500.89525432172,-1842.44911560272,19.81,19.93,20,19.5,19.8,20.2
2024-10-07 17:00:00,-1509.71685064663,-753.521246712982,-1012.50109702653,-675.920319573735,-2522.87365938231,-1847.12166597941,19.74,19.73,20,19.5,19.8,20.2
2024-10-07 17:10:00,-1527.90201075205,-756.825057284047,-1014.83515310931,-677.478476832043,-2504.9294715355,-1865.07157178617,19.65,19.53,19.98,19.5,19.8,20.2
2024-10-07 17:20:00,-1532.83533220553,-761.194256021042,-1016.47219306,-678.25890191542,-2499.16829362196,-1867.65004412077,19.56,19.35,19.9,19.5,19.74,20.2
2024-10-07 17:30:00,-1518.08294937659,-767.000244581581,-1021.16401552699,-678.571323615001,-2523.45463939549,-1848.3980532211,19.47,19.2,19.9,19.5,19.7,20.19
2024-10-07 17:40:00,-1540.26519696998,-770.540556854048,-1021.39917430357,-679.196598806382,-2514.17499317465,-1858.64095446373,19.38,19.06,19.81,19.5,19.66,20.1
2024-10-07 17:50:00,-1545.59428219916,-772.494689285001,-1024.22530716764,-680.135592068769,-2540.36138414409,-1865.50106983192,19.3,18.94,19.8,19.5,19.6,20.1
2024-10-07 18:00:00,-1536.36888258048,-775.881688831044,-1025.40516918257,-679.665933279191,-2525.77989766633,-1863.78367086304,19.21,18.85,19.71,19.5,19.56,20.02
2024-10-07 18:10:00,-1548.08749459899,-778.386871594036,-1029.90105360832,-682.331627864271,-2529.27180311808,-1870.23208120843,19.14,18.8,19.69,19.43,19.5,20
2024-10-07 18:20:00,-1554.15919578265,-781.799705387334,-1029.18986882713,-682.174533287667,-2526.36154694266,-1866.36036266709,19.08,18.7,19.6,19.4,19.43,19.92
2024-10-07 18:30:00,-1558.45943460182,-788.488752096857,-1034.17849440332,-682.960368019286,-2535.68617289162,-1875.83874747284,19,18.55,19.56,19.4,19.4,19.9
2024-10-07 18:40:00,-1559.89549001312,-793.040747338874,-1036.80122686994,-683.747107997575,-2534.5187150929,-1882.32886656477,18.93,18.37,19.5,19.31,19.3,19.8
2024-10-07 18:50:00,-1564.21160071671,-796.701257110812,-1032.98853753664,-683.747107997575,-2562.09661356475,-1884.49722572726,18.85,18.19,19.42,19.3,19.24,19.75
2024-10-07 19:00:00,-1564.21160071671,-799.641826414762,-1040.62798857618,-685.007777479203,-2573.33011482687,-1883.19591067139,18.78,18.03,19.38,19.21,19.18,19.7
2024-10-07 19:10:00,-1571.06987955672,-808.528815340631,-1040.3884027112,-687.694423129302,-2565.63872708822,-1887.53712559281,18.7,17.91,19.3,19.2,19.1,19.6
2024-10-07 19:20:00,-1587.06788075713,-809.273840943918,-1045.67205630007,-688.486616528593,-2576.88775873141,-1882.76233870701,18.61,17.84,19.24,19.1,19.01,19.55
2024-10-07 19:30:00,-1581.96001570485,-813.196503130314,-1044.46887459554,-693.258977763269,-2565.04803494808,-1906.31867515548,18.53,17.72,19.19,19.07,18.94,19.48
2024-10-07 19:40:00,-1581.5957978836,-811.886840974795,-1048.56535035954,-691.346076405861,-2586.99448235616,-1892.75979547252,18.45,17.7,19.1,19,18.85,19.4
2024-10-07 19:50:00,-1587.4333587171,-816.385913410954,-1046.87662401644,-692.142476347368,-2607.92743113497,-1904.12520757724,18.39,17.69,19.04,18.93,18.77,19.31
2024-10-07 20:00:00,-1592.92563867051,-819.399137421494,-1050.98254313235,-694.057581282088,-2595.34742337596,-1889.71148443814,18.3,17.6,18.99,18.87,18.69,19.24
2024-10-07 20:10:00,-1603.96727170333,-822.991789312789,-1055.83365813771,-695.497386616554,-2612.1343029409,-1909.8334801878,18.22,17.56,18.9,18.8,18.6,19.16
2024-10-07 20:20:00,-1609.14619423664,-825.839216753721,-1054.86164709728,-696.779720859147,-2615.14336551761,-1911.15320218162,18.17,17.5,18.83,18.7,18.51,19.08
2024-10-07 20:30:00,-1612.48432832937,-831.563660729091,-1055.59057144098,-695.017119939493,-2630.84645797188,-1918.2071366286,18.1,17.4,18.77,18.65,18.44,19
2024-10-07 20:40:00,-1614.71359732552,-830.224418058754,-1058.26760609037,-699.673624106151,-2622.37926583503,-1921.3014142625,18.02,17.33,18.7,18.59,18.4,18.91
2024-10-07 20:50:00,-1617.69075091038,-834.248630588771,-1060.21880362933,-697.903702656964,-2627.21431884077,-1936.40191042352,17.99,17.27,18.62,18.5,18.3,18.84
2024-10-07 21:00:00,-1625.15767215189,-833.864533345089,-1065.11255127609,-701.125079782944,-2647.86294765108,-1935.06475326252,17.9,17.19,18.58,18.43,18.24,18.76
2024-10-07 21:10:00,-1624.40943168791,-842.35566794007,-1068.05963568817,-703.226944236801,-2653.35587403035,-1933.28331326995,17.85,17.1,18.5,18.4,18.19,18.69
2024-10-07 21:20:00,-1633.0350360613,-845.27009147997,-1072.00177002204,-705.01036571388,-2662.53608509003,-1935.95608873531,17.8,17.01,18.44,18.3,18.1,18.6
2024-10-07 21:30:00,-1625.90625727268,-848.585296487991,-1070.76829255733,-704.199159592013,-2668.67386465717,-1950.2734225848,17.72,16.93,18.4,18.25,18.04,18.53
2024-10-07 21:40:00,-1628.52902166066,-849.56282901989,-1073.73102597003,-706.635582454237,-2692.12674420927,-1940.4189284282,17.68,16.84,18.32,18.2,17.99,18.47
2024-10-07 21:50:00,-1648.52486638929,-854.074002564262,-1072.74253843353,-708.264545706109,-2672.97872709559,-1939.52553821494,17.6,16.75,18.29,18.1,17.9,18.4
2024-10-07 22:00:00,-1655.75281636946,-853.680777501305,-1079.68110844333,-707.775462833346,-2698.33273729056,-1946.68419299425,17.55,16.65,18.2,18.06,17.85,18.33
2024-10-07 22:10:00,-1653.84765740123,-861.976652011047,-1083.16720502395,-709.897264106098,-2697.09039522498,-1950.2734225848,17.5,16.54,18.15,18,17.8,18.28
2024-10-07 22:20:00,-1656.5154943196,-861.778197400913,-1083.16720502395,-713.995545736544,-2700.81913843956,-1948.02937935274,17.4,16.45,18.1,17.91,17.7,18.2
2024-10-07 22:30:00,-1655.37160908399,-868.151464970458,-1085.91417550416,-714.159968215662,-2720.79300535582,-1975.1291674753,17.34,16.37,18.01,17.87,17.66,18.12
2024-10-07 22:40:00,-1666.46233559118,-869.551888110172,-1088.16687767878,-711.861495171367,-2702.68544273012,-1958.37340371399,17.3,16.3,17.97,17.8,17.6,18.07
2024-10-07 22:50:00,-1672.99831070295,-873.766726324417,-1089.67127473891,-714.982648746187,-2737.13048982241,-1966.95988323465,17.2,16.21,17.9,17.73,17.51,18
2024-10-07 23:00:00,-1679.55992033986,-873.967941713185,-1093.18962777404,-715.971116431503,-2740.28354244885,-1966.50702612319,17.16,16.18,17.83,17.69,17.47,17.92
2024-10-07 23:10:00,-1679.17323189719,-879.418307561882,-1095.20521333959,-719.275888950339,-2733.98106519311,-1962.43600103961,17.1,16.1,17.79,17.6,17.4,17.87
2024-10-07 23:20:00,-1681.10756480122,-880.634108505337,-1093.94503729543,-719.772918780491,-2725.80951024127,-1980.13820162302,17.02,16.08,17.7,17.54,17.3,17.8
2024-10-07 23:30:00,-1688.86720475577,-883.070755271739,-1098.99445816367,-721.432166720304,-2744.07200044159,-1966.05427327392,16.98,16,17.65,17.5,17.25,17.71
2024-10-07 23:40:00,-1688.08963172237,-885.718064695218,-1099.50068036803,-723.261757623964,-2757.3728967863,-1976.49400971417,16.9,15.98,17.6,17.4,17.2,17.66
2024-10-07 23:50:00,-1694.71043051495,-884.08801351887,-1100.51382441702,-722.59591560604,-2765.63907388495,-1976.03895754168,16.85,15.9,17.51,17.33,17.12,17.6
2024-10-08,-1698.22606550553,-887.146824679058,-1107.12205498667,-726.934871022198,-2766.27595913667,-1991.11114114253,16.8,15.89,17.47,17.3,17.08,17.51
2024-10-08 00:10:00,-1700.96548964355,-888.78251558658,-1108.39741036934,-723.09523962165,-2782.88655407121,-1992.02829287474,16.73,15.8,17.4,17.2,17,17.46
2024-10-08 00:20:00,-1710.39139306148,-888.373310342541,-1113.00086648153,-726.265647499291,-2778.40468383573,-1994.7822836173,16.7,15.8,17.31,17.16,16.95,17.39
2024-10-08 00:30:00,-1711.57329774735,-894.9432616659,-1114.79625845037,-727.939862724577,-2784.80956810872,-1993.86386391748,16.61,15.7,17.27,17.1,16.9,17.3
2024-10-08 00:40:00,-1717.09966083187,-895.561680139498,-1119.16856284892,-731.636734064305,-2787.37565405292,-1999.38073169461,16.58,15.69,17.2,17.02,16.82,17.25
2024-10-08 00:50:00,-1725.82001926894,-903.224069711191,-1115.82349673704,-732.985700797011,-2813.81475363633,-1997.54008176814,16.5,15.6,17.15,16.99,16.8,17.2
2024-10-08 01:00:00,-1723.83423887059,-904.472782259774,-1122.78215733489,-731.299880466196,-2811.87171044509,-2000.30169259102,16.46,15.6,17.1,16.9,16.7,17.11
2024-10-08 01:10:00,-1726.21744976801,-905.514694690421,-1124.3344102212,-736.708197624654,-2799.59689027095,-2011.38636813317,16.4,15.5,17.02,16.86,16.67,17.07
2024-10-08 01:20:00,-1729.0020270663,-909.484919861407,-1122.00683471522,-736.877850487286,-2814.46273302547,-2028.59570867733,16.34,15.5,16.99,16.8,16.6,17
2024-10-08 01:30:00,-1728.60395546842,-914.946083471274,-1126.66681422516,-737.387043522249,-2836.58304344625,-2016.48735249821,16.3,15.41,16.9,16.73,16.55,16.93
2024-10-08 01:40:00,-1749.02292695399,-917.477668830268,-1130.0443869243,-744.381382246153,-2824.85072055026,-2029.9974970537,16.22,15.34,16.87,16.7,16.5,16.9
2024-10-08 01:50:00,-1757.50068287738,-917.266436109927,-1126.40741946911,-741.47327519255,-2832.66686497087,-2026.26154546825,16.19,15.23,16.8,16.61,16.43,16.8
2024-10-08 02:00:00,-1747.41275893003,-922.137115403292,-1132.3886361341,-743.696097290277,-2854.93025102909,-2038.42859252371,16.1,15.13,16.75,16.58,16.4,16.77
2024-10-08 02:10:00,-1749.82856726907,-924.475704886956,-1137.8774804023,-745.582150723235,-2843.12204268913,-2045.01031271004,16.06,15.03,16.7,16.5,16.31,16.7
2024-10-08 02:20:00,-1765.2064368426,-930.241054586156,-1138.40161302384,-747.12884250623,-2832.014694408,-2049.2526361666,16,14.94,16.62,16.46,16.29,16.64
2024-10-08 02:30:00,-1779.48979777688,-928.315287417931,-1143.65623612214,-746.612922398647,-2849.67611588205,-2045.48124795249,15.92,14.85,16.6,16.4,16.2,16.6
2024-10-08 02:40:00,-1778.67050110509,-937.768201814497,-1143.39292985748,-746.956829537185,-2873.39612956953,-2037.02098216399,15.88,14.77,16.5,16.34,16.17,16.51
2024-10-08 02:50:00,-1777.85158164649,-938.63231612563,-1151.05348063999,-748.678742863181,-2882.01012635947,-2040.77677163003,15.8,14.7,16.47,16.3,16.1,16.47
2024-10-08 03:00:00,-1786.46907404464,-939.929980781563,-1150.52352295947,-751.96132149755,-2856.90304828194,-2062.50733836624,15.74,14.62,16.4,16.22,16.04,16.4
2024-10-08 03:10:00,-1792.64998754811,-946.663216319589,-1152.11412844568,-755.606181978929,-2894.64628700247,-2048.30913771745,15.7,14.6,16.34,16.19,16,16.34
2024-10-08 03:20:00,-1796.36879573422,-944.268500449227,-1155.0359520441,-753.521246712982,-2889.31905955469,-2059.65984660587,15.61,14.51,16.3,16.1,15.9,16.3
2024-10-08 03:30:00,-1792.64998754811,-952.347623608664,-1156.36650210584,-752.827547506338,-2897.31358290505,-2071.55039266247,15.57,14.44,16.21,16.06,15.86,16.2
2024-10-08 03:40:00,-1807.15541097426,-956.74346051137,-1158.23184758169,-756.302441581425,-2904.66132649186,-2053.97665137473,15.5,14.34,16.18,16,15.8,16.16
2024-10-08 03:50:00,-1810.90431030351,-955.862672899322,-1156.1002695312,-756.302441581425,-2914.71101650707,-2084.46929617727,15.44,14.23,16.1,15.93,15.73,16.1
2024-10-08 04:00:00,-1824.29682562499,-957.18415862407,-1163.04227877559,-759.443557813554,-2936.26671755884,-2062.50733836624,15.4,14.2,16.05,15.89,15.69,16.03
2024-10-08 04:10:00,-1818.4254560928,-961.38092833098,-1164.9183930084,-760.143353397938,-2921.4301193284,-2081.11223482613,15.3,14.14,16,15.8,15.6,15.98
2024-10-08 04:20:00,-1821.77820662044,-959.832613484536,-1166.79753361839,-762.773334731426,-2934.2391167561,-2079.67514983222,15.27,14.1,15.92,15.76,15.56,15.9
2024-10-08 04:30:00,-1834.82860613319,-966.485855314373,-1172.72316097057,-763.124685728751,-2963.43565898717,-2092.64472213805,15.2,14,15.88,15.7,15.5,15.84
2024-10-08 04:40:00,-1819.26306481411,-972.961156833101,-1171.9133522402,-767.000244581581,-2946.42575745942,-2085.90969399423,15.16,13.95,15.8,15.63,15.43,15.79
2024-10-08 04:50:00,-1833.13944454159,-972.961156833101,-1176.7806061997,-767.707003337853,-2949.81990892852,-2106.6651089579,15.1,13.87,15.74,15.59,15.4,15.7
2024-10-08 05:00:00,-1839.9054355983,-976.327455662451,-1176.7806061997,-769.831189500029,-2962.07126062113,-2099.88495719667,15.03,13.77,15.7,15.5,15.3,15.65
2024-10-08 05:10:00,-1843.7222740459,-984.454168899336,-1181.39601729533,-769.476750754617,-2995.68056893586,-2113.46715261266,15,13.69,15.61,15.46,15.26,15.6
2024-10-08 05:20:00,-1845.84616013033,-984.907631203686,-1184.66484910366,-775.345913819294,-3001.20390208899,-2106.18008723265,14.9,13.6,15.58,15.4,15.2,15.51
2024-10-08 05:30:00,-1849.67532246446,-988.542857233135,-1187.94272551789,-773.918988515097,-2992.23364881261,-2107.15024237639,14.86,13.53,15.5,15.33,15.16,15.47
2024-10-08 05:40:00,-1862.06785294884,-990.821683869265,-1187.39578362336,-775.167404377434,-2970.26708370968,-2105.21037875901,14.8,13.45,15.44,15.29,15.1,15.4
2024-10-08 05:50:00,-1862.06785294884,-998.379149413145,-1192.05282814446,-778.924747950694,-2979.17148462433,-2132.53173328799,14.73,13.34,15.4,15.2,15.02,15.33
2024-10-08 06:00:00,-1871.95542211867,-998.60906117636,-1190.40708340313,-777.49123625855,-3003.27777650717,-2133.0228234026,14.68,13.19,15.3,15.17,14.98,15.29
2024-10-08 06:10:00,-1884.49722572726,-1009.01007438052,-1198.65859110412,-780.181238649772,-3022.70317669836,-2138.43228438178,14.6,13.06,15.26,15.1,14.9,15.2
2024-10-08 06:20:00,-1887.97179711909,-1014.13437188981,-1194.80079371476,-782.339940060497,-3033.85976531551,-2149.29239718628,14.53,12.95,15.2,15.04,14.84,15.17
2024-10-08 06:30:00,-1886.2337113736,-1011.56897837586,-1207.52325250851,-783.601939837484,-3043.65555415653,-2168.18084076158,14.46,12.87,15.15,15,14.79,15.1
2024-10-08 06:40:00,-1890.58192914888,-1015.53641857855,-1207.80132702586,-784.143419880186,-3043.65555415653,-2134.98831502847,14.4,12.8,15.1,14.9,14.7,15.03
2024-10-08 06:50:00,-1894.50389473249,-1013.20074962995,-1210.02822971406,-785.951057150229,-3064.7531665569,-2158.21895469186,14.3,12.88,15,14.86,14.64,14.98
2024-10-08 07:00:00,-1908.95417185125,-1006.45764348766,-1201.6984539714,-788.670329245554,-3073.23310257231,-2144.84297333747,14.24,13.01,14.95,14.8,14.59,14.9
2024-10-08 07:10:00,-1909.8334801878,-982.189987141248,-1212.53840343304,-788.30721675303,-3064.0475623002,-2140.89566329477,14.2,13.99,14.9,14.71,14.5,14.83
2024-10-08 07:20:00,-1912.03352344228,-913.051979658549,-1210.58559663545,-790.670439757584,-3071.81815225581,-2168.18084076158,14.11,16.08,14.8,14.68,14.45,14.8
2024-10-08 07:30:00,-1919.97468455278,-861.38142524193,-1217.29405896611,-791.76354625577,-3088.12948828444,-2172.67867844077,14.1,18.21,14.77,14.6,14.4,14.71
2024-10-08 07:40:00,-1923.51466806716,-830.989435255657,-1219.25768724619,-794.502928686573,-3126.04699354736,-2160.7051269693,14.1,19.55,14.7,14.56,14.4,14.7
2024-10-08 07:50:00,-1922.62906076126,-829.651117381931,-1219.25768724619,-794.868895066965,-3121.73118196644,-2191.7726456826,14.1,19.78,14.7,14.5,14.31,14.66
2024-10-08 08:00:00,-1927.50495180542,-827.171385615366,-1221.22448307317,-795.784548692756,-3119.57551108933,-2170.17872903504,14.1,19.74,14.65,14.46,14.3,14.62
2024-10-08 08:10:00,-1921.3014142625,-806.297851273843,-1223.75788314361,-798.721734489261,-3118.13922421832,-2190.76352945379,14.1,20.36,14.66,14.4,14.3,14.7
2024-10-08 08:20:00,-1925.73047144179,-772.850518162532,-1222.34979053283,-799.457723276309,-3110.96770301023,-2183.71271290991,14.1,21.67,14.7,14.4,14.39,14.75
2024-10-08 08:30:00,-1928.39280505923,-751.269058373682,-1220.38118238547,-797.802701249192,-3064.7531665569,-2171.17836342982,14.17,22.7,14.71,14.44,14.4,14.86
2024-10-08 08:40:00,-1919.97468455278,-732.479547052038,-1219.81930546868,-800.747335907369,-3074.64870464757,-2165.68606670311,14.21,23.39,14.8,14.5,14.5,15.04
2024-10-08 08:50:00,-1913.79538263923,-726.60018221354,-1227.42651983752,-803.887919733673,-3073.23310257231,-2164.19058034927,14.3,23.9,14.89,14.56,14.61,15.23
2024-10-08 09:00:00,-1922.62906076126,-725.095988468882,-1219.25768724619,-800.378663028169,-3064.0475623002,-2158.71596018879,14.39,24.39,15.02,14.64,14.73,15.48
2024-10-08 09:10:00,-1923.95762468255,-723.928213187555,-1218.13522640779,-800.931736024294,-3063.34212049619,-2163.69231441959,14.49,24.8,15.15,14.75,14.86,15.76
2024-10-08 09:20:00,-1914.67692094917,-721.930686568946,-1223.47613491641,-801.854373773302,-3031.76477290261,-2139.90997138815,14.61,25.09,15.26,14.86,15.04,16.08
2024-10-08 09:30:00,-1906.31867515548,-717.952153378449,-1213.37628464938,-799.457723276309,-3001.89503439208,-2146.81935673883,14.72,25.42,15.41,15.01,15.2,16.42
2024-10-08 09:40:00,-1904.12520757724,-717.952153378449,-1216.45347238167,-799.641826414762,-2967.53262608359,-2117.85148809521,14.84,25.52,15.55,15.15,15.37,16.75
2024-10-08 09:50:00,-1901.05859241826,-725.095988468882,-1213.09692659837,-797.802701249192,-2926.14270521375,-2110.06338988612,14.95,25.14,15.69,15.32,15.57,17.08
2024-10-08 10:00:00,-1901.93426386875,-728.778417080896,-1214.4943603213,-794.320008686831,-2925.46901352105,-2105.21037875901,15.08,24.92,15.83,15.48,15.77,17.42
2024-10-08 10:10:00,-1909.39377540247,-731.299880466196,-1210.86437636478,-792.858163980071,-2888.65384584364,-2083.0298930083,15.21,24.8,15.95,15.65,15.97,17.72
2024-10-08 10:20:00,-1916.88254363206,-737.896588416813,-1210.58559663545,-794.320008686831,-2861.51154495351,-2052.08573989779,15.33,24.75,16.07,15.84,16.17,18
2024-10-08 10:30:00,-1903.24852739218,-739.767933982325,-1209.74964249244,-790.124452566173,-2876.04384433776,-2052.08573989779,15.45,24.74,16.18,16,16.35,18.25
2024-10-08 10:40:00,-1898.87117724936,-741.985643731093,-1209.47111941053,-790.306406392186,-2827.45370274748,-2059.18564699626,15.57,24.8,16.28,16.16,16.54,18.48
2024-10-08 10:50:00,-1910.71319355406,-744.552802128265,-1212.25923828911,-789.578842399117,-2809.93000899706,-2041.24673195139,15.7,24.78,16.39,16.33,16.7,18.69
2024-10-08 11:00:00,-1911.15320218162,-745.753847124341,-1215.89340382575,-786.856437823243,-2789.94410453835,-2050.19656921289,15.83,24.8,16.49,16.47,16.86,18.87
2024-10-08 11:10:00,-1910.27328623056,-750.231858450197,-1205.85614934334,-786.856437823243,-2794.44458911984,-2032.3359639129,15.96,24.79,16.58,16.63,17.03,19.05
2024-10-08 11:20:00,-1888.4065687437,-760.143353397938,-1207.80132702586,-784.323996363963,-2774.56882623802,-2045.48124795249,16.08,24.65,16.67,16.75,17.17,19.19
2024-10-08 11:30:00,-1889.27641238016,-764.883869812479,-1211.70110080469,-782.339940060497,-2744.07200044159,-2036.08311530287,16.22,24.51,16.77,16.88,17.33,19.34
2024-10-08 11:40:00,-1894.50389473249,-771.961253121747,-1202.52884462907,-781.2598437662,-2750.39773970551,-2036.55199474547,16.34,24.39,16.86,17.02,17.47,19.46
2024-10-08 11:50:00,-1892.3240215958,-778.745414546688,-1211.42212843462,-780.181238649772,-2719.54032233583,-2033.27210474964,16.46,24.3,16.95,17.14,17.62,19.57
2024-10-08 12:00:00,-1890.58192914888,-786.6752782904,-1218.13522640779,-779.283538661606,-2714.53535509146,-2034.67712458195,16.57,24.26,17.02,17.25,17.74,19.67
2024-10-08 12:10:00,-1887.97179711909,-791.399009612119,-1213.37628464938,-780.540608129291,-2712.66086799799,-2044.06876747326,16.68,24.13,17.1,17.37,17.85,19.76
2024-10-08 12:20:00,-1881.89549422169,-800.010159890017,-1219.25768724619,-777.49123625855,-2713.28555316247,-2019.74016685529,16.81,24.03,17.2,17.49,17.95,19.84
2024-10-08 12:30:00,-1873.24896983771,-799.641826414762,-1221.22448307317,-776.41783407092,-2697.09039522498,-2017.8807738289,16.92,24.1,17.26,17.6,18.05,19.9
2024-10-08 12:40:00,-1873.68035101573,-813.383770103972,-1215.89340382575,-777.670280844083,-2677.29053374734,-2032.80398044267,17.04,23.99,17.32,17.7,18.14,19.99
2024-10-08 12:50:00,-1861.63914533949,-816.761959599012,-1222.6312793798,-773.918988515097,-2682.84450692819,-2017.41619309886,17.15,23.75,17.4,17.79,18.23,20
2024-10-08 13:00:00,-1870.66276764219,-824.888981323312,-1220.38118238547,-775.167404377434,-2683.46232583133,-2027.1948882877,17.26,23.51,17.5,17.88,18.31,20.09
2024-10-08 13:10:00,-1869.80149393246,-831.563660729091,-1223.75788314361,-773.028494060202,-2658.24804064453,-2027.66172090477,17.37,23.43,17.55,17.97,18.4,20.1
2024-10-08 13:20:00,-1867.65004412077,-835.786789619166,-1226.57893641397,-774.453777501245,-2664.37593524833,-2036.08311530287,17.49,23.4,17.6,18.05,18.47,20.19
2024-10-08 13:30:00,-1863.35456821749,-832.90506374414,-1226.01420598306,-771.961253121747,-2664.37593524833,-2030.93256073865,17.6,23.45,17.7,18.13,18.53,20.2
2024-10-08 13:40:00,-1854.7932316504,-834.248630588771,-1228.27468895322,-772.67258324061,-2689.64834536545,-2032.80398044267,17.71,23.66,17.74,18.21,18.6,20.27
2024-10-08 13:50:00,-1852.2325093945,-835.786789619166,-1216.45347238167,-771.961253121747,-2664.98950111606,-2032.3359639129,17.82,23.8,17.8,18.3,18.7,20.3
2024-10-08 14:00:00,-1861.21053643235,-844.103113997754,-1225.16759781448,-770.540556854048,-2663.7625106431,-2032.80398044267,17.94,23.75,17.88,18.38,18.78,20.3
2024-10-08 14:10:00,-1859.06897163463,-850.149888971569,-1231.10615453632,-769.831189500029,-2689.64834536545,-2036.08311530287,18.06,23.58,17.92,18.42,18.86,20.34
2024-10-08 14:20:00,-1857.78521572898,-860.786609498919,-1225.44973556026,-774.632122605525,-2674.82579326747,-2036.55199474547,18.17,23.44,18,18.5,18.94,20.4
2024-10-08 14:30:00,-1856.07492005266,-868.751369932947,-1229.68960678356,-770.895485613094,-2669.90311741311,-2045.01031271004,18.28,23.26,18.08,18.59,19.01,20.4
2024-10-08 14:40:00,-1846.27123085176,-872.158670062643,-1233.66005389049,-772.850518162532,-2647.25332486403,-2027.66172090477,18.37,23.12,18.14,18.65,19.1,20.4
2024-10-08 14:50:00,-1845.42118727379,-875.982645891285,-1229.40649288374,-774.810508780011,-2657.63602687674,-2023.93006801753,18.42,23.1,18.2,18.7,19.17,20.5
2024-10-08 15:00:00,-1868.51032682309,-881.242639151366,-1229.97278588026,-773.028494060202,-2643.5985344592,-2041.71680049756,18.5,23.03,18.29,18.8,19.2,20.5
2024-10-08 15:10:00,-1856.50234630428,-892.473855232005,-1227.7091777792,-773.740807597106,-2655.18938053274,-2043.59815742902,18.58,22.89,18.32,18.86,19.29,20.5
2024-10-08 15:20:00,-1863.78367086304,-895.149353693549,-1237.64332085875,-774.275473457716,-2646.03450032165,-2041.71680049756,18.6,22.79,18.4,18.9,19.3,20.5
2024-10-08 15:30:00,-1862.06785294884,-903.016118625507,-1237.35837575942,-777.49123625855,-2653.35587403035,-2046.89470447573,18.7,22.7,18.4,18.98,19.4,20.51
2024-10-08 15:40:00,-1861.63914533949,-909.484919861407,-1244.21519949528,-775.703056036632,-2648.47271082512,-2044.06876747326,18.7,22.63,18.5,19,19.4,20.6
2024-10-08 15:50:00,-1874.11183153438,-910.532606051723,-1238.78375759308,-777.670280844083,-2668.67386465717,-2044.53948589195,18.76,22.52,18.5,19.06,19.42,20.6
2024-10-08 16:00:00,-1862.06785294884,-919.592673288079,-1242.78356808129,-778.028493718502,-2639.94878984759,-2050.66869877253,18.8,22.38,18.58,19.1,19.5,20.6
2024-10-08 16:10:00,-1871.95542211867,-930.455275166782,-1242.49743953255,-776.596631468007,-2643.5985344592,-2050.66869877253,18.8,22.25,18.6,19.1,19.5,20.6
2024-10-08 16:20:00,-1874.97509068507,-934.104582079526,-1239.35436997408,-779.642494639799,-2660.69750541634,-2053.03097793703,18.88,22.11,18.64,19.19,19.5,20.6
2024-10-08 16:30:00,-1866.79015750208,-939.064671827351,-1243.92874133918,-779.462995987536,-2660.08492770337,-2055.3959783421,18.9,21.95,18.7,19.2,19.5,20.6
2024-10-08 16:40:00,-1867.65004412077,-948.627045813795,-1236.21925124589,-781.439756205592,-2657.63602687674,-2051.61328408993,18.9,21.79,18.7,19.2,19.5,20.6
2024-10-08 16:50:00,-1871.95542211867,-953.664249757251,-1244.50172361841,-783.060833706783,-2666.21705676916,-2041.71680049756,18.98,21.65,18.77,19.2,19.5,20.6
2024-10-08 17:00:00,-1877.13497862472,-961.159587675316,-1243.06976252114,-784.143419880186,-2687.79104367295,-2055.86930524777,19,21.48,18.8,19.2,19.5,20.57
2024-10-08 17:10:00,-1881.89549422169,-974.530649453975,-1248.51999639298,-786.494160466278,-2672.97872709559,-2054.44965143066,19,21.3,18.8,19.3,19.5,20.5
2024-10-08 17:20:00,-1869.80149393246,-979.705401377937,-1245.64848008502,-785.951057150229,-2661.31022419678,-2042.18697729348,19,21.08,18.88,19.3,19.5,20.5
2024-10-08 17:30:00,-1879.29735465923,-990.593565009518,-1248.23254713487,-787.037639074413,-2661.92308407718,-2067.26190881859,19,20.81,18.9,19.3,19.5,20.5
2024-10-08 17:40:00,-1888.4065687437,-1003.68053672935,-1245.07496982649,-788.670329245554,-2680.37465340498,-2063.93256015918,19,20.53,18.9,19.3,19.5,20.5
2024-10-08 17:50:00,-1883.19591067139,-1009.93983510781,-1255.72778099109,-788.12572320445,-2697.09039522498,-2050.19656921289,19,20.24,18.9,19.3,19.5,20.42
2024-10-08 18:00:00,-1894.0677193083,-1021.39917430357,-1252.83968723856,-792.12825081341,-2692.74670067262,-2064.40785291178,18.98,19.99,18.9,19.3,19.46,20.4
2024-10-08 18:10:00,-1880.16300238152,-1030.37544979635,-1252.83968723856,-791.399009612119,-2713.28555316247,-2064.40785291178,18.9,19.78,18.9,19.3,19.4,20.38
2024-10-08 18:20:00,-1896.24960110723,-1037.27880143698,-1254.57174541912,-794.685890810051,-2708.29209702333,-2073.9367266099,18.9,19.62,18.9,19.22,19.4,20.3
2024-10-08 18:30:00,-1905.00229158143,-1043.26707730804,-1256.59550667923,-795.601333623074,-2702.68544273012,-2082.07084313866,18.82,19.46,18.9,19.2,19.34,20.28
2024-10-08 18:40:00,-1919.97468455278,-1052.92030872193,-1260.65282810942,-797.068236091998,-2733.35161525947,-2079.67514983222,18.8,19.35,18.9,19.2,19.3,20.2
2024-10-08 18:50:00,-1911.59331213659,-1056.07680081366,-1258.62253248731,-801.669761235642,-2723.30010270569,-2083.50958359059,18.73,19.24,18.9,19.2,19.25,20.14
2024-10-08 19:00:00,-1915.558865316,-1062.66286038636,-1263.84991170699,-802.40846650646,-2717.03668627743,-2088.31256921835,18.7,19.13,18.9,19.15,19.2,20.08
2024-10-08 19:10:00,-1921.7438611987,-1072.00177002204,-1259.78230069072,-805.741072776606,-2747.23304937963,-2077.28221308252,18.64,18.96,18.9,19.1,19.15,20
2024-10-08 19:20:00,-1911.15320218162,-1080.42718338647,-1272.61050077333,-807.598497778499,-2731.4641348422,-2095.53781568138,18.6,18.83,18.84,19.1,19.1,19.93
2024-10-08 19:30:00,-1927.94882732338,-1080.67598958289,-1268.22264174701,-809.460204587233,-2740.91458870149,-2074.89202971778,18.54,18.72,18.8,19.02,19.03,19.87
2024-10-08 19:40:00,-1939.9721818939,-1086.91480015522,-1269.97596695196,-811.699918642127,-2748.49848830865,-2106.6651089579,18.5,18.69,18.8,19,19,19.8
2024-10-08 19:50:00,-1924.84384395565,-1089.67127473891,-1273.78315830649,-815.634340362523,-2763.72929778294,-2105.21037875901,18.44,18.6,18.77,18.95,18.9,19.71
2024-10-08 20:00:00,-1941.75978540011,-1093.44137297024,-1274.369892219,-815.44655523557,-2773.29138423874,-2096.50306874929,18.4,18.58,18.7,18.9,18.87,19.65
2024-10-08 20:10:00,-1937.73999157906,-1101.02074647653,-1275.25049987012,-818.644790368861,-2786.09231564926,-2104.72569195921,18.37,18.48,18.7,18.85,18.8,19.59
2024-10-08 20:20:00,-1962.43600103961,-1112.74461806399,-1279.07350345783,-820.909917465368,-2776.48609260776,-2101.81991366005,18.3,18.36,18.66,18.8,18.73,19.5
2024-10-08 20:30:00,-1949.82440723057,-1113.76996584955,-1273.19669453272,-823.939839262355,-2809.93000899706,-2109.09189349723,18.27,18.23,18.6,18.73,18.7,19.42
2024-10-08 20:40:00,-1961.9841854706,-1122.00683471522,-1284.97743850044,-823.939839262355,-2787.37565405292,-2138.43228438178,18.2,18.08,18.6,18.7,18.6,19.35
2024-10-08 20:50:00,-1954.76926714086,-1130.56491144225,-1287.64309250454,-831.180799675059,-2793.15799610075,-2132.04075623804,18.16,17.97,18.54,18.62,18.57,19.29
2024-10-08 21:00:00,-1964.69664005931,-1128.74412387962,-1285.27334955663,-827.933589570125,-2809.93000899706,-2134.98831502847,18.1,17.9,18.5,18.6,18.5,19.2
2024-10-08 21:10:00,-1967.41284463232,-1133.69309749486,-1293.58658297297,-830.606838581347,-2797.66366504038,-2155.73564307899,18.03,17.83,18.48,18.51,18.44,19.13
2024-10-08 21:20:00,-1969.2257335655,-1138.40161302384,-1298.36112168989,-835.209647918987,-2806.69681905239,-2157.22528695138,18,17.8,18.4,18.5,18.4,19.06
2024-10-08 21:30:00,-1984.7028916049,-1139.18826466761,-1295.97165357572,-836.556932309618,-2827.45370274748,-2193.79227282097,17.91,17.79,18.4,18.4,18.32,19
2024-10-08 21:40:00,-1991.11114114253,-1144.97367725711,-1297.16583743747,-842.161730708376,-2850.98874245115,-2159.71031456776,17.9,17.7,18.35,18.4,18.29,18.9
2024-10-08 21:50:00,-2005.83637334437,-1154.23835698587,-1300.75499542347,-841.967838127239,-2827.45370274748,-2191.2680294788,17.81,17.61,18.3,18.3,18.2,18.82
2024-10-08 22:00:00,-2002.14488722676,-1157.69858490209,-1303.45337958027,-842.35566794007,-2831.36267399565,-2196.82520344352,17.8,17.56,18.26,18.28,18.16,18.75
2024-10-08 22:10:00,-2006.76030785827,-1163.84595746851,-1303.75354536894,-843.52022956791,-2856.24529777406,-2189.7548778332,17.7,17.5,18.2,18.2,18.1,18.69
2024-10-08 22:20:00,-2012.31285910272,-1164.6501915148,-1303.75354536894,-847.218640280959,-2879.35691897226,-2204.93353351296,17.7,17.5,18.19,18.16,18.03,18.6
2024-10-08 22:30:00,-2003.06712135699,-1165.1866562648,-1304.05378028128,-850.149888971569,-2864.14830857237,-2199.86232711037,17.6,17.52,18.1,18.1,18,18.54
2024-10-08 22:40:00,-2001.22307770327,-1164.6501915148,-1310.67646890249,-853.091279340462,-2889.31905955469,-2207.47351890819,17.6,17.6,18.1,18.04,17.91,18.48
2024-10-08 22:50:00,-2017.41619309886,-1164.6501915148,-1317.0294989438,-856.239980321045,-2882.67381012143,-2226.87327068717,17.53,17.6,18.01,18,17.9,18.4
2024-10-08 23:00:00,-2023.93006801753,-1176.7806061997,-1318.85029991372,-857.028969774226,-2864.14830857237,-2205.94917677258,17.5,17.6,18,17.92,17.8,18.36
2024-10-08 23:10:00,-2024.86233690467,-1165.72336812284,-1324.63279321635,-857.423737091796,-2895.31288068295,-2213.58142815201,17.5,17.6,17.95,17.9,17.8,18.3
2024-10-08 23:20:00,-2039.36753976576,-1168.41063801933,-1328.29795015393,-861.57978848138,-2907.33785083589,-2209.50761374681,17.41,17.6,17.9,17.81,17.7,18.22
2024-10-08 23:30:00,-2044.53948589195,-1175.15594624452,-1331.35999316742,-861.38142524193,-2882.01012635947,-2203.91835786667,17.4,17.62,17.9,17.8,17.7,18.2
2024-10-08 23:40:00,-2039.36753976576,-1172.99322154811,-1335.04376374925,-865.158148288357,-2895.97962786998,-2229.95193598237,17.4,17.7,17.82,17.71,17.64,18.1
2024-10-08 23:50:00,-2052.55830450513,-1175.96799565329,-1339.04601828597,-865.755984826608,-2909.34686248273,-2222.26324040379,17.31,17.7,17.8,17.7,17.6,18.09
2024-10-09,-2054.44965143066,-1180.30841228949,-1335.96629790525,-864.958961195965,-2928.83902375292,-2224.31096335432,17.3,17.7,17.8,17.62,17.6,18
2024-10-09 00:10:00,-2055.3959783421,-1180.03666752093,-1335.35120433019,-872.158670062643,-2927.49055405819,-2226.87327068717,17.3,17.7,17.75,17.6,17.51,18
2024-10-09 00:20:00,-2052.55830450513,-1188.21629093318,-1340.27989337944,-873.565557261871,-2925.46901352105,-2210.52536393332,17.3,17.7,17.7,17.55,17.5,17.9
2024-10-09 00:30:00,-2063.45737683419,-1186.02953033746,-1349.57026976908,-870.954570285376,-2932.88816079918,-2226.36057319621,17.3,17.7,17.7,17.5,17.5,17.9
2024-10-09 00:40:00,-2054.44965143066,-1194.80079371476,-1339.35438052617,-874.571865943512,-2912.69830071342,-2240.24492644977,17.25,17.64,17.7,17.5,17.43,17.84
2024-10-09 00:50:00,-2068.69041608708,-1199.76310503489,-1346.15634463977,-874.571865943512,-2937.61922975696,-2251.62209877767,17.2,17.6,17.66,17.41,17.4,17.8
2024-10-09 01:00:00,-2069.64330262329,-1210.86437636478,-1347.70705689622,-877.597752668621,-2928.1647112814,-2246.44351165476,17.2,17.51,17.6,17.4,17.4,17.8
2024-10-09 01:10:00,-2059.65984660587,-1208.0794655796,-1358.92504397136,-881.445576130875,-2938.29571946246,-2266.18574010657,17.2,17.49,17.6,17.35,17.36,17.71
2024-10-09 01:20:00,-2089.27449417103,-1217.57438355383,-1359.23798405341,-885.106443602271,-2933.56356101036,-2263.57819866454,17.2,17.4,17.6,17.3,17.3,17.7
2024-10-09 01:30:00,-2081.59148380047,-1216.73360339488,-1352.99285279673,-881.648559843731,-2959.34434815187,-2252.14061361958,17.2,17.33,17.6,17.3,17.3,17.7
2024-10-09 01:40:00,-2088.31256921835,-1217.57438355383,-1363.31276911729,-882.257791490008,-2960.02584082671,-2266.70760873692,17.2,17.3,17.57,17.27,17.3,17.62
2024-10-09 01:50:00,-2078.23905719867,-1218.97697510809,-1360.80376577683,-883.274113239007,-2941.00323649771,-2256.81262377681,17.12,17.27,17.5,17.2,17.26,17.6
2024-10-09 02:00:00,-2085.90969399423,-1226.86139916988,-1365.51194152622,-887.146824679058,-2975.74356034982,-2262.5360223695,17.1,17.2,17.5,17.2,17.2,17.6
2024-10-09 02:10:00,-2089.75562279143,-1231.95686633173,-1364.88324481193,-887.964293501096,-2965.48343501426,-2254.73497947217,17.1,17.16,17.5,17.2,17.2,17.56
2024-10-09 02:20:00,-2094.5730070266,-1245.07496982649,-1365.51194152622,-885.310270358069,-2965.48343501426,-2269.31875512021,17.1,17.1,17.5,17.15,17.2,17.5
2024-10-09 02:30:00,-2098.43490894342,-1234.51253046654,-1374.66065436065,-890.216218864432,-2967.53262608359,-2255.77356242685,17.1,17.02,17.46,17.1,17.15,17.5
2024-10-09 02:40:00,-2097.46876643504,-1248.23254713487,-1368.97495349367,-888.98718888669,-2973.68869932659,-2268.7962853204,17.02,16.93,17.4,17.1,17.1,17.49
2024-10-09 02:50:00,-2111.03533376866,-1251.1100203326,-1370.86756935772,-887.555464975502,-2965.48343501426,-2261.49432590389,17,16.9,17.4,17.1,17.1,17.4
2024-10-09 03:00:00,-2119.31495347975,-1253.41677410508,-1375.29385477538,-894.325270233136,-2975.05844895295,-2271.40983776625,17,16.8,17.4,17.04,17.1,17.4
2024-10-09 03:10:00,-2123.2224737494,-1259.20228306577,-1381.96009421915,-898.453288121202,-2963.43565898717,-2287.15449858838,17,16.79,17.34,17,17.01,17.36
2024-10-09 03:20:00,-2104.24111674982,-1265.01449672248,-1380.05216404685,-897.006318950251,-2990.85599153537,-2289.26201612862,16.9,16.7,17.3,17,17,17.3
2024-10-09 03:30:00,-2115.90177280385,-1260.94313757219,-1384.18934680028,-895.974196512522,-2984.66437889368,-2283.99685959807,16.9,16.7,17.3,17,17,17.3
2024-10-09 03:40:00,-2124.20047900958,-1264.72324990253,-1379.73443187447,-900.109825498478,-3006.73741897447,-2295.59622784626,16.9,16.7,17.3,16.93,16.95,17.27
2024-10-09 03:50:00,-2131.54989222672,-1267.34688709193,-1388.97843313226,-902.600360074103,-3033.85976531551,-2278.21917284185,16.84,16.7,17.24,16.9,16.9,17.2
2024-10-09 04:00:00,-2128.60708051302,-1269.6835778428,-1392.82162950066,-902.392552586339,-3006.04517179949,-2305.13042233944,16.8,16.67,17.2,16.9,16.9,17.2
2024-10-09 04:10:00,-2138.92473330492,-1277.01354112996,-1391.21900706067,-903.224069711191,-2994.99086740158,-2304.59970754779,16.8,16.6,17.2,16.89,16.87,17.18
2024-10-09 04:20:00,-2140.40276060047,-1279.66267422538,-1397.31880063947,-903.016118625507,-3008.12239160362,-2312.57327488206,16.8,16.54,17.19,16.8,16.8,17.1
2024-10-09 04:30:00,-2132.04075623804,-1288.53287212513,-1402.79917706871,-906.349088739089,-3006.04517179949,-2295.59622784626,16.71,16.5,17.1,16.8,16.8,17.1
2024-10-09 04:40:00,-2148.79756129512,-1289.72020145983,-1395.71100361917,-907.393162591375,-3008.81511713122,-2304.06911494368,16.7,16.41,17.1,16.8,16.79,17.08
2024-10-09 04:50:00,-2147.80823126777,-1292.99100148471,-1403.44533873623,-906.349088739089,-3016.4456346255,-2290.84392861662,16.7,16.33,17.1,16.73,16.7,17
2024-10-09 05:00:00,-2157.72206362151,-1298.95917677942,-1399.57282849167,-912.631600486362,-3035.25723112318,-2313.10582586682,16.65,16.3,17.04,16.7,16.7,17
2024-10-09 05:10:00,-2151.27288054626,-1299.85677597456,-1410.2480323146,-911.791422694458,-3026.88208148396,-2323.78263725076,16.6,16.26,17,16.7,16.7,16.99
2024-10-09 05:20:00,-2157.72206362151,-1306.75900768592,-1403.12222070641,-913.893319001155,-3035.25723112318,-2310.97635747653,16.6,16.2,17,16.67,16.6,16.9
2024-10-09 05:30:00,-2174.68071128417,-1313.6978902064,-1419.0428259754,-915.789168151596,-3046.46015588798,-2322.1779793658,16.54,16.2,16.97,16.6,16.6,16.9
2024-10-09 05:40:00,-2178.18870880817,-1312.7907332098,-1403.12222070641,-918.746087062833,-3034.55841777475,-2329.67587541135,16.5,16.2,16.9,16.6,16.6,16.88
2024-10-09 05:50:00,-2178.18870880817,-1314.90840805638,-1415.77911804259,-918.32308626098,-3035.25723112318,-2328.06714802741,16.5,16.11,16.9,16.59,16.5,16.8
2024-10-09 06:00:00,-2176.6845889174,-1320.36955682072,-1419.0428259754,-920.440039607244,-3042.25422166858,-2344.2045385623,16.45,16.1,16.89,16.5,16.5,16.8
2024-10-09 06:10:00,-2189.25072618413,-1322.80400895263,-1420.02340467351,-921.288186739153,-3052.07711470302,-2325.38840397706,16.4,16.06,16.8,16.5,16.5,16.77
2024-10-09 06:20:00,-2170.67848868885,-1332.89366068485,-1427.89246700613,-922.986826319812,-3100.24133566692,-2323.78263725076,16.4,16,16.8,16.5,16.41,16.7
2024-10-09 06:30:00,-2195.81376096157,-1327.99213345782,-1419.69646984239,-925.540659795103,-3073.23310257231,-2347.44541502022,16.37,16,16.8,16.41,16.4,16.7
2024-10-09 06:40:00,-2201.88940855299,-1334.42909491906,-1426.24949100616,-922.137115403292,-3068.28362594023,-2334.50873055688,16.3,16.05,16.71,16.4,16.4,16.67
2024-10-09 06:50:00,-2197.83711181923,-1328.90979483738,-1429.53733564141,-925.540659795103,-3078.19056325081,-2349.06753306121,16.3,16.1,16.7,16.4,16.32,16.6
2024-10-09 07:00:00,-2213.07179086857,-1331.97324829853,-1432.83275954131,-928.956766434148,-3077.48186527538,-2364.26145793316,16.3,16.19,16.7,16.34,16.3,16.6
2024-10-09 07:10:00,-2216.64171739732,-1331.05347149102,-1436.79729745395,-930.455275166782,-3076.7733304649,-2338.81301773673,16.23,16.21,16.65,16.3,16.3,16.57
2024-10-09 07:20:00,-2222.77499434039,-1321.89056384412,-1436.79729745395,-929.812761374845,-3085.99702061999,-2351.23210088214,16.2,16.3,16.6,16.3,16.29,16.5
2024-10-09 07:30:00,-2210.52536393332,-1325.5481332442,-1440.44109293063,-930.88386433477,-3088.12948828444,-2349.06753306121,16.2,16.37,16.6,16.27,16.2,16.5
2024-10-09 07:40:00,-2238.18253453322,-1324.63279321635,-1449.42418094251,-936.6891775289,-3083.86602550336,-2356.65225065107,16.2,16.55,16.6,16.2,16.2,16.5
2024-10-09 07:50:00,-2219.70623751038,-1320.97774950327,-1440.77280493771,-935.395987116712,-3090.97507089248,-2351.77355441545,16.2,16.71,16.56,16.2,16.2,16.44
2024-10-09 08:00:00,-2226.87327068717,-1292.69331357807,-1448.42329992062,-938.63231612563,-3100.95527480747,-2357.19495236369,16.2,17,16.5,16.2,16.2,16.4
2024-10-09 08:10:00,-2235.09250609709,-1225.73193827813,-1443.76165258702,-937.552297564129,-3126.04699354736,-2368.07526990909,16.2,18.23,16.5,16.2,16.2,16.4
2024-10-09 08:20:00,-2234.57791627511,-1160.36735576274,-1452.76544875544,-942.53069466057,-3112.40068651309,-2362.08489515564,16.2,19.89,16.5,16.12,16.2,16.4
2024-10-09 08:30:00,-2221.24008596988,-1134.47649548768,-1445.7576614991,-943.616448114178,-3106.67270985489,-2358.28073074593,16.28,20.96,16.5,16.1,16.2,16.4
2024-10-09 08:40:00,-2223.79885578851,-1139.97545989881,-1447.08986692398,-946.445264152224,-3105.95745437783,-2389.98680060257,16.3,21.07,16.5,16.1,16.2,16.4
2024-10-09 08:50:00,-2234.06344492816,-1149.99380927729,-1454.10411156418,-940.579485715455,-3094.53573674374,-2374.08083657616,16.38,20.96,16.58,16.1,16.28,16.49
2024-10-09 09:00:00,-2236.63698668617,-1143.65623612214,-1455.1089181074,-944.05109962209,-3080.31763654262,-2357.19495236369,16.43,21.17,16.6,16.1,16.31,16.53
2024-10-09 09:10:00,-2229.95193598237,-1156.36650210584,-1457.79179805533,-946.445264152224,-3103.8126758432,-2346.9049579631,16.51,21.09,16.68,16.19,16.4,16.62
2024-10-09 09:20:00,-2211.54358291905,-1156.89915119737,-1451.0938531549,-944.268500449227,-3077.48186527538,-2347.9859965365,16.6,20.88,16.74,16.2,16.47,16.73
2024-10-09 09:30:00,-2220.72868541831,-1142.86649917879,-1453.09999887706,-949.938528241863,-3084.57619365526,-2347.44541502022,16.69,20.91,16.81,16.24,16.55,16.84
2024-10-09 09:40:00,-2218.68426034872,-1122.78215733489,-1445.7576614991,-949.719821992877,-3066.16486257797,-2353.94061572227,16.78,21.69,16.9,16.3,16.64,16.97
2024-10-09 09:50:00,-2218.68426034872,-1107.88709201266,-1441.43645813439,-948.190287489934,-3022.70317669836,-2359.36700926275,16.87,22.26,16.98,16.37,16.73,17.11
2024-10-09 10:00:00,-2202.90364961841,-1093.44137297024,-1440.77280493771,-947.535527015838,-3031.06676362982,-2325.38840397706,16.97,23.13,17.06,16.41,16.84,17.25
2024-10-09 10:10:00,-2192.78222673362,-1068.05963568817,-1441.1045933331,-947.099271239235,-3049.96954253637,-2335.58405914193,17.08,23.83,17.15,16.5,16.95,17.38
2024-10-09 10:20:00,-2208.99891438581,-1068.79768002898,-1448.42329992062,-946.663216319589,-3021.31149091541,-2323.78263725076,17.23,23.95,17.24,16.58,17.06,17.54
2024-10-09 10:30:00,-2207.47351890819,-1086.16424527268,-1448.75685011041,-945.356255777838,-3000.51292890667,-2302.47806997522,17.36,23.58,17.34,16.65,17.21,17.66
2024-10-09 10:40:00,-2198.34324078429,-1095.20521333959,-1441.1045933331,-941.662991463113,-2973.68869932659,-2318.43808549483,17.54,23.19,17.46,16.73,17.35,17.82
2024-10-09 10:50:00,-2188.7466906069,-1104.32143623462,-1442.76468175047,-937.336443021827,-2969.58323317298,-2306.19221859787,17.67,22.89,17.57,16.83,17.53,17.97
2024-10-09 11:00:00,-2180.69788535446,-1102.03529120309,-1442.10041702504,-938.416212928494,-2941.00323649771,-2283.99685959807,17.82,22.8,17.68,16.93,17.66,18.14
2024-10-09 11:10:00,-2174.18003019064,-1103.05077079032,-1441.1045933331,-934.750061580379,-2918.06863400471,-2283.99685959807,17.94,22.87,17.81,17.04,17.81,18.3
2024-10-09 11:20:00,-2184.71858136993,-1102.28907342307,-1438.45242405798,-936.042358996742,-2930.18811458389,-2274.55007512541,18.07,22.9,17.92,17.15,17.94,18.44
2024-10-09 11:30:00,-2178.69031304034,-1104.57574491956,-1443.09692884525,-940.146432576762,-2892.64742664688,-2260.45310904679,18.21,22.84,18.03,17.25,18.06,18.57
2024-10-09 11:40:00,-2166.18479176408,-1110.95253028517,-1434.81365919497,-933.459548306151,-2877.36861649096,-2290.84392861662,18.34,22.8,18.14,17.36,18.18,18.72
2024-10-09 11:50:00,-2165.68606670311,-1117.62344191679,-1434.81365919497,-937.336443021827,-2850.98874245115,-2267.75170656088,18.46,22.72,18.24,17.48,18.29,18.85
2024-10-09 12:00:00,-2161.20270499446,-1121.49025042991,-1437.45911944015,-930.669545079201,-2860.19407357042,-2268.7962853204,18.58,22.7,18.35,17.58,18.4,18.97
2024-10-09 12:10:00,-2150.77758868446,-1130.56491144225,-1436.46650073591,-929.170691262451,-2864.80787902525,-2245.92630846804,18.72,22.6,18.44,17.68,18.5,19.08
2024-10-09 12:20:00,-2159.71031456776,-1133.43208506354,-1433.49275536988,-931.312650920818,-2845.08668030272,-2247.9958359495,18.84,22.55,18.54,17.78,18.6,19.18
2024-10-09 12:30:00,-2146.81935673883,-1122.52365695118,-1435.14407528835,-927.460671066757,-2837.88963904409,-2230.97910329542,18.96,22.67,18.64,17.87,18.69,19.28
2024-10-09 12:40:00,-2140.40276060047,-1123.81675429453,-1438.45242405798,-928.956766434148,-2839.85066099263,-2215.11104428146,19.08,22.94,18.75,17.97,18.78,19.37
2024-10-09 12:50:00,-2145.83093749861,-1123.81675429453,-1434.15305520775,-924.475704886956,-2862.82962319431,-2213.07179086857,19.22,23,18.85,18.05,18.88,19.45
2024-10-09 13:00:00,-2129.09726683889,-1127.7049907342,-1436.46650073591,-926.393506935918,-2850.98874245115,-2210.52536393332,19.34,23,18.96,18.14,18.97,19.52
2024-10-09 13:10:00,-2125.17893476155,-1138.92598707296,-1433.49275536988,-925.966985177856,-2847.05267550873,-2217.66275371658,19.46,22.88,19.05,18.22,19.06,19.6
2024-10-09 13:20:00,-2118.82701935548,-1156.63279598986,-1430.1958135217,-924.050066106048,-2813.16692343279,-2216.13137553736,19.57,22.73,19.16,18.3,19.14,19.69
2024-10-09 13:30:00,-2117.3638909075,-1156.89915119737,-1427.89246700613,-925.753797945218,-2823.55012821388,-2215.11104428146,19.67,22.6,19.25,18.4,19.21,19.76
2024-10-09 13:40:00,-2116.87640598027,-1158.49857102683,-1428.55018722197,-924.050066106048,-2820.30126655057,-2199.35584840302,19.76,22.67,19.35,18.47,19.3,19.82
2024-10-09 13:50:00,-2110.06338988612,-1153.70693295326,-1431.51367935229,-918.957660524626,-2822.25013468452,-2222.26324040379,19.83,22.88,19.44,18.55,19.39,19.9
2024-10-09 14:00:00,-2116.87640598027,-1149.72904390047,-1423.62466065297,-923.411975347943,-2788.65958359184,-2206.96528786091,19.9,23.12,19.52,18.63,19.45,19.97
2024-10-09 14:10:00,-2118.33919756925,-1148.40613109769,-1428.22128925264,-923.199376360333,-2786.73391097619,-2225.33553230522,20,23.31,19.6,18.7,19.51,20
2024-10-09 14:20:00,-2102.78806040723,-1150.25863562561,-1423.62466065297,-920.440039607244,-2773.29138423874,-2202.39647070129,20.06,23.46,19.69,18.8,19.6,20.09
2024-10-09 14:30:00,-2093.60864258033,-1143.12968421435,-1430.1958135217,-919.380953626027,-2788.65958359184,-2205.94917677258,20.14,23.7,19.75,18.87,19.67,20.13
2024-10-09 14:40:00,-2111.03533376866,-1133.43208506354,-1431.84333550975,-921.500345608421,-2786.09231564926,-2201.38246314663,20.24,23.99,19.81,18.95,19.76,20.2
2024-10-09 14:50:00,-2094.09076929018,-1121.49025042991,-1430.1958135217,-921.500345608421,-2759.91370098145,-2200.36892245218,20.34,24.28,19.9,19.02,19.85,20.29
2024-10-09 15:00:00,-2106.18008723265,-1124.3344102212,-1433.8228672789,-919.592673288079,-2768.82496713268,-2200.87563445531,20.45,24.51,19.97,19.1,19.97,20.32
2024-10-09 15:10:00,-2096.98586200214,-1124.07555245919,-1429.86653667652,-920.01625889101,-2747.86569599962,-2209.50761374681,20.56,24.62,20.03,19.18,20.12,20.4
2024-10-09 15:20:00,-2090.23686220855,-1129.0040567437,-1435.14407528835,-918.746087062833,-2739.02188577125,-2208.49033214368,20.67,24.59,20.11,19.25,20.29,20.47
2024-10-09 15:30:00,-2076.80395624021,-1143.39292985748,-1427.89246700613,-920.228124854347,-2727.06508099386,-2204.42588725161,20.77,24.45,20.21,19.34,20.45,20.53
2024-10-09 15:40:00,-2076.32580950793,-1155.30193952237,-1429.20821039892,-918.111658898491,-2718.91419712333,-2202.39647070129,20.86,24.31,20.3,19.42,20.62,20.6
2024-10-09 15:50:00,-2087.35108714649,-1161.16918604596,-1427.56372046504,-918.534562312024,-2703.30783070359,-2198.34324078429,20.91,24.16,20.38,19.52,20.76,20.7
2024-10-09 16:00:00,-2097.9517820736,-1171.64354028312,-1430.1958135217,-917.055252022117,-2678.52375553988,-2183.20995236056,21,24.04,20.45,19.61,20.91,20.78
2024-10-09 16:10:00,-2079.67514983222,-1173.26334431656,-1421.98659531929,-916.000060679255,-2681.60929581419,-2191.7726456826,21.03,23.9,20.51,19.72,21.02,20.86
2024-10-09 16:20:00,-2085.90969399423,-1182.2123786816,-1427.89246700613,-914.946083471274,-2663.7625106431,-2180.1958189149,21.1,23.85,20.6,19.81,21.12,20.94
2024-10-09 16:30:00,-2095.53781568138,-1189.58506327006,-1423.95250008759,-908.856886875657,-2685.31663631848,-2170.67848868885,21.13,23.8,20.65,19.9,21.2,21.01
2024-10-09 16:40:00,-2081.59148380047,-1189.85900689113,-1434.81365919497,-911.791422694458,-2660.08492770337,-2199.35584840302,21.2,23.71,20.7,20,21.28,21.1
2024-10-09 16:50:00,-2068.69041608708,-1191.77837943553,-1435.14407528835,-913.262241852699,-2661.31022419678,-2173.17901379548,21.22,23.7,20.75,20.08,21.33,21.17
2024-10-09 17:00:00,-2060.13415541653,-1203.35980909845,-1434.48331917393,-914.946083471274,-2648.47271082512,-2186.73170848205,21.3,23.64,20.8,20.17,21.4,21.21
2024-10-09 17:10:00,-2093.60864258033,-1205.02346105866,-1433.49275536988,-913.472552467082,-2659.47249102539,-2166.68363167396,21.3,23.6,20.83,20.27,21.4,21.3
2024-10-09 17:20:00,-2081.59148380047,-1223.75788314361,-1438.12124627683,-911.371623896559,-2660.69750541634,-2162.69612668409,21.39,23.5,20.9,20.32,21.5,21.33
2024-10-09 17:30:00,-2088.79347632184,-1227.14392697274,-1434.15305520775,-908.856886875657,-2672.97872709559,-2178.18870880817,21.4,23.43,20.9,20.4,21.5,21.4
2024-10-09 17:40:00,-2073.9367266099,-1234.79682021033,-1431.84333550975,-911.581499129948,-2652.13423980723,-2178.69031304034,21.4,23.33,20.99,20.46,21.5,21.4
2024-10-09 17:50:00,-2091.68124549535,-1239.35436997408,-1427.23504961192,-912.001394601221,-2638.73332839346,-2176.18344646711,21.4,23.17,21,20.5,21.52,21.49
2024-10-09 18:00:00,-2092.64472213805,-1253.99412679111,-1433.49275536988,-911.371623896559,-2635.69712249627,-2184.21558923748,21.41,23.04,21,20.57,21.6,21.5
2024-10-09 18:10:00,-2085.42945082972,-1260.65282810942,-1426.24949100616,-911.791422694458,-2637.51842655115,-2169.67908444189,21.5,22.88,21.1,20.6,21.6,21.5
2024-10-09 18:20:00,-2077.76058006022,-1273.19669453272,-1431.18409909223,-913.051979658549,-2647.25332486403,-2157.22528695138,21.43,22.74,21.1,20.64,21.6,21.52
2024-10-09 18:30:00,-2087.83177283506,-1278.48460395098,-1433.16271946318,-913.051979658549,-2669.90311741311,-2162.69612668409,21.4,22.66,21.1,20.7,21.6,21.6
2024-10-09 18:40:00,-2085.90969399423,-1290.31427634213,-1442.4325111496,-917.266436109927,-2667.4451778627,-2148.79756129512,21.4,22.59,21.1,20.7,21.6,21.6
2024-10-09 18:50:00,-2079.67514983222,-1295.67327942758,-1435.47456747162,-914.524832232862,-2663.7625106431,-2164.19058034927,21.4,22.42,21.1,20.7,21.58,21.6
2024-10-09 19:00:00,-2095.05535581514,-1312.7907332098,-1440.44109293063,-910.532606051723,-2660.69750541634,-2161.20270499446,21.4,22.16,21.1,20.79,21.5,21.6
2024-10-09 19:10:00,-2086.39004775155,-1319.76164415677,-1443.42925245156,-917.266436109927,-2686.55355511905,-2166.68363167396,21.39,21.93,21.1,20.8,21.5,21.6
2024-10-09 19:20:00,-2100.36852924777,-1331.05347149102,-1444.09412926926,-912.421483486037,-2643.5985344592,-2165.68606670311,21.3,21.75,21.1,20.8,21.5,21.6
2024-10-09 19:30:00,-2092.64472213805,-1348.32784186206,-1451.42801833309,-916.000060679255,-2680.99190353786,-2159.21308013864,21.29,21.6,21.1,20.8,21.49,21.52
2024-10-09 19:40:00,-2112.00772535097,-1348.94891277577,-1454.10411156418,-916.211001772304,-2666.21705676916,-2167.68165614625,21.2,21.42,21.1,20.8,21.4,21.5
2024-10-09 19:50:00,-2128.11700704374,-1364.5690050102,-1446.75670052707,-917.266436109927,-2657.63602687674,-2172.17845827926,21.15,21.21,21.1,20.8,21.4,21.5
2024-10-09 20:00:00,-2130.56850321587,-1380.05216404685,-1458.46329059291,-921.7125533347,-2673.59427405742,-2170.67848868885,21.07,20.98,21.1,20.8,21.33,21.5
2024-10-09 20:10:00,-2132.04075623804,-1391.53938395868,-1444.09412926926,-923.837320209525,-2668.67386465717,-2185.72491315617,20.97,20.72,21.05,20.8,21.29,21.42
2024-10-09 20:20:00,-2143.85546404589,-1402.47620780599,-1451.76226046452,-924.475704886956,-2669.90311741311,-2187.23528003908,20.86,20.48,21,20.74,21.2,21.4
2024-10-09 20:30:00,-2147.80823126777,-1418.06292440315,-1453.43462604056,-926.606841483955,-2666.8310466196,-2183.71271290991,20.74,20.22,20.97,20.7,21.14,21.34
2024-10-09 20:40:00,-2150.77758868446,-1428.55018722197,-1450.75976491222,-929.812761374845,-2697.09039522498,-2190.25914558084,20.63,20.01,20.9,20.7,21.06,21.3
2024-10-09 20:50:00,-2179.6938680671,-1438.78367810441,-1462.49874621133,-930.026883325961,-2699.57565160755,-2177.18584677328,20.48,19.81,20.83,20.66,20.97,21.2
2024-10-09 21:00:00,-2179.6938680671,-1451.0938531549,-1474.67223150137,-932.814959952459,-2724.55451756727,-2185.22168933394,20.35,19.6,20.76,20.6,20.88,21.14
2024-10-09 21:10:00,-2181.2000674124,-1467.2208922584,-1467.55877125212,-932.385481686813,-2715.16047192224,-2183.71271290991,20.19,19.4,20.67,20.56,20.77,21.07
2024-10-09 21:20:00,-2182.20477848993,-1473.31463347541,-1480.45599318457,-935.395987116712,-2742.17711720173,-2194.2974703202,20.03,19.24,20.58,20.5,20.67,20.99
2024-10-09 21:30:00,-2220.21740260751,-1477.05103888673,-1481.47900925135,-934.104582079526,-2749.76451012803,-2197.33109938125,19.87,19.09,20.47,20.42,20.55,20.9
2024-10-09 21:40:00,-2210.52536393332,-1492.77895024848,-1485.57814759101,-940.362934217565,-2747.23304937963,-2193.28719163437,19.73,18.96,20.36,20.36,20.44,20.8
2024-10-09 21:50:00,-2214.09118279729,-1488.6599428186,-1490.37481288418,-939.929980781563,-2766.27595913667,-2209.50761374681,19.56,18.8,20.25,20.28,20.32,20.7
2024-10-09 22:00:00,-2223.79885578851,-1503.47254709478,-1497.25407045665,-940.579485715455,-2764.36574324184,-2208.99891438581,19.43,18.65,20.12,20.18,20.17,20.6
2024-10-09 22:10:00,-2239.72915037574,-1519.1319662032,-1502.43434367642,-943.181996724599,-2784.16841582711,-2236.63698668617,19.27,18.52,19.98,20.09,20.04,20.49
2024-10-09 22:20:00,-2245.92630846804,-1530.01434420043,-1512.50041482884,-948.408641510035,-2806.05062762517,-2214.09118279729,19.14,18.4,19.86,20,19.93,20.38
2024-10-09 22:30:00,-2247.47827536805,-1531.42418864653,-1510.76008638049,-953.883864348865,-2835.2770494194,-2223.28686612625,18.99,18.29,19.75,19.9,19.8,20.27
2024-10-09 22:40:00,-2260.97365753808,-1549.15724499147,-1522.28336799995,-953.444685727942,-2811.22432759227,-2229.95193598237,18.85,18.18,19.63,19.8,19.67,20.14
2024-10-09 22:50:00,-2267.2295975458,-1563.13145473464,-1519.1319662032,-957.62505973249,-2815.11086163456,-2233.54909202899,18.72,18.07,19.5,19.7,19.55,20.02
2024-10-09 23:00:00,-2269.31875512021,-1558.1006273664,-1535.66152145163,-962.710043076073,-2862.82962319431,-2240.24492644977,18.58,17.96,19.38,19.6,19.43,19.92
2024-10-09 23:10:00,-2282.41967526455,-1572.15551110282,-1528.60579767124,-967.376431746234,-2866.787501859,-2250.5854272025,18.46,17.85,19.26,19.49,19.3,19.79
2024-10-09 23:20:00,-2285.57513378831,-1587.4333587171,-1540.97467865799,-965.818461073804,-2888.65384584364,-2254.73497947217,18.36,17.75,19.15,19.39,19.18,19.68
2024-10-09 23:30:00,-2325.92390609409,-1593.659376973,-1542.74981297325,-970.276476537124,-2883.33764671983,-2265.66399162707,18.25,17.65,19.04,19.28,19.06,19.57
2024-10-09 23:40:00,-2303.53864449895,-1598.43692108404,-1553.44364379796,-968.936915595532,-2917.39680122158,-2249.03131469919,18.14,17.56,18.93,19.18,18.95,19.46
2024-10-09 23:50:00,-2307.78583009565,-1614.3418385816,-1559.17729697548,-977.002111767175,-2905.33022648591,-2267.2295975458,18.04,17.47,18.82,19.07,18.83,19.36
2024-10-10,-2310.44429676354,-1610.25813705566,-1562.41177182326,-979.705401377937,-2918.06863400471,-2265.14236327078,17.94,17.36,18.71,18.97,18.72,19.25
2024-10-10 00:10:00,-2340.42917066889,-1635.29271653084,-1564.57181521775,-980.38239169101,-2932.88816079918,-2272.97941414607,17.84,17.25,18.6,18.87,18.61,19.14
2024-10-10 00:20:00,-2352.85683557671,-1631.90736495083,-1571.06987955672,-988.770503845598,-2962.75338126307,-2275.07386993683,17.74,17.14,18.51,18.76,18.51,19.04
2024-10-10 00:30:00,-2344.2045385623,-1654.60945779119,-1562.41177182326,-988.315263032207,-2973.00406102449,-2309.38054280155,17.65,17.04,18.41,18.66,18.4,18.93
2024-10-10 00:40:00,-2350.69077200875,-1655.75281636946,-1577.23171916889,-993.792013896655,-2962.07126062113,-2292.95484581285,17.56,16.94,18.33,18.56,18.31,18.83
2024-10-10 00:50:00,-2351.77355441545,-1667.9979111741,-1570.70816899331,-1001.37213555233,-2986.726824267,-2302.47806997522,17.47,16.83,18.24,18.46,18.21,18.72
2024-10-10 01:00:00,-2372.98778365144,-1690.03423592256,-1590.36021393308,-1003.21843117286,-3003.96938639247,-2316.30370817292,17.36,16.67,18.16,18.38,18.11,18.62
2024-10-10 01:10:00,-2386.13769985891,-1705.67193017325,-1589.99406211738,-1002.29485823735,-3010.89425100683,-2309.38054280155,17.27,16.52,18.07,18.29,18.02,18.52
2024-10-10 01:20:00,-2382.29479813549,-1705.27922991028,-1590.36021393308,-1001.83339066246,-3020.61588832266,-2322.71274217014,17.18,16.34,17.98,18.19,17.92,18.42
2024-10-10 01:30:00,-2394.3933763464,-1726.21744976801,-1589.26201136615,-1006.68941560705,-3018.53004129681,-2329.13950947091,17.08,16.16,17.9,18.1,17.82,18.34
2024-10-10 01:40:00,-2413.76787221225,-1737.78283214032,-1603.96727170333,-1006.92124110008,-3064.0475623002,-2331.28571444872,16.98,15.98,17.8,18,17.73,18.25
2024-10-10 01:50:00,-2416.5484254805,-1759.93043783016,-1609.88740410128,-1014.83515310931,-3082.44617967221,-2334.50873055688,16.89,15.84,17.71,17.91,17.63,18.15
2024-10-10 02:00:00,-2422.119144928,-1751.44096135972,-1616.20148860305,-1016.94040360502,-3091.68687615106,-2338.27454813371,16.79,15.71,17.62,17.82,17.53,18.05
2024-10-10 02:10:00,-2442.84269852467,-1780.71945043941,-1620.30026278923,-1018.81540346457,-3103.0980788375,-2349.60848812698,16.69,15.57,17.53,17.73,17.43,17.96
2024-10-10 02:20:00,-2438.34695798026,-1786.46907404464,-1620.30026278923,-1019.05002139097,-3100.24133566692,-2349.06753306121,16.59,15.46,17.44,17.63,17.31,17.86
2024-10-10 02:30:00,-2464.31092524656,-1796.78247255975,-1633.0350360613,-1021.63438723369,-3123.16912337606,-2355.02489508196,16.49,15.33,17.33,17.54,17.21,17.76
2024-10-10 02:40:00,-2455.24877163879,-1818.00679635984,-1627.40446211984,-1028.47917514534,-3146.99101123126,-2362.08489515564,16.39,15.21,17.24,17.45,17.11,17.66
2024-10-10 02:50:00,-2471.69854792101,-1823.03708117264,-1629.27915970282,-1034.17849440332,-3161.51686174709,-2392.18907382299,16.29,15.12,17.14,17.33,17.01,17.56
2024-10-10 03:00:00,-2479.67921905515,-1829.76578510402,-1643.97611108169,-1036.80122686994,-3173.91653924504,-2374.62755183105,16.18,15.08,17.05,17.24,16.9,17.45
2024-10-10 03:10:00,-2507.2376596363,-1840.75293849378,-1648.14532320921,-1037.75659598589,-3170.26453545596,-2392.18907382299,16.08,15,16.96,17.14,16.8,17.34
2024-10-10 03:20:00,-2502.04722437861,-1836.51932421679,-1643.97611108169,-1042.06666284464,-3165.15878860499,-2389.98680060257,15.98,14.97,16.86,17.04,16.7,17.23
2024-10-10 03:30:00,-2484.82325243746,-1840.75293849378,-1653.46688874432,-1043.74763019499,-3212.14766874636,-2407.10759086383,15.87,14.9,16.76,16.95,16.6,17.13
2024-10-10 03:40:00,-2536.27010343475,-1857.78521572898,-1644.73336440965,-1045.67205630007,-3196.65304948913,-2397.70363916551,15.77,14.82,16.67,16.85,16.5,17.03
2024-10-10 03:50:00,-2508.39255115142,-1865.07157178617,-1649.2842149789,-1047.35883954388,-3248.59448310445,-2410.43543115872,15.68,14.73,16.57,16.75,16.39,16.92
2024-10-10 04:00:00,-2554.43880146934,-1886.66808274311,-1654.99048956463,-1052.43553263292,-3244.10948280828,-2423.79286357436,15.58,14.58,16.47,16.65,16.3,16.82
2024-10-10 04:10:00,-2543.2877675095,-1892.75979547252,-1669.91937060554,-1057.78036804685,-3251.58792751693,-2399.91302313102,15.49,14.43,16.37,16.56,16.19,16.72
2024-10-10 04:20:00,-2546.8038776935,-1908.95417185125,-1688.47837347837,-1058.75506856698,-3291.51245232141,-2417.66154344191,15.4,14.28,16.28,16.46,16.09,16.62
2024-10-10 04:30:00,-2549.15065131422,-1920.85906919175,-1689.25612557518,-1061.19575106621,-3269.60660805235,-2417.66154344191,15.3,14.15,16.19,16.36,15.99,16.52
2024-10-10 04:40:00,-2580.4503210994,-1944.44427963766,-1691.20207352442,-1065.11255127609,-3299.10017216039,-2437.22431622653,15.21,14.02,16.09,16.27,15.89,16.42
2024-10-10 04:50:00,-2554.43880146934,-1950.72254134053,-1692.76044574468,-1071.50820861841,-3309.75237468514,-2469.4230774824,15.14,13.88,16,16.17,15.79,16.32
2024-10-10 05:00:00,-2607.32700278184,-1962.88792065498,-1695.49105324103,-1069.53623436888,-3331.92718920578,-2461.47541501017,15.05,13.79,15.9,16.08,15.7,16.22
2024-10-10 05:10:00,-2610.33052756251,-1973.31084378174,-1705.27922991028,-1074.22561125461,-3336.53359799364,-2467.14970186467,14.97,13.68,15.81,15.98,15.6,16.12
2024-10-10 05:20:00,-2596.54290028121,-1981.50650517545,-1702.53285844482,-1082.66850293127,-3370.5090876905,-2467.71784948514,14.89,13.54,15.71,15.88,15.5,16.02
2024-10-10 05:30:00,-2638.73332839346,-2006.76030785827,-1711.57329774735,-1074.47298932187,-3342.68538427869,-2481.96414010073,14.8,13.37,15.62,15.78,15.4,15.92
2024-10-10 05:40:00,-2661.31022419678,-2015.55893954599,-1728.20597551936,-1079.68110844333,-3384.50766844841,-2483.10739004962,14.71,13.19,15.54,15.69,15.31,15.82
2024-10-10 05:50:00,-2653.96690214306,-2014.6309540453,-1726.21744976801,-1088.16687767878,-3390.7479076802,-2484.25116660582,14.63,13.07,15.45,15.6,15.22,15.72
2024-10-10 06:00:00,-2645.4252985017,-2023.46409454638,-1735.38365410892,-1088.66811244974,-3382.94940389872,-2504.9294715355,14.54,13,15.37,15.5,15.14,15.62
2024-10-10 06:10:00,-2663.14922726784,-2050.19656921289,-1735.78328696984,-1092.43473989088,-3414.25144933619,-2499.7438146445,14.44,12.91,15.28,15.4,15.05,15.52
2024-10-10 06:20:00,-2685.93502451599,-2056.34274115354,-1744.59853094008,-1093.94503729543,-3432.38110412564,-2518.81054285127,14.36,12.9,15.2,15.31,14.96,15.42
2024-10-10 06:30:00,-2677.90707365366,-2066.31011870227,-1745.40213327627,-1100.00713575001,-3438.70961075722,-2524.61700082567,14.28,12.83,15.12,15.22,14.87,15.33
2024-10-10 06:40:00,-2701.4410966311,-2057.28994006579,-1737.38273892011,-1099.7538789051,-3453.78661782557,-2526.36154694266,14.2,12.8,15.03,15.14,14.78,15.24
2024-10-10 06:50:00,-2709.53959885121,-2056.81628608451,-1752.24771547725,-1108.14222181471,-3482.53510099243,-2519.97076510342,14.1,12.8,14.95,15.05,14.69,15.16
2024-10-10 07:00:00,-2702.68544273012,-2054.44965143066,-1752.65123187889,-1108.90796379043,-3508.29013643647,-2528.10729856575,14.04,12.84,14.87,14.96,14.6,15.07
2024-10-10 07:10:00,-2728.94952160258,-1938.18622407338,-1767.64684504522,-1116.08045417422,-3499.41543007551,-2565.04803494808,13.99,13.9,14.8,14.87,14.51,14.99
2024-10-10 07:20:00,-2713.91038218258,-1782.36030919135,-1766.01953165574,-1119.68407771136,-3473.72554556483,-2547.97699432157,13.9,16.05,14.7,14.79,14.43,14.9
2024-10-10 07:30:00,-2724.55451756727,-1643.59761517066,-1776.21487367429,-1118.91089443029,-3513.14036802833,-2574.5154500518,13.86,17.89,14.63,14.7,14.4,14.82
2024-10-10 07:40:00,-2739.02188577125,-1638.68509093921,-1770.49825248336,-1120.97390398568,-3512.33153068864,-2586.39887343772,13.8,18.64,14.59,14.62,14.3,14.79
2024-09-06 08:00:00,-0.0979931012856695,-0.0979931012856695,-0.0979931012856695,-0.0979931012856695,-0.0979931012856695,-0.0979931012856695,19.8,20.52,20.4,20.29,20.1,20.3
2024-09-06 08:10:00,-0.0979931012856695,-0.0979931012856695,-0.0979931012856695,-0.0979931012856695,-0.0979931012856695,-0.0979931012856695,19.8,20.64,20.37,20.2,20.1,20.3
2024-09-06 08:20:00,-0.0979931012856695,-0.0979931012856695,-0.0979931012856695,-0.0979931012856695,-0.0979931012856695,-0.0979931012856695,19.8,20.75,20.3,20.2,20.1,20.3
2024-09-06 08:30:00,-0.0979931012856695,-0.0979931012856695,-0.0979931012856695,-0.0979931012856695,-0.0979931012856695,-0.0979931012856695,19.8,20.86,20.3,20.2,20.1,20.24
2024-09-06 08:40:00,-0.0979931012856695,-0.0979931012856695,-0.0979931012856695,-0.0979931012856695,-0.0979931012856695,-0.0979931012856695,19.8,20.96,20.3,20.12,20.1,20.2
2024-09-06 08:50:00,-0.0979931012856695,-0.0979931012856695,-0.0979931012856695,-0.0979931012856695,-0.0979931012856695,-0.0979931012856695,19.9,21.04,20.3,20.1,20.1,20.2
2024-09-06 09:00:00,-0.0979931012856695,-0.0979931012856695,-0.0979931012856695,-0.0979931012856695,-0.0979931012856695,-0.0979931012856695,19.9,21.15,20.3,20.1,20.1,20.2
2024-09-06 09:10:00,-0.0979931012856695,-0.0979931012856695,-0.0979931012856695,-0.0979931012856695,-0.0979931012856695,-0.0979931012856695,19.93,21.26,20.3,20.1,20.1,20.2
2024-09-06 09:20:00,-0.0979931012856695,-0.0979931012856695,-0.0979931012856695,-0.0979931012856695,-0.0979931012856695,-0.0979931012856695,20,21.43,20.3,20.1,20.1,20.2
2024-09-06 09:30:00,-0.0979931012856695,-0.0979931012856695,-0.0979931012856695,-0.0979931012856695,-0.0979931012856695,-0.0979931012856695,20,21.59,20.36,20.1,20.1,20.2
2024-09-06 09:40:00,-0.0979931012856695,-0.0979931012856695,-0.0979931012856695,-0.0979931012856695,-0.0979931012856695,-0.0979931012856695,20.1,21.78,20.4,20.1,20.1,20.2
2024-09-06 09:50:00,-0.0979931012856695,-0.0979931012856695,-0.0979931012856695,-0.0979931012856695,-0.0979931012856695,-0.0979931012856695,20.14,22.01,20.4,20.1,20.11,20.21
2024-09-06 10:00:00,-0.0979931012856695,-0.0979931012856695,-0.0979931012856695,-0.0979931012856695,-0.0979931012856695,-0.0979931012856695,20.2,22.29,20.4,20.1,20.19,20.3
2024-09-06 10:10:00,-0.0979931012856695,-0.0979931012856695,-0.0979931012856695,-0.0979931012856695,-0.0979931012856695,-0.0979931012856695,20.3,22.57,20.42,20.1,20.2,20.3
2024-09-06 10:20:00,-0.0979931012856695,-0.0979931012856695,-0.0979931012856695,-0.0979931012856695,-0.0979931012856695,-0.0979931012856695,20.36,22.82,20.5,20.1,20.21,20.3
2024-09-06 10:30:00,-0.0979931012856695,-0.0979931012856695,-0.0979931012856695,-0.0979931012856695,-0.0979931012856695,-0.0979931012856695,20.43,23.06,20.5,20.1,20.3,20.3
2024-09-06 10:40:00,-0.0979931012856695,-0.0979931012856695,-0.0979931012856695,-0.0979931012856695,-0.0979931012856695,-0.0979931012856695,20.51,23.3,20.55,20.1,20.3,20.38
2024-09-06 10:50:00,-0.0979931012856695,-0.0979931012856695,-0.0979931012856695,-0.0979931012856695,-0.0979931012856695,-0.0979931012856695,20.6,23.5,20.6,20.18,20.37,20.4
2024-09-06 11:00:00,-0.0979931012856695,-0.0979931012856695,-0.0979931012856695,-0.0979931012856695,-0.0979931012856695,-0.0979931012856695,20.69,23.72,20.65,20.2,20.4,20.43
2024-09-06 11:10:00,-0.0979931012856695,-0.0979931012856695,-0.0979931012856695,-0.0979931012856695,-0.0979931012856695,-0.0979931012856695,20.78,23.92,20.7,20.21,20.47,20.5
2024-09-06 11:20:00,-0.0979931012856695,-0.0979931012856695,-0.0979931012856695,-0.0979931012856695,-0.0979931012856695,-0.0979931012856695,20.87,24.06,20.78,20.3,20.5,20.54
2024-09-06 11:30:00,-0.0979931012856695,-0.0979931012856695,-0.0979931012856695,-0.0979931012856695,-0.0979931012856695,-0.0979931012856695,20.96,24.21,20.83,20.3,20.6,20.6
2024-09-06 11:40:00,-0.0979931012856695,-0.0979931012856695,-0.0979931012856695,-0.0979931012856695,-0.0979931012856695,-0.0979931012856695,21.06,24.35,20.9,20.39,20.63,20.68
2024-09-06 11:50:00,-0.0979931012856695,-0.0979931012856695,-0.0979931012856695,-0.0979931012856695,-0.0979931012856695,-0.0979931012856695,21.15,24.55,20.99,20.41,20.7,20.73
2024-09-06 12:00:00,-0.0979931012856695,-0.0979931012856695,-0.0979931012856695,-0.0979931012856695,-0.0979931012856695,-0.0979931012856695,21.25,24.75,21.06,20.5,20.78,20.8
2024-09-06 12:10:00,-0.0979931012856695,-0.0979931012856695,-0.0979931012856695,-0.0979931012856695,-0.0979931012856695,-0.0979931012856695,21.35,24.94,21.14,20.55,20.84,20.9
2024-09-06 12:20:00,-0.0979931012856695,-0.0979931012856695,-0.0979931012856695,-0.0979931012856695,-0.0979931012856695,-0.0979931012856695,21.45,25.07,21.22,20.6,20.9,20.98
2024-09-06 12:30:00,-0.0979931012856695,-0.0979931012856695,-0.0979931012856695,-0.0979931012856695,-0.0979931012856695,-0.0979931012856695,21.55,25.22,21.31,20.7,21,21.06
2024-09-06 12:40:00,-0.0979931012856695,-0.0979931012856695,-0.0979931012856695,-0.0979931012856695,-0.0979931012856695,-0.0979931012856695,21.65,25.35,21.4,20.76,21.07,21.14
2024-09-06 12:50:00,-0.0979931012856695,-0.0979931012856695,-0.0979931012856695,-0.0979931012856695,-0.0979931012856695,-0.0979931012856695,21.75,25.47,21.5,20.83,21.14,21.24
2024-09-06 13:00:00,-0.0979931012856695,-0.0979931012856695,-0.0979931012856695,-0.0979931012856695,-0.0979931012856695,-0.0979931012856695,21.85,25.62,21.59,20.91,21.22,21.34
2024-09-06 13:10:00,-0.0979931012856695,-0.0979931012856695,-0.0979931012856695,-0.0979931012856695,-0.0979931012856695,-0.0979931012856695,21.96,25.81,21.69,21,21.31,21.44
2024-09-06 13:20:00,-0.0979931012856695,-0.0979931012856695,-0.0979931012856695,-0.0979931012856695,-0.0979931012856695,-0.0979931012856695,22.07,26.02,21.77,21.1,21.4,21.54
2024-09-06 13:30:00,-0.0979931012856695,-0.0979931012856695,-0.0979931012856695,-0.0979931012856695,-0.0979931012856695,-0.0979931012856695,22.18,26.19,21.86,21.19,21.5,21.64
2024-09-06 13:40:00,-0.0979931012856695,-0.0979931012856695,-0.0979931012856695,-0.0979931012856695,-0.0979931012856695,-0.0979931012856695,22.33,26.42,21.97,21.28,21.59,21.73
2024-09-06 13:50:00,-0.0979931012856695,-0.0979931012856695,-0.0979931012856695,-0.0979931012856695,-0.0979931012856695,-0.0979931012856695,22.46,26.7,22.07,21.39,21.69,21.84
2024-09-06 14:00:00,-0.0979931012856695,-0.0979931012856695,-0.0979931012856695,-0.0979931012856695,-0.0979931012856695,-0.0979931012856695,22.61,26.94,22.18,21.48,21.78,21.95
2024-09-06 14:10:00,-0.0979931012856695,-0.0979931012856695,-0.0979931012856695,-0.0979931012856695,-0.0979931012856695,-0.0979931012856695,22.76,27.14,22.31,21.59,21.9,22.06
2024-09-06 14:20:00,-0.0979931012856695,-0.0979931012856695,-0.0979931012856695,-0.0979931012856695,-0.0979931012856695,-0.0979931012856695,22.92,27.28,22.44,21.69,22.04,22.17
2024-09-06 14:30:00,-0.0979931012856695,-0.0979931012856695,-0.0979931012856695,-0.0979931012856695,-0.0979931012856695,-0.0979931012856695,23.08,27.4,22.55,21.79,22.18,22.31
2024-09-06 14:40:00,-0.0979931012856695,-0.0979931012856695,-0.0979931012856695,-0.0979931012856695,-0.0979931012856695,-0.0979931012856695,23.26,27.47,22.68,21.91,22.36,22.44
2024-09-06 14:50:00,-0.0979931012856695,-0.0979931012856695,-0.0979931012856695,-0.0979931012856695,-0.0979931012856695,-0.0979931012856695,23.44,27.5,22.82,22.03,22.55,22.56
2024-09-06 15:00:00,-0.0979931012856695,-0.0979931012856695,-0.0979931012856695,-0.0979931012856695,-0.0979931012856695,-0.0979931012856695,23.59,27.46,22.94,22.15,22.73,22.7
2024-09-06 15:10:00,-0.0979931012856695,-0.0979931012856695,-0.0979931012856695,-0.0979931012856695,-0.0979931012856695,-0.0979931012856695,23.74,27.35,23.07,22.3,22.93,22.83
2024-09-06 15:20:00,-0.0979931012856695,-0.0979931012856695,-0.0979931012856695,-0.0979931012856695,-0.0979931012856695,-0.0979931012856695,23.88,27.23,23.23,22.45,23.13,22.96
2024-09-06 15:30:00,-0.0979931012856695,-0.0979931012856695,-0.0979931012856695,-0.0979931012856695,-0.0979931012856695,-0.0979931012856695,24.04,27.06,23.36,22.59,23.33,23.11
2024-09-06 15:40:00,-0.0979931012856695,-0.0979931012856695,-0.0979931012856695,-0.0979931012856695,-0.0979931012856695,-0.0979931012856695,24.16,26.94,23.48,22.74,23.5,23.26
2024-09-06 15:50:00,-0.0979931012856695,-0.0979931012856695,-0.0979931012856695,-0.0979931012856695,-0.0979931012856695,-0.0979931012856695,24.27,26.82,23.63,22.89,23.66,23.4
2024-09-06 16:00:00,-0.0979931012856695,-0.0979931012856695,-0.0979931012856695,-0.0979931012856695,-0.0979931012856695,-0.0979931012856695,24.36,26.7,23.74,23.04,23.81,23.54
2024-09-06 16:10:00,-0.0979931012856695,-0.0979931012856695,-0.0979931012856695,-0.0979931012856695,-0.0979931012856695,-0.0979931012856695,24.44,26.56,23.86,23.2,23.94,23.67
2024-09-06 16:20:00,-0.0979931012856695,-0.0979931012856695,-0.0979931012856695,-0.0979931012856695,-0.0979931012856695,-0.0979931012856695,24.5,26.44,23.97,23.36,24.07,23.8
2024-09-06 16:30:00,-0.0979931012856695,-0.0979931012856695,-0.0979931012856695,-0.0979931012856695,-0.0979931012856695,-0.0979931012856695,24.58,26.31,24.09,23.5,24.17,23.94
2024-09-06 16:40:00,-0.0979931012856695,-0.0979931012856695,-0.0979931012856695,-0.0979931012856695,-0.0979931012856695,-0.0979931012856695,24.6,26.16,24.19,23.64,24.25,24.06
2024-09-06 16:50:00,-0.0979931012856695,-0.0979931012856695,-0.0979931012856695,-0.0979931012856695,-0.0979931012856695,-0.0979931012856695,24.67,26.04,24.28,23.77,24.32,24.18
2024-09-06 17:00:00,-0.0979931012856695,-0.0979931012856695,-0.0979931012856695,-0.0979931012856695,-0.0979931012856695,-0.0979931012856695,24.7,25.91,24.36,23.9,24.4,24.28
2024-09-06 17:10:00,-0.0979931012856695,-0.0979931012856695,-0.0979931012856695,-0.0979931012856695,-0.0979931012856695,-0.0979931012856695,24.7,25.78,24.42,24.03,24.44,24.38
2024-09-06 17:20:00,-0.0979931012856695,-0.0979931012856695,-0.0979931012856695,-0.0979931012856695,-0.0979931012856695,-0.0979931012856695,24.72,25.66,24.5,24.14,24.5,24.48
2024-09-06 17:30:00,-0.0979931012856695,-0.0979931012856695,-0.0979931012856695,-0.0979931012856695,-0.0979931012856695,-0.0979931012856695,24.8,25.51,24.56,24.24,24.5,24.56
2024-09-06 17:40:00,-0.0979931012856695,-0.0979931012856695,-0.0979931012856695,-0.0979931012856695,-0.0979931012856695,-0.0979931012856695,24.8,25.33,24.6,24.33,24.58,24.63
2024-09-06 17:50:00,-0.0979931012856695,-0.0979931012856695,-0.0979931012856695,-0.0979931012856695,-0.0979931012856695,-0.0979931012856695,24.8,25.14,24.67,24.4,24.6,24.7
2024-09-06 18:00:00,-0.0979931012856695,-0.0979931012856695,-0.0979931012856695,-0.0979931012856695,-0.0979931012856695,-0.0979931012856695,24.8,25,24.7,24.5,24.6,24.79
2024-09-06 18:10:00,-0.0979931012856695,-0.0979931012856695,-0.0979931012856695,-0.0979931012856695,-0.0979931012856695,-0.0979931012856695,24.73,24.85,24.72,24.55,24.6,24.8
2024-09-06 18:20:00,-0.0979931012856695,-0.0979931012856695,-0.0979931012856695,-0.0979931012856695,-0.0979931012856695,-0.0979931012856695,24.7,24.7,24.8,24.6,24.6,24.9
2024-09-06 18:30:00,-0.0979931012856695,-0.0979931012856695,-0.0979931012856695,-0.0979931012856695,-0.0979931012856695,-0.0979931012856695,24.7,24.54,24.8,24.67,24.6,24.9
2024-09-06 18:40:00,-0.0979931012856695,-0.0979931012856695,-0.0979931012856695,-0.0979931012856695,-0.0979931012856695,-0.0979931012856695,24.7,24.37,24.8,24.7,24.6,24.92
2024-09-06 18:50:00,-0.0979931012856695,-0.0979931012856695,-0.0979931012856695,-0.0979931012856695,-0.0979931012856695,-0.0979931012856695,24.7,24.24,24.8,24.72,24.6,25
2024-09-06 19:00:00,-0.0979931012856695,-0.0979931012856695,-0.0979931012856695,-0.0979931012856695,-0.0979931012856695,-0.0979931012856695,24.63,24.11,24.8,24.8,24.6,25
2024-09-06 19:10:00,-0.0979931012856695,-0.0979931012856695,-0.0979931012856695,-0.0979931012856695,-0.0979931012856695,-0.0979931012856695,24.6,23.96,24.8,24.8,24.6,25
2024-09-06 19:20:00,-0.0979931012856695,-0.0979931012856695,-0.0979931012856695,-0.0979931012856695,-0.0979931012856695,-0.0979931012856695,24.56,23.83,24.8,24.8,24.53,25
2024-09-06 19:30:00,-0.0979931012856695,-0.0979931012856695,-0.0979931012856695,-0.0979931012856695,-0.0979931012856695,-0.0979931012856695,24.5,23.71,24.8,24.8,24.5,25
2024-09-06 19:40:00,-0.0979931012856695,-0.0979931012856695,-0.0979931012856695,-0.0979931012856695,-0.0979931012856695,-0.0979931012856695,24.45,23.6,24.8,24.8,24.5,25
2024-09-06 19:50:00,-0.0979931012856695,-0.0979931012856695,-0.0979931012856695,-0.0979931012856695,-0.0979931012856695,-0.0979931012856695,24.4,23.49,24.78,24.8,24.48,25
2024-09-06 20:00:00,-0.0979931012856695,-0.0979931012856695,-0.0979931012856695,-0.0979931012856695,-0.0979931012856695,-0.0979931012856695,24.34,23.39,24.7,24.8,24.4,25
2024-09-06 20:10:00,-0.0979931012856695,-0.0979931012856695,-0.0979931012856695,-0.0979931012856695,-0.0979931012856695,-0.0979931012856695,24.3,23.29,24.7,24.8,24.4,24.92
2024-09-06 20:20:00,-0.0979931012856695,-0.0979931012856695,-0.0979931012856695,-0.0979931012856695,-0.0979931012856695,-0.0979931012856695,24.2,23.19,24.69,24.77,24.35,24.9
2024-09-06 20:30:00,-0.0979931012856695,-0.0979931012856695,-0.0979931012856695,-0.0979931012856695,-0.0979931012856695,-0.0979931012856695,24.17,23.1,24.6,24.7,24.3,24.9
2024-09-06 20:40:00,-0.0979931012856695,-0.0979931012856695,-0.0979931012856695,-0.0979931012856695,-0.0979931012856695,-0.0979931012856695,24.1,23,24.6,24.7,24.29,24.87
2024-09-06 20:50:00,-0.0979931012856695,-0.0979931012856695,-0.0979931012856695,-0.0979931012856695,-0.0979931012856695,-0.0979931012856695,24.02,22.91,24.55,24.67,24.2,24.8
2024-09-06 21:00:00,-0.0979931012856695,-0.0979931012856695,-0.0979931012856695,-0.0979931012856695,-0.0979931012856695,-0.0979931012856695,23.96,22.81,24.5,24.6,24.2,24.8
2024-09-06 21:10:00,-0.0979931012856695,-0.0979931012856695,-0.0979931012856695,-0.0979931012856695,-0.0979931012856695,-0.0979931012856695,23.9,22.72,24.49,24.6,24.1,24.74
2024-09-06 21:20:00,-0.0979931012856695,-0.0979931012856695,-0.0979931012856695,-0.0979931012856695,-0.0979931012856695,-0.0979931012856695,23.81,22.64,24.4,24.53,24.1,24.7
2024-09-06 21:30:00,-0.0979931012856695,-0.0979931012856695,-0.0979931012856695,-0.0979931012856695,-0.0979931012856695,-0.0979931012856695,23.75,22.55,24.4,24.5,24,24.64
2024-09-06 21:40:00,-0.0979931012856695,-0.0979931012856695,-0.0979931012856695,-0.0979931012856695,-0.0979931012856695,-0.0979931012856695,23.7,22.47,24.3,24.46,23.96,24.6
2024-09-06 21:50:00,-0.0979931012856695,-0.0979931012856695,-0.0979931012856695,-0.0979931012856695,-0.0979931012856695,-0.0979931012856695,23.61,22.38,24.3,24.4,23.9,24.54
2024-09-06 22:00:00,-0.0979931012856695,-0.0979931012856695,-0.0979931012856695,-0.0979931012856695,-0.0979931012856695,-0.0979931012856695,23.55,22.26,24.2,24.36,23.85,24.5
2024-09-06 22:10:00,-0.0979931012856695,-0.0979931012856695,-0.0979931012856695,-0.0979931012856695,-0.0979931012856695,-0.0979931012856695,23.5,22.16,24.18,24.3,23.8,24.43
2024-09-06 22:20:00,-0.0979931012856695,-0.0979931012856695,-0.0979931012856695,-0.0979931012856695,-0.0979931012856695,-0.0979931012856695,23.4,22.06,24.1,24.24,23.72,24.4
2024-09-06 22:30:00,-0.0979931012856695,-0.0979931012856695,-0.0979931012856695,-0.0979931012856695,-0.0979931012856695,-0.0979931012856695,23.35,21.99,24.05,24.2,23.7,24.31
2024-09-06 22:40:00,-0.0979931012856695,-0.0979931012856695,-0.0979931012856695,-0.0979931012856695,-0.0979931012856695,-0.0979931012856695,23.29,21.9,24,24.11,23.6,24.28
2024-09-06 22:50:00,-0.0979931012856695,-0.0979931012856695,-0.0979931012856695,-0.0979931012856695,-0.0979931012856695,-0.0979931012856695,23.2,21.83,23.9,24.08,23.56,24.2
2024-09-06 23:00:00,-0.0979931012856695,-0.0979931012856695,-0.0979931012856695,-0.0979931012856695,-0.0979931012856695,-0.0979931012856695,23.12,21.8,23.86,24,23.5,24.14
2024-09-06 23:10:00,-0.0979931012856695,-0.0979931012856695,-0.0979931012856695,-0.0979931012856695,-0.0979931012856695,-0.0979931012856695,23.06,21.7,23.8,23.91,23.43,24.1
2024-09-06 23:20:00,-0.0979931012856695,-0.0979931012856695,-0.0979931012856695,-0.0979931012856695,-0.0979931012856695,-0.0979931012856695,23,21.66,23.72,23.87,23.4,24
2024-09-06 23:30:00,-0.0979931012856695,-0.0979931012856695,-0.0979931012856695,-0.0979931012856695,-0.0979931012856695,-0.0979931012856695,22.9,21.59,23.68,23.8,23.3,23.93
2024-09-06 23:40:00,-0.0979931012856695,-0.0979931012856695,-0.0979931012856695,-0.0979931012856695,-0.0979931012856695,-0.0979931012856695,22.85,21.5,23.6,23.71,23.25,23.88
2024-09-06 23:50:00,-0.0979931012856695,-0.0979931012856695,-0.0979931012856695,-0.0979931012856695,-0.0979931012856695,-0.0979931012856695,22.79,21.4,23.53,23.67,23.19,23.8
2024-09-07,-0.0979931012856695,-0.0979931012856695,-0.0979931012856695,-0.0979931012856695,-0.0979931012856695,-0.0979931012856695,22.7,21.32,23.49,23.6,23.1,23.73
2024-09-07 00:10:00,-0.0979931012856695,-0.0979931012856695,-0.0979931012856695,-0.0979931012856695,-0.0979931012856695,-0.0979931012856695,22.64,21.22,23.4,23.52,23.05,23.69
2024-09-07 00:20:00,-0.0979931012856695,-0.0979931012856695,-0.0979931012856695,-0.0979931012856695,-0.0979931012856695,-0.0979931012856695,22.59,21.14,23.34,23.47,23,23.6
2024-09-07 00:30:00,-0.0979931012856695,-0.0979931012856695,-0.0979931012856695,-0.0979931012856695,-0.0979931012856695,-0.0979931012856695,22.5,21.04,23.29,23.4,22.91,23.53
2024-09-07 00:40:00,-0.0979931012856695,-0.0979931012856695,-0.0979931012856695,-0.0979931012856695,-0.0979931012856695,-0.0979931012856695,22.43,20.95,23.2,23.32,22.87,23.49
2024-09-07 00:50:00,-0.0979931012856695,-0.0979931012856695,-0.0979931012856695,-0.0979931012856695,-0.0979931012856695,-0.0979931012856695,22.37,20.87,23.12,23.26,22.8,23.4
2024-09-07 01:00:00,-0.0979931012856695,-0.0979931012856695,-0.0979931012856695,-0.0979931012856695,-0.0979931012856695,-0.0979931012856695,22.29,20.8,23.07,23.19,22.72,23.34
2024-09-07 01:10:00,-0.0979931012856695,-0.0979931012856695,-0.0979931012856695,-0.0979931012856695,-0.0979931012856695,-0.0979931012856695,22.2,20.7,23,23.1,22.68,23.28
2024-09-07 01:20:00,-0.0979931012856695,-0.0979931012856695,-0.0979931012856695,-0.0979931012856695,-0.0979931012856695,-0.0979931012856695,22.13,20.64,22.91,23.03,22.6,23.2
2024-09-07 01:30:00,-0.0979931012856695,-0.0979931012856695,-0.0979931012856695,-0.0979931012856695,-0.0979931012856695,-0.0979931012856695,22.07,20.57,22.86,22.97,22.53,23.11
2024-09-07 01:40:00,-0.0979931012856695,-0.0979931012856695,-0.0979931012856695,-0.0979931012856695,-0.0979931012856695,-0.0979931012856695,22,20.5,22.8,22.9,22.49,23.05
2024-09-07 01:50:00,-0.0979931012856695,-0.0979931012856695,-0.0979931012856695,-0.0979931012856695,-0.0979931012856695,-0.0979931012856695,21.91,20.4,22.7,22.82,22.4,23
2024-09-07 02:00:00,-0.0979931012856695,-0.0979931012856695,-0.0979931012856695,-0.0979931012856695,-0.0979931012856695,-0.0979931012856695,21.86,20.33,22.65,22.76,22.34,22.9
2024-09-07 02:10:00,-0.0979931012856695,-0.0979931012856695,-0.0979931012856695,-0.0979931012856695,-0.0979931012856695,-0.0979931012856695,21.8,20.26,22.59,22.7,22.26,22.84
2024-09-07 02:20:00,-0.0979931012856695,-0.0979931012856695,-0.0979931012856695,-0.0979931012856695,-0.0979931012856695,-0.0979931012856695,21.7,20.17,22.5,22.6,22.2,22.79
2024-09-07 02:30:00,-0.0979931012856695,-0.0979931012856695,-0.0979931012856695,-0.0979931012856695,-0.0979931012856695,-0.0979931012856695,21.67,20.1,22.43,22.54,22.12,22.7
2024-09-07 02:40:00,-0.0979931012856695,-0.0979931012856695,-0.0979931012856695,-0.0979931012856695,-0.0979931012856695,-0.0979931012856695,21.6,20,22.37,22.49,22.07,22.63
2024-09-07 02:50:00,-0.0979931012856695,-0.0979931012856695,-0.0979931012856695,-0.0979931012856695,-0.0979931012856695,-0.0979931012856695,21.51,19.96,22.29,22.4,22,22.58
2024-09-07 03:00:00,-0.0979931012856695,-0.0979931012856695,-0.0979931012856695,-0.0979931012856695,-0.0979931012856695,-0.0979931012856695,21.46,19.86,22.2,22.33,21.92,22.5
2024-09-07 03:10:00,-0.0979931012856695,-0.0979931012856695,-0.0979931012856695,-0.0979931012856695,-0.0979931012856695,-0.0979931012856695,21.4,19.76,22.13,22.24,21.88,22.42
2024-09-07 03:20:00,-0.0979931012856695,-0.0979931012856695,-0.0979931012856695,-0.0979931012856695,-0.0979931012856695,-0.0979931012856695,21.31,19.69,22.07,22.18,21.8,22.36
2024-09-07 03:30:00,-0.0979931012856695,-0.0979931012856695,-0.0979931012856695,-0.0979931012856695,-0.0979931012856695,-0.0979931012856695,21.24,19.6,22,22.1,21.73,22.28
2024-09-07 03:40:00,-0.0979931012856695,-0.0979931012856695,-0.0979931012856695,-0.0979931012856695,-0.0979931012856695,-0.0979931012856695,21.18,19.51,21.92,22.02,21.7,22.2
2024-09-07 03:50:00,-0.0979931012856695,-0.0979931012856695,-0.0979931012856695,-0.0979931012856695,-0.0979931012856695,-0.0979931012856695,21.1,19.43,21.86,21.96,21.61,22.13
2024-09-07 04:00:00,-0.0979931012856695,-0.0979931012856695,-0.0979931012856695,-0.0979931012856695,-0.0979931012856695,-0.0979931012856695,21.03,19.36,21.8,21.9,21.55,22.07
2024-09-07 04:10:00,-0.0979931012856695,-0.0979931012856695,-0.0979931012856695,-0.0979931012856695,-0.0979931012856695,-0.0979931012856695,20.96,19.28,21.7,21.81,21.5,22
2024-09-07 04:20:00,-0.0979931012856695,-0.0979931012856695,-0.0979931012856695,-0.0979931012856695,-0.0979931012856695,-0.0979931012856695,20.9,19.18,21.67,21.75,21.41,21.91
2024-09-07 04:30:00,-0.0979931012856695,-0.0979931012856695,-0.0979931012856695,-0.0979931012856695,-0.0979931012856695,-0.0979931012856695,20.81,19.07,21.6,21.7,21.35,21.85
2024-09-07 04:40:00,-0.0979931012856695,-0.0979931012856695,-0.0979931012856695,-0.0979931012856695,-0.0979931012856695,-0.0979931012856695,20.75,18.96,21.5,21.61,21.29,21.8
2024-09-07 04:50:00,-0.0979931012856695,-0.0979931012856695,-0.0979931012856695,-0.0979931012856695,-0.0979931012856695,-0.0979931012856695,20.68,18.84,21.44,21.55,21.2,21.7
2024-09-07 05:00:00,-0.0979931012856695,-0.0979931012856695,-0.0979931012856695,-0.0979931012856695,-0.0979931012856695,-0.0979931012856695,20.6,18.73,21.37,21.49,21.13,21.66
2024-09-07 05:10:00,-0.0979931012856695,-0.0979931012856695,-0.0979931012856695,-0.0979931012856695,-0.0979931012856695,-0.0979931012856695,20.52,18.63,21.3,21.4,21.08,21.6
2024-09-07 05:20:00,-0.0979931012856695,-0.0979931012856695,-0.0979931012856695,-0.0979931012856695,-0.0979931012856695,-0.0979931012856695,20.46,18.52,21.2,21.32,21,21.5
2024-09-07 05:30:00,-0.0979931012856695,-0.0979931012856695,-0.0979931012856695,-0.0979931012856695,-0.0979931012856695,-0.0979931012856695,20.39,18.41,21.14,21.25,20.92,21.45
2024-09-07 05:40:00,-0.0979931012856695,-0.0979931012856695,-0.0979931012856695,-0.0979931012856695,-0.0979931012856695,-0.0979931012856695,20.3,18.36,21.07,21.19,20.86,21.38
2024-09-07 05:50:00,-0.0979931012856695,-0.0979931012856695,-0.0979931012856695,-0.0979931012856695,-0.0979931012856695,-0.0979931012856695,20.23,18.27,21,21.1,20.8,21.3
2024-09-07 06:00:00,-0.0979931012856695,-0.0979931012856695,-0.0979931012856695,-0.0979931012856695,-0.0979931012856695,-0.0979931012856695,20.14,18.2,20.9,21.02,20.7,21.21
2024-09-07 06:10:00,-0.0979931012856695,-0.0979931012856695,-0.0979931012856695,-0.0979931012856695,-0.0979931012856695,-0.0979931012856695,20.06,18.15,20.83,20.95,20.64,21.14
2024-09-07 06:20:00,-0.0979931012856695,-0.0979931012856695,-0.0979931012856695,-0.0979931012856695,-0.0979931012856695,-0.0979931012856695,20,18.1,20.76,20.89,20.57,21.07
2024-09-07 06:30:00,-0.0979931012856695,-0.0979931012856695,-0.0979931012856695,-0.0979931012856695,-0.0979931012856695,-0.0979931012856695,19.91,18.19,20.69,20.8,20.5,21
2024-09-07 06:40:00,-0.0979931012856695,-0.0979931012856695,-0.0979931012856695,-0.0979931012856695,-0.0979931012856695,-0.0979931012856695,19.84,18.2,20.6,20.72,20.41,20.91
2024-09-07 06:50:00,-0.0979931012856695,-0.0979931012856695,-0.0979931012856695,-0.0979931012856695,-0.0979931012856695,-0.0979931012856695,19.78,18.29,20.52,20.65,20.34,20.84
2024-09-07 07:00:00,-0.0979931012856695,-0.0979931012856695,-0.0979931012856695,-0.0979931012856695,-0.0979931012856695,-0.0979931012856695,19.7,18.73,20.45,20.58,20.28,20.77
2024-09-07 07:10:00,-0.0979931012856695,-0.0979931012856695,-0.0979931012856695,-0.0979931012856695,-0.0979931012856695,-0.0979931012856695,19.64,20.23,20.39,20.5,20.2,20.7
2024-09-07 07:20:00,-0.0979931012856695,-0.0979931012856695,-0.0979931012856695,-0.0979931012856695,-0.0979931012856695,-0.0979931012856695,19.6,21.78,20.3,20.42,20.1,20.61
2024-09-07 07:30:00,-0.0979931012856695,-0.0979931012856695,-0.0979931012856695,-0.0979931012856695,-0.0979931012856695,-0.0979931012856695,19.51,22.48,20.23,20.35,20.04,20.55
2024-09-07 07:40:00,-0.0979931012856695,-0.0979931012856695,-0.0979931012856695,-0.0979931012856695,-0.0979931012856695,-0.0979931012856695,19.5,22.62,20.17,20.29,20,20.5
2024-09-07 07:50:00,-0.0979931012856695,-0.0979931012856695,-0.0979931012856695,-0.0979931012856695,-0.0979931012856695,-0.0979931012856695,19.45,23.12,20.1,20.2,19.9,20.4
2024-09-07 08:00:00,-0.0979931012856695,-0.0979931012856695,-0.0979931012856695,-0.0979931012856695,-0.0979931012856695,-0.0979931012856695,19.4,24.5,20.1,20.11,19.9,20.37
2024-09-07 08:10:00,-0.0979931012856695,-0.0979931012856695,-0.0979931012856695,-0.0979931012856695,-0.0979931012856695,-0.0979931012856695,19.4,25.99,20.1,20.07,19.8,20.3
2024-09-07 08:20:00,-0.0979931012856695,-0.0979931012856695,-0.0979931012856695,-0.0979931012856695,-0.0979931012856695,-0.0979931012856695,19.4,27.36,20.1,20,19.8,20.3
2024-09-07 08:30:00,-0.0979931012856695,-0.0979931012856695,-0.0979931012856695,-0.0979931012856695,-0.0979931012856695,-0.0979931012856695,19.48,28.54,20.1,20,19.8,20.3
2024-09-07 08:40:00,-0.0979931012856695,-0.0979931012856695,-0.0979931012856695,-0.0979931012856695,-0.0979931012856695,-0.0979931012856695,19.5,29.51,20.15,20,19.8,20.3
2024-09-07 08:50:00,-0.0979931012856695,-0.0979931012856695,-0.0979931012856695,-0.0979931012856695,-0.0979931012856695,-0.0979931012856695,19.51,30.28,20.22,20,19.8,20.36
2024-09-07 09:00:00,-0.0979931012856695,-0.0979931012856695,-0.0979931012856695,-0.0979931012856695,-0.0979931012856695,-0.0979931012856695,19.6,30.82,20.31,20,19.8,20.44
2024-09-07 09:10:00,-0.0979931012856695,-0.0979931012856695,-0.0979931012856695,-0.0979931012856695,-0.0979931012856695,-0.0979931012856695,19.63,31.24,20.42,20.01,19.89,20.56
2024-09-07 09:20:00,-0.0979931012856695,-0.0979931012856695,-0.0979931012856695,-0.0979931012856695,-0.0979931012856695,-0.0979931012856695,19.7,31.28,20.54,20.1,19.92,20.72
2024-09-07 09:30:00,-0.0979931012856695,-0.0979931012856695,-0.0979931012856695,-0.0979931012856695,-0.0979931012856695,-0.0979931012856695,19.78,31.03,20.67,20.21,20,20.89
2024-09-07 09:40:00,-0.0979931012856695,-0.0979931012856695,-0.0979931012856695,-0.0979931012856695,-0.0979931012856695,-0.0979931012856695,19.85,30.8,20.84,20.33,20.09,21.09
2024-09-07 09:50:00,-0.0979931012856695,-0.0979931012856695,-0.0979931012856695,-0.0979931012856695,-0.0979931012856695,-0.0979931012856695,19.93,30.74,21,20.45,20.23,21.32
2024-09-07 10:00:00,-0.0979931012856695,-0.0979931012856695,-0.0979931012856695,-0.0979931012856695,-0.0979931012856695,-0.0979931012856695,20.02,30.97,21.17,20.61,20.35,21.58
2024-09-07 10:10:00,-0.0979931012856695,-0.0979931012856695,-0.0979931012856695,-0.0979931012856695,-0.0979931012856695,-0.0979931012856695,20.13,31.25,21.36,20.78,20.5,21.8
2024-09-07 10:20:00,-0.0979931012856695,-0.0979931012856695,-0.0979931012856695,-0.0979931012856695,-0.0979931012856695,-0.0979931012856695,20.25,31.47,21.55,20.96,20.65,22.08
2024-09-07 10:30:00,-0.0979931012856695,-0.0979931012856695,-0.0979931012856695,-0.0979931012856695,-0.0979931012856695,-0.0979931012856695,20.36,31.64,21.72,21.17,20.84,22.37
2024-09-07 10:40:00,-0.0979931012856695,-0.0979931012856695,-0.0979931012856695,-0.0979931012856695,-0.0979931012856695,-0.0979931012856695,20.48,31.78,21.91,21.39,21.03,22.66
2024-09-07 10:50:00,-0.0979931012856695,-0.0979931012856695,-0.0979931012856695,-0.0979931012856695,-0.0979931012856695,-0.0979931012856695,20.61,31.8,22.09,21.6,21.23,22.96
2024-09-07 11:00:00,-0.0979931012856695,-0.0979931012856695,-0.0979931012856695,-0.0979931012856695,-0.0979931012856695,-0.0979931012856695,20.74,31.8,22.29,21.81,21.46,23.25
2024-09-07 11:10:00,-0.0979931012856695,-0.0979931012856695,-0.0979931012856695,-0.0979931012856695,-0.0979931012856695,-0.0979931012856695,20.86,31.8,22.49,22.04,21.67,23.54
2024-09-07 11:20:00,-0.0979931012856695,-0.0979931012856695,-0.0979931012856695,-0.0979931012856695,-0.0979931012856695,-0.0979931012856695,21.01,31.89,22.68,22.29,21.9,23.81
2024-09-07 11:30:00,-0.0979931012856695,-0.0979931012856695,-0.0979931012856695,-0.0979931012856695,-0.0979931012856695,-0.0979931012856695,21.15,31.9,22.85,22.52,22.15,24.11
2024-09-07 11:40:00,-0.0979931012856695,-0.0979931012856695,-0.0979931012856695,-0.0979931012856695,-0.0979931012856695,-0.0979931012856695,21.31,31.9,23.04,22.76,22.42,24.38
2024-09-07 11:50:00,-0.0979931012856695,-0.0979931012856695,-0.0979931012856695,-0.0979931012856695,-0.0979931012856695,-0.0979931012856695,21.46,31.87,23.23,22.98,22.69,24.65
2024-09-07 12:00:00,-0.0979931012856695,-0.0979931012856695,-0.0979931012856695,-0.0979931012856695,-0.0979931012856695,-0.0979931012856695,21.62,31.8,23.4,23.22,22.95,24.9
2024-09-07 12:10:00,-0.0979931012856695,-0.0979931012856695,-0.0979931012856695,-0.0979931012856695,-0.0979931012856695,-0.0979931012856695,21.76,31.75,23.56,23.44,23.21,25.12
2024-09-07 12:20:00,-0.0979931012856695,-0.0979931012856695,-0.0979931012856695,-0.0979931012856695,-0.0979931012856695,-0.0979931012856695,21.94,31.63,23.74,23.67,23.48,25.38
2024-09-07 12:30:00,-0.0979931012856695,-0.0979931012856695,-0.0979931012856695,-0.0979931012856695,-0.0979931012856695,-0.0979931012856695,22.1,31.53,23.89,23.87,23.72,25.59
2024-09-07 12:40:00,-0.0979931012856695,-0.0979931012856695,-0.0979931012856695,-0.0979931012856695,-0.0979931012856695,-0.0979931012856695,22.27,31.41,24.06,24.1,23.95,25.81
2024-09-07 12:50:00,-0.0979931012856695,-0.0979931012856695,-0.0979931012856695,-0.0979931012856695,-0.0979931012856695,-0.0979931012856695,22.46,31.3,24.22,24.31,24.19,26.01
2024-09-07 13:00:00,-0.0979931012856695,-0.0979931012856695,-0.0979931012856695,-0.0979931012856695,-0.0979931012856695,-0.0979931012856695,22.64,31.2,24.36,24.5,24.41,26.19
2024-09-07 13:10:00,-0.0979931012856695,-0.0979931012856695,-0.0979931012856695,-0.0979931012856695,-0.0979931012856695,-0.0979931012856695,22.83,31.12,24.51,24.7,24.6,26.36
2024-09-07 13:20:00,-0.0979931012856695,-0.0979931012856695,-0.0979931012856695,-0.0979931012856695,-0.0979931012856695,-0.0979931012856695,23.01,31,24.65,24.89,24.8,26.54
2024-09-07 13:30:00,-0.0979931012856695,-0.0979931012856695,-0.0979931012856695,-0.0979931012856695,-0.0979931012856695,-0.0979931012856695,23.22,30.92,24.8,25.07,24.98,26.67
2024-09-07 13:40:00,-0.0979931012856695,-0.0979931012856695,-0.0979931012856695,-0.0979931012856695,-0.0979931012856695,-0.0979931012856695,23.43,30.87,24.94,25.26,25.15,26.82
2024-09-07 13:50:00,-0.0979931012856695,-0.0979931012856695,-0.0979931012856695,-0.0979931012856695,-0.0979931012856695,-0.0979931012856695,23.63,30.8,25.05,25.45,25.37,26.95
2024-09-07 14:00:00,-0.0979931012856695,-0.0979931012856695,-0.0979931012856695,-0.0979931012856695,-0.0979931012856695,-0.0979931012856695,23.84,30.78,25.19,25.63,25.58,27.06
2024-09-07 14:10:00,-0.0979931012856695,-0.0979931012856695,-0.0979931012856695,-0.0979931012856695,-0.0979931012856695,-0.0979931012856695,24.08,30.68,25.34,25.8,25.8,27.17
2024-09-07 14:20:00,-0.0979931012856695,-0.0979931012856695,-0.0979931012856695,-0.0979931012856695,-0.0979931012856695,-0.0979931012856695,24.29,30.56,25.47,25.97,26.05,27.27
2024-09-07 14:30:00,-0.0979931012856695,-0.0979931012856695,-0.0979931012856695,-0.0979931012856695,-0.0979931012856695,-0.0979931012856695,24.51,30.41,25.6,26.15,26.3,27.37
2024-09-07 14:40:00,-0.0979931012856695,-0.0979931012856695,-0.0979931012856695,-0.0979931012856695,-0.0979931012856695,-0.0979931012856695,24.71,30.25,25.73,26.3,26.58,27.48
2024-09-07 14:50:00,-0.0979931012856695,-0.0979931012856695,-0.0979931012856695,-0.0979931012856695,-0.0979931012856695,-0.0979931012856695,24.88,30.07,25.84,26.48,26.84,27.57
2024-09-07 15:00:00,-0.0979931012856695,-0.0979931012856695,-0.0979931012856695,-0.0979931012856695,-0.0979931012856695,-0.0979931012856695,25.04,29.89,25.97,26.65,27.12,27.66
2024-09-07 15:10:00,-0.0979931012856695,-0.0979931012856695,-0.0979931012856695,-0.0979931012856695,-0.0979931012856695,-0.0979931012856695,25.17,29.73,26.08,26.81,27.41,27.74
2024-09-07 15:20:00,-0.0979931012856695,-0.0979931012856695,-0.0979931012856695,-0.0979931012856695,-0.0979931012856695,-0.0979931012856695,25.33,29.58,26.18,26.98,27.68,27.82
2024-09-07 15:30:00,-0.0979931012856695,-0.0979931012856695,-0.0979931012856695,-0.0979931012856695,-0.0979931012856695,-0.0979931012856695,25.45,29.47,26.28,27.14,27.92,27.91
2024-09-07 15:40:00,-0.0979931012856695,-0.0979931012856695,-0.0979931012856695,-0.0979931012856695,-0.0979931012856695,-0.0979931012856695,25.55,29.35,26.38,27.3,28.15,28
2024-09-07 15:50:00,-0.0979931012856695,-0.0979931012856695,-0.0979931012856695,-0.0979931012856695,-0.0979931012856695,-0.0979931012856695,25.65,29.24,26.48,27.47,28.35,28.08
2024-09-07 16:00:00,-0.0979931012856695,-0.0979931012856695,-0.0979931012856695,-0.0979931012856695,-0.0979931012856695,-0.0979931012856695,25.74,29.15,26.57,27.64,28.49,28.16
2024-09-07 16:10:00,-0.0979931012856695,-0.0979931012856695,-0.0979931012856695,-0.0979931012856695,-0.0979931012856695,-0.0979931012856695,25.82,29.04,26.64,27.77,28.63,28.22
2024-09-07 16:20:00,-0.0979931012856695,-0.0979931012856695,-0.0979931012856695,-0.0979931012856695,-0.0979931012856695,-0.0979931012856695,25.91,28.94,26.7,27.94,28.73,28.3
2024-09-07 16:30:00,-0.0979931012856695,-0.0979931012856695,-0.0979931012856695,-0.0979931012856695,-0.0979931012856695,-0.0979931012856695,26,28.83,26.8,28.06,28.8,28.4
2024-09-07 16:40:00,-0.0979931012856695,-0.0979931012856695,-0.0979931012856695,-0.0979931012856695,-0.0979931012856695,-0.0979931012856695,26.06,28.7,26.83,28.18,28.9,28.42
2024-09-07 16:50:00,-0.0979931012856695,-0.0979931012856695,-0.0979931012856695,-0.0979931012856695,-0.0979931012856695,-0.0979931012856695,26.11,28.56,26.9,28.32,28.9,28.5
2024-09-07 17:00:00,-0.0979931012856695,-0.0979931012856695,-0.0979931012856695,-0.0979931012856695,-0.0979931012856695,-0.0979931012856695,26.2,28.45,26.96,28.41,28.94,28.55
2024-09-07 17:10:00,-0.0979931012856695,-0.0979931012856695,-0.0979931012856695,-0.0979931012856695,-0.0979931012856695,-0.0979931012856695,26.22,28.35,27,28.5,29,28.6
2024-09-07 17:20:00,-0.0979931012856695,-0.0979931012856695,-0.0979931012856695,-0.0979931012856695,-0.0979931012856695,-0.0979931012856695,26.3,28.22,27.02,28.6,29,28.64
2024-09-07 17:30:00,-0.0979931012856695,-0.0979931012856695,-0.0979931012856695,-0.0979931012856695,-0.0979931012856695,-0.0979931012856695,26.3,28.16,27.1,28.66,29,28.7
2024-09-07 17:40:00,-0.0979931012856695,-0.0979931012856695,-0.0979931012856695,-0.0979931012856695,-0.0979931012856695,-0.0979931012856695,26.39,28.1,27.1,28.72,29,28.7
2024-09-07 17:50:00,-0.0979931012856695,-0.0979931012856695,-0.0979931012856695,-0.0979931012856695,-0.0979931012856695,-0.0979931012856695,26.4,27.99,27.1,28.8,28.95,28.77
2024-09-07 18:00:00,-0.0979931012856695,-0.0979931012856695,-0.0979931012856695,-0.0979931012856695,-0.0979931012856695,-0.0979931012856695,26.48,27.86,27.15,28.8,28.9,28.8
2024-09-07 18:10:00,-0.0979931012856695,-0.0979931012856695,-0.0979931012856695,-0.0979931012856695,-0.0979931012856695,-0.0979931012856695,26.5,27.7,27.2,28.88,28.9,28.8
2024-09-07 18:20:00,-0.0979931012856695,-0.0979931012856695,-0.0979931012856695,-0.0979931012856695,-0.0979931012856695,-0.0979931012856695,26.55,27.51,27.2,28.9,28.9,28.8
2024-09-07 18:30:00,-0.0979931012856695,-0.0979931012856695,-0.0979931012856695,-0.0979931012856695,-0.0979931012856695,-0.0979931012856695,26.6,27.29,27.2,28.9,28.85,28.8
2024-09-07 18:40:00,-0.0979931012856695,-0.0979931012856695,-0.0979931012856695,-0.0979931012856695,-0.0979931012856695,-0.0979931012856695,26.6,27.09,27.2,28.9,28.8,28.8
2024-09-07 18:50:00,-0.0979931012856695,-0.0979931012856695,-0.0979931012856695,-0.0979931012856695,-0.0979931012856695,-0.0979931012856695,26.6,26.87,27.2,28.9,28.8,28.8
2024-09-07 19:00:00,-0.0979931012856695,-0.0979931012856695,-0.0979931012856695,-0.0979931012856695,-0.0979931012856695,-0.0979931012856695,26.6,26.65,27.2,28.9,28.71,28.8
2024-09-07 19:10:00,-0.0979931012856695,-0.0979931012856695,-0.0979931012856695,-0.0979931012856695,-0.0979931012856695,-0.0979931012856695,26.6,26.42,27.2,28.9,28.69,28.8
2024-09-07 19:20:00,-0.0979931012856695,-0.0979931012856695,-0.0979931012856695,-0.0979931012856695,-0.0979931012856695,-0.0979931012856695,26.53,26.2,27.2,28.9,28.6,28.74
2024-09-07 19:30:00,-0.0979931012856695,-0.0979931012856695,-0.0979931012856695,-0.0979931012856695,-0.0979931012856695,-0.0979931012856695,26.5,25.98,27.19,28.9,28.56,28.7
2024-09-07 19:40:00,-0.0979931012856695,-0.0979931012856695,-0.0979931012856695,-0.0979931012856695,-0.0979931012856695,-0.0979931012856695,26.45,25.74,27.1,28.83,28.5,28.7
2024-09-07 19:50:00,-0.0979931012856695,-0.0979931012856695,-0.0979931012856695,-0.0979931012856695,-0.0979931012856695,-0.0979931012856695,26.4,25.55,27.1,28.8,28.41,28.61
2024-09-07 20:00:00,-0.0979931012856695,-0.0979931012856695,-0.0979931012856695,-0.0979931012856695,-0.0979931012856695,-0.0979931012856695,26.3,25.35,27.1,28.8,28.36,28.6
2024-09-07 20:10:00,-0.0979931012856695,-0.0979931012856695,-0.0979931012856695,-0.0979931012856695,-0.0979931012856695,-0.0979931012856695,26.24,25.15,27,28.7,28.26,28.52
2024-09-07 20:20:00,-0.0979931012856695,-0.0979931012856695,-0.0979931012856695,-0.0979931012856695,-0.0979931012856695,-0.0979931012856695,26.18,24.98,27,28.67,28.18,28.49
2024-09-07 20:30:00,-0.0979931012856695,-0.0979931012856695,-0.0979931012856695,-0.0979931012856695,-0.0979931012856695,-0.0979931012856695,26.1,24.82,26.91,28.6,28.09,28.4
2024-09-07 20:40:00,-0.0979931012856695,-0.0979931012856695,-0.0979931012856695,-0.0979931012856695,-0.0979931012856695,-0.0979931012856695,26,24.64,26.87,28.54,28,28.37
2024-09-07 20:50:00,-0.0979931012856695,-0.0979931012856695,-0.0979931012856695,-0.0979931012856695,-0.0979931012856695,-0.0979931012856695,25.91,24.47,26.8,28.48,27.89,28.29
2024-09-07 21:00:00,-0.0979931012856695,-0.0979931012856695,-0.0979931012856695,-0.0979931012856695,-0.0979931012856695,-0.0979931012856695,25.81,24.32,26.74,28.4,27.79,28.2
2024-09-07 21:10:00,-0.0979931012856695,-0.0979931012856695,-0.0979931012856695,-0.0979931012856695,-0.0979931012856695,-0.0979931012856695,25.72,24.14,26.68,28.33,27.69,28.12
2024-09-07 21:20:00,-0.0979931012856695,-0.0979931012856695,-0.0979931012856695,-0.0979931012856695,-0.0979931012856695,-0.0979931012856695,25.62,23.95,26.6,28.23,27.58,28.04
2024-09-07 21:30:00,-0.0979931012856695,-0.0979931012856695,-0.0979931012856695,-0.0979931012856695,-0.0979931012856695,-0.0979931012856695,25.52,23.79,26.52,28.15,27.48,27.95
2024-09-07 21:40:00,-0.0979931012856695,-0.0979931012856695,-0.0979931012856695,-0.0979931012856695,-0.0979931012856695,-0.0979931012856695,25.42,23.65,26.44,28.06,27.35,27.85
2024-09-07 21:50:00,-0.0979931012856695,-0.0979931012856695,-0.0979931012856695,-0.0979931012856695,-0.0979931012856695,-0.0979931012856695,25.31,23.52,26.35,27.96,27.24,27.75
2024-09-07 22:00:00,-0.0979931012856695,-0.0979931012856695,-0.0979931012856695,-0.0979931012856695,-0.0979931012856695,-0.0979931012856695,25.19,23.38,26.27,27.85,27.13,27.66
2024-09-07 22:10:00,-0.0979931012856695,-0.0979931012856695,-0.0979931012856695,-0.0979931012856695,-0.0979931012856695,-0.0979931012856695,25.08,23.25,26.18,27.75,27.02,27.56
2024-09-07 22:20:00,-0.0979931012856695,-0.0979931012856695,-0.0979931012856695,-0.0979931012856695,-0.0979931012856695,-0.0979931012856695,24.98,23.09,26.08,27.65,26.89,27.45
2024-09-07 22:30:00,-0.0979931012856695,-0.0979931012856695,-0.0979931012856695,-0.0979931012856695,-0.0979931012856695,-0.0979931012856695,24.86,22.95,25.99,27.54,26.77,27.33
2024-09-07 22:40:00,-0.0979931012856695,-0.0979931012856695,-0.0979931012856695,-0.0979931012856695,-0.0979931012856695,-0.0979931012856695,24.75,22.79,25.88,27.43,26.66,27.22
2024-09-07 22:50:00,-0.0979931012856695,-0.0979931012856695,-0.0979931012856695,-0.0979931012856695,-0.0979931012856695,-0.0979931012856695,24.63,22.65,25.78,27.29,26.54,27.12
2024-09-07 23:00:00,-0.0979931012856695,-0.0979931012856695,-0.0979931012856695,-0.0979931012856695,-0.0979931012856695,-0.0979931012856695,24.52,22.51,25.68,27.18,26.41,27
2024-09-07 23:10:00,-0.0979931012856695,-0.0979931012856695,-0.0979931012856695,-0.0979931012856695,-0.0979931012856695,-0.0979931012856695,24.4,22.36,25.58,27.07,26.28,26.87
2024-09-07 23:20:00,-0.0979931012856695,-0.0979931012856695,-0.0979931012856695,-0.0979931012856695,-0.0979931012856695,-0.0979931012856695,24.28,22.2,25.48,26.95,26.16,26.76
2024-09-07 23:30:00,-0.0979931012856695,-0.0979931012856695,-0.0979931012856695,-0.0979931012856695,-0.0979931012856695,-0.0979931012856695,24.16,22.06,25.37,26.82,26.04,26.64
2024-09-07 23:40:00,-0.0979931012856695,-0.0979931012856695,-0.0979931012856695,-0.0979931012856695,-0.0979931012856695,-0.0979931012856695,24.04,21.94,25.25,26.7,25.92,26.53
2024-09-07 23:50:00,-0.0979931012856695,-0.0979931012856695,-0.0979931012856695,-0.0979931012856695,-0.0979931012856695,-0.0979931012856695,23.9,21.82,25.14,26.57,25.78,26.39
2024-09-08,-0.0979931012856695,-0.0979931012856695,-0.0979931012856695,-0.0979931012856695,-0.0979931012856695,-0.0979931012856695,23.77,21.69,25.03,26.45,25.66,26.27
2024-09-08 00:10:00,-0.0979931012856695,-0.0979931012856695,-0.0979931012856695,-0.0979931012856695,-0.0979931012856695,-0.0979931012856695,23.65,21.57,24.94,26.32,25.54,26.15
2024-09-08 00:20:00,-0.0979931012856695,-0.0979931012856695,-0.0979931012856695,-0.0979931012856695,-0.0979931012856695,-0.0979931012856695,23.53,21.44,24.82,26.18,25.42,26.03
2024-09-08 00:30:00,-0.0979931012856695,-0.0979931012856695,-0.0979931012856695,-0.0979931012856695,-0.0979931012856695,-0.0979931012856695,23.41,21.29,24.7,26.06,25.26,25.91
2024-09-08 00:40:00,-0.0979931012856695,-0.0979931012856695,-0.0979931012856695,-0.0979931012856695,-0.0979931012856695,-0.0979931012856695,23.28,21.14,24.58,25.95,25.14,25.77
2024-09-08 00:50:00,-0.0979931012856695,-0.0979931012856695,-0.0979931012856695,-0.0979931012856695,-0.0979931012856695,-0.0979931012856695,23.15,20.96,24.47,25.8,25.02,25.65
2024-09-08 01:00:00,-0.0979931012856695,-0.0979931012856695,-0.0979931012856695,-0.0979931012856695,-0.0979931012856695,-0.0979931012856695,23.03,20.78,24.35,25.67,24.92,25.53
2024-09-08 01:10:00,-0.0979931012856695,-0.0979931012856695,-0.0979931012856695,-0.0979931012856695,-0.0979931012856695,-0.0979931012856695,22.89,20.62,24.24,25.55,24.78,25.4
2024-09-08 01:20:00,-0.0979931012856695,-0.0979931012856695,-0.0979931012856695,-0.0979931012856695,-0.0979931012856695,-0.0979931012856695,22.76,20.46,24.13,25.43,24.65,25.25
2024-09-08 01:30:00,-0.0979931012856695,-0.0979931012856695,-0.0979931012856695,-0.0979931012856695,-0.0979931012856695,-0.0979931012856695,22.64,20.34,23.99,25.27,24.53,25.13
2024-09-08 01:40:00,-0.0979931012856695,-0.0979931012856695,-0.0979931012856695,-0.0979931012856695,-0.0979931012856695,-0.0979931012856695,22.51,20.23,23.86,25.15,24.39,25.01
2024-09-08 01:50:00,-0.0979931012856695,-0.0979931012856695,-0.0979931012856695,-0.0979931012856695,-0.0979931012856695,-0.0979931012856695,22.37,20.1,23.74,25.02,24.26,24.88
2024-09-08 02:00:00,-0.0979931012856695,-0.0979931012856695,-0.0979931012856695,-0.0979931012856695,-0.0979931012856695,-0.0979931012856695,22.23,19.97,23.63,24.89,24.14,24.76
2024-09-08 02:10:00,-0.0979931012856695,-0.0979931012856695,-0.0979931012856695,-0.0979931012856695,-0.0979931012856695,-0.0979931012856695,22.1,19.85,23.5,24.76,24,24.63
2024-09-08 02:20:00,-0.0979931012856695,-0.0979931012856695,-0.0979931012856695,-0.0979931012856695,-0.0979931012856695,-0.0979931012856695,21.97,19.72,23.37,24.63,23.86,24.5
2024-09-08 02:30:00,-0.0979931012856695,-0.0979931012856695,-0.0979931012856695,-0.0979931012856695,-0.0979931012856695,-0.0979931012856695,21.85,19.58,23.25,24.49,23.74,24.37
2024-09-08 02:40:00,-0.0979931012856695,-0.0979931012856695,-0.0979931012856695,-0.0979931012856695,-0.0979931012856695,-0.0979931012856695,21.73,19.45,23.12,24.36,23.62,24.24
2024-09-08 02:50:00,-0.0979931012856695,-0.0979931012856695,-0.0979931012856695,-0.0979931012856695,-0.0979931012856695,-0.0979931012856695,21.6,19.28,22.98,24.24,23.48,24.12
2024-09-08 03:00:00,-0.0979931012856695,-0.0979931012856695,-0.0979931012856695,-0.0979931012856695,-0.0979931012856695,-0.0979931012856695,21.48,19.13,22.86,24.1,23.36,23.97
2024-09-08 03:10:00,-0.0979931012856695,-0.0979931012856695,-0.0979931012856695,-0.0979931012856695,-0.0979931012856695,-0.0979931012856695,21.36,18.97,22.75,23.95,23.23,23.85
2024-09-08 03:20:00,-0.0979931012856695,-0.0979931012856695,-0.0979931012856695,-0.0979931012856695,-0.0979931012856695,-0.0979931012856695,21.23,18.84,22.63,23.83,23.08,23.72
2024-09-08 03:30:00,-0.0979931012856695,-0.0979931012856695,-0.0979931012856695,-0.0979931012856695,-0.0979931012856695,-0.0979931012856695,21.12,18.72,22.5,23.68,22.96,23.59
2024-09-08 03:40:00,-0.0979931012856695,-0.0979931012856695,-0.0979931012856695,-0.0979931012856695,-0.0979931012856695,-0.0979931012856695,20.99,18.59,22.37,23.56,22.84,23.47
2024-09-08 03:50:00,-0.0979931012856695,-0.0979931012856695,-0.0979931012856695,-0.0979931012856695,-0.0979931012856695,-0.0979931012856695,20.87,18.46,22.24,23.44,22.72,23.35
2024-09-08 04:00:00,-0.0979931012856695,-0.0979931012856695,-0.0979931012856695,-0.0979931012856695,-0.0979931012856695,-0.0979931012856695,20.76,18.34,22.12,23.31,22.58,23.22
2024-09-08 04:10:00,-0.0979931012856695,-0.0979931012856695,-0.0979931012856695,-0.0979931012856695,-0.0979931012856695,-0.0979931012856695,20.64,18.22,21.98,23.16,22.46,23.08
2024-09-08 04:20:00,-0.0979931012856695,-0.0979931012856695,-0.0979931012856695,-0.0979931012856695,-0.0979931012856695,-0.0979931012856695,20.53,18.07,21.86,23.04,22.33,22.96
2024-09-08 04:30:00,-0.0979931012856695,-0.0979931012856695,-0.0979931012856695,-0.0979931012856695,-0.0979931012856695,-0.0979931012856695,20.42,17.95,21.74,22.9,22.18,22.84
2024-09-08 04:40:00,-0.0979931012856695,-0.0979931012856695,-0.0979931012856695,-0.0979931012856695,-0.0979931012856695,-0.0979931012856695,20.31,17.84,21.64,22.77,22.06,22.72
2024-09-08 04:50:00,-0.0979931012856695,-0.0979931012856695,-0.0979931012856695,-0.0979931012856695,-0.0979931012856695,-0.0979931012856695,20.18,17.72,21.52,22.65,21.94,22.58
2024-09-08 05:00:00,-0.0979931012856695,-0.0979931012856695,-0.0979931012856695,-0.0979931012856695,-0.0979931012856695,-0.0979931012856695,20.06,17.57,21.4,22.52,21.82,22.46
2024-09-08 05:10:00,-0.0979931012856695,-0.0979931012856695,-0.0979931012856695,-0.0979931012856695,-0.0979931012856695,-0.0979931012856695,19.96,17.43,21.26,22.38,21.69,22.34
2024-09-08 05:20:00,-0.0979931012856695,-0.0979931012856695,-0.0979931012856695,-0.0979931012856695,-0.0979931012856695,-0.0979931012856695,19.86,17.27,21.15,22.24,21.58,22.2
2024-09-08 05:30:00,-0.0979931012856695,-0.0979931012856695,-0.0979931012856695,-0.0979931012856695,-0.0979931012856695,-0.0979931012856695,19.75,17.17,21.03,22.11,21.46,22.07
2024-09-08 05:40:00,-0.0979931012856695,-0.0979931012856695,-0.0979931012856695,-0.0979931012856695,-0.0979931012856695,-0.0979931012856695,19.65,17.07,20.91,21.97,21.34,21.95
2024-09-08 05:50:00,-0.0979931012856695,-0.0979931012856695,-0.0979931012856695,-0.0979931012856695,-0.0979931012856695,-0.0979931012856695,19.55,16.97,20.78,21.85,21.21,21.83
2024-09-08 06:00:00,-0.0979931012856695,-0.0979931012856695,-0.0979931012856695,-0.0979931012856695,-0.0979931012856695,-0.0979931012856695,19.44,16.9,20.67,21.73,21.08,21.72
2024-09-08 06:10:00,-0.0979931012856695,-0.0979931012856695,-0.0979931012856695,-0.0979931012856695,-0.0979931012856695,-0.0979931012856695,19.34,16.81,20.55,21.61,20.96,21.61
2024-09-08 06:20:00,-0.0979931012856695,-0.0979931012856695,-0.0979931012856695,-0.0979931012856695,-0.0979931012856695,-0.0979931012856695,19.23,16.8,20.44,21.47,20.85,21.48
2024-09-08 06:30:00,-0.0979931012856695,-0.0979931012856695,-0.0979931012856695,-0.0979931012856695,-0.0979931012856695,-0.0979931012856695,19.13,16.8,20.32,21.35,20.73,21.36
2024-09-08 06:40:00,-0.0979931012856695,-0.0979931012856695,-0.0979931012856695,-0.0979931012856695,-0.0979931012856695,-0.0979931012856695,19.03,16.71,20.19,21.22,20.61,21.24
2024-09-08 06:50:00,-0.0979931012856695,-0.0979931012856695,-0.0979931012856695,-0.0979931012856695,-0.0979931012856695,-0.0979931012856695,18.93,16.71,20.06,21.08,20.49,21.12
2024-09-08 07:00:00,-0.0979931012856695,-0.0979931012856695,-0.0979931012856695,-0.0979931012856695,-0.0979931012856695,-0.0979931012856695,18.82,17.23,19.96,20.96,20.38,20.99
2024-09-08 07:10:00,-0.0979931012856695,-0.0979931012856695,-0.0979931012856695,-0.0979931012856695,-0.0979931012856695,-0.0979931012856695,18.72,18.9,19.85,20.85,20.26,20.87
2024-09-08 07:20:00,-0.0979931012856695,-0.0979931012856695,-0.0979931012856695,-0.0979931012856695,-0.0979931012856695,-0.0979931012856695,18.64,20.48,19.74,20.73,20.14,20.76
2024-09-08 07:30:00,-0.0979931012856695,-0.0979931012856695,-0.0979931012856695,-0.0979931012856695,-0.0979931012856695,-0.0979931012856695,18.57,21.06,19.64,20.61,20.03,20.65
2024-09-08 07:40:00,-0.0979931012856695,-0.0979931012856695,-0.0979931012856695,-0.0979931012856695,-0.0979931012856695,-0.0979931012856695,18.5,21.27,19.54,20.48,19.93,20.54
2024-09-08 07:50:00,-0.0979931012856695,-0.0979931012856695,-0.0979931012856695,-0.0979931012856695,-0.0979931012856695,-0.0979931012856695,18.45,21.91,19.47,20.37,19.83,20.44
2024-09-08 08:00:00,-0.0979931012856695,-0.0979931012856695,-0.0979931012856695,-0.0979931012856695,-0.0979931012856695,-0.0979931012856695,18.4,23.4,19.4,20.26,19.75,20.33
2024-09-08 08:10:00,-0.0979931012856695,-0.0979931012856695,-0.0979931012856695,-0.0979931012856695,-0.0979931012856695,-0.0979931012856695,18.4,25,19.4,20.14,19.68,20.25
2024-09-08 08:20:00,-0.0979931012856695,-0.0979931012856695,-0.0979931012856695,-0.0979931012856695,-0.0979931012856695,-0.0979931012856695,18.4,26.46,19.3,20.04,19.6,20.18
2024-09-08 08:30:00,-0.0979931012856695,-0.0979931012856695,-0.0979931012856695,-0.0979931012856695,-0.0979931012856695,-0.0979931012856695,18.4,27.72,19.31,19.99,19.58,20.1
2024-09-08 08:40:00,-0.0979931012856695,-0.0979931012856695,-0.0979931012856695,-0.0979931012856695,-0.0979931012856695,-0.0979931012856695,18.4,28.76,19.4,19.9,19.5,20.1
2024-09-08 08:50:00,-0.0979931012856695,-0.0979931012856695,-0.0979931012856695,-0.0979931012856695,-0.0979931012856695,-0.0979931012856695,18.46,29.6,19.4,19.9,19.5,20.1
2024-09-08 09:00:00,-0.0979931012856695,-0.0979931012856695,-0.0979931012856695,-0.0979931012856695,-0.0979931012856695,-0.0979931012856695,18.5,30.22,19.49,19.9,19.5,20.2
2024-09-08 09:10:00,-0.0979931012856695,-0.0979931012856695,-0.0979931012856695,-0.0979931012856695,-0.0979931012856695,-0.0979931012856695,18.56,30.64,19.58,19.9,19.5,20.28
2024-09-08 09:20:00,-0.0979931012856695,-0.0979931012856695,-0.0979931012856695,-0.0979931012856695,-0.0979931012856695,-0.0979931012856695,18.62,30.77,19.71,19.9,19.59,20.4
2024-09-08 09:30:00,-0.0979931012856695,-0.0979931012856695,-0.0979931012856695,-0.0979931012856695,-0.0979931012856695,-0.0979931012856695,18.7,30.57,19.85,19.98,19.6,20.55
2024-09-08 09:40:00,-0.0979931012856695,-0.0979931012856695,-0.0979931012856695,-0.0979931012856695,-0.0979931012856695,-0.0979931012856695,18.8,30.34,20,20.05,19.7,20.73
2024-09-08 09:50:00,-0.0979931012856695,-0.0979931012856695,-0.0979931012856695,-0.0979931012856695,-0.0979931012856695,-0.0979931012856695,18.9,30.3,20.18,20.17,19.79,20.93
2024-09-08 10:00:00,-0.0979931012856695,-0.0979931012856695,-0.0979931012856695,-0.0979931012856695,-0.0979931012856695,-0.0979931012856695,19.01,30.51,20.37,20.32,19.89,21.16
2024-09-08 10:10:00,-0.0979931012856695,-0.0979931012856695,-0.0979931012856695,-0.0979931012856695,-0.0979931012856695,-0.0979931012856695,19.13,30.81,20.56,20.45,20.02,21.4
2024-09-08 10:20:00,-0.0979931012856695,-0.0979931012856695,-0.0979931012856695,-0.0979931012856695,-0.0979931012856695,-0.0979931012856695,19.24,31.04,20.75,20.62,20.15,21.66
2024-09-08 10:30:00,-0.0979931012856695,-0.0979931012856695,-0.0979931012856695,-0.0979931012856695,-0.0979931012856695,-0.0979931012856695,19.37,31.22,20.95,20.8,20.34,21.91
2024-09-08 10:40:00,-0.0979931012856695,-0.0979931012856695,-0.0979931012856695,-0.0979931012856695,-0.0979931012856695,-0.0979931012856695,19.51,31.3,21.15,20.99,20.5,22.19
2024-09-08 10:50:00,-0.0979931012856695,-0.0979931012856695,-0.0979931012856695,-0.0979931012856695,-0.0979931012856695,-0.0979931012856695,19.65,31.34,21.37,21.19,20.69,22.49
2024-09-08 11:00:00,-0.0979931012856695,-0.0979931012856695,-0.0979931012856695,-0.0979931012856695,-0.0979931012856695,-0.0979931012856695,19.81,31.4,21.57,21.4,20.89,22.77
2024-09-08 11:10:00,-0.0979931012856695,-0.0979931012856695,-0.0979931012856695,-0.0979931012856695,-0.0979931012856695,-0.0979931012856695,19.96,31.24,21.75,21.61,21.11,23.04
2024-09-08 11:20:00,-0.0979931012856695,-0.0979931012856695,-0.0979931012856695,-0.0979931012856695,-0.0979931012856695,-0.0979931012856695,20.12,30.91,21.93,21.82,21.32,23.33
2024-09-08 11:30:00,-0.0979931012856695,-0.0979931012856695,-0.0979931012856695,-0.0979931012856695,-0.0979931012856695,-0.0979931012856695,20.31,30.5,22.13,22.04,21.57,23.6
2024-09-08 11:40:00,-0.0979931012856695,-0.0979931012856695,-0.0979931012856695,-0.0979931012856695,-0.0979931012856695,-0.0979931012856695,20.48,30.04,22.31,22.28,21.78,23.86
2024-09-08 11:50:00,-0.0979931012856695,-0.0979931012856695,-0.0979931012856695,-0.0979931012856695,-0.0979931012856695,-0.0979931012856695,20.65,29.59,22.5,22.51,22.01,24.12
2024-09-08 12:00:00,-0.0979931012856695,-0.0979931012856695,-0.0979931012856695,-0.0979931012856695,-0.0979931012856695,-0.0979931012856695,20.82,29.15,22.66,22.72,22.23,24.37
2024-09-08 12:10:00,-0.0979931012856695,-0.0979931012856695,-0.0979931012856695,-0.0979931012856695,-0.0979931012856695,-0.0979931012856695,20.96,28.92,22.82,22.93,22.46,24.59
2024-09-08 12:20:00,-0.0979931012856695,-0.0979931012856695,-0.0979931012856695,-0.0979931012856695,-0.0979931012856695,-0.0979931012856695,21.12,28.87,22.96,23.14,22.66,24.8
2024-09-08 12:30:00,-0.0979931012856695,-0.0979931012856695,-0.0979931012856695,-0.0979931012856695,-0.0979931012856695,-0.0979931012856695,21.26,28.8,23.11,23.35,22.85,24.98
2024-09-08 12:40:00,-0.0979931012856695,-0.0979931012856695,-0.0979931012856695,-0.0979931012856695,-0.0979931012856695,-0.0979931012856695,21.42,28.71,23.25,23.54,23.03,25.15
2024-09-08 12:50:00,-0.0979931012856695,-0.0979931012856695,-0.0979931012856695,-0.0979931012856695,-0.0979931012856695,-0.0979931012856695,21.56,28.64,23.36,23.7,23.2,25.3
2024-09-08 13:00:00,-0.0979931012856695,-0.0979931012856695,-0.0979931012856695,-0.0979931012856695,-0.0979931012856695,-0.0979931012856695,21.71,28.6,23.48,23.86,23.37,25.45
2024-09-08 13:10:00,-0.0979931012856695,-0.0979931012856695,-0.0979931012856695,-0.0979931012856695,-0.0979931012856695,-0.0979931012856695,21.86,28.6,23.58,24.05,23.54,25.57
2024-09-08 13:20:00,-0.0979931012856695,-0.0979931012856695,-0.0979931012856695,-0.0979931012856695,-0.0979931012856695,-0.0979931012856695,22.04,28.53,23.69,24.21,23.68,25.68
2024-09-08 13:30:00,-0.0979931012856695,-0.0979931012856695,-0.0979931012856695,-0.0979931012856695,-0.0979931012856695,-0.0979931012856695,22.21,28.5,23.78,24.35,23.85,25.79
2024-09-08 13:40:00,-0.0979931012856695,-0.0979931012856695,-0.0979931012856695,-0.0979931012856695,-0.0979931012856695,-0.0979931012856695,22.41,28.5,23.88,24.51,24.03,25.89
2024-09-08 13:50:00,-0.0979931012856695,-0.0979931012856695,-0.0979931012856695,-0.0979931012856695,-0.0979931012856695,-0.0979931012856695,22.59,28.4,23.98,24.65,24.21,25.99
2024-09-08 14:00:00,-0.0979931012856695,-0.0979931012856695,-0.0979931012856695,-0.0979931012856695,-0.0979931012856695,-0.0979931012856695,22.77,28.4,24.09,24.81,24.41,26.08
2024-09-08 14:10:00,-0.0979931012856695,-0.0979931012856695,-0.0979931012856695,-0.0979931012856695,-0.0979931012856695,-0.0979931012856695,22.95,28.4,24.19,24.95,24.61,26.15
2024-09-08 14:20:00,-0.0979931012856695,-0.0979931012856695,-0.0979931012856695,-0.0979931012856695,-0.0979931012856695,-0.0979931012856695,23.15,28.39,24.28,25.09,24.83,26.21
2024-09-08 14:30:00,-0.0979931012856695,-0.0979931012856695,-0.0979931012856695,-0.0979931012856695,-0.0979931012856695,-0.0979931012856695,23.34,28.3,24.38,25.24,25.06,26.3
2024-09-08 14:40:00,-0.0979931012856695,-0.0979931012856695,-0.0979931012856695,-0.0979931012856695,-0.0979931012856695,-0.0979931012856695,23.5,28.18,24.47,25.41,25.31,26.37
2024-09-08 14:50:00,-0.0979931012856695,-0.0979931012856695,-0.0979931012856695,-0.0979931012856695,-0.0979931012856695,-0.0979931012856695,23.66,28.05,24.56,25.55,25.58,26.43
2024-09-08 15:00:00,-0.0979931012856695,-0.0979931012856695,-0.0979931012856695,-0.0979931012856695,-0.0979931012856695,-0.0979931012856695,23.81,27.91,24.64,25.71,25.83,26.5
2024-09-08 15:10:00,-0.0979931012856695,-0.0979931012856695,-0.0979931012856695,-0.0979931012856695,-0.0979931012856695,-0.0979931012856695,23.94,27.75,24.73,25.85,26.08,26.59
2024-09-08 15:20:00,-0.0979931012856695,-0.0979931012856695,-0.0979931012856695,-0.0979931012856695,-0.0979931012856695,-0.0979931012856695,24.07,27.62,24.81,26.01,26.32,26.62
2024-09-08 15:30:00,-0.0979931012856695,-0.0979931012856695,-0.0979931012856695,-0.0979931012856695,-0.0979931012856695,-0.0979931012856695,24.18,27.47,24.9,26.15,26.55,26.7
2024-09-08 15:40:00,-0.0979931012856695,-0.0979931012856695,-0.0979931012856695,-0.0979931012856695,-0.0979931012856695,-0.0979931012856695,24.27,27.33,24.98,26.29,26.75,26.75
2024-09-08 15:50:00,-0.0979931012856695,-0.0979931012856695,-0.0979931012856695,-0.0979931012856695,-0.0979931012856695,-0.0979931012856695,24.36,27.21,25,26.44,26.9,26.8
2024-09-08 16:00:00,-0.0979931012856695,-0.0979931012856695,-0.0979931012856695,-0.0979931012856695,-0.0979931012856695,-0.0979931012856695,24.43,27.09,25.1,26.57,27.04,26.87
2024-09-08 16:10:00,-0.0979931012856695,-0.0979931012856695,-0.0979931012856695,-0.0979931012856695,-0.0979931012856695,-0.0979931012856695,24.5,26.97,25.13,26.7,27.14,26.9
2024-09-08 16:20:00,-0.0979931012856695,-0.0979931012856695,-0.0979931012856695,-0.0979931012856695,-0.0979931012856695,-0.0979931012856695,24.57,26.84,25.2,26.82,27.2,27
2024-09-08 16:30:00,-0.0979931012856695,-0.0979931012856695,-0.0979931012856695,-0.0979931012856695,-0.0979931012856695,-0.0979931012856695,24.6,26.71,25.21,26.93,27.29,27
2024-09-08 16:40:00,-0.0979931012856695,-0.0979931012856695,-0.0979931012856695,-0.0979931012856695,-0.0979931012856695,-0.0979931012856695,24.69,26.56,25.3,27.02,27.3,27.06
2024-09-08 16:50:00,-0.0979931012856695,-0.0979931012856695,-0.0979931012856695,-0.0979931012856695,-0.0979931012856695,-0.0979931012856695,24.7,26.42,25.3,27.1,27.3,27.1
2024-09-08 17:00:00,-0.0979931012856695,-0.0979931012856695,-0.0979931012856695,-0.0979931012856695,-0.0979931012856695,-0.0979931012856695,24.77,26.27,25.33,27.19,27.3,27.1
2024-09-08 17:10:00,-0.0979931012856695,-0.0979931012856695,-0.0979931012856695,-0.0979931012856695,-0.0979931012856695,-0.0979931012856695,24.8,26.14,25.4,27.22,27.3,27.1
2024-09-08 17:20:00,-0.0979931012856695,-0.0979931012856695,-0.0979931012856695,-0.0979931012856695,-0.0979931012856695,-0.0979931012856695,24.8,26,25.4,27.3,27.3,27.1
2024-09-08 17:30:00,-0.0979931012856695,-0.0979931012856695,-0.0979931012856695,-0.0979931012856695,-0.0979931012856695,-0.0979931012856695,24.8,25.86,25.4,27.3,27.3,27.1
2024-09-08 17:40:00,-0.0979931012856695,-0.0979931012856695,-0.0979931012856695,-0.0979931012856695,-0.0979931012856695,-0.0979931012856695,24.85,25.76,25.4,27.3,27.22,27.1
2024-09-08 17:50:00,-0.0979931012856695,-0.0979931012856695,-0.0979931012856695,-0.0979931012856695,-0.0979931012856695,-0.0979931012856695,24.9,25.66,25.4,27.4,27.2,27.1
2024-09-08 18:00:00,-0.0979931012856695,-0.0979931012856695,-0.0979931012856695,-0.0979931012856695,-0.0979931012856695,-0.0979931012856695,24.9,25.55,25.4,27.4,27.15,27.1
2024-09-08 18:10:00,-0.0979931012856695,-0.0979931012856695,-0.0979931012856695,-0.0979931012856695,-0.0979931012856695,-0.0979931012856695,24.98,25.37,25.4,27.39,27.1,27.1
2024-09-08 18:20:00,-0.0979931012856695,-0.0979931012856695,-0.0979931012856695,-0.0979931012856695,-0.0979931012856695,-0.0979931012856695,25,25.15,25.4,27.3,27.03,27.1
2024-09-08 18:30:00,-0.0979931012856695,-0.0979931012856695,-0.0979931012856695,-0.0979931012856695,-0.0979931012856695,-0.0979931012856695,25.02,24.96,25.38,27.3,26.99,27.03
2024-09-08 18:40:00,-0.0979931012856695,-0.0979931012856695,-0.0979931012856695,-0.0979931012856695,-0.0979931012856695,-0.0979931012856695,25.1,24.74,25.3,27.3,26.9,27
2024-09-08 18:50:00,-0.0979931012856695,-0.0979931012856695,-0.0979931012856695,-0.0979931012856695,-0.0979931012856695,-0.0979931012856695,25.05,24.53,25.3,27.25,26.83,26.96
2024-09-08 19:00:00,-0.0979931012856695,-0.0979931012856695,-0.0979931012856695,-0.0979931012856695,-0.0979931012856695,-0.0979931012856695,25,24.33,25.29,27.2,26.77,26.9
2024-09-08 19:10:00,-0.0979931012856695,-0.0979931012856695,-0.0979931012856695,-0.0979931012856695,-0.0979931012856695,-0.0979931012856695,25,24.14,25.2,27.16,26.7,26.83
2024-09-08 19:20:00,-0.0979931012856695,-0.0979931012856695,-0.0979931012856695,-0.0979931012856695,-0.0979931012856695,-0.0979931012856695,24.93,23.93,25.2,27.1,26.6,26.8
2024-09-08 19:30:00,-0.0979931012856695,-0.0979931012856695,-0.0979931012856695,-0.0979931012856695,-0.0979931012856695,-0.0979931012856695,24.88,23.75,25.15,27.04,26.52,26.7
2024-09-08 19:40:00,-0.0979931012856695,-0.0979931012856695,-0.0979931012856695,-0.0979931012856695,-0.0979931012856695,-0.0979931012856695,24.8,23.56,25.1,27,26.43,26.65
2024-09-08 19:50:00,-0.0979931012856695,-0.0979931012856695,-0.0979931012856695,-0.0979931012856695,-0.0979931012856695,-0.0979931012856695,24.72,23.38,25.05,26.9,26.33,26.59
2024-09-08 20:00:00,-0.0979931012856695,-0.0979931012856695,-0.0979931012856695,-0.0979931012856695,-0.0979931012856695,-0.0979931012856695,24.62,23.21,25,26.82,26.24,26.5
2024-09-08 20:10:00,-0.0979931012856695,-0.0979931012856695,-0.0979931012856695,-0.0979931012856695,-0.0979931012856695,-0.0979931012856695,24.53,23.04,24.96,26.76,26.15,26.42
2024-09-08 20:20:00,-0.0979931012856695,-0.0979931012856695,-0.0979931012856695,-0.0979931012856695,-0.0979931012856695,-0.0979931012856695,24.43,22.85,24.9,26.68,26.05,26.32
2024-09-08 20:30:00,-0.0979931012856695,-0.0979931012856695,-0.0979931012856695,-0.0979931012856695,-0.0979931012856695,-0.0979931012856695,24.33,22.68,24.81,26.6,25.95,26.24
2024-09-08 20:40:00,-0.0979931012856695,-0.0979931012856695,-0.0979931012856695,-0.0979931012856695,-0.0979931012856695,-0.0979931012856695,24.23,22.52,24.76,26.5,25.84,26.15
2024-09-08 20:50:00,-0.0979931012856695,-0.0979931012856695,-0.0979931012856695,-0.0979931012856695,-0.0979931012856695,-0.0979931012856695,24.12,22.34,24.68,26.41,25.73,26.06
2024-09-08 21:00:00,-0.0979931012856695,-0.0979931012856695,-0.0979931012856695,-0.0979931012856695,-0.0979931012856695,-0.0979931012856695,24,22.16,24.6,26.3,25.63,25.97
2024-09-08 21:10:00,-0.0979931012856695,-0.0979931012856695,-0.0979931012856695,-0.0979931012856695,-0.0979931012856695,-0.0979931012856695,23.88,22.03,24.51,26.2,25.52,25.86
2024-09-08 21:20:00,-0.0979931012856695,-0.0979931012856695,-0.0979931012856695,-0.0979931012856695,-0.0979931012856695,-0.0979931012856695,23.76,21.87,24.43,26.11,25.41,25.76
2024-09-08 21:30:00,-0.0979931012856695,-0.0979931012856695,-0.0979931012856695,-0.0979931012856695,-0.0979931012856695,-0.0979931012856695,23.65,21.74,24.34,26,25.27,25.66
2024-09-08 21:40:00,-0.0979931012856695,-0.0979931012856695,-0.0979931012856695,-0.0979931012856695,-0.0979931012856695,-0.0979931012856695,23.53,21.6,24.26,25.88,25.16,25.55
2024-09-08 21:50:00,-0.0979931012856695,-0.0979931012856695,-0.0979931012856695,-0.0979931012856695,-0.0979931012856695,-0.0979931012856695,23.42,21.44,24.17,25.77,25.04,25.45
2024-09-08 22:00:00,-0.0979931012856695,-0.0979931012856695,-0.0979931012856695,-0.0979931012856695,-0.0979931012856695,-0.0979931012856695,23.29,21.26,24.07,25.66,24.94,25.34
2024-09-08 22:10:00,-0.0979931012856695,-0.0979931012856695,-0.0979931012856695,-0.0979931012856695,-0.0979931012856695,-0.0979931012856695,23.16,21.1,23.96,25.55,24.83,25.21
2024-09-08 22:20:00,-0.0979931012856695,-0.0979931012856695,-0.0979931012856695,-0.0979931012856695,-0.0979931012856695,-0.0979931012856695,23.04,20.95,23.86,25.44,24.69,25.09
2024-09-08 22:30:00,-0.0979931012856695,-0.0979931012856695,-0.0979931012856695,-0.0979931012856695,-0.0979931012856695,-0.0979931012856695,22.92,20.81,23.76,25.31,24.57,24.99
2024-09-08 22:40:00,-0.0979931012856695,-0.0979931012856695,-0.0979931012856695,-0.0979931012856695,-0.0979931012856695,-0.0979931012856695,22.78,20.65,23.66,25.17,24.45,24.88
2024-09-08 22:50:00,-0.0979931012856695,-0.0979931012856695,-0.0979931012856695,-0.0979931012856695,-0.0979931012856695,-0.0979931012856695,22.66,20.52,23.55,25.06,24.33,24.77
2024-09-08 23:00:00,-0.0979931012856695,-0.0979931012856695,-0.0979931012856695,-0.0979931012856695,-0.0979931012856695,-0.0979931012856695,22.55,20.36,23.45,24.95,24.22,24.65
2024-09-08 23:10:00,-0.0979931012856695,-0.0979931012856695,-0.0979931012856695,-0.0979931012856695,-0.0979931012856695,-0.0979931012856695,22.43,20.21,23.35,24.83,24.08,24.53
2024-09-08 23:20:00,-0.0979931012856695,-0.0979931012856695,-0.0979931012856695,-0.0979931012856695,-0.0979931012856695,-0.0979931012856695,22.27,20.06,23.24,24.69,23.95,24.42
2024-09-08 23:30:00,-0.0979931012856695,-0.0979931012856695,-0.0979931012856695,-0.0979931012856695,-0.0979931012856695,-0.0979931012856695,22.15,19.95,23.12,24.56,23.83,24.29
2024-09-08 23:40:00,-0.0979931012856695,-0.0979931012856695,-0.0979931012856695,-0.0979931012856695,-0.0979931012856695,-0.0979931012856695,22.03,19.83,23.01,24.44,23.7,24.17
2024-09-08 23:50:00,-0.0979931012856695,-0.0979931012856695,-0.0979931012856695,-0.0979931012856695,-0.0979931012856695,-0.0979931012856695,21.9,19.7,22.89,24.32,23.57,24.06
2024-09-09,-0.0979931012856695,-0.0979931012856695,-0.0979931012856695,-0.0979931012856695,-0.0979931012856695,-0.0979931012856695,21.77,19.57,22.78,24.18,23.45,23.93
2024-09-09 00:10:00,-0.0979931012856695,-0.0979931012856695,-0.0979931012856695,-0.0979931012856695,-0.0979931012856695,-0.0979931012856695,21.67,19.44,22.67,24.06,23.34,23.8
2024-09-09 00:20:00,-0.0979931012856695,-0.0979931012856695,-0.0979931012856695,-0.0979931012856695,-0.0979931012856695,-0.0979931012856695,21.55,19.32,22.56,23.92,23.2,23.68
2024-09-09 00:30:00,-0.0979931012856695,-0.0979931012856695,-0.0979931012856695,-0.0979931012856695,-0.0979931012856695,-0.0979931012856695,21.43,19.19,22.45,23.78,23.07,23.56
2024-09-09 00:40:00,-0.0979931012856695,-0.0979931012856695,-0.0979931012856695,-0.0979931012856695,-0.0979931012856695,-0.0979931012856695,21.32,19.07,22.34,23.66,22.95,23.45
2024-09-09 00:50:00,-0.0979931012856695,-0.0979931012856695,-0.0979931012856695,-0.0979931012856695,-0.0979931012856695,-0.0979931012856695,21.18,18.94,22.22,23.54,22.83,23.33
2024-09-09 01:00:00,-0.0979931012856695,-0.0979931012856695,-0.0979931012856695,-0.0979931012856695,-0.0979931012856695,-0.0979931012856695,21.07,18.8,22.09,23.42,22.7,23.21
2024-09-09 01:10:00,-0.0979931012856695,-0.0979931012856695,-0.0979931012856695,-0.0979931012856695,-0.0979931012856695,-0.0979931012856695,20.96,18.68,21.98,23.28,22.57,23.07
2024-09-09 01:20:00,-0.0979931012856695,-0.0979931012856695,-0.0979931012856695,-0.0979931012856695,-0.0979931012856695,-0.0979931012856695,20.85,18.56,21.87,23.14,22.45,22.96
2024-09-09 01:30:00,-0.0979931012856695,-0.0979931012856695,-0.0979931012856695,-0.0979931012856695,-0.0979931012856695,-0.0979931012856695,20.73,18.44,21.76,23.02,22.33,22.84
2024-09-09 01:40:00,-0.0979931012856695,-0.0979931012856695,-0.0979931012856695,-0.0979931012856695,-0.0979931012856695,-0.0979931012856695,20.62,18.35,21.67,22.88,22.18,22.73
2024-09-09 01:50:00,-0.0979931012856695,-0.0979931012856695,-0.0979931012856695,-0.0979931012856695,-0.0979931012856695,-0.0979931012856695,20.51,18.25,21.56,22.76,22.06,22.61
2024-09-09 02:00:00,-0.0979931012856695,-0.0979931012856695,-0.0979931012856695,-0.0979931012856695,-0.0979931012856695,-0.0979931012856695,20.39,18.15,21.45,22.64,21.94,22.48
2024-09-09 02:10:00,-0.0979931012856695,-0.0979931012856695,-0.0979931012856695,-0.0979931012856695,-0.0979931012856695,-0.0979931012856695,20.28,18.04,21.34,22.51,21.82,22.36
2024-09-09 02:20:00,-0.0979931012856695,-0.0979931012856695,-0.0979931012856695,-0.0979931012856695,-0.0979931012856695,-0.0979931012856695,20.17,17.92,21.22,22.37,21.71,22.24
2024-09-09 02:30:00,-0.0979931012856695,-0.0979931012856695,-0.0979931012856695,-0.0979931012856695,-0.0979931012856695,-0.0979931012856695,20.05,17.82,21.11,22.23,21.58,22.12
2024-09-09 02:40:00,-0.0979931012856695,-0.0979931012856695,-0.0979931012856695,-0.0979931012856695,-0.0979931012856695,-0.0979931012856695,19.95,17.8,20.99,22.1,21.46,21.99
2024-09-09 02:50:00,-0.0979931012856695,-0.0979931012856695,-0.0979931012856695,-0.0979931012856695,-0.0979931012856695,-0.0979931012856695,19.84,17.7,20.88,21.97,21.34,21.87
2024-09-09 03:00:00,-0.0979931012856695,-0.0979931012856695,-0.0979931012856695,-0.0979931012856695,-0.0979931012856695,-0.0979931012856695,19.74,17.66,20.77,21.85,21.21,21.76
2024-09-09 03:10:00,-0.0979931012856695,-0.0979931012856695,-0.0979931012856695,-0.0979931012856695,-0.0979931012856695,-0.0979931012856695,19.64,17.6,20.66,21.72,21.08,21.66
2024-09-09 03:20:00,-0.0979931012856695,-0.0979931012856695,-0.0979931012856695,-0.0979931012856695,-0.0979931012856695,-0.0979931012856695,19.54,17.54,20.56,21.6,20.96,21.54
2024-09-09 03:30:00,-0.0979931012856695,-0.0979931012856695,-0.0979931012856695,-0.0979931012856695,-0.0979931012856695,-0.0979931012856695,19.44,17.5,20.45,21.47,20.85,21.43
2024-09-09 03:40:00,-0.0979931012856695,-0.0979931012856695,-0.0979931012856695,-0.0979931012856695,-0.0979931012856695,-0.0979931012856695,19.35,17.45,20.35,21.35,20.73,21.3
2024-09-09 03:50:00,-0.0979931012856695,-0.0979931012856695,-0.0979931012856695,-0.0979931012856695,-0.0979931012856695,-0.0979931012856695,19.26,17.4,20.24,21.22,20.62,21.18
2024-09-09 04:00:00,-0.0979931012856695,-0.0979931012856695,-0.0979931012856695,-0.0979931012856695,-0.0979931012856695,-0.0979931012856695,19.17,17.3,20.12,21.08,20.51,21.07
2024-09-09 04:10:00,-0.0979931012856695,-0.0979931012856695,-0.0979931012856695,-0.0979931012856695,-0.0979931012856695,-0.0979931012856695,19.08,17.25,20.01,20.96,20.39,20.95
2024-09-09 04:20:00,-0.0979931012856695,-0.0979931012856695,-0.0979931012856695,-0.0979931012856695,-0.0979931012856695,-0.0979931012856695,19,17.2,19.92,20.84,20.29,20.84
2024-09-09 04:30:00,-0.0979931012856695,-0.0979931012856695,-0.0979931012856695,-0.0979931012856695,-0.0979931012856695,-0.0979931012856695,18.9,17.1,19.82,20.72,20.17,20.73
2024-09-09 04:40:00,-0.0979931012856695,-0.0979931012856695,-0.0979931012856695,-0.0979931012856695,-0.0979931012856695,-0.0979931012856695,18.81,17.04,19.72,20.59,20.05,20.63
2024-09-09 04:50:00,-0.0979931012856695,-0.0979931012856695,-0.0979931012856695,-0.0979931012856695,-0.0979931012856695,-0.0979931012856695,18.72,16.98,19.62,20.47,19.96,20.52
2024-09-09 05:00:00,-0.0979931012856695,-0.0979931012856695,-0.0979931012856695,-0.0979931012856695,-0.0979931012856695,-0.0979931012856695,18.64,16.9,19.53,20.36,19.86,20.41
2024-09-09 05:10:00,-0.0979931012856695,-0.0979931012856695,-0.0979931012856695,-0.0979931012856695,-0.0979931012856695,-0.0979931012856695,18.56,16.82,19.43,20.25,19.76,20.3
2024-09-09 05:20:00,-0.0979931012856695,-0.0979931012856695,-0.0979931012856695,-0.0979931012856695,-0.0979931012856695,-0.0979931012856695,18.49,16.77,19.34,20.12,19.66,20.18
2024-09-09 05:30:00,-0.0979931012856695,-0.0979931012856695,-0.0979931012856695,-0.0979931012856695,-0.0979931012856695,-0.0979931012856695,18.4,16.7,19.25,20,19.57,20.07
2024-09-09 05:40:00,-0.0979931012856695,-0.0979931012856695,-0.0979931012856695,-0.0979931012856695,-0.0979931012856695,-0.0979931012856695,18.33,16.62,19.16,19.89,19.47,19.98
2024-09-09 05:50:00,-0.0979931012856695,-0.0979931012856695,-0.0979931012856695,-0.0979931012856695,-0.0979931012856695,-0.0979931012856695,18.26,16.6,19.07,19.78,19.38,19.88
2024-09-09 06:00:00,-0.0979931012856695,-0.0979931012856695,-0.0979931012856695,-0.0979931012856695,-0.0979931012856695,-0.0979931012856695,18.2,16.5,18.99,19.68,19.28,19.78
2024-09-09 06:10:00,-0.0979931012856695,-0.0979931012856695,-0.0979931012856695,-0.0979931012856695,-0.0979931012856695,-0.0979931012856695,18.1,16.5,18.9,19.57,19.2,19.68
2024-09-09 06:20:00,-0.0979931012856695,-0.0979931012856695,-0.0979931012856695,-0.0979931012856695,-0.0979931012856695,-0.0979931012856695,18.03,16.5,18.8,19.47,19.1,19.59
2024-09-09 06:30:00,-0.0979931012856695,-0.0979931012856695,-0.0979931012856695,-0.0979931012856695,-0.0979931012856695,-0.0979931012856695,17.97,16.5,18.71,19.37,19.01,19.49
2024-09-09 06:40:00,-0.0979931012856695,-0.0979931012856695,-0.0979931012856695,-0.0979931012856695,-0.0979931012856695,-0.0979931012856695,17.9,16.5,18.63,19.27,18.92,19.4
2024-09-09 06:50:00,-0.0979931012856695,-0.0979931012856695,-0.0979931012856695,-0.0979931012856695,-0.0979931012856695,-0.0979931012856695,17.83,16.53,18.55,19.17,18.83,19.31
2024-09-09 07:00:00,-0.0979931012856695,-0.0979931012856695,-0.0979931012856695,-0.0979931012856695,-0.0979931012856695,-0.0979931012856695,17.79,16.97,18.48,19.07,18.74,19.22
2024-09-09 07:10:00,-0.0979931012856695,-0.0979931012856695,-0.0979931012856695,-0.0979931012856695,-0.0979931012856695,-0.0979931012856695,17.7,18.35,18.4,18.98,18.67,19.13
2024-09-09 07:20:00,-0.0979931012856695,-0.0979931012856695,-0.0979931012856695,-0.0979931012856695,-0.0979931012856695,-0.0979931012856695,17.69,19.35,18.33,18.88,18.6,19.05
2024-09-09 07:30:00,-0.0979931012856695,-0.0979931012856695,-0.0979931012856695,-0.0979931012856695,-0.0979931012856695,-0.0979931012856695,17.6,19.77,18.28,18.78,18.5,18.96
2024-09-09 07:40:00,-0.0979931012856695,-0.0979931012856695,-0.0979931012856695,-0.0979931012856695,-0.0979931012856695,-0.0979931012856695,17.6,20.13,18.2,18.69,18.44,18.88
2024-09-09 07:50:00,-0.0979931012856695,-0.0979931012856695,-0.0979931012856695,-0.0979931012856695,-0.0979931012856695,-0.0979931012856695,17.6,20.79,18.16,18.6,18.4,18.8
2024-09-09 08:00:00,-0.0979931012856695,-0.0979931012856695,-0.0979931012856695,-0.0979931012856695,-0.0979931012856695,-0.0979931012856695,17.6,22.09,18.1,18.51,18.31,18.71
2024-09-09 08:10:00,-0.0979931012856695,-0.0979931012856695,-0.0979931012856695,-0.0979931012856695,-0.0979931012856695,-0.0979931012856695,17.6,23.52,18.1,18.45,18.3,18.68
2024-09-09 08:20:00,-0.0979931012856695,-0.0979931012856695,-0.0979931012856695,-0.0979931012856695,-0.0979931012856695,-0.0979931012856695,17.6,24.82,18.1,18.4,18.25,18.6
2024-09-09 08:30:00,-0.0979931012856695,-0.0979931012856695,-0.0979931012856695,-0.0979931012856695,-0.0979931012856695,-0.0979931012856695,17.6,25.84,18.1,18.34,18.2,18.6
2024-09-09 08:40:00,-0.0979931012856695,-0.0979931012856695,-0.0979931012856695,-0.0979931012856695,-0.0979931012856695,-0.0979931012856695,17.65,26.62,18.1,18.3,18.2,18.6
2024-09-09 08:50:00,-0.0979931012856695,-0.0979931012856695,-0.0979931012856695,-0.0979931012856695,-0.0979931012856695,-0.0979931012856695,17.7,27.2,18.2,18.3,18.2,18.6
2024-09-09 09:00:00,-0.0979931012856695,-0.0979931012856695,-0.0979931012856695,-0.0979931012856695,-0.0979931012856695,-0.0979931012856695,17.77,27.67,18.25,18.3,18.2,18.66
2024-09-09 09:10:00,-0.0979931012856695,-0.0979931012856695,-0.0979931012856695,-0.0979931012856695,-0.0979931012856695,-0.0979931012856695,17.83,27.98,18.34,18.3,18.3,18.73
2024-09-09 09:20:00,-0.0979931012856695,-0.0979931012856695,-0.0979931012856695,-0.0979931012856695,-0.0979931012856695,-0.0979931012856695,17.91,27.92,18.43,18.37,18.3,18.85
2024-09-09 09:30:00,-0.0979931012856695,-0.0979931012856695,-0.0979931012856695,-0.0979931012856695,-0.0979931012856695,-0.0979931012856695,18,27.59,18.55,18.4,18.4,18.99
2024-09-09 09:40:00,-0.0979931012856695,-0.0979931012856695,-0.0979931012856695,-0.0979931012856695,-0.0979931012856695,-0.0979931012856695,18.1,27.33,18.69,18.5,18.45,19.15
2024-09-09 09:50:00,-0.0979931012856695,-0.0979931012856695,-0.0979931012856695,-0.0979931012856695,-0.0979931012856695,-0.0979931012856695,18.21,27.3,18.85,18.61,18.55,19.33
2024-09-09 10:00:00,-0.0979931012856695,-0.0979931012856695,-0.0979931012856695,-0.0979931012856695,-0.0979931012856695,-0.0979931012856695,18.32,27.47,19.01,18.73,18.66,19.53
2024-09-09 10:10:00,-0.0979931012856695,-0.0979931012856695,-0.0979931012856695,-0.0979931012856695,-0.0979931012856695,-0.0979931012856695,18.42,27.68,19.16,18.88,18.79,19.76
2024-09-09 10:20:00,-0.0979931012856695,-0.0979931012856695,-0.0979931012856695,-0.0979931012856695,-0.0979931012856695,-0.0979931012856695,18.54,27.83,19.34,19.04,18.95,19.99
2024-09-09 10:30:00,-0.0979931012856695,-0.0979931012856695,-0.0979931012856695,-0.0979931012856695,-0.0979931012856695,-0.0979931012856695,18.66,27.9,19.5,19.21,19.12,20.24
2024-09-09 10:40:00,-0.0979931012856695,-0.0979931012856695,-0.0979931012856695,-0.0979931012856695,-0.0979931012856695,-0.0979931012856695,18.79,27.9,19.65,19.39,19.28,20.5
2024-09-09 10:50:00,-0.0979931012856695,-0.0979931012856695,-0.0979931012856695,-0.0979931012856695,-0.0979931012856695,-0.0979931012856695,18.94,27.81,19.82,19.58,19.47,20.75
2024-09-09 11:00:00,-0.0979931012856695,-0.0979931012856695,-0.0979931012856695,-0.0979931012856695,-0.0979931012856695,-0.0979931012856695,19.07,27.8,19.97,19.79,19.67,21
2024-09-09 11:10:00,-0.0979931012856695,-0.0979931012856695,-0.0979931012856695,-0.0979931012856695,-0.0979931012856695,-0.0979931012856695,19.23,27.77,20.15,19.99,19.89,21.27
2024-09-09 11:20:00,-0.0979931012856695,-0.0979931012856695,-0.0979931012856695,-0.0979931012856695,-0.0979931012856695,-0.0979931012856695,19.36,27.7,20.32,20.21,20.1,21.52
2024-09-09 11:30:00,-0.0979931012856695,-0.0979931012856695,-0.0979931012856695,-0.0979931012856695,-0.0979931012856695,-0.0979931012856695,19.52,27.7,20.47,20.43,20.37,21.76
2024-09-09 11:40:00,-0.0979931012856695,-0.0979931012856695,-0.0979931012856695,-0.0979931012856695,-0.0979931012856695,-0.0979931012856695,19.66,27.6,20.64,20.66,20.6,22
2024-09-09 11:50:00,-0.0979931012856695,-0.0979931012856695,-0.0979931012856695,-0.0979931012856695,-0.0979931012856695,-0.0979931012856695,19.83,27.55,20.77,20.87,20.85,22.25
2024-09-09 12:00:00,-0.0979931012856695,-0.0979931012856695,-0.0979931012856695,-0.0979931012856695,-0.0979931012856695,-0.0979931012856695,19.97,27.5,20.93,21.09,21.1,22.49
2024-09-09 12:10:00,-0.0979931012856695,-0.0979931012856695,-0.0979931012856695,-0.0979931012856695,-0.0979931012856695,-0.0979931012856695,20.15,27.45,21.06,21.31,21.35,22.71
2024-09-09 12:20:00,-0.0979931012856695,-0.0979931012856695,-0.0979931012856695,-0.0979931012856695,-0.0979931012856695,-0.0979931012856695,20.32,27.4,21.21,21.53,21.59,22.91
2024-09-09 12:30:00,-0.0979931012856695,-0.0979931012856695,-0.0979931012856695,-0.0979931012856695,-0.0979931012856695,-0.0979931012856695,20.48,27.32,21.35,21.73,21.8,23.11
2024-09-09 12:40:00,-0.0979931012856695,-0.0979931012856695,-0.0979931012856695,-0.0979931012856695,-0.0979931012856695,-0.0979931012856695,20.65,27.3,21.48,21.93,22.01,23.31
2024-09-09 12:50:00,-0.0979931012856695,-0.0979931012856695,-0.0979931012856695,-0.0979931012856695,-0.0979931012856695,-0.0979931012856695,20.82,27.3,21.62,22.13,22.23,23.48
2024-09-09 13:00:00,-0.0979931012856695,-0.0979931012856695,-0.0979931012856695,-0.0979931012856695,-0.0979931012856695,-0.0979931012856695,20.98,27.21,21.73,22.34,22.45,23.65
2024-09-09 13:10:00,-0.0979931012856695,-0.0979931012856695,-0.0979931012856695,-0.0979931012856695,-0.0979931012856695,-0.0979931012856695,21.15,27.2,21.85,22.55,22.63,23.79
2024-09-09 13:20:00,-0.0979931012856695,-0.0979931012856695,-0.0979931012856695,-0.0979931012856695,-0.0979931012856695,-0.0979931012856695,21.33,27.2,21.97,22.73,22.81,23.94
2024-09-09 13:30:00,-0.0979931012856695,-0.0979931012856695,-0.0979931012856695,-0.0979931012856695,-0.0979931012856695,-0.0979931012856695,21.5,27.2,22.1,22.92,22.98,24.08
2024-09-09 13:40:00,-0.0979931012856695,-0.0979931012856695,-0.0979931012856695,-0.0979931012856695,-0.0979931012856695,-0.0979931012856695,21.68,27.2,22.22,23.1,23.17,24.22
2024-09-09 13:50:00,-0.0979931012856695,-0.0979931012856695,-0.0979931012856695,-0.0979931012856695,-0.0979931012856695,-0.0979931012856695,21.85,27.2,22.36,23.29,23.35,24.33
2024-09-09 14:00:00,-0.0979931012856695,-0.0979931012856695,-0.0979931012856695,-0.0979931012856695,-0.0979931012856695,-0.0979931012856695,22.04,27.2,22.47,23.46,23.55,24.44
2024-09-09 14:10:00,-0.0979931012856695,-0.0979931012856695,-0.0979931012856695,-0.0979931012856695,-0.0979931012856695,-0.0979931012856695,22.23,27.2,22.6,23.64,23.75,24.54
2024-09-09 14:20:00,-0.0979931012856695,-0.0979931012856695,-0.0979931012856695,-0.0979931012856695,-0.0979931012856695,-0.0979931012856695,22.43,27.2,22.72,23.8,23.98,24.64
2024-09-09 14:30:00,-0.0979931012856695,-0.0979931012856695,-0.0979931012856695,-0.0979931012856695,-0.0979931012856695,-0.0979931012856695,22.6,27.18,22.84,23.99,24.2,24.75
2024-09-09 14:40:00,-0.0979931012856695,-0.0979931012856695,-0.0979931012856695,-0.0979931012856695,-0.0979931012856695,-0.0979931012856695,22.76,27.08,22.95,24.15,24.43,24.83
2024-09-09 14:50:00,-0.0979931012856695,-0.0979931012856695,-0.0979931012856695,-0.0979931012856695,-0.0979931012856695,-0.0979931012856695,22.93,26.98,23.06,24.32,24.68,24.91
2024-09-09 15:00:00,-0.0979931012856695,-0.0979931012856695,-0.0979931012856695,-0.0979931012856695,-0.0979931012856695,-0.0979931012856695,23.06,26.9,23.16,24.46,24.9,25
2024-09-09 15:10:00,-0.0979931012856695,-0.0979931012856695,-0.0979931012856695,-0.0979931012856695,-0.0979931012856695,-0.0979931012856695,23.2,26.83,23.28,24.64,25.12,25.08
2024-09-09 15:20:00,-0.0979931012856695,-0.0979931012856695,-0.0979931012856695,-0.0979931012856695,-0.0979931012856695,-0.0979931012856695,23.33,26.77,23.39,24.79,25.34,25.16
2024-09-09 15:30:00,-0.0979931012856695,-0.0979931012856695,-0.0979931012856695,-0.0979931012856695,-0.0979931012856695,-0.0979931012856695,23.44,26.67,23.49,24.94,25.55,25.23
2024-09-09 15:40:00,-0.0979931012856695,-0.0979931012856695,-0.0979931012856695,-0.0979931012856695,-0.0979931012856695,-0.0979931012856695,23.54,26.6,23.58,25.07,25.72,25.32
2024-09-09 15:50:00,-0.0979931012856695,-0.0979931012856695,-0.0979931012856695,-0.0979931012856695,-0.0979931012856695,-0.0979931012856695,23.63,26.51,23.68,25.22,25.86,25.4
2024-09-09 16:00:00,-0.0979931012856695,-0.0979931012856695,-0.0979931012856695,-0.0979931012856695,-0.0979931012856695,-0.0979931012856695,23.71,26.43,23.75,25.37,25.99,25.49
2024-09-09 16:10:00,-0.0979931012856695,-0.0979931012856695,-0.0979931012856695,-0.0979931012856695,-0.0979931012856695,-0.0979931012856695,23.8,26.32,23.83,25.5,26.09,25.55
2024-09-09 16:20:00,-0.0979931012856695,-0.0979931012856695,-0.0979931012856695,-0.0979931012856695,-0.0979931012856695,-0.0979931012856695,23.88,26.2,23.9,25.62,26.18,25.6
2024-09-09 16:30:00,-0.0979931012856695,-0.0979931012856695,-0.0979931012856695,-0.0979931012856695,-0.0979931012856695,-0.0979931012856695,23.94,26.07,24,25.73,26.2,25.7
2024-09-09 16:40:00,-0.0979931012856695,-0.0979931012856695,-0.0979931012856695,-0.0979931012856695,-0.0979931012856695,-0.0979931012856695,24,25.94,24.07,25.83,26.3,25.73
2024-09-09 16:50:00,-0.0979931012856695,-0.0979931012856695,-0.0979931012856695,-0.0979931012856695,-0.0979931012856695,-0.0979931012856695,24.09,25.77,24.1,25.94,26.3,25.8
2024-09-09 17:00:00,-0.0979931012856695,-0.0979931012856695,-0.0979931012856695,-0.0979931012856695,-0.0979931012856695,-0.0979931012856695,24.1,25.63,24.19,26.01,26.3,25.82
2024-09-09 17:10:00,-0.0979931012856695,-0.0979931012856695,-0.0979931012856695,-0.0979931012856695,-0.0979931012856695,-0.0979931012856695,24.16,25.47,24.2,26.1,26.3,25.9
2024-09-09 17:20:00,-0.0979931012856695,-0.0979931012856695,-0.0979931012856695,-0.0979931012856695,-0.0979931012856695,-0.0979931012856695,24.2,25.34,24.27,26.15,26.3,25.9
2024-09-09 17:30:00,-0.0979931012856695,-0.0979931012856695,-0.0979931012856695,-0.0979931012856695,-0.0979931012856695,-0.0979931012856695,24.2,25.21,24.3,26.2,26.3,25.96
2024-09-09 17:40:00,-0.0979931012856695,-0.0979931012856695,-0.0979931012856695,-0.0979931012856695,-0.0979931012856695,-0.0979931012856695,24.2,25.11,24.3,26.2,26.3,26
2024-09-09 17:50:00,-0.0979931012856695,-0.0979931012856695,-0.0979931012856695,-0.0979931012856695,-0.0979931012856695,-0.0979931012856695,24.28,25.04,24.32,26.3,26.27,26
2024-09-09 18:00:00,-0.0979931012856695,-0.0979931012856695,-0.0979931012856695,-0.0979931012856695,-0.0979931012856695,-0.0979931012856695,24.3,24.95,24.4,26.3,26.2,26
2024-09-09 18:10:00,-0.0979931012856695,-0.0979931012856695,-0.0979931012856695,-0.0979931012856695,-0.0979931012856695,-0.0979931012856695,24.36,24.77,24.4,26.3,26.2,26
2024-09-09 18:20:00,-0.0979931012856695,-0.0979931012856695,-0.0979931012856695,-0.0979931012856695,-0.0979931012856695,-0.0979931012856695,24.4,24.56,24.4,26.3,26.12,26
2024-09-09 18:30:00,-0.0979931012856695,-0.0979931012856695,-0.0979931012856695,-0.0979931012856695,-0.0979931012856695,-0.0979931012856695,24.42,24.35,24.4,26.3,26.1,26
2024-09-09 18:40:00,-0.0979931012856695,-0.0979931012856695,-0.0979931012856695,-0.0979931012856695,-0.0979931012856695,-0.0979931012856695,24.5,24.15,24.4,26.3,26.02,25.95
2024-09-09 18:50:00,-0.0979931012856695,-0.0979931012856695,-0.0979931012856695,-0.0979931012856695,-0.0979931012856695,-0.0979931012856695,24.43,23.93,24.4,26.24,25.99,25.9
2024-09-09 19:00:00,-0.0979931012856695,-0.0979931012856695,-0.0979931012856695,-0.0979931012856695,-0.0979931012856695,-0.0979931012856695,24.4,23.74,24.39,26.2,25.9,25.9
2024-09-09 19:10:00,-0.0979931012856695,-0.0979931012856695,-0.0979931012856695,-0.0979931012856695,-0.0979931012856695,-0.0979931012856695,24.39,23.55,24.3,26.2,25.83,25.83
2024-09-09 19:20:00,-0.0979931012856695,-0.0979931012856695,-0.0979931012856695,-0.0979931012856695,-0.0979931012856695,-0.0979931012856695,24.3,23.37,24.3,26.14,25.77,25.8
2024-09-09 19:30:00,-0.0979931012856695,-0.0979931012856695,-0.0979931012856695,-0.0979931012856695,-0.0979931012856695,-0.0979931012856695,24.25,23.18,24.3,26.1,25.7,25.75
2024-09-09 19:40:00,-0.0979931012856695,-0.0979931012856695,-0.0979931012856695,-0.0979931012856695,-0.0979931012856695,-0.0979931012856695,24.18,22.99,24.25,26.04,25.6,25.7
2024-09-09 19:50:00,-0.0979931012856695,-0.0979931012856695,-0.0979931012856695,-0.0979931012856695,-0.0979931012856695,-0.0979931012856695,24.1,22.82,24.2,26,25.52,25.63
2024-09-09 20:00:00,-0.0979931012856695,-0.0979931012856695,-0.0979931012856695,-0.0979931012856695,-0.0979931012856695,-0.0979931012856695,24.01,22.65,24.18,25.91,25.44,25.58
2024-09-09 20:10:00,-0.0979931012856695,-0.0979931012856695,-0.0979931012856695,-0.0979931012856695,-0.0979931012856695,-0.0979931012856695,23.9,22.5,24.1,25.84,25.35,25.5
2024-09-09 20:20:00,-0.0979931012856695,-0.0979931012856695,-0.0979931012856695,-0.0979931012856695,-0.0979931012856695,-0.0979931012856695,23.8,22.35,24.08,25.78,25.24,25.43
2024-09-09 20:30:00,-0.0979931012856695,-0.0979931012856695,-0.0979931012856695,-0.0979931012856695,-0.0979931012856695,-0.0979931012856695,23.7,22.17,24,25.7,25.15,25.36
2024-09-09 20:40:00,-0.0979931012856695,-0.0979931012856695,-0.0979931012856695,-0.0979931012856695,-0.0979931012856695,-0.0979931012856695,23.6,22.04,23.92,25.61,25.05,25.26
2024-09-09 20:50:00,-0.0979931012856695,-0.0979931012856695,-0.0979931012856695,-0.0979931012856695,-0.0979931012856695,-0.0979931012856695,23.5,21.9,23.87,25.53,24.96,25.18
2024-09-09 21:00:00,-0.0979931012856695,-0.0979931012856695,-0.0979931012856695,-0.0979931012856695,-0.0979931012856695,-0.0979931012856695,23.39,21.76,23.8,25.45,24.86,25.1
2024-09-09 21:10:00,-0.0979931012856695,-0.0979931012856695,-0.0979931012856695,-0.0979931012856695,-0.0979931012856695,-0.0979931012856695,23.29,21.65,23.71,25.35,24.76,25
2024-09-09 21:20:00,-0.0979931012856695,-0.0979931012856695,-0.0979931012856695,-0.0979931012856695,-0.0979931012856695,-0.0979931012856695,23.17,21.53,23.66,25.24,24.65,24.93
2024-09-09 21:30:00,-0.0979931012856695,-0.0979931012856695,-0.0979931012856695,-0.0979931012856695,-0.0979931012856695,-0.0979931012856695,23.07,21.42,23.59,25.15,24.54,24.84
2024-09-09 21:40:00,-0.0979931012856695,-0.0979931012856695,-0.0979931012856695,-0.0979931012856695,-0.0979931012856695,-0.0979931012856695,22.96,21.28,23.5,25.05,24.44,24.74
2024-09-09 21:50:00,-0.0979931012856695,-0.0979931012856695,-0.0979931012856695,-0.0979931012856695,-0.0979931012856695,-0.0979931012856695,22.85,21.16,23.42,24.95,24.33,24.64
2024-09-09 22:00:00,-0.0979931012856695,-0.0979931012856695,-0.0979931012856695,-0.0979931012856695,-0.0979931012856695,-0.0979931012856695,22.75,21.05,23.34,24.85,24.23,24.54
2024-09-09 22:10:00,-0.0979931012856695,-0.0979931012856695,-0.0979931012856695,-0.0979931012856695,-0.0979931012856695,-0.0979931012856695,22.65,20.94,23.27,24.75,24.13,24.45
2024-09-09 22:20:00,-0.0979931012856695,-0.0979931012856695,-0.0979931012856695,-0.0979931012856695,-0.0979931012856695,-0.0979931012856695,22.54,20.81,23.17,24.63,24.02,24.35
2024-09-09 22:30:00,-0.0979931012856695,-0.0979931012856695,-0.0979931012856695,-0.0979931012856695,-0.0979931012856695,-0.0979931012856695,22.44,20.67,23.09,24.52,23.89,24.25
2024-09-09 22:40:00,-0.0979931012856695,-0.0979931012856695,-0.0979931012856695,-0.0979931012856695,-0.0979931012856695,-0.0979931012856695,22.33,20.54,23,24.42,23.78,24.15
2024-09-09 22:50:00,-0.0979931012856695,-0.0979931012856695,-0.0979931012856695,-0.0979931012856695,-0.0979931012856695,-0.0979931012856695,22.22,20.43,22.91,24.31,23.68,24.05
2024-09-09 23:00:00,-0.0979931012856695,-0.0979931012856695,-0.0979931012856695,-0.0979931012856695,-0.0979931012856695,-0.0979931012856695,22.12,20.33,22.83,24.19,23.57,23.93
2024-09-09 23:10:00,-0.0979931012856695,-0.0979931012856695,-0.0979931012856695,-0.0979931012856695,-0.0979931012856695,-0.0979931012856695,22.02,20.22,22.74,24.09,23.47,23.83
2024-09-09 23:20:00,-0.0979931012856695,-0.0979931012856695,-0.0979931012856695,-0.0979931012856695,-0.0979931012856695,-0.0979931012856695,21.92,20.11,22.66,23.96,23.37,23.73
2024-09-09 23:30:00,-0.0979931012856695,-0.0979931012856695,-0.0979931012856695,-0.0979931012856695,-0.0979931012856695,-0.0979931012856695,21.82,20,22.58,23.85,23.26,23.63
2024-09-09 23:40:00,-0.0979931012856695,-0.0979931012856695,-0.0979931012856695,-0.0979931012856695,-0.0979931012856695,-0.0979931012856695,21.73,19.91,22.49,23.74,23.15,23.53
2024-09-09 23:50:00,-0.0979931012856695,-0.0979931012856695,-0.0979931012856695,-0.0979931012856695,-0.0979931012856695,-0.0979931012856695,21.65,19.84,22.4,23.64,23.05,23.44
2024-09-10,-0.0979931012856695,-0.0979931012856695,-0.0979931012856695,-0.0979931012856695,-0.0979931012856695,-0.0979931012856695,21.55,19.78,22.31,23.53,22.95,23.34
2024-09-10 00:10:00,-0.0979931012856695,-0.0979931012856695,-0.0979931012856695,-0.0979931012856695,-0.0979931012856695,-0.0979931012856695,21.46,19.7,22.21,23.42,22.85,23.24
2024-09-10 00:20:00,-0.0979931012856695,-0.0979931012856695,-0.0979931012856695,-0.0979931012856695,-0.0979931012856695,-0.0979931012856695,21.37,19.64,22.12,23.32,22.75,23.13
2024-09-10 00:30:00,-0.0979931012856695,-0.0979931012856695,-0.0979931012856695,-0.0979931012856695,-0.0979931012856695,-0.0979931012856695,21.27,19.6,22.03,23.2,22.65,23.03
2024-09-10 00:40:00,-0.0979931012856695,-0.0979931012856695,-0.0979931012856695,-0.0979931012856695,-0.0979931012856695,-0.0979931012856695,21.19,19.55,21.95,23.08,22.55,22.93
2024-09-10 00:50:00,-0.0979931012856695,-0.0979931012856695,-0.0979931012856695,-0.0979931012856695,-0.0979931012856695,-0.0979931012856695,21.1,19.5,21.86,22.98,22.45,22.84
2024-09-10 01:00:00,-0.0979931012856695,-0.0979931012856695,-0.0979931012856695,-0.0979931012856695,-0.0979931012856695,-0.0979931012856695,21,19.44,21.78,22.87,22.36,22.74
2024-09-10 01:10:00,-0.0979931012856695,-0.0979931012856695,-0.0979931012856695,-0.0979931012856695,-0.0979931012856695,-0.0979931012856695,20.92,19.4,21.7,22.77,22.24,22.64
2024-09-10 01:20:00,-0.0979931012856695,-0.0979931012856695,-0.0979931012856695,-0.0979931012856695,-0.0979931012856695,-0.0979931012856695,20.84,19.35,21.62,22.66,22.14,22.55
2024-09-10 01:30:00,-0.0979931012856695,-0.0979931012856695,-0.0979931012856695,-0.0979931012856695,-0.0979931012856695,-0.0979931012856695,20.77,19.28,21.53,22.56,22.05,22.45
2024-09-10 01:40:00,-0.0979931012856695,-0.0979931012856695,-0.0979931012856695,-0.0979931012856695,-0.0979931012856695,-0.0979931012856695,20.7,19.2,21.45,22.46,21.96,22.35
2024-09-10 01:50:00,-0.0979931012856695,-0.0979931012856695,-0.0979931012856695,-0.0979931012856695,-0.0979931012856695,-0.0979931012856695,20.6,19.1,21.37,22.35,21.87,22.24
2024-09-10 02:00:00,-0.0979931012856695,-0.0979931012856695,-0.0979931012856695,-0.0979931012856695,-0.0979931012856695,-0.0979931012856695,20.53,19.03,21.28,22.23,21.78,22.15
2024-09-10 02:10:00,-0.0979931012856695,-0.0979931012856695,-0.0979931012856695,-0.0979931012856695,-0.0979931012856695,-0.0979931012856695,20.46,18.96,21.2,22.13,21.7,22.05
2024-09-10 02:20:00,-0.0979931012856695,-0.0979931012856695,-0.0979931012856695,-0.0979931012856695,-0.0979931012856695,-0.0979931012856695,20.39,18.9,21.1,22.03,21.6,21.96
2024-09-10 02:30:00,-0.0979931012856695,-0.0979931012856695,-0.0979931012856695,-0.0979931012856695,-0.0979931012856695,-0.0979931012856695,20.3,18.84,21.03,21.92,21.51,21.87
2024-09-10 02:40:00,-0.0979931012856695,-0.0979931012856695,-0.0979931012856695,-0.0979931012856695,-0.0979931012856695,-0.0979931012856695,20.23,18.76,20.95,21.83,21.43,21.78
2024-09-10 02:50:00,-0.0979931012856695,-0.0979931012856695,-0.0979931012856695,-0.0979931012856695,-0.0979931012856695,-0.0979931012856695,20.15,18.68,20.88,21.73,21.34,21.7
2024-09-10 03:00:00,-0.0979931012856695,-0.0979931012856695,-0.0979931012856695,-0.0979931012856695,-0.0979931012856695,-0.0979931012856695,20.07,18.6,20.8,21.64,21.24,21.61
2024-09-10 03:10:00,-0.0979931012856695,-0.0979931012856695,-0.0979931012856695,-0.0979931012856695,-0.0979931012856695,-0.0979931012856695,20,18.51,20.71,21.54,21.16,21.52
2024-09-10 03:20:00,-0.0979931012856695,-0.0979931012856695,-0.0979931012856695,-0.0979931012856695,-0.0979931012856695,-0.0979931012856695,19.92,18.43,20.63,21.45,21.08,21.43
2024-09-10 03:30:00,-0.0979931012856695,-0.0979931012856695,-0.0979931012856695,-0.0979931012856695,-0.0979931012856695,-0.0979931012856695,19.86,18.4,20.57,21.35,21,21.35
2024-09-10 03:40:00,-0.0979931012856695,-0.0979931012856695,-0.0979931012856695,-0.0979931012856695,-0.0979931012856695,-0.0979931012856695,19.8,18.35,20.5,21.25,20.9,21.26
2024-09-10 03:50:00,-0.0979931012856695,-0.0979931012856695,-0.0979931012856695,-0.0979931012856695,-0.0979931012856695,-0.0979931012856695,19.7,18.39,20.4,21.16,20.82,21.17
2024-09-10 04:00:00,-0.0979931012856695,-0.0979931012856695,-0.0979931012856695,-0.0979931012856695,-0.0979931012856695,-0.0979931012856695,19.64,18.31,20.34,21.07,20.74,21.09
2024-09-10 04:10:00,-0.0979931012856695,-0.0979931012856695,-0.0979931012856695,-0.0979931012856695,-0.0979931012856695,-0.0979931012856695,19.6,18.3,20.27,20.98,20.67,21
2024-09-10 04:20:00,-0.0979931012856695,-0.0979931012856695,-0.0979931012856695,-0.0979931012856695,-0.0979931012856695,-0.0979931012856695,19.5,18.28,20.19,20.9,20.59,20.91
2024-09-10 04:30:00,-0.0979931012856695,-0.0979931012856695,-0.0979931012856695,-0.0979931012856695,-0.0979931012856695,-0.0979931012856695,19.47,18.2,20.1,20.8,20.5,20.84
2024-09-10 04:40:00,-0.0979931012856695,-0.0979931012856695,-0.0979931012856695,-0.0979931012856695,-0.0979931012856695,-0.0979931012856695,19.4,18.17,20.02,20.71,20.42,20.76
2024-09-10 04:50:00,-0.0979931012856695,-0.0979931012856695,-0.0979931012856695,-0.0979931012856695,-0.0979931012856695,-0.0979931012856695,19.34,18.1,19.97,20.63,20.36,20.68
2024-09-10 05:00:00,-0.0979931012856695,-0.0979931012856695,-0.0979931012856695,-0.0979931012856695,-0.0979931012856695,-0.0979931012856695,19.3,18.1,19.9,20.54,20.29,20.6
2024-09-10 05:10:00,-0.0979931012856695,-0.0979931012856695,-0.0979931012856695,-0.0979931012856695,-0.0979931012856695,-0.0979931012856695,19.21,18.1,19.82,20.46,20.2,20.51
2024-09-10 05:20:00,-0.0979931012856695,-0.0979931012856695,-0.0979931012856695,-0.0979931012856695,-0.0979931012856695,-0.0979931012856695,19.2,18.1,19.77,20.38,20.11,20.44
2024-09-10 05:30:00,-0.0979931012856695,-0.0979931012856695,-0.0979931012856695,-0.0979931012856695,-0.0979931012856695,-0.0979931012856695,19.1,18.1,19.7,20.3,20.03,20.37
2024-09-10 05:40:00,-0.0979931012856695,-0.0979931012856695,-0.0979931012856695,-0.0979931012856695,-0.0979931012856695,-0.0979931012856695,19.1,18.05,19.61,20.2,19.99,20.3
2024-09-10 05:50:00,-0.0979931012856695,-0.0979931012856695,-0.0979931012856695,-0.0979931012856695,-0.0979931012856695,-0.0979931012856695,19,18,19.57,20.11,19.9,20.2
2024-09-10 06:00:00,-0.0979931012856695,-0.0979931012856695,-0.0979931012856695,-0.0979931012856695,-0.0979931012856695,-0.0979931012856695,19,18,19.5,20.02,19.83,20.12
2024-09-10 06:10:00,-0.0979931012856695,-0.0979931012856695,-0.0979931012856695,-0.0979931012856695,-0.0979931012856695,-0.0979931012856695,18.91,18,19.43,19.96,19.78,20.04
2024-09-10 06:20:00,-0.0979931012856695,-0.0979931012856695,-0.0979931012856695,-0.0979931012856695,-0.0979931012856695,-0.0979931012856695,18.9,18,19.4,19.88,19.7,19.99
2024-09-10 06:30:00,-0.0979931012856695,-0.0979931012856695,-0.0979931012856695,-0.0979931012856695,-0.0979931012856695,-0.0979931012856695,18.82,18,19.3,19.8,19.63,19.9
2024-09-10 06:40:00,-0.0979931012856695,-0.0979931012856695,-0.0979931012856695,-0.0979931012856695,-0.0979931012856695,-0.0979931012856695,18.8,18,19.26,19.72,19.6,19.83
2024-09-10 06:50:00,-0.0979931012856695,-0.0979931012856695,-0.0979931012856695,-0.0979931012856695,-0.0979931012856695,-0.0979931012856695,18.74,18.08,19.2,19.65,19.5,19.78
2024-09-10 07:00:00,-0.0979931012856695,-0.0979931012856695,-0.0979931012856695,-0.0979931012856695,-0.0979931012856695,-0.0979931012856695,18.7,18.4,19.15,19.6,19.46,19.7
2024-09-10 07:10:00,-0.0979931012856695,-0.0979931012856695,-0.0979931012856695,-0.0979931012856695,-0.0979931012856695,-0.0979931012856695,18.7,19.56,19.1,19.5,19.4,19.63
2024-09-10 07:20:00,-0.0979931012856695,-0.0979931012856695,-0.0979931012856695,-0.0979931012856695,-0.0979931012856695,-0.0979931012856695,18.65,20.34,19.03,19.44,19.34,19.59
2024-09-10 07:30:00,-0.0979931012856695,-0.0979931012856695,-0.0979931012856695,-0.0979931012856695,-0.0979931012856695,-0.0979931012856695,18.6,20.7,19,19.39,19.3,19.5
2024-09-10 07:40:00,-0.0979931012856695,-0.0979931012856695,-0.0979931012856695,-0.0979931012856695,-0.0979931012856695,-0.0979931012856695,18.6,21.17,18.94,19.3,19.23,19.45
2024-09-10 07:50:00,-0.0979931012856695,-0.0979931012856695,-0.0979931012856695,-0.0979931012856695,-0.0979931012856695,-0.0979931012856695,18.6,21.86,18.9,19.24,19.2,19.4
2024-09-10 08:00:00,-0.0979931012856695,-0.0979931012856695,-0.0979931012856695,-0.0979931012856695,-0.0979931012856695,-0.0979931012856695,18.6,22.83,18.9,19.2,19.18,19.35
2024-09-10 08:10:00,-0.0979931012856695,-0.0979931012856695,-0.0979931012856695,-0.0979931012856695,-0.0979931012856695,-0.0979931012856695,18.6,23.68,18.9,19.13,19.1,19.3
2024-09-10 08:20:00,-0.0979931012856695,-0.0979931012856695,-0.0979931012856695,-0.0979931012856695,-0.0979931012856695,-0.0979931012856695,18.65,24.44,18.9,19.1,19.1,19.3
2024-09-10 08:30:00,-0.0979931012856695,-0.0979931012856695,-0.0979931012856695,-0.0979931012856695,-0.0979931012856695,-0.0979931012856695,18.7,25.1,18.9,19.1,19.1,19.3
2024-09-10 08:40:00,-0.0979931012856695,-0.0979931012856695,-0.0979931012856695,-0.0979931012856695,-0.0979931012856695,-0.0979931012856695,18.7,25.62,18.9,19,19.1,19.3
2024-09-10 08:50:00,-0.0979931012856695,-0.0979931012856695,-0.0979931012856695,-0.0979931012856695,-0.0979931012856695,-0.0979931012856695,18.77,26.06,18.94,19,19.1,19.33
2024-09-10 09:00:00,-0.0979931012856695,-0.0979931012856695,-0.0979931012856695,-0.0979931012856695,-0.0979931012856695,-0.0979931012856695,18.8,26.47,19,19.07,19.1,19.4
2024-09-10 09:10:00,-0.0979931012856695,-0.0979931012856695,-0.0979931012856695,-0.0979931012856695,-0.0979931012856695,-0.0979931012856695,18.88,26.69,19.07,19.1,19.19,19.51
2024-09-10 09:20:00,-0.0979931012856695,-0.0979931012856695,-0.0979931012856695,-0.0979931012856695,-0.0979931012856695,-0.0979931012856695,18.92,26.67,19.14,19.14,19.2,19.62
2024-09-10 09:30:00,-0.0979931012856695,-0.0979931012856695,-0.0979931012856695,-0.0979931012856695,-0.0979931012856695,-0.0979931012856695,19,26.5,19.23,19.2,19.28,19.76
2024-09-10 09:40:00,-0.0979931012856695,-0.0979931012856695,-0.0979931012856695,-0.0979931012856695,-0.0979931012856695,-0.0979931012856695,19.08,26.35,19.33,19.3,19.35,19.92
2024-09-10 09:50:00,-0.0979931012856695,-0.0979931012856695,-0.0979931012856695,-0.0979931012856695,-0.0979931012856695,-0.0979931012856695,19.15,26.33,19.43,19.41,19.43,20.09
2024-09-10 10:00:00,-0.0979931012856695,-0.0979931012856695,-0.0979931012856695,-0.0979931012856695,-0.0979931012856695,-0.0979931012856695,19.22,26.53,19.55,19.53,19.54,20.31
2024-09-10 10:10:00,-0.0979931012856695,-0.0979931012856695,-0.0979931012856695,-0.0979931012856695,-0.0979931012856695,-0.0979931012856695,19.31,26.72,19.66,19.66,19.65,20.51
2024-09-10 10:20:00,-0.0979931012856695,-0.0979931012856695,-0.0979931012856695,-0.0979931012856695,-0.0979931012856695,-0.0979931012856695,19.4,26.86,19.78,19.81,19.77,20.72
2024-09-10 10:30:00,-0.0979931012856695,-0.0979931012856695,-0.0979931012856695,-0.0979931012856695,-0.0979931012856695,-0.0979931012856695,19.49,26.98,19.92,19.96,19.93,20.94
2024-09-10 10:40:00,-0.0979931012856695,-0.0979931012856695,-0.0979931012856695,-0.0979931012856695,-0.0979931012856695,-0.0979931012856695,19.59,27,20.03,20.14,20.07,21.17
2024-09-10 10:50:00,-0.0979931012856695,-0.0979931012856695,-0.0979931012856695,-0.0979931012856695,-0.0979931012856695,-0.0979931012856695,19.68,27,20.16,20.33,20.26,21.4
2024-09-10 11:00:00,-0.0979931012856695,-0.0979931012856695,-0.0979931012856695,-0.0979931012856695,-0.0979931012856695,-0.0979931012856695,19.78,27,20.3,20.51,20.45,21.62
2024-09-10 11:10:00,-0.0979931012856695,-0.0979931012856695,-0.0979931012856695,-0.0979931012856695,-0.0979931012856695,-0.0979931012856695,19.89,27,20.43,20.69,20.63,21.83
2024-09-10 11:20:00,-0.0979931012856695,-0.0979931012856695,-0.0979931012856695,-0.0979931012856695,-0.0979931012856695,-0.0979931012856695,19.99,26.95,20.55,20.88,20.83,22.06
2024-09-10 11:30:00,-0.0979931012856695,-0.0979931012856695,-0.0979931012856695,-0.0979931012856695,-0.0979931012856695,-0.0979931012856695,20.1,26.9,20.67,21.07,21.03,22.28
2024-09-10 11:40:00,-0.0979931012856695,-0.0979931012856695,-0.0979931012856695,-0.0979931012856695,-0.0979931012856695,-0.0979931012856695,20.23,26.9,20.8,21.27,21.25,22.51
2024-09-10 11:50:00,-0.0979931012856695,-0.0979931012856695,-0.0979931012856695,-0.0979931012856695,-0.0979931012856695,-0.0979931012856695,20.34,26.9,20.92,21.47,21.47,22.71
2024-09-10 12:00:00,-0.0979931012856695,-0.0979931012856695,-0.0979931012856695,-0.0979931012856695,-0.0979931012856695,-0.0979931012856695,20.45,26.9,21.03,21.65,21.68,22.89
2024-09-10 12:10:00,-0.0979931012856695,-0.0979931012856695,-0.0979931012856695,-0.0979931012856695,-0.0979931012856695,-0.0979931012856695,20.56,26.8,21.15,21.83,21.89,23.08
2024-09-10 12:20:00,-0.0979931012856695,-0.0979931012856695,-0.0979931012856695,-0.0979931012856695,-0.0979931012856695,-0.0979931012856695,20.68,26.8,21.26,22.02,22.09,23.26
2024-09-10 12:30:00,-0.0979931012856695,-0.0979931012856695,-0.0979931012856695,-0.0979931012856695,-0.0979931012856695,-0.0979931012856695,20.8,26.8,21.38,22.2,22.29,23.44
2024-09-10 12:40:00,-0.0979931012856695,-0.0979931012856695,-0.0979931012856695,-0.0979931012856695,-0.0979931012856695,-0.0979931012856695,20.93,26.71,21.49,22.39,22.48,23.59
2024-09-10 12:50:00,-0.0979931012856695,-0.0979931012856695,-0.0979931012856695,-0.0979931012856695,-0.0979931012856695,-0.0979931012856695,21.05,26.7,21.59,22.56,22.66,23.74
2024-09-10 13:00:00,-0.0979931012856695,-0.0979931012856695,-0.0979931012856695,-0.0979931012856695,-0.0979931012856695,-0.0979931012856695,21.18,26.7,21.7,22.74,22.83,23.87
2024-09-10 13:10:00,-0.0979931012856695,-0.0979931012856695,-0.0979931012856695,-0.0979931012856695,-0.0979931012856695,-0.0979931012856695,21.33,26.7,21.79,22.89,22.97,24.01
2024-09-10 13:20:00,-0.0979931012856695,-0.0979931012856695,-0.0979931012856695,-0.0979931012856695,-0.0979931012856695,-0.0979931012856695,21.47,26.7,21.9,23.05,23.14,24.14
2024-09-10 13:30:00,-0.0979931012856695,-0.0979931012856695,-0.0979931012856695,-0.0979931012856695,-0.0979931012856695,-0.0979931012856695,21.63,26.7,22.01,23.22,23.29,24.24
2024-09-10 13:40:00,-0.0979931012856695,-0.0979931012856695,-0.0979931012856695,-0.0979931012856695,-0.0979931012856695,-0.0979931012856695,21.76,26.7,22.11,23.38,23.44,24.34
2024-09-10 13:50:00,-0.0979931012856695,-0.0979931012856695,-0.0979931012856695,-0.0979931012856695,-0.0979931012856695,-0.0979931012856695,21.92,26.7,22.22,23.54,23.6,24.44
2024-09-10 14:00:00,-0.0979931012856695,-0.0979931012856695,-0.0979931012856695,-0.0979931012856695,-0.0979931012856695,-0.0979931012856695,22.06,26.7,22.34,23.69,23.76,24.52
2024-09-10 14:10:00,-0.0979931012856695,-0.0979931012856695,-0.0979931012856695,-0.0979931012856695,-0.0979931012856695,-0.0979931012856695,22.24,26.7,22.44,23.84,23.96,24.6
2024-09-10 14:20:00,-0.0979931012856695,-0.0979931012856695,-0.0979931012856695,-0.0979931012856695,-0.0979931012856695,-0.0979931012856695,22.4,26.64,22.55,24,24.16,24.7
2024-09-10 14:30:00,-0.0979931012856695,-0.0979931012856695,-0.0979931012856695,-0.0979931012856695,-0.0979931012856695,-0.0979931012856695,22.55,26.6,22.65,24.16,24.37,24.78
2024-09-10 14:40:00,-0.0979931012856695,-0.0979931012856695,-0.0979931012856695,-0.0979931012856695,-0.0979931012856695,-0.0979931012856695,22.68,26.53,22.75,24.31,24.58,24.84
2024-09-10 14:50:00,-0.0979931012856695,-0.0979931012856695,-0.0979931012856695,-0.0979931012856695,-0.0979931012856695,-0.0979931012856695,22.82,26.43,22.85,24.45,24.8,24.9
2024-09-10 15:00:00,-0.0979931012856695,-0.0979931012856695,-0.0979931012856695,-0.0979931012856695,-0.0979931012856695,-0.0979931012856695,22.93,26.29,22.95,24.59,25.01,25
2024-09-10 15:10:00,-0.0979931012856695,-0.0979931012856695,-0.0979931012856695,-0.0979931012856695,-0.0979931012856695,-0.0979931012856695,23.03,26.19,23.04,24.75,25.23,25.02
2024-09-10 15:20:00,-0.0979931012856695,-0.0979931012856695,-0.0979931012856695,-0.0979931012856695,-0.0979931012856695,-0.0979931012856695,23.11,26.09,23.13,24.87,25.45,25.1
2024-09-10 15:30:00,-0.0979931012856695,-0.0979931012856695,-0.0979931012856695,-0.0979931012856695,-0.0979931012856695,-0.0979931012856695,23.2,26,23.23,25.02,25.64,25.17
2024-09-10 15:40:00,-0.0979931012856695,-0.0979931012856695,-0.0979931012856695,-0.0979931012856695,-0.0979931012856695,-0.0979931012856695,23.3,25.92,23.31,25.15,25.79,25.21
2024-09-10 15:50:00,-0.0979931012856695,-0.0979931012856695,-0.0979931012856695,-0.0979931012856695,-0.0979931012856695,-0.0979931012856695,23.36,25.81,23.4,25.27,25.94,25.3
2024-09-10 16:00:00,-0.0979931012856695,-0.0979931012856695,-0.0979931012856695,-0.0979931012856695,-0.0979931012856695,-0.0979931012856695,23.4,25.73,23.47,25.42,26.04,25.37
2024-09-10 16:10:00,-0.0979931012856695,-0.0979931012856695,-0.0979931012856695,-0.0979931012856695,-0.0979931012856695,-0.0979931012856695,23.49,25.63,23.52,25.54,26.11,25.4
2024-09-10 16:20:00,-0.0979931012856695,-0.0979931012856695,-0.0979931012856695,-0.0979931012856695,-0.0979931012856695,-0.0979931012856695,23.5,25.5,23.6,25.65,26.2,25.49
2024-09-10 16:30:00,-0.0979931012856695,-0.0979931012856695,-0.0979931012856695,-0.0979931012856695,-0.0979931012856695,-0.0979931012856695,23.6,25.35,23.66,25.75,26.2,25.5
2024-09-10 16:40:00,-0.0979931012856695,-0.0979931012856695,-0.0979931012856695,-0.0979931012856695,-0.0979931012856695,-0.0979931012856695,23.6,25.19,23.7,25.84,26.23,25.59
2024-09-10 16:50:00,-0.0979931012856695,-0.0979931012856695,-0.0979931012856695,-0.0979931012856695,-0.0979931012856695,-0.0979931012856695,23.65,25.05,23.76,25.93,26.3,25.6
2024-09-10 17:00:00,-0.0979931012856695,-0.0979931012856695,-0.0979931012856695,-0.0979931012856695,-0.0979931012856695,-0.0979931012856695,23.7,24.93,23.8,26,26.29,25.64
2024-09-10 17:10:00,-0.0979931012856695,-0.0979931012856695,-0.0979931012856695,-0.0979931012856695,-0.0979931012856695,-0.0979931012856695,23.7,24.78,23.8,26.07,26.2,25.7
2024-09-10 17:20:00,-0.0979931012856695,-0.0979931012856695,-0.0979931012856695,-0.0979931012856695,-0.0979931012856695,-0.0979931012856695,23.7,24.66,23.9,26.1,26.2,25.7
2024-09-10 17:30:00,-0.0979931012856695,-0.0979931012856695,-0.0979931012856695,-0.0979931012856695,-0.0979931012856695,-0.0979931012856695,23.7,24.58,23.9,26.14,26.2,25.7
2024-09-10 17:40:00,-0.0979931012856695,-0.0979931012856695,-0.0979931012856695,-0.0979931012856695,-0.0979931012856695,-0.0979931012856695,23.7,24.5,23.9,26.2,26.14,25.7
2024-09-10 17:50:00,-0.0979931012856695,-0.0979931012856695,-0.0979931012856695,-0.0979931012856695,-0.0979931012856695,-0.0979931012856695,23.75,24.45,23.9,26.2,26.1,25.7
2024-09-10 18:00:00,-0.0979931012856695,-0.0979931012856695,-0.0979931012856695,-0.0979931012856695,-0.0979931012856695,-0.0979931012856695,23.8,24.35,23.9,26.2,26.05,25.7
2024-09-10 18:10:00,-0.0979931012856695,-0.0979931012856695,-0.0979931012856695,-0.0979931012856695,-0.0979931012856695,-0.0979931012856695,23.86,24.17,23.9,26.2,26,25.7
2024-09-10 18:20:00,-0.0979931012856695,-0.0979931012856695,-0.0979931012856695,-0.0979931012856695,-0.0979931012856695,-0.0979931012856695,23.9,23.92,23.9,26.2,25.93,25.7
2024-09-10 18:30:00,-0.0979931012856695,-0.0979931012856695,-0.0979931012856695,-0.0979931012856695,-0.0979931012856695,-0.0979931012856695,23.96,23.7,23.9,26.19,25.87,25.7
2024-09-10 18:40:00,-0.0979931012856695,-0.0979931012856695,-0.0979931012856695,-0.0979931012856695,-0.0979931012856695,-0.0979931012856695,24,23.48,23.9,26.1,25.8,25.68
2024-09-10 18:50:00,-0.0979931012856695,-0.0979931012856695,-0.0979931012856695,-0.0979931012856695,-0.0979931012856695,-0.0979931012856695,23.99,23.25,23.9,26.1,25.72,25.6
2024-09-10 19:00:00,-0.0979931012856695,-0.0979931012856695,-0.0979931012856695,-0.0979931012856695,-0.0979931012856695,-0.0979931012856695,23.9,23.03,23.9,26.07,25.66,25.6
2024-09-10 19:10:00,-0.0979931012856695,-0.0979931012856695,-0.0979931012856695,-0.0979931012856695,-0.0979931012856695,-0.0979931012856695,23.9,22.83,23.9,26,25.58,25.54
2024-09-10 19:20:00,-0.0979931012856695,-0.0979931012856695,-0.0979931012856695,-0.0979931012856695,-0.0979931012856695,-0.0979931012856695,23.8,22.63,23.81,25.97,25.5,25.5
2024-09-10 19:30:00,-0.0979931012856695,-0.0979931012856695,-0.0979931012856695,-0.0979931012856695,-0.0979931012856695,-0.0979931012856695,23.74,22.43,23.8,25.9,25.41,25.44
2024-09-10 19:40:00,-0.0979931012856695,-0.0979931012856695,-0.0979931012856695,-0.0979931012856695,-0.0979931012856695,-0.0979931012856695,23.66,22.21,23.77,25.82,25.32,25.4
2024-09-10 19:50:00,-0.0979931012856695,-0.0979931012856695,-0.0979931012856695,-0.0979931012856695,-0.0979931012856695,-0.0979931012856695,23.57,22.03,23.7,25.77,25.2,25.3
2024-09-10 20:00:00,-0.0979931012856695,-0.0979931012856695,-0.0979931012856695,-0.0979931012856695,-0.0979931012856695,-0.0979931012856695,23.47,21.84,23.68,25.7,25.11,25.23
2024-09-10 20:10:00,-0.0979931012856695,-0.0979931012856695,-0.0979931012856695,-0.0979931012856695,-0.0979931012856695,-0.0979931012856695,23.37,21.66,23.6,25.6,25.01,25.16
2024-09-10 20:20:00,-0.0979931012856695,-0.0979931012856695,-0.0979931012856695,-0.0979931012856695,-0.0979931012856695,-0.0979931012856695,23.26,21.49,23.54,25.52,24.92,25.09
2024-09-10 20:30:00,-0.0979931012856695,-0.0979931012856695,-0.0979931012856695,-0.0979931012856695,-0.0979931012856695,-0.0979931012856695,23.14,21.31,23.5,25.44,24.81,25
2024-09-10 20:40:00,-0.0979931012856695,-0.0979931012856695,-0.0979931012856695,-0.0979931012856695,-0.0979931012856695,-0.0979931012856695,23.03,21.12,23.4,25.35,24.7,24.92
2024-09-10 20:50:00,-0.0979931012856695,-0.0979931012856695,-0.0979931012856695,-0.0979931012856695,-0.0979931012856695,-0.0979931012856695,22.9,20.94,23.34,25.23,24.58,24.83
2024-09-10 21:00:00,-0.0979931012856695,-0.0979931012856695,-0.0979931012856695,-0.0979931012856695,-0.0979931012856695,-0.0979931012856695,22.78,20.76,23.26,25.14,24.46,24.74
2024-09-10 21:10:00,-0.0979931012856695,-0.0979931012856695,-0.0979931012856695,-0.0979931012856695,-0.0979931012856695,-0.0979931012856695,22.66,20.58,23.17,25.03,24.35,24.63
2024-09-10 21:20:00,-0.0979931012856695,-0.0979931012856695,-0.0979931012856695,-0.0979931012856695,-0.0979931012856695,-0.0979931012856695,22.53,20.42,23.09,24.94,24.24,24.53
2024-09-10 21:30:00,-0.0979931012856695,-0.0979931012856695,-0.0979931012856695,-0.0979931012856695,-0.0979931012856695,-0.0979931012856695,22.4,20.25,23,24.83,24.12,24.43
2024-09-10 21:40:00,-0.0979931012856695,-0.0979931012856695,-0.0979931012856695,-0.0979931012856695,-0.0979931012856695,-0.0979931012856695,22.25,20.06,22.9,24.71,23.97,24.32
2024-09-10 21:50:00,-0.0979931012856695,-0.0979931012856695,-0.0979931012856695,-0.0979931012856695,-0.0979931012856695,-0.0979931012856695,22.13,19.91,22.8,24.58,23.85,24.22
2024-09-10 22:00:00,-0.0979931012856695,-0.0979931012856695,-0.0979931012856695,-0.0979931012856695,-0.0979931012856695,-0.0979931012856695,21.98,19.76,22.71,24.46,23.72,24.11
2024-09-10 22:10:00,-0.0979931012856695,-0.0979931012856695,-0.0979931012856695,-0.0979931012856695,-0.0979931012856695,-0.0979931012856695,21.85,19.63,22.61,24.35,23.59,23.97
2024-09-10 22:20:00,-0.0979931012856695,-0.0979931012856695,-0.0979931012856695,-0.0979931012856695,-0.0979931012856695,-0.0979931012856695,21.73,19.47,22.51,24.23,23.46,23.85
2024-09-10 22:30:00,-0.0979931012856695,-0.0979931012856695,-0.0979931012856695,-0.0979931012856695,-0.0979931012856695,-0.0979931012856695,21.6,19.35,22.39,24.1,23.34,23.73
2024-09-10 22:40:00,-0.0979931012856695,-0.0979931012856695,-0.0979931012856695,-0.0979931012856695,-0.0979931012856695,-0.0979931012856695,21.46,19.22,22.27,23.95,23.2,23.62
2024-09-10 22:50:00,-0.0979931012856695,-0.0979931012856695,-0.0979931012856695,-0.0979931012856695,-0.0979931012856695,-0.0979931012856695,21.34,19.08,22.16,23.83,23.06,23.49
2024-09-10 23:00:00,-0.0979931012856695,-0.0979931012856695,-0.0979931012856695,-0.0979931012856695,-0.0979931012856695,-0.0979931012856695,21.2,18.97,22.05,23.68,22.94,23.37
2024-09-10 23:10:00,-0.0979931012856695,-0.0979931012856695,-0.0979931012856695,-0.0979931012856695,-0.0979931012856695,-0.0979931012856695,21.07,18.86,21.94,23.55,22.82,23.25
2024-09-10 23:20:00,-0.0979931012856695,-0.0979931012856695,-0.0979931012856695,-0.0979931012856695,-0.0979931012856695,-0.0979931012856695,20.95,18.76,21.83,23.43,22.67,23.12
2024-09-10 23:30:00,-0.0979931012856695,-0.0979931012856695,-0.0979931012856695,-0.0979931012856695,-0.0979931012856695,-0.0979931012856695,20.83,18.66,21.73,23.29,22.55,22.98
2024-09-10 23:40:00,-0.0979931012856695,-0.0979931012856695,-0.0979931012856695,-0.0979931012856695,-0.0979931012856695,-0.0979931012856695,20.72,18.57,21.63,23.15,22.43,22.87
2024-09-10 23:50:00,-0.0979931012856695,-0.0979931012856695,-0.0979931012856695,-0.0979931012856695,-0.0979931012856695,-0.0979931012856695,20.59,18.48,21.52,23.02,22.29,22.75
2024-09-11,-0.0979931012856695,-0.0979931012856695,-0.0979931012856695,-0.0979931012856695,-0.0979931012856695,-0.0979931012856695,20.47,18.4,21.41,22.88,22.16,22.63
2024-09-11 00:10:00,-0.0979931012856695,-0.0979931012856695,-0.0979931012856695,-0.0979931012856695,-0.0979931012856695,-0.0979931012856695,20.36,18.32,21.29,22.75,22.04,22.5
2024-09-11 00:20:00,-0.0979931012856695,-0.0979931012856695,-0.0979931012856695,-0.0979931012856695,-0.0979931012856695,-0.0979931012856695,20.25,18.23,21.18,22.63,21.92,22.38
2024-09-11 00:30:00,-0.0979931012856695,-0.0979931012856695,-0.0979931012856695,-0.0979931012856695,-0.0979931012856695,-0.0979931012856695,20.13,18.14,21.07,22.48,21.78,22.24
2024-09-11 00:40:00,-0.0979931012856695,-0.0979931012856695,-0.0979931012856695,-0.0979931012856695,-0.0979931012856695,-0.0979931012856695,20.02,18.05,20.96,22.36,21.68,22.12
2024-09-11 00:50:00,-0.0979931012856695,-0.0979931012856695,-0.0979931012856695,-0.0979931012856695,-0.0979931012856695,-0.0979931012856695,19.91,17.96,20.86,22.21,21.56,22
2024-09-11 01:00:00,-0.0979931012856695,-0.0979931012856695,-0.0979931012856695,-0.0979931012856695,-0.0979931012856695,-0.0979931012856695,19.81,17.88,20.75,22.07,21.45,21.88
2024-09-11 01:10:00,-0.0979931012856695,-0.0979931012856695,-0.0979931012856695,-0.0979931012856695,-0.0979931012856695,-0.0979931012856695,19.71,17.77,20.64,21.95,21.33,21.76
2024-09-11 01:20:00,-0.0979931012856695,-0.0979931012856695,-0.0979931012856695,-0.0979931012856695,-0.0979931012856695,-0.0979931012856695,19.6,17.65,20.54,21.83,21.2,21.66
2024-09-11 01:30:00,-0.0979931012856695,-0.0979931012856695,-0.0979931012856695,-0.0979931012856695,-0.0979931012856695,-0.0979931012856695,19.5,17.51,20.43,21.7,21.08,21.54
2024-09-11 01:40:00,-0.0979931012856695,-0.0979931012856695,-0.0979931012856695,-0.0979931012856695,-0.0979931012856695,-0.0979931012856695,19.4,17.35,20.33,21.57,20.97,21.43
2024-09-11 01:50:00,-0.0979931012856695,-0.0979931012856695,-0.0979931012856695,-0.0979931012856695,-0.0979931012856695,-0.0979931012856695,19.29,17.22,20.22,21.45,20.85,21.32
2024-09-11 02:00:00,-0.0979931012856695,-0.0979931012856695,-0.0979931012856695,-0.0979931012856695,-0.0979931012856695,-0.0979931012856695,19.19,17.08,20.11,21.33,20.74,21.18
2024-09-11 02:10:00,-0.0979931012856695,-0.0979931012856695,-0.0979931012856695,-0.0979931012856695,-0.0979931012856695,-0.0979931012856695,19.09,16.95,20,21.2,20.63,21.07
2024-09-11 02:20:00,-0.0979931012856695,-0.0979931012856695,-0.0979931012856695,-0.0979931012856695,-0.0979931012856695,-0.0979931012856695,18.98,16.83,19.89,21.07,20.52,20.96
2024-09-11 02:30:00,-0.0979931012856695,-0.0979931012856695,-0.0979931012856695,-0.0979931012856695,-0.0979931012856695,-0.0979931012856695,18.87,16.71,19.79,20.95,20.39,20.85
2024-09-11 02:40:00,-0.0979931012856695,-0.0979931012856695,-0.0979931012856695,-0.0979931012856695,-0.0979931012856695,-0.0979931012856695,18.77,16.59,19.69,20.83,20.28,20.74
2024-09-11 02:50:00,-0.0979931012856695,-0.0979931012856695,-0.0979931012856695,-0.0979931012856695,-0.0979931012856695,-0.0979931012856695,18.66,16.48,19.59,20.72,20.15,20.63
2024-09-11 03:00:00,-0.0979931012856695,-0.0979931012856695,-0.0979931012856695,-0.0979931012856695,-0.0979931012856695,-0.0979931012856695,18.56,16.38,19.49,20.58,20.03,20.52
2024-09-11 03:10:00,-0.0979931012856695,-0.0979931012856695,-0.0979931012856695,-0.0979931012856695,-0.0979931012856695,-0.0979931012856695,18.46,16.28,19.39,20.47,19.93,20.41
2024-09-11 03:20:00,-0.0979931012856695,-0.0979931012856695,-0.0979931012856695,-0.0979931012856695,-0.0979931012856695,-0.0979931012856695,18.37,16.2,19.29,20.36,19.81,20.29
2024-09-11 03:30:00,-0.0979931012856695,-0.0979931012856695,-0.0979931012856695,-0.0979931012856695,-0.0979931012856695,-0.0979931012856695,18.27,16.1,19.19,20.24,19.69,20.17
2024-09-11 03:40:00,-0.0979931012856695,-0.0979931012856695,-0.0979931012856695,-0.0979931012856695,-0.0979931012856695,-0.0979931012856695,18.18,16.01,19.09,20.1,19.58,20.06
2024-09-11 03:50:00,-0.0979931012856695,-0.0979931012856695,-0.0979931012856695,-0.0979931012856695,-0.0979931012856695,-0.0979931012856695,18.08,15.93,18.99,19.98,19.47,19.95
2024-09-11 04:00:00,-0.0979931012856695,-0.0979931012856695,-0.0979931012856695,-0.0979931012856695,-0.0979931012856695,-0.0979931012856695,17.99,15.84,18.88,19.87,19.36,19.85
2024-09-11 04:10:00,-0.0979931012856695,-0.0979931012856695,-0.0979931012856695,-0.0979931012856695,-0.0979931012856695,-0.0979931012856695,17.89,15.77,18.78,19.75,19.25,19.74
2024-09-11 04:20:00,-0.0979931012856695,-0.0979931012856695,-0.0979931012856695,-0.0979931012856695,-0.0979931012856695,-0.0979931012856695,17.8,15.69,18.68,19.64,19.15,19.63
2024-09-11 04:30:00,-0.0979931012856695,-0.0979931012856695,-0.0979931012856695,-0.0979931012856695,-0.0979931012856695,-0.0979931012856695,17.7,15.6,18.58,19.53,19.04,19.53
2024-09-11 04:40:00,-0.0979931012856695,-0.0979931012856695,-0.0979931012856695,-0.0979931012856695,-0.0979931012856695,-0.0979931012856695,17.61,15.52,18.49,19.41,18.93,19.42
2024-09-11 04:50:00,-0.0979931012856695,-0.0979931012856695,-0.0979931012856695,-0.0979931012856695,-0.0979931012856695,-0.0979931012856695,17.52,15.47,18.4,19.29,18.82,19.32
2024-09-11 05:00:00,-0.0979931012856695,-0.0979931012856695,-0.0979931012856695,-0.0979931012856695,-0.0979931012856695,-0.0979931012856695,17.43,15.4,18.31,19.18,18.71,19.22
2024-09-11 05:10:00,-0.0979931012856695,-0.0979931012856695,-0.0979931012856695,-0.0979931012856695,-0.0979931012856695,-0.0979931012856695,17.33,15.31,18.21,19.07,18.61,19.12
2024-09-11 05:20:00,-0.0979931012856695,-0.0979931012856695,-0.0979931012856695,-0.0979931012856695,-0.0979931012856695,-0.0979931012856695,17.24,15.25,18.12,18.96,18.51,19.01
2024-09-11 05:30:00,-0.0979931012856695,-0.0979931012856695,-0.0979931012856695,-0.0979931012856695,-0.0979931012856695,-0.0979931012856695,17.16,15.2,18.03,18.85,18.41,18.91
2024-09-11 05:40:00,-0.0979931012856695,-0.0979931012856695,-0.0979931012856695,-0.0979931012856695,-0.0979931012856695,-0.0979931012856695,17.07,15.1,17.94,18.73,18.32,18.81
2024-09-11 05:50:00,-0.0979931012856695,-0.0979931012856695,-0.0979931012856695,-0.0979931012856695,-0.0979931012856695,-0.0979931012856695,16.99,15.05,17.85,18.62,18.22,18.7
2024-09-11 06:00:00,-0.0979931012856695,-0.0979931012856695,-0.0979931012856695,-0.0979931012856695,-0.0979931012856695,-0.0979931012856695,16.9,15,17.76,18.52,18.12,18.6
2024-09-11 06:10:00,-0.0979931012856695,-0.0979931012856695,-0.0979931012856695,-0.0979931012856695,-0.0979931012856695,-0.0979931012856695,16.81,15,17.67,18.41,18.03,18.5
2024-09-11 06:20:00,-0.0979931012856695,-0.0979931012856695,-0.0979931012856695,-0.0979931012856695,-0.0979931012856695,-0.0979931012856695,16.74,15,17.59,18.32,17.93,18.4
2024-09-11 06:30:00,-0.0979931012856695,-0.0979931012856695,-0.0979931012856695,-0.0979931012856695,-0.0979931012856695,-0.0979931012856695,16.67,15.02,17.49,18.21,17.84,18.32
2024-09-11 06:40:00,-0.0979931012856695,-0.0979931012856695,-0.0979931012856695,-0.0979931012856695,-0.0979931012856695,-0.0979931012856695,16.6,15.12,17.4,18.11,17.75,18.22
2024-09-11 06:50:00,-0.0979931012856695,-0.0979931012856695,-0.0979931012856695,-0.0979931012856695,-0.0979931012856695,-0.0979931012856695,16.51,15.23,17.3,18.01,17.66,18.13
2024-09-11 07:00:00,-0.0979931012856695,-0.0979931012856695,-0.0979931012856695,-0.0979931012856695,-0.0979931012856695,-0.0979931012856695,16.47,15.62,17.22,17.91,17.57,18.04
2024-09-11 07:10:00,-0.0979931012856695,-0.0979931012856695,-0.0979931012856695,-0.0979931012856695,-0.0979931012856695,-0.0979931012856695,16.4,16.89,17.14,17.81,17.49,17.95
2024-09-11 07:20:00,-0.0979931012856695,-0.0979931012856695,-0.0979931012856695,-0.0979931012856695,-0.0979931012856695,-0.0979931012856695,16.39,17.69,17.07,17.71,17.4,17.87
2024-09-11 07:30:00,-0.0979931012856695,-0.0979931012856695,-0.0979931012856695,-0.0979931012856695,-0.0979931012856695,-0.0979931012856695,16.3,18.24,17,17.62,17.3,17.79
2024-09-11 07:40:00,-0.0979931012856695,-0.0979931012856695,-0.0979931012856695,-0.0979931012856695,-0.0979931012856695,-0.0979931012856695,16.3,18.66,16.92,17.52,17.23,17.7
2024-09-11 07:50:00,-0.0979931012856695,-0.0979931012856695,-0.0979931012856695,-0.0979931012856695,-0.0979931012856695,-0.0979931012856695,16.3,19.36,16.9,17.43,17.19,17.61
2024-09-11 08:00:00,-0.0979931012856695,-0.0979931012856695,-0.0979931012856695,-0.0979931012856695,-0.0979931012856695,-0.0979931012856695,16.3,20.41,16.8,17.33,17.1,17.55
2024-09-11 08:10:00,-0.0979931012856695,-0.0979931012856695,-0.0979931012856695,-0.0979931012856695,-0.0979931012856695,-0.0979931012856695,16.3,21.39,16.8,17.26,17.1,17.5
2024-09-11 08:20:00,-0.0979931012856695,-0.0979931012856695,-0.0979931012856695,-0.0979931012856695,-0.0979931012856695,-0.0979931012856695,16.33,22.28,16.8,17.2,17.02,17.44
2024-09-11 08:30:00,-0.0979931012856695,-0.0979931012856695,-0.0979931012856695,-0.0979931012856695,-0.0979931012856695,-0.0979931012856695,16.4,23,16.8,17.12,17,17.4
2024-09-11 08:40:00,-0.0979931012856695,-0.0979931012856695,-0.0979931012856695,-0.0979931012856695,-0.0979931012856695,-0.0979931012856695,16.41,23.61,16.8,17.1,17,17.4
2024-09-11 08:50:00,-0.0979931012856695,-0.0979931012856695,-0.0979931012856695,-0.0979931012856695,-0.0979931012856695,-0.0979931012856695,16.5,24.15,16.8,17.1,17,17.45
2024-09-11 09:00:00,-0.0979931012856695,-0.0979931012856695,-0.0979931012856695,-0.0979931012856695,-0.0979931012856695,-0.0979931012856695,16.56,24.58,16.9,17.1,17.02,17.5
2024-09-11 09:10:00,-0.0979931012856695,-0.0979931012856695,-0.0979931012856695,-0.0979931012856695,-0.0979931012856695,-0.0979931012856695,16.63,24.79,16.93,17.1,17.1,17.59
2024-09-11 09:20:00,-0.0979931012856695,-0.0979931012856695,-0.0979931012856695,-0.0979931012856695,-0.0979931012856695,-0.0979931012856695,16.71,24.79,17.01,17.13,17.12,17.69
2024-09-11 09:30:00,-0.0979931012856695,-0.0979931012856695,-0.0979931012856695,-0.0979931012856695,-0.0979931012856695,-0.0979931012856695,16.8,24.61,17.1,17.2,17.2,17.83
2024-09-11 09:40:00,-0.0979931012856695,-0.0979931012856695,-0.0979931012856695,-0.0979931012856695,-0.0979931012856695,-0.0979931012856695,16.9,24.45,17.21,17.29,17.28,17.98
2024-09-11 09:50:00,-0.0979931012856695,-0.0979931012856695,-0.0979931012856695,-0.0979931012856695,-0.0979931012856695,-0.0979931012856695,17,24.49,17.32,17.38,17.37,18.15
2024-09-11 10:00:00,-0.0979931012856695,-0.0979931012856695,-0.0979931012856695,-0.0979931012856695,-0.0979931012856695,-0.0979931012856695,17.11,24.78,17.45,17.52,17.5,18.35
2024-09-11 10:10:00,-0.0979931012856695,-0.0979931012856695,-0.0979931012856695,-0.0979931012856695,-0.0979931012856695,-0.0979931012856695,17.22,25.01,17.57,17.65,17.63,18.53
2024-09-11 10:20:00,-0.0979931012856695,-0.0979931012856695,-0.0979931012856695,-0.0979931012856695,-0.0979931012856695,-0.0979931012856695,17.34,25.16,17.72,17.79,17.76,18.75
2024-09-11 10:30:00,-0.0979931012856695,-0.0979931012856695,-0.0979931012856695,-0.0979931012856695,-0.0979931012856695,-0.0979931012856695,17.47,25.29,17.85,17.95,17.91,18.98
2024-09-11 10:40:00,-0.0979931012856695,-0.0979931012856695,-0.0979931012856695,-0.0979931012856695,-0.0979931012856695,-0.0979931012856695,17.59,25.45,17.97,18.12,18.06,19.21
2024-09-11 10:50:00,-0.0979931012856695,-0.0979931012856695,-0.0979931012856695,-0.0979931012856695,-0.0979931012856695,-0.0979931012856695,17.73,25.53,18.13,18.29,18.25,19.44
2024-09-11 11:00:00,-0.0979931012856695,-0.0979931012856695,-0.0979931012856695,-0.0979931012856695,-0.0979931012856695,-0.0979931012856695,17.85,25.61,18.25,18.47,18.43,19.68
2024-09-11 11:10:00,-0.0979931012856695,-0.0979931012856695,-0.0979931012856695,-0.0979931012856695,-0.0979931012856695,-0.0979931012856695,17.97,25.7,18.38,18.65,18.63,19.9
2024-09-11 11:20:00,-0.0979931012856695,-0.0979931012856695,-0.0979931012856695,-0.0979931012856695,-0.0979931012856695,-0.0979931012856695,18.13,25.8,18.53,18.86,18.84,20.14
2024-09-11 11:30:00,-0.0979931012856695,-0.0979931012856695,-0.0979931012856695,-0.0979931012856695,-0.0979931012856695,-0.0979931012856695,18.26,25.8,18.66,19.07,19.08,20.38
2024-09-11 11:40:00,-0.0979931012856695,-0.0979931012856695,-0.0979931012856695,-0.0979931012856695,-0.0979931012856695,-0.0979931012856695,18.4,25.8,18.81,19.27,19.3,20.61
2024-09-11 11:50:00,-0.0979931012856695,-0.0979931012856695,-0.0979931012856695,-0.0979931012856695,-0.0979931012856695,-0.0979931012856695,18.54,25.8,18.96,19.47,19.54,20.83
2024-09-11 12:00:00,-0.0979931012856695,-0.0979931012856695,-0.0979931012856695,-0.0979931012856695,-0.0979931012856695,-0.0979931012856695,18.68,25.86,19.11,19.67,19.78,21.05
2024-09-11 12:10:00,-0.0979931012856695,-0.0979931012856695,-0.0979931012856695,-0.0979931012856695,-0.0979931012856695,-0.0979931012856695,18.85,25.9,19.25,19.88,20.01,21.26
2024-09-11 12:20:00,-0.0979931012856695,-0.0979931012856695,-0.0979931012856695,-0.0979931012856695,-0.0979931012856695,-0.0979931012856695,19.02,25.9,19.39,20.08,20.26,21.47
2024-09-11 12:30:00,-0.0979931012856695,-0.0979931012856695,-0.0979931012856695,-0.0979931012856695,-0.0979931012856695,-0.0979931012856695,19.18,25.9,19.54,20.31,20.49,21.66
2024-09-11 12:40:00,-0.0979931012856695,-0.0979931012856695,-0.0979931012856695,-0.0979931012856695,-0.0979931012856695,-0.0979931012856695,19.35,25.85,19.66,20.51,20.69,21.84
2024-09-11 12:50:00,-0.0979931012856695,-0.0979931012856695,-0.0979931012856695,-0.0979931012856695,-0.0979931012856695,-0.0979931012856695,19.52,25.8,19.81,20.71,20.89,22.02
2024-09-11 13:00:00,-0.0979931012856695,-0.0979931012856695,-0.0979931012856695,-0.0979931012856695,-0.0979931012856695,-0.0979931012856695,19.69,25.8,19.95,20.89,21.09,22.18
2024-09-11 13:10:00,-0.0979931012856695,-0.0979931012856695,-0.0979931012856695,-0.0979931012856695,-0.0979931012856695,-0.0979931012856695,19.86,25.74,20.07,21.09,21.29,22.36
2024-09-11 13:20:00,-0.0979931012856695,-0.0979931012856695,-0.0979931012856695,-0.0979931012856695,-0.0979931012856695,-0.0979931012856695,20.04,25.7,20.24,21.29,21.46,22.52
2024-09-11 13:30:00,-0.0979931012856695,-0.0979931012856695,-0.0979931012856695,-0.0979931012856695,-0.0979931012856695,-0.0979931012856695,20.23,25.7,20.36,21.47,21.65,22.65
2024-09-11 13:40:00,-0.0979931012856695,-0.0979931012856695,-0.0979931012856695,-0.0979931012856695,-0.0979931012856695,-0.0979931012856695,20.41,25.75,20.5,21.66,21.8,22.78
2024-09-11 13:50:00,-0.0979931012856695,-0.0979931012856695,-0.0979931012856695,-0.0979931012856695,-0.0979931012856695,-0.0979931012856695,20.59,25.8,20.64,21.84,21.97,22.92
2024-09-11 14:00:00,-0.0979931012856695,-0.0979931012856695,-0.0979931012856695,-0.0979931012856695,-0.0979931012856695,-0.0979931012856695,20.76,25.8,20.76,22.01,22.15,23.03
2024-09-11 14:10:00,-0.0979931012856695,-0.0979931012856695,-0.0979931012856695,-0.0979931012856695,-0.0979931012856695,-0.0979931012856695,20.95,25.85,20.88,22.18,22.35,23.15
2024-09-11 14:20:00,-0.0979931012856695,-0.0979931012856695,-0.0979931012856695,-0.0979931012856695,-0.0979931012856695,-0.0979931012856695,21.13,25.72,21.02,22.36,22.55,23.26
2024-09-11 14:30:00,-0.0979931012856695,-0.0979931012856695,-0.0979931012856695,-0.0979931012856695,-0.0979931012856695,-0.0979931012856695,21.3,25.53,21.14,22.54,22.75,23.36
2024-09-11 14:40:00,-0.0979931012856695,-0.0979931012856695,-0.0979931012856695,-0.0979931012856695,-0.0979931012856695,-0.0979931012856695,21.46,25.37,21.26,22.7,22.93,23.46
2024-09-11 14:50:00,-0.0979931012856695,-0.0979931012856695,-0.0979931012856695,-0.0979931012856695,-0.0979931012856695,-0.0979931012856695,21.63,25.27,21.38,22.85,23.12,23.55
2024-09-11 15:00:00,-0.0979931012856695,-0.0979931012856695,-0.0979931012856695,-0.0979931012856695,-0.0979931012856695,-0.0979931012856695,21.74,25.2,21.49,23.01,23.31,23.63
2024-09-11 15:10:00,-0.0979931012856695,-0.0979931012856695,-0.0979931012856695,-0.0979931012856695,-0.0979931012856695,-0.0979931012856695,21.86,25.1,21.61,23.16,23.46,23.7
2024-09-11 15:20:00,-0.0979931012856695,-0.0979931012856695,-0.0979931012856695,-0.0979931012856695,-0.0979931012856695,-0.0979931012856695,21.97,25.04,21.7,23.32,23.61,23.8
2024-09-11 15:30:00,-0.0979931012856695,-0.0979931012856695,-0.0979931012856695,-0.0979931012856695,-0.0979931012856695,-0.0979931012856695,22.07,24.97,21.79,23.45,23.74,23.87
2024-09-11 15:40:00,-0.0979931012856695,-0.0979931012856695,-0.0979931012856695,-0.0979931012856695,-0.0979931012856695,-0.0979931012856695,22.16,24.86,21.89,23.57,23.86,23.92
2024-09-11 15:50:00,-0.0979931012856695,-0.0979931012856695,-0.0979931012856695,-0.0979931012856695,-0.0979931012856695,-0.0979931012856695,22.24,24.75,21.97,23.69,23.96,24
2024-09-11 16:00:00,-0.0979931012856695,-0.0979931012856695,-0.0979931012856695,-0.0979931012856695,-0.0979931012856695,-0.0979931012856695,22.32,24.69,22.05,23.81,24.06,24.08
2024-09-11 16:10:00,-0.0979931012856695,-0.0979931012856695,-0.0979931012856695,-0.0979931012856695,-0.0979931012856695,-0.0979931012856695,22.4,24.6,22.12,23.92,24.11,24.1
2024-09-11 16:20:00,-0.0979931012856695,-0.0979931012856695,-0.0979931012856695,-0.0979931012856695,-0.0979931012856695,-0.0979931012856695,22.46,24.55,22.2,24.03,24.2,24.19
2024-09-11 16:30:00,-0.0979931012856695,-0.0979931012856695,-0.0979931012856695,-0.0979931012856695,-0.0979931012856695,-0.0979931012856695,22.5,24.47,22.28,24.11,24.2,24.2
2024-09-11 16:40:00,-0.0979931012856695,-0.0979931012856695,-0.0979931012856695,-0.0979931012856695,-0.0979931012856695,-0.0979931012856695,22.58,24.39,22.35,24.2,24.26,24.26
2024-09-11 16:50:00,-0.0979931012856695,-0.0979931012856695,-0.0979931012856695,-0.0979931012856695,-0.0979931012856695,-0.0979931012856695,22.6,24.3,22.4,24.27,24.3,24.3
2024-09-11 17:00:00,-0.0979931012856695,-0.0979931012856695,-0.0979931012856695,-0.0979931012856695,-0.0979931012856695,-0.0979931012856695,22.65,24.19,22.47,24.3,24.3,24.3
2024-09-11 17:10:00,-0.0979931012856695,-0.0979931012856695,-0.0979931012856695,-0.0979931012856695,-0.0979931012856695,-0.0979931012856695,22.7,24.07,22.5,24.39,24.3,24.32
2024-09-11 17:20:00,-0.0979931012856695,-0.0979931012856695,-0.0979931012856695,-0.0979931012856695,-0.0979931012856695,-0.0979931012856695,22.7,23.95,22.55,24.4,24.3,24.4
2024-09-11 17:30:00,-0.0979931012856695,-0.0979931012856695,-0.0979931012856695,-0.0979931012856695,-0.0979931012856695,-0.0979931012856695,22.7,23.89,22.6,24.44,24.3,24.4
2024-09-11 17:40:00,-0.0979931012856695,-0.0979931012856695,-0.0979931012856695,-0.0979931012856695,-0.0979931012856695,-0.0979931012856695,22.79,23.8,22.6,24.5,24.3,24.4
2024-09-11 17:50:00,-0.0979931012856695,-0.0979931012856695,-0.0979931012856695,-0.0979931012856695,-0.0979931012856695,-0.0979931012856695,22.8,23.77,22.66,24.5,24.3,24.4
2024-09-11 18:00:00,-0.0979931012856695,-0.0979931012856695,-0.0979931012856695,-0.0979931012856695,-0.0979931012856695,-0.0979931012856695,22.82,23.67,22.7,24.5,24.21,24.4
2024-09-11 18:10:00,-0.0979931012856695,-0.0979931012856695,-0.0979931012856695,-0.0979931012856695,-0.0979931012856695,-0.0979931012856695,22.9,23.52,22.7,24.5,24.2,24.4
2024-09-11 18:20:00,-0.0979931012856695,-0.0979931012856695,-0.0979931012856695,-0.0979931012856695,-0.0979931012856695,-0.0979931012856695,22.9,23.35,22.7,24.5,24.2,24.4
2024-09-11 18:30:00,-0.0979931012856695,-0.0979931012856695,-0.0979931012856695,-0.0979931012856695,-0.0979931012856695,-0.0979931012856695,22.99,23.15,22.7,24.5,24.19,24.4
2024-09-11 18:40:00,-0.0979931012856695,-0.0979931012856695,-0.0979931012856695,-0.0979931012856695,-0.0979931012856695,-0.0979931012856695,23,22.96,22.7,24.5,24.1,24.31
2024-09-11 18:50:00,-0.0979931012856695,-0.0979931012856695,-0.0979931012856695,-0.0979931012856695,-0.0979931012856695,-0.0979931012856695,23,22.78,22.7,24.5,24.1,24.3
2024-09-11 19:00:00,-0.0979931012856695,-0.0979931012856695,-0.0979931012856695,-0.0979931012856695,-0.0979931012856695,-0.0979931012856695,22.92,22.64,22.7,24.47,24.05,24.3
2024-09-11 19:10:00,-0.0979931012856695,-0.0979931012856695,-0.0979931012856695,-0.0979931012856695,-0.0979931012856695,-0.0979931012856695,22.9,22.47,22.7,24.4,24,24.29
2024-09-11 19:20:00,-0.0979931012856695,-0.0979931012856695,-0.0979931012856695,-0.0979931012856695,-0.0979931012856695,-0.0979931012856695,22.89,22.34,22.7,24.4,23.92,24.2
2024-09-11 19:30:00,-0.0979931012856695,-0.0979931012856695,-0.0979931012856695,-0.0979931012856695,-0.0979931012856695,-0.0979931012856695,22.8,22.19,22.7,24.38,23.9,24.2
2024-09-11 19:40:00,-0.0979931012856695,-0.0979931012856695,-0.0979931012856695,-0.0979931012856695,-0.0979931012856695,-0.0979931012856695,22.77,22.09,22.7,24.3,23.8,24.14
2024-09-11 19:50:00,-0.0979931012856695,-0.0979931012856695,-0.0979931012856695,-0.0979931012856695,-0.0979931012856695,-0.0979931012856695,22.7,22,22.7,24.3,23.76,24.1
2024-09-11 20:00:00,-0.0979931012856695,-0.0979931012856695,-0.0979931012856695,-0.0979931012856695,-0.0979931012856695,-0.0979931012856695,22.64,21.9,22.67,24.2,23.7,24.04
2024-09-11 20:10:00,-0.0979931012856695,-0.0979931012856695,-0.0979931012856695,-0.0979931012856695,-0.0979931012856695,-0.0979931012856695,22.59,21.83,22.6,24.19,23.63,23.99
2024-09-11 20:20:00,-0.0979931012856695,-0.0979931012856695,-0.0979931012856695,-0.0979931012856695,-0.0979931012856695,-0.0979931012856695,22.5,21.77,22.6,24.1,23.57,23.9
2024-09-11 20:30:00,-0.0979931012856695,-0.0979931012856695,-0.0979931012856695,-0.0979931012856695,-0.0979931012856695,-0.0979931012856695,22.44,21.7,22.57,24.06,23.5,23.85
2024-09-11 20:40:00,-0.0979931012856695,-0.0979931012856695,-0.0979931012856695,-0.0979931012856695,-0.0979931012856695,-0.0979931012856695,22.39,21.67,22.5,23.99,23.43,23.8
2024-09-11 20:50:00,-0.0979931012856695,-0.0979931012856695,-0.0979931012856695,-0.0979931012856695,-0.0979931012856695,-0.0979931012856695,22.3,21.6,22.5,23.9,23.37,23.7
2024-09-11 21:00:00,-0.0979931012856695,-0.0979931012856695,-0.0979931012856695,-0.0979931012856695,-0.0979931012856695,-0.0979931012856695,22.22,21.54,22.42,23.84,23.3,23.66
2024-09-11 21:10:00,-0.0979931012856695,-0.0979931012856695,-0.0979931012856695,-0.0979931012856695,-0.0979931012856695,-0.0979931012856695,22.17,21.5,22.4,23.77,23.21,23.6
2024-09-11 21:20:00,-0.0979931012856695,-0.0979931012856695,-0.0979931012856695,-0.0979931012856695,-0.0979931012856695,-0.0979931012856695,22.1,21.41,22.34,23.7,23.14,23.5
2024-09-11 21:30:00,-0.0979931012856695,-0.0979931012856695,-0.0979931012856695,-0.0979931012856695,-0.0979931012856695,-0.0979931012856695,22.04,21.37,22.3,23.61,23.08,23.44
2024-09-11 21:40:00,-0.0979931012856695,-0.0979931012856695,-0.0979931012856695,-0.0979931012856695,-0.0979931012856695,-0.0979931012856695,22,21.3,22.23,23.54,23,23.39
2024-09-11 21:50:00,-0.0979931012856695,-0.0979931012856695,-0.0979931012856695,-0.0979931012856695,-0.0979931012856695,-0.0979931012856695,21.9,21.22,22.2,23.48,22.92,23.3
2024-09-11 22:00:00,-0.0979931012856695,-0.0979931012856695,-0.0979931012856695,-0.0979931012856695,-0.0979931012856695,-0.0979931012856695,21.87,21.17,22.13,23.4,22.87,23.22
2024-09-11 22:10:00,-0.0979931012856695,-0.0979931012856695,-0.0979931012856695,-0.0979931012856695,-0.0979931012856695,-0.0979931012856695,21.8,21.1,22.1,23.31,22.8,23.15
2024-09-11 22:20:00,-0.0979931012856695,-0.0979931012856695,-0.0979931012856695,-0.0979931012856695,-0.0979931012856695,-0.0979931012856695,21.74,21.02,22.04,23.24,22.72,23.09
2024-09-11 22:30:00,-0.0979931012856695,-0.0979931012856695,-0.0979931012856695,-0.0979931012856695,-0.0979931012856695,-0.0979931012856695,21.7,20.96,22,23.15,22.67,23
2024-09-11 22:40:00,-0.0979931012856695,-0.0979931012856695,-0.0979931012856695,-0.0979931012856695,-0.0979931012856695,-0.0979931012856695,21.63,20.9,21.94,23.08,22.6,22.93
2024-09-11 22:50:00,-0.0979931012856695,-0.0979931012856695,-0.0979931012856695,-0.0979931012856695,-0.0979931012856695,-0.0979931012856695,21.59,20.81,21.9,23,22.52,22.88
2024-09-11 23:00:00,-0.0979931012856695,-0.0979931012856695,-0.0979931012856695,-0.0979931012856695,-0.0979931012856695,-0.0979931012856695,21.5,20.8,21.84,22.91,22.46,22.8
2024-09-11 23:10:00,-0.0979931012856695,-0.0979931012856695,-0.0979931012856695,-0.0979931012856695,-0.0979931012856695,-0.0979931012856695,21.47,20.7,21.8,22.84,22.4,22.72
2024-09-11 23:20:00,-0.0979931012856695,-0.0979931012856695,-0.0979931012856695,-0.0979931012856695,-0.0979931012856695,-0.0979931012856695,21.4,20.67,21.74,22.78,22.31,22.67
2024-09-11 23:30:00,-0.0979931012856695,-0.0979931012856695,-0.0979931012856695,-0.0979931012856695,-0.0979931012856695,-0.0979931012856695,21.34,20.6,21.7,22.7,22.24,22.6
2024-09-11 23:40:00,-0.0979931012856695,-0.0979931012856695,-0.0979931012856695,-0.0979931012856695,-0.0979931012856695,-0.0979931012856695,21.3,20.5,21.67,22.61,22.2,22.52
2024-09-11 23:50:00,-0.0979931012856695,-0.0979931012856695,-0.0979931012856695,-0.0979931012856695,-0.0979931012856695,-0.0999989644032415,21.2,20.43,21.6,22.55,22.1,22.47
2024-09-12,-0.0979931012856695,-0.0979931012856695,-0.0979931012856695,-0.0979931012856695,-0.0979931012856695,-0.0999989644032415,21.18,20.38,21.57,22.49,22.06,22.4
2024-09-12 00:10:00,-0.0979931012856695,-0.0979931012856695,-0.0979931012856695,-0.0979931012856695,-0.0979931012856695,-0.0999989644032415,21.1,20.3,21.5,22.4,22,22.32
2024-09-12 00:20:00,-0.0979931012856695,-0.0979931012856695,-0.0979931012856695,-0.0979931012856695,-0.0979931012856695,-0.0999989644032415,21.05,20.28,21.47,22.33,21.92,22.25
2024-09-12 00:30:00,-0.0979931012856695,-0.0979931012856695,-0.0979931012856695,-0.0979931012856695,-0.0979931012856695,-0.0999989644032415,21,20.2,21.4,22.24,21.88,22.2
2024-09-12 00:40:00,-0.0979931012856695,-0.0979931012856695,-0.0979931012856695,-0.0979931012856695,-0.0979931012856695,-0.0999989644032415,20.94,20.18,21.37,22.18,21.8,22.1
2024-09-12 00:50:00,-0.0979931012856695,-0.0979931012856695,-0.0979931012856695,-0.0979931012856695,-0.0979931012856695,-0.0999989644032415,20.9,20.1,21.3,22.1,21.74,22.06
2024-09-12 01:00:00,-0.0979931012856695,-0.0979931012856695,-0.0979931012856695,-0.0979931012856695,-0.0979931012856695,-0.150001465619192,20.83,20.1,21.26,22.03,21.7,22
2024-09-12 01:10:00,-0.0979931012856695,-0.0979931012856695,-0.0979931012856695,-0.0979931012856695,-0.0979931012856695,-0.199984115912805,20.8,20.07,21.2,21.97,21.63,21.93
2024-09-12 01:20:00,-0.0979931012856695,-0.0979931012856695,-0.0979931012856695,-0.0979931012856695,-0.0979931012856695,-0.199984115912805,20.73,20,21.16,21.9,21.6,21.89
2024-09-12 01:30:00,-0.0979931012856695,-0.0979931012856695,-0.0979931012856695,-0.0979931012856695,-0.0979931012856695,-0.199984115912805,20.7,20,21.1,21.82,21.5,21.8
2024-09-12 01:40:00,-0.0979931012856695,-0.0979931012856695,-0.0979931012856695,-0.0979931012856695,-0.0979931012856695,-0.199984115912805,20.66,20,21.07,21.77,21.48,21.76
2024-09-12 01:50:00,-0.0979931012856695,-0.0979931012856695,-0.0979931012856695,-0.0979931012856695,-0.0979931012856695,-0.209988495719667,20.6,20,21,21.7,21.4,21.7
2024-09-12 02:00:00,-0.0979931012856695,-0.0979931012856695,-0.0979931012856695,-0.0979931012856695,-0.0979931012856695,-0.239991302313102,20.6,20,20.98,21.64,21.35,21.66
2024-09-12 02:10:00,-0.0979931012856695,-0.0979931012856695,-0.0979931012856695,-0.0979931012856695,-0.0979931012856695,-0.279959689027095,20.51,19.91,20.9,21.59,21.3,21.6
2024-09-12 02:20:00,-0.0979931012856695,-0.0979931012856695,-0.0979931012856695,-0.0979931012856695,-0.0979931012856695,-0.299982211480849,20.5,19.9,20.9,21.5,21.22,21.53
2024-09-12 02:30:00,-0.0979931012856695,-0.0979931012856695,-0.0979931012856695,-0.0979931012856695,-0.0979931012856695,-0.309952756089801,20.48,19.9,20.8,21.45,21.2,21.5
2024-09-12 02:40:00,-0.0979931012856695,-0.0979931012856695,-0.0979931012856695,-0.0979931012856695,-0.0979931012856695,-0.369994699480064,20.4,19.8,20.8,21.4,21.11,21.41
2024-09-12 02:50:00,-0.0979931012856695,-0.0979931012856695,-0.0979931012856695,-0.0979931012856695,-0.0979931012856695,-0.399940607946233,20.4,19.78,20.73,21.31,21.1,21.39
2024-09-12 03:00:00,-0.0979931012856695,-0.0979931012856695,-0.0979931012856695,-0.0979931012856695,-0.0979931012856695,-0.469997450851029,20.37,19.7,20.7,21.26,21.01,21.3
2024-09-12 03:10:00,-0.0979931012856695,-0.0979931012856695,-0.0979931012856695,-0.0979931012856695,-0.0979931012856695,-0.499914233875784,20.3,19.63,20.67,21.2,21,21.25
2024-09-12 03:20:00,-0.0979931012856695,-0.0979931012856695,-0.0979931012856695,-0.0979931012856695,-0.0979931012856695,-0.560009639259826,20.3,19.6,20.6,21.12,20.91,21.2
2024-09-12 03:30:00,-0.0979931012856695,-0.0979931012856695,-0.0979931012856695,-0.0979931012856695,-0.0979931012856695,-0.589923235814969,20.24,19.6,20.6,21.09,20.9,21.14
2024-09-12 03:40:00,-0.0979931012856695,-0.0979931012856695,-0.0979931012856695,-0.0979931012856695,-0.0979931012856695,-0.669877672113226,20.2,19.52,20.51,21,20.82,21.1
2024-09-12 03:50:00,-0.0979931012856695,-0.0979931012856695,-0.0979931012856695,-0.0979931012856695,-0.0979931012856695,-0.699995909920872,20.17,19.45,20.5,20.97,20.8,21.04
2024-09-12 04:00:00,-0.0979931012856695,-0.0979931012856695,-0.0979931012856695,-0.0979931012856695,-0.0979931012856695,-0.780001615961396,20.1,19.37,20.46,20.9,20.73,21
2024-09-12 04:10:00,-0.0979931012856695,-0.0979931012856695,-0.0979931012856695,-0.0979931012856695,-0.0979931012856695,-0.819965353834911,20.1,19.28,20.4,20.85,20.7,20.94
2024-09-12 04:20:00,-0.0979931012856695,-0.0979931012856695,-0.0979931012856695,-0.0979931012856695,-0.0979931012856695,-0.930026883325961,20,19.2,20.4,20.8,20.64,20.9
2024-09-12 04:30:00,-0.0979931012856695,-0.0979931012856695,-0.0979931012856695,-0.0979931012856695,-0.0979931012856695,-1.03990939644953,20,19.1,20.31,20.74,20.6,20.84
2024-09-12 04:40:00,-0.0979931012856695,-0.0979931012856695,-0.0979931012856695,-0.0979931012856695,-0.0979931012856695,-1.11994192418251,19.94,19.03,20.3,20.7,20.55,20.8
2024-09-12 04:50:00,-0.0979931012856695,-0.0979931012856695,-0.0979931012856695,-0.0979931012856695,-0.0979931012856695,-1.21981930546868,19.9,18.95,20.25,20.63,20.5,20.75
2024-09-12 05:00:00,-0.0979931012856695,-0.0979931012856695,-0.0979931012856695,-0.0979931012856695,-0.0979931012856695,-1.29001720470328,19.85,18.86,20.2,20.6,20.46,20.7
2024-09-12 05:10:00,-0.0979931012856695,-0.0979931012856695,-0.0979931012856695,-0.0979931012856695,-0.0979931012856695,-1.4497579616202,19.8,18.76,20.16,20.52,20.4,20.65
2024-09-12 05:20:00,-0.0979931012856695,-0.0979931012856695,-0.0979931012856695,-0.0979931012856695,-0.0979931012856695,-1.53001434420043,19.75,18.65,20.1,20.5,20.36,20.6
2024-09-12 05:30:00,-0.0979931012856695,-0.0979931012856695,-0.0979931012856695,-0.0979931012856695,-0.0979931012856695,-1.73978468069794,19.7,18.56,20.07,20.41,20.3,20.56
2024-09-12 05:40:00,-0.0979931012856695,-0.0979931012856695,-0.0979931012856695,-0.0979931012856695,-0.0979931012856695,-1.86980149393246,19.63,18.48,20,20.4,20.26,20.5
2024-09-12 05:50:00,-0.0979931012856695,-0.0979931012856695,-0.0979931012856695,-0.0979931012856695,-0.0979931012856695,-2.0299974970537,19.6,18.4,20,20.3,20.2,20.46
2024-09-12 06:00:00,-0.0979931012856695,-0.0979931012856695,-0.0979931012856695,-0.0979931012856695,-0.0979931012856695,-2.25006727041428,19.51,18.4,19.9,20.29,20.13,20.4
2024-09-12 06:10:00,-0.0979931012856695,-0.0979931012856695,-0.0979931012856695,-0.0979931012856695,-0.0979931012856695,-2.44960185616427,19.48,18.4,19.9,20.2,20.09,20.36
2024-09-12 06:20:00,-0.0979931012856695,-0.0979931012856695,-0.0979931012856695,-0.0979931012856695,-0.0979931012856695,-2.81965194294417,19.4,18.43,19.81,20.15,20,20.3
2024-09-12 06:30:00,-0.0979931012856695,-0.0979931012856695,-0.0979931012856695,-0.0979931012856695,-0.0979931012856695,-3.04996954253637,19.38,18.5,19.8,20.1,20,20.25
2024-09-12 06:40:00,-0.0979931012856695,-0.0979931012856695,-0.0979931012856695,-0.0979931012856695,-0.0979931012856695,-3.36973308863601,19.3,18.6,19.72,20.02,19.9,20.2
2024-09-12 06:50:00,-0.0979931012856695,-0.0979931012856695,-0.0979931012856695,-0.0979931012856695,-0.0979931012856695,-3.98011391706916,19.3,18.72,19.7,20,19.89,20.12
2024-09-12 07:00:00,-0.0979931012856695,-0.0979931012856695,-0.0979931012856695,-0.0979931012856695,-0.0979931012856695,-4.41972759012616,19.2,18.86,19.63,19.92,19.8,20.1
2024-09-12 07:10:00,-0.0979931012856695,-0.0979931012856695,-0.0979931012856695,-0.0979931012856695,-0.0979931012856695,-4.94988948254346,19.2,19.13,19.6,19.9,19.8,20
2024-10-10 08:00:00,-2761.820840452,-1596.96538404528,-1766.01953165574,-1127.18578295519,-3556.27635662578,-2579.26225339458,13.8,19.23,14.5,14.5,14.22,14.7
2024-10-10 08:10:00,-2748.49848830865,-1554.8750773671,-1770.9059717103,-1128.22443767229,-3545.6470556251,-2549.73768252504,13.8,19.88,14.5,14.41,14.2,14.7
2024-10-10 08:20:00,-2768.82496713268,-1500.01465619192,-1781.53969090454,-1136.04491586475,-3537.49229368941,-2575.10832239583,13.8,20.95,14.5,14.4,14.2,14.74
2024-10-10 08:30:00,-2756.10337198204,-1442.76468175047,-1790.17506007812,-1136.04491586475,-3540.75194539287,-2570.36916383346,13.8,21.95,14.5,14.4,14.29,14.83
2024-10-10 08:40:00,-2744.07200044159,-1415.12727776745,-1794.30183979272,-1136.56820436478,-3512.33153068864,-2575.10832239583,13.84,22.83,14.58,14.4,14.32,14.96
2024-10-10 08:50:00,-2730.20653871685,-1421.65920849885,-1770.09062712643,-1139.45060266086,-3538.30692517593,-2567.41161979927,13.9,23.27,14.64,14.4,14.4,15.12
2024-10-10 09:00:00,-2742.80859951627,-1457.79179805533,-1778.26099423499,-1139.97545989881,-3502.63999553623,-2563.86705862518,13.97,23.21,14.74,14.5,14.53,15.29
2024-10-10 09:10:00,-2736.50031479043,-1476.37098834543,-1774.98833158867,-1136.30652999185,-3471.32680955678,-2549.15065131422,14.02,23.2,14.85,14.56,14.65,15.52
2024-10-10 09:20:00,-2755.46882878541,-1478.41207985454,-1771.7216918607,-1136.56820436478,-3458.5614979848,-2532.18541177922,14.1,23.3,14.97,14.64,14.8,15.78
2024-10-10 09:30:00,-2727.06508099386,-1467.2208922584,-1770.9059717103,-1132.12792403154,-3454.58197314878,-2507.2376596363,14.15,23.45,15.1,14.74,14.96,16.06
2024-10-10 09:40:00,-2729.5779578,-1469.58767981967,-1773.76263647573,-1130.56491144225,-3385.28706986732,-2500.89525432172,14.2,23.58,15.21,14.86,15.14,16.35
2024-10-10 09:50:00,-2726.4372233411,-1465.87015400998,-1768.05390763575,-1130.56491144225,-3337.30195170274,-2492.27236789348,14.29,23.46,15.31,14.99,15.31,16.64
2024-10-10 10:00:00,-2723.30010270569,-1479.09307056969,-1774.57967247184,-1125.62959347181,-3323.49861737439,-2480.82141651669,14.34,23.29,15.41,15.14,15.5,16.93
2024-10-10 10:10:00,-2716.41113748207,-1493.12271488012,-1768.46106396669,-1123.55801571348,-3289.99700379189,-2458.64316739711,14.41,23.07,15.5,15.28,15.7,17.2
2024-10-10 10:20:00,-2739.02188577125,-1505.55110666706,-1774.17110744141,-1116.08045417422,-3233.66854726046,-2446.78327062497,14.5,22.94,15.6,15.45,15.91,17.49
2024-10-10 10:30:00,-2756.10337198204,-1507.28543460238,-1757.50068287738,-1115.05297932996,-3219.55243386419,-2432.17882124794,14.59,22.81,15.66,15.6,16.11,17.75
2024-10-10 10:40:00,-2733.35161525947,-1504.51146792641,-1771.31378482887,-1112.74461806399,-3185.63124593755,-2404.33790050371,14.66,22.77,15.71,15.76,16.33,17.99
2024-10-10 10:50:00,-2718.91419712333,-1517.03465693491,-1752.24771547725,-1110.18537646064,-3186.36484909536,-2416.5484254805,14.74,22.61,15.8,15.94,16.51,18.21
2024-10-10 11:00:00,-2731.4641348422,-1524.73897734897,-1756.28706363287,-1101.78156741189,-3157.87912539972,-2406.55339766453,14.82,22.46,15.83,16.1,16.71,18.41
2024-10-10 11:10:00,-2705.79881619381,-1526.84693788521,-1763.9874964899,-1098.99445816367,-3133.25327611019,-2389.43654915709,14.9,22.31,15.9,16.26,16.89,18.59
2024-10-10 11:20:00,-2722.04626539052,-1544.171392623,-1768.05390763575,-1091.42903352801,-3096.67410478201,-2402.67761622914,15,22.11,15.95,16.42,17.06,18.76
2024-10-10 11:30:00,-2724.55451756727,-1551.29896392525,-1769.27565793617,-1091.68037328573,-3098.10050432375,-2372.44144592366,15.08,21.93,16,16.56,17.24,18.94
2024-10-10 11:40:00,-2722.67311187143,-1568.53965376626,-1759.93043783016,-1087.91634684019,-3068.99020569893,-2359.91033614361,15.16,21.82,16.04,16.71,17.39,19.07
2024-10-10 11:50:00,-2715.78573270806,-1583.05317248932,-1764.39371638726,-1081.42275200299,-3072.52554596297,-2370.25735256727,15.23,21.71,16.1,16.85,17.55,19.22
2024-10-10 12:00:00,-2689.02910224265,-1588.89611239182,-1766.83300099911,-1080.42718338647,-3038.75371250034,-2364.80591193224,15.32,21.57,16.13,16.98,17.67,19.33
2024-10-10 12:10:00,-2675.44176558097,-1612.11308283452,-1775.80593216822,-1079.92974282988,-3055.59297183821,-2370.80318733106,15.4,21.44,16.2,17.13,17.79,19.43
2024-10-10 12:20:00,-2697.09039522498,-1610.25813705566,-1779.08010227847,-1074.47298932187,-3004.66115554517,-2364.80591193224,15.5,21.31,16.22,17.25,17.91,19.51
2024-10-10 12:30:00,-2702.68544273012,-1627.77922899029,-1770.9059717103,-1072.24863597198,-3010.20104679608,-2357.19495236369,15.59,21.17,16.3,17.38,18.01,19.6
2024-10-10 12:40:00,-2697.7114947428,-1645.49096654597,-1780.71945043941,-1068.30559382362,-3006.04517179949,-2353.39866326209,15.69,21,16.31,17.53,18.1,19.66
2024-10-10 12:50:00,-2690.88725945115,-1665.69507800594,-1777.03303922743,-1060.95142984409,-2997.06044852476,-2364.26145793316,15.78,20.81,16.4,17.64,18.2,19.7
2024-10-10 13:00:00,-2660.69750541634,-1685.370944299,-1795.12833661977,-1062.9075757253,-2990.85599153537,-2352.85683557671,15.88,20.63,16.42,17.76,18.27,19.77
2024-10-10 13:10:00,-2668.67386465717,-1713.54495408667,-1787.29196291906,-1058.26760609037,-2977.79984131113,-2360.45378814451,15.97,20.4,16.5,17.87,18.34,19.8
2024-10-10 13:20:00,-2668.67386465717,-1735.38365410892,-1781.94995280936,-1055.83365813771,-2979.85754319172,-2357.73777905238,16.06,20.17,16.54,17.98,18.4,19.8
2024-10-10 13:30:00,-2669.28842027366,-1738.18301749601,-1785.6465640373,-1052.43553263292,-3016.4456346255,-2337.19798081796,16.15,20.03,16.6,18.09,18.48,19.87
2024-10-10 13:40:00,-2655.18938053274,-1735.78328696984,-1790.58731057911,-1053.89053089996,-2988.79069481928,-2360.45378814451,16.22,19.96,16.64,18.19,18.53,19.9
2024-10-10 13:50:00,-2634.48361855654,-1757.09604997692,-1785.23545105428,-1048.80681925308,-3006.04517179949,-2381.19796341254,16.3,19.86,16.7,18.29,18.6,19.9
2024-10-10 14:00:00,-2646.64384243166,-1769.27565793617,-1793.4757234939,-1045.19061738619,-3008.12239160362,-2362.62884792491,16.4,19.76,16.74,18.39,18.68,19.9
2024-10-10 14:10:00,-2641.77303186485,-1776.62390935346,-1778.67050110509,-1044.70940013207,-3003.27777650717,-2359.36700926275,16.47,19.7,16.8,18.47,18.75,19.9
2024-10-10 14:20:00,-2632.05828655152,-1783.59194541795,-1795.12833661977,-1043.50732608867,-3013.66866456294,-2365.89519609806,16.54,19.7,16.81,18.55,18.83,19.9
2024-10-10 14:30:00,-2650.91316803794,-1800.9244839332,-1801.75403130294,-1041.34707726018,-2999.82211480849,-2372.44144592366,16.6,19.65,16.9,18.62,18.93,19.9
2024-10-10 14:40:00,-2620.56841593073,-1802.99906886629,-1779.89958762201,-1038.47370049692,-2998.44096371805,-2366.98498201331,16.7,19.6,16.9,18.7,19.03,19.9
2024-10-10 14:50:00,-2629.63518733144,-1800.50985348409,-1787.70354948596,-1041.8267457508,-2986.03918417129,-2372.44144592366,16.76,19.6,16.97,18.79,19.14,19.9
2024-10-10 15:00:00,-2635.69712249627,-1836.09649869636,-1784.82443272262,-1040.62798857618,-2996.37042929806,-2381.74631763513,16.81,19.5,17,18.85,19.26,19.9
2024-10-10 15:10:00,-2635.69712249627,-1853.5124283014,-1793.88873408823,-1035.84673727636,-2989.47896854668,-2372.44144592366,16.9,19.4,17.03,18.9,19.39,19.9
2024-10-10 15:20:00,-2632.05828655152,-1855.64759220825,-1803.82957183772,-1034.89312639546,-2972.31958034803,-2380.64973543864,16.93,19.32,17.1,19,19.53,19.9
2024-10-10 15:30:00,-2641.77303186485,-1881.89549422169,-1790.17506007812,-1034.41665021944,-2974.37349529065,-2392.73995913368,17,19.19,17.1,19.04,19.66,19.9
2024-10-10 15:40:00,-2638.12580753693,-1908.95417185125,-1799.26653481606,-1030.85006450222,-2965.48343501426,-2383.39213808582,17,18.98,17.18,19.1,19.78,19.9
2024-10-10 15:50:00,-2622.98316049887,-1921.3014142625,-1794.71504062927,-1028.242386326,-2952.53804502403,-2384.48998349625,17.09,18.77,17.2,19.15,19.91,19.9
2024-10-10 16:00:00,-2627.8193269449,-1935.06475326252,-1804.24496676824,-1035.60825220843,-2955.93923757665,-2365.89519609806,17.1,18.62,17.2,19.2,20,19.9
2024-10-10 16:10:00,-2657.0241540141,-1955.21942122225,-1801.33920986549,-1030.1382243939,-2956.61994610553,-2381.19796341254,17.1,18.49,17.27,19.23,20.09,19.87
2024-10-10 16:20:00,-2637.51842655115,-1965.14908026598,-1794.30183979272,-1031.32489782657,-2911.35726238508,-2379.55365812065,17.1,18.4,17.3,19.3,20.1,19.8
2024-10-10 16:30:00,-2646.64384243166,-1997.08018411636,-1809.23717365826,-1035.84673727636,-2891.31561996146,-2362.08489515564,17.1,18.3,17.3,19.3,20.18,19.8
2024-10-10 16:40:00,-2628.42447437333,-2010.46030373024,-1812.57298314569,-1031.56239650214,-2950.49920826768,-2371.34914779243,17.1,18.21,17.3,19.32,20.2,19.8
2024-10-10 16:50:00,-2646.03450032165,-2020.67050577729,-1792.23726215287,-1038.23461061799,-2925.46901352105,-2381.74631763513,17.12,18.11,17.3,19.4,20.1,19.8
2024-10-10 17:00:00,-2653.35587403035,-2041.24673195139,-1810.90431030351,-1038.47370049692,-2943.03551140302,-2375.17439298628,17.13,17.99,17.3,19.4,20.1,19.8
2024-10-10 17:10:00,-2657.63602687674,-2061.08310074167,-1813.82549675804,-1038.71284543467,-2922.10288092427,-2374.62755183105,17.1,17.89,17.3,19.4,20.02,19.7
2024-10-10 17:20:00,-2642.38139262251,-2066.31011870227,-1810.07055004469,-1041.10732583796,-2953.89805217101,-2369.16606001663,17.1,17.8,17.3,19.4,20,19.7
2024-10-10 17:30:00,-2660.08492770337,-2072.02743968779,-1833.56158909675,-1042.06666284464,-2965.48343501426,-2394.3933763464,17.1,17.68,17.3,19.34,19.9,19.65
2024-10-10 17:40:00,-2632.05828655152,-2104.24111674982,-1825.5574405786,-1042.30663518779,-2953.21797030921,-2412.10107619333,17.1,17.54,17.3,19.3,19.82,19.6
2024-10-10 17:50:00,-2661.31022419678,-2109.09189349723,-1829.34451446441,-1045.19061738619,-2968.21600439618,-2396.04793609384,17.07,17.35,17.3,19.3,19.74,19.55
2024-10-10 18:00:00,-2653.35587403035,-2153.25518883912,-1832.71739717762,-1049.0483437533,-2994.99086740158,-2386.68719162882,17,17.18,17.3,19.26,19.65,19.5
2024-10-10 18:10:00,-2676.67413578824,-2174.18003019064,-1829.34451446441,-1055.10456593365,-2980.5437597481,-2405.44539401559,17,17,17.3,19.2,19.55,19.42
2024-10-10 18:20:00,-2668.05945053104,-2185.22168933394,-1842.02492485454,-1057.78036804685,-3016.4456346255,-2418.77517413114,16.93,16.83,17.3,19.17,19.45,19.37
2024-10-10 18:30:00,-2682.84450692819,-2200.36892245218,-1844.9963122596,-1060.4629561386,-3015.05682988373,-2419.33218182248,16.9,16.66,17.29,19.1,19.35,19.3
2024-10-10 18:40:00,-2685.93502451599,-2235.09250609709,-1849.24946801221,-1059.97470733178,-3003.96938639247,-2422.67692268574,16.83,16.53,17.2,19.04,19.24,19.21
2024-10-10 18:50:00,-2707.04516955901,-2246.96083394562,-1844.57153506523,-1066.5850755954,-3033.85976531551,-2408.21636015899,16.8,16.39,17.2,18.99,19.13,19.14
2024-10-10 19:00:00,-2703.93036200368,-2282.945282327,-1856.92987098576,-1069.2899929006,-3038.75371250034,-2410.99051833218,16.71,16.27,17.19,18.9,19.02,19.06
2024-10-10 19:10:00,-2691.50693047974,-2286.10146750559,-1853.93926444955,-1072.98957497133,-3068.99020569893,-2449.0378794252,16.67,16.15,17.1,18.82,18.9,18.97
2024-10-10 19:20:00,-2695.84862514735,-2291.37147565843,-1859.92530169697,-1078.19050377835,-3093.82327558629,-2437.78557247894,16.6,16.04,17.1,18.74,18.77,18.87
2024-10-10 19:30:00,-2702.68544273012,-2314.70421476518,-1855.22036274838,-1084.91447203818,-3087.4185020504,-2436.66318919326,16.52,15.92,17.03,18.66,18.66,18.77
2024-10-10 19:40:00,-2706.42192113054,-2333.97125193853,-1864.21287232449,-1088.91881640868,-3095.24836197032,-2452.42368858878,16.46,15.79,17,18.58,18.55,18.67
2024-10-10 19:50:00,-2713.28555316247,-2354.48269298598,-1876.27072503787,-1088.16687767878,-3126.76687534437,-2462.60922737955,16.4,15.66,16.93,18.49,18.43,18.58
2024-10-10 20:00:00,-2728.3212300913,-2375.17439298628,-1874.11183153438,-1097.7299221005,-3110.96770301023,-2454.68349479907,16.3,15.54,16.9,18.4,18.32,18.48
2024-10-10 20:10:00,-2733.35161525947,-2402.67761622914,-1865.93066678463,-1094.44893362002,-3163.70151469175,-2477.96690881268,16.24,15.42,16.82,18.31,18.21,18.39
2024-10-10 20:20:00,-2744.07200044159,-2406.55339766453,-1875.83874747284,-1104.32143623462,-3159.33371738612,-2470.56055072849,16.17,15.31,16.79,18.22,18.08,18.28
2024-10-10 20:30:00,-2750.39773970551,-2426.02628767275,-1875.40686936288,-1109.16332868397,-3183.43144970212,-2477.96690881268,16.1,15.2,16.7,18.12,17.97,18.18
2024-10-10 20:40:00,-2745.33598331853,-2446.78327062497,-1875.83874747284,-1116.33747078485,-3184.89781167865,-2473.40652663728,16,15.09,16.65,18.03,17.86,18.08
2024-10-10 20:50:00,-2779.04450881621,-2462.04225592738,-1897.55993644815,-1112.23229820508,-3224.74592360628,-2502.62340837579,15.93,14.93,16.6,17.93,17.74,17.97
2024-10-10 21:00:00,-2787.37565405292,-2500.89525432172,-1899.74584112595,-1121.2320474845,-3234.4132126892,-2495.1433548503,15.85,14.69,16.51,17.83,17.63,17.87
2024-10-10 21:10:00,-2787.37565405292,-2549.73768252504,-1912.47383612205,-1126.92626871593,-3246.35120842428,-2519.97076510342,15.77,14.5,16.45,17.73,17.51,17.76
2024-10-10 21:20:00,-2801.53145138754,-2546.8038776935,-1906.31867515548,-1133.17113272565,-3263.58931393801,-2489.40468438056,15.7,14.35,16.4,17.63,17.37,17.65
2024-10-10 21:30:00,-2816.40756665003,-2567.41161979927,-1923.07181343455,-1132.91024046733,-3307.46686821816,-2501.47117303744,15.6,14.22,16.3,17.52,17.25,17.54
2024-10-10 21:40:00,-2815.75913949795,-2604.32693394707,-1922.62906076126,-1136.04491586475,-3307.46686821816,-2510.12588594382,15.52,14.12,16.23,17.42,17.14,17.44
2024-10-10 21:50:00,-2801.53145138754,-2601.33031708171,-1921.3014142625,-1144.71006767533,-3310.51456107967,-2531.60242166283,15.44,14.1,16.17,17.29,17.02,17.31
2024-10-10 22:00:00,-2849.67611588205,-2613.93932475362,-1928.8368850365,-1151.31855101475,-3326.56108282454,-2527.52524736152,15.36,14.08,16.1,17.19,16.89,17.19
2024-10-10 22:10:00,-2849.67611588205,-2624.19136706227,-1937.73999157906,-1156.36650210584,-3363.53152449946,-2540.36138414409,15.29,14,16,17.08,16.78,17.08
2024-10-10 22:20:00,-2843.12204268913,-2628.42447437333,-1933.728519458,-1155.0359520441,-3368.95726824133,-2555.61543491946,15.2,14,15.92,16.98,16.66,16.97
2024-10-10 22:30:00,-2856.24529777406,-2638.12580753693,-1943.99660633869,-1159.83310987169,-3347.30666633403,-2553.85068791049,15.14,14,15.84,16.87,16.55,16.86
2024-10-10 22:40:00,-2862.82962319431,-2660.69750541634,-1951.62108915178,-1169.21802632455,-3384.50766844841,-2564.45747880417,15.08,14,15.77,16.77,16.45,16.76
2024-10-10 22:50:00,-2871.41194323385,-2655.18938053274,-1948.92668663144,-1165.72336812284,-3422.12211178472,-2561.5067369325,15,13.95,15.7,16.66,16.34,16.65
2024-10-10 23:00:00,-2876.04384433776,-2659.47249102539,-1970.58649644789,-1175.96799565329,-3410.32290897425,-2579.85621885631,14.93,13.9,15.6,16.56,16.23,16.54
2024-10-10 23:10:00,-2869.42912705224,-2680.99190353786,-1966.50702612319,-1183.02930418516,-3415.82413233023,-2569.77738259539,14.89,13.79,15.53,16.45,16.13,16.44
2024-10-10 23:20:00,-2888.65384584364,-2718.91419712333,-1962.88792065498,-1187.39578362336,-3428.43170323786,-2595.34742337596,14.8,13.67,15.47,16.35,16.03,16.34
2024-10-10 23:30:00,-2917.39680122158,-2737.13048982241,-1978.31526656246,-1191.77837943553,-3433.96213805698,-2595.9450930114,14.75,13.56,15.4,16.25,15.93,16.24
2024-10-10 23:40:00,-2912.02770435288,-2756.10337198204,-1976.03895754168,-1197.27937849333,-3453.78661782557,-2595.34742337596,14.7,13.5,15.31,16.15,15.83,16.14
2024-10-10 23:50:00,-2932.21291608673,-2756.73806130445,-1989.27810428395,-1199.21072090764,-3450.60702727367,-2598.93550633808,14.6,13.41,15.25,16.06,15.73,16.05
2024-10-11,-2900.65115933269,-2764.36574324184,-1986.07434942279,-1205.85614934334,-3468.13107132869,-2610.93164758241,14.55,13.4,15.2,15.96,15.64,15.95
2024-10-11 00:10:00,-2941.00323649771,-2754.83443168095,-1994.3230208989,-1208.9142656067,-3492.97520212297,-2595.9450930114,14.48,13.4,15.12,15.86,15.55,15.85
2024-10-11 00:20:00,-2946.42575745942,-2770.1003517972,-2002.14488722676,-1216.17340586357,-3514.75860153997,-2639.94878984759,14.4,13.4,15.07,15.77,15.46,15.76
2024-10-11 00:30:00,-2943.71324839706,-2774.56882623802,-1996.62039234772,-1219.81930546868,-3516.3775804473,-2603.12787318713,14.34,13.31,15,15.67,15.37,15.67
2024-10-11 00:40:00,-2966.84940510655,-2819.00276883285,-2015.0948933765,-1224.60351717939,-3492.97520212297,-2632.05828655152,14.3,13.18,14.91,15.58,15.29,15.58
2024-10-11 00:50:00,-2971.63525726093,-2840.50463606123,-2009.07200650869,-1222.34979053283,-3524.48366794203,-2624.79567902588,14.21,13.05,14.86,15.49,15.2,15.49
2024-10-11 01:00:00,-3002.58632585259,-2872.73458182653,-2024.39614879539,-1233.37602586669,-3557.09531380062,-2650.30284299254,14.17,12.91,14.8,15.4,15.12,15.4
2024-10-11 01:10:00,-3001.89503439208,-2906.66848862245,-2026.26154546825,-1234.79682021033,-3577.63064915039,-2644.20731560275,14.1,12.75,14.71,15.31,15.03,15.31
2024-10-11 01:20:00,-2974.37349529065,-2943.71324839706,-2025.79503521638,-1241.0677846248,-3557.09531380062,-2650.91316803794,14.02,12.61,14.66,15.22,14.95,15.23
2024-10-11 01:30:00,-3022.00725369501,-2960.02584082671,-2026.26154546825,-1245.36169194185,-3544.01460072952,-2656.41242202418,13.95,12.45,14.6,15.15,14.87,15.17
2024-10-11 01:40:00,-3000.51292890667,-3002.58632585259,-2029.53012666621,-1243.64234913491,-3557.09531380062,-2650.30284299254,13.89,12.27,14.5,15.07,14.78,15.08
2024-10-11 01:50:00,-3012.28113836872,-3033.85976531551,-2053.03097793703,-1252.55124344938,-3590.83543673402,-2657.63602687674,13.8,12.13,14.43,14.99,14.69,15
2024-10-11 02:00:00,-3034.55841777475,-3080.31763654262,-2049.2526361666,-1253.705417213,-3636.59973240952,-2673.59427405742,13.72,11.97,14.37,14.9,14.59,14.9
2024-10-11 02:10:00,-3034.55841777475,-3093.11097846021,-2047.36607366537,-1261.81446714563,-3655.06834776256,-2658.24804064453,13.65,11.87,14.3,14.8,14.49,14.82
2024-10-11 02:20:00,-3028.97369988792,-3095.24836197032,-2063.93256015918,-1266.76338664821,-3666.02567685847,-2696.46943870413,13.56,11.75,14.2,14.72,14.39,14.73
2024-10-11 02:30:00,-3068.99020569893,-3112.40068651309,-2055.3959783421,-1268.8068143573,-3678.70957267251,-2717.66237912732,13.48,11.64,14.13,14.64,14.29,14.64
2024-10-11 02:40:00,-3078.19056325081,-3165.88767726255,-2065.35876680059,-1272.02457690399,-3705.91541344221,-2702.68544273012,13.4,11.53,14.06,14.54,14.2,14.55
2024-10-11 02:50:00,-3081.0269875537,-3190.03539972989,-2060.13415541653,-1273.48989266004,-3673.63075670801,-2708.29209702333,13.3,11.42,13.98,14.44,14.1,14.44
2024-10-11 03:00:00,-3083.86602550336,-3173.91653924504,-2071.07345546865,-1287.3466358577,-3713.60324356647,-2725.18194166108,13.2,11.3,13.9,14.36,14,14.35
2024-10-11 03:10:00,-3075.35675018855,-3224.00348389685,-2068.69041608708,-1286.45767537715,-3764.39772635191,-2712.03632665603,13.12,11.2,13.8,14.27,13.9,14.26
2024-10-11 03:20:00,-3105.24236357547,-3226.23131598274,-2083.0298930083,-1287.3466358577,-3810.61877088459,-2731.4641348422,13.03,11.11,13.72,14.18,13.81,14.16
2024-10-11 03:30:00,-3118.13922421832,-3234.4132126892,-2083.0298930083,-1296.27009643495,-3780.90271152155,-2742.80859951627,12.95,11.1,13.64,14.09,13.71,14.07
2024-10-11 03:40:00,-3123.16912337606,-3223.2612151208,-2089.75562279143,-1300.75499542347,-3757.46983226611,-2787.37565405292,12.87,11.1,13.55,13.99,13.61,13.97
2024-10-11 03:50:00,-3135.41839851673,-3279.40838252273,-2107.15024237639,-1301.95358693537,-3827.32641201941,-2830.71080369927,12.79,11,13.48,13.9,13.51,13.88
2024-10-11 04:00:00,-3131.08964880078,-3259.8341299585,-2104.24111674982,-1312.48848677129,-3840.56838404454,-2832.66686497087,12.7,10.99,13.39,13.81,13.43,13.78
2024-10-11 04:10:00,-3154.24557474115,-3302.14015546021,-2115.41462450299,-1315.81702839631,-3853.85617129529,-2802.82190141334,12.62,10.9,13.3,13.71,13.33,13.69
2024-10-11 04:20:00,-3147.71571612181,-3320.43897126061,-2128.60708051302,-1314.00041515241,-3877.89014904125,-2816.40756665003,12.55,10.83,13.2,13.63,13.23,13.6
2024-10-11 04:30:00,-3165.88767726255,-3334.99742123356,-2138.43228438178,-1318.54665836903,-3860.96177920925,-2798.30792507575,12.49,10.73,13.12,13.53,13.14,13.5
2024-10-11 04:40:00,-3177.57274998011,-3345.76552953482,-2135.97173990662,-1319.76164415677,-3887.72468771221,-2842.46746500976,12.4,10.63,13.04,13.45,13.06,13.41
2024-10-11 04:50:00,-3198.12550163959,-3424.48684664947,-2152.26380647102,-1333.81470908916,-3872.53634493999,-2826.15191196947,12.32,10.48,12.96,13.36,12.98,13.32
2024-10-11 05:00:00,-3204.02209582065,-3422.9101752465,-2136.95561777296,-1336.5816748066,-3894.89274123586,-2848.36409366066,12.23,10.39,12.89,13.26,12.89,13.22
2024-10-11 05:10:00,-3204.02209582065,-3430.8007981197,-2153.25518883912,-1345.84641636975,-3902.0740109709,-2874.05782965707,12.16,10.29,12.8,13.17,12.8,13.13
2024-10-11 05:20:00,-3201.80960002297,-3485.74411193348,-2155.23932374644,-1342.75105550745,-3918.28031593695,-2882.01012635947,12.09,10.17,12.71,13.08,12.71,13.04
2024-10-11 05:30:00,-3235.90305804207,-3492.97520212297,-2172.67867844077,-1348.94891277577,-3981.03047768544,-2863.48888997371,12,10.07,12.64,13,12.63,12.96
2024-10-11 05:40:00,-3262.83793123707,-3517.18734953165,-2164.19058034927,-1348.01741364388,-3948.16689286704,-2870.08991359852,11.91,9.97,12.57,12.9,12.54,12.87
2024-10-11 05:50:00,-3258.33326647695,-3523.67221901169,-2187.73896756109,-1358.29937993713,-4023.42122305105,-2891.31561996146,11.86,9.9,12.49,12.82,12.46,12.79
2024-10-11 06:00:00,-3274.88084064474,-3518.80744717634,-2186.73170848205,-1360.49046520171,-3991.12658579534,-2865.46760136733,11.78,9.8,12.4,12.74,12.37,12.7
2024-10-11 06:10:00,-3299.10017216039,-3543.19865515343,-2197.83711181923,-1352.68135054375,-4026.20146412105,-2907.33785083589,11.7,9.75,12.31,12.65,12.27,12.6
2024-10-11 06:20:00,-3278.65335776597,-3574.33704654288,-2190.76352945379,-1362.68508492616,-4016.94145771603,-2914.03995675495,11.61,9.69,12.21,12.57,12.18,12.52
2024-10-11 06:30:00,-3277.89850684005,-3594.14424192042,-2205.44129667765,-1373.71140031993,-4080.33201067306,-2928.1647112814,11.53,9.6,12.14,12.49,12.09,12.43
2024-10-11 06:40:00,-3303.66119740557,-3634.08852574952,-2205.94917677258,-1382.91504822422,-4099.16596750054,-2905.33022648591,11.46,9.6,12.06,12.4,12,12.35
2024-10-11 06:50:00,-3318.14608530331,-3627.40044913409,-2220.21740260751,-1385.14584125048,-4041.99249161829,-2908.00736719341,11.38,9.6,11.99,12.3,11.91,12.25
2024-10-11 07:00:00,-3322.73344163459,-3601.60020550604,-2204.42588725161,-1386.10299665188,-4061.58458801681,-2961.3892970252,11.3,9.66,11.9,12.2,11.85,12.16
2024-10-11 07:10:00,-3343.45515465202,-3321.20361861825,-2223.79885578851,-1390.25831886479,-4115.24316658892,-2941.68050548927,11.22,10.67,11.85,12.13,11.78,12.09
2024-10-11 07:20:00,-3351.16261478626,-2944.39114146377,-2233.03485755032,-1400.2175040286,-4157.1481550148,-2949.14076598582,11.18,12.71,11.79,12.04,11.7,12
2024-10-11 07:30:00,-3316.61837435628,-2728.94952160258,-2238.6979544448,-1405.0620453667,-4174.41384772073,-2930.18811458389,11.1,14.46,11.7,11.98,11.66,11.96
2024-10-11 07:40:00,-3338.07048235219,-2652.74498659587,-2240.76082129931,-1406.35675147753,-4180.18499923166,-2950.49920826768,11.1,15.19,11.66,11.9,11.6,11.9
2024-10-11 07:50:00,-3359.66134400785,-2644.8162369395,-2248.5135157174,-1407.97681192604,-4193.68206657703,-2943.03551140302,11,15.5,11.6,11.86,11.6,11.9
2024-10-11 08:00:00,-3335.76542118416,-2663.14922726784,-2243.34207813712,-1410.89762509671,-4195.61377329706,-2977.11425649258,11,15.53,11.6,11.8,11.53,11.9
2024-10-11 08:10:00,-3367.40616326691,-2569.77738259539,-2244.37541325859,-1414.1500800261,-4172.49190167957,-2986.726824267,11.03,16.03,11.6,11.77,11.52,11.9
2024-10-11 08:20:00,-3326.56108282454,-2411.5457333339,-2250.06727041428,-1428.22128925264,-4215.95049328548,-2975.05844895295,11.1,17.38,11.6,11.7,11.6,11.92
2024-10-11 08:30:00,-3362.7571319033,-2285.57513378831,-2242.30921877451,-1416.10515076627,-4166.73137123722,-2994.99086740158,11.1,18.57,11.61,11.7,11.61,12.02
2024-10-11 08:40:00,-3361.20888153983,-2253.6968746925,-2272.45610154541,-1416.10515076627,-4152.36481536924,-3002.58632585259,11.17,19.47,11.7,11.7,11.7,12.15
2024-10-11 08:50:00,-3336.53359799364,-2221.24008596988,-2250.06727041428,-1421.33189705334,-4135.19031913567,-2964.11809382962,11.21,20.11,11.78,11.8,11.8,12.33
2024-10-11 09:00:00,-3369.73308863601,-2219.70623751038,-2252.65924786769,-1416.75744147228,-4070.94750746571,-2931.53782683723,11.3,20.81,11.88,11.82,11.92,12.54
2024-10-11 09:10:00,-3355.79561666228,-2175.18150767706,-2245.40922435804,-1411.54751709625,-4026.20146412105,-2941.68050548927,11.38,21.63,11.99,11.9,12.06,12.79
2024-10-11 09:20:00,-3333.46195174615,-2102.78806040723,-2224.31096335432,-1405.38561010908,-4035.48281704544,-2894.64628700247,11.48,22.53,12.14,12,12.26,13.06
2024-10-11 09:30:00,-3318.14608530331,-2039.36753976576,-2226.87327068717,-1402.15331290113,-3988.3705652265,-2882.67381012143,11.58,23.24,12.3,12.13,12.47,13.37
2024-10-11 09:40:00,-3305.9440741001,-2009.53466569755,-2212.05286827909,-1399.25060203764,-3975.53427834005,-2861.51154495351,11.71,23.7,12.47,12.25,12.68,13.68
2024-10-11 09:50:00,-3290.75464082042,-2016.48735249821,-2211.03441481279,-1396.35390031045,-3894.89274123586,-2876.04384433776,11.83,23.83,12.65,12.44,12.92,14.02
2024-10-11 10:00:00,-3262.83793123707,-2028.12866102639,-2225.84799374462,-1393.7840889805,-3875.21232242145,-2839.19683649001,11.95,23.78,12.82,12.59,13.18,14.35
2024-10-11 10:10:00,-3250.09086067768,-2019.74016685529,-2212.56227091993,-1389.61822864624,-3838.80014412613,-2811.87171044509,12.09,23.65,13,12.77,13.44,14.7
2024-10-11 10:20:00,-3257.58309388634,-1993.86386391748,-2204.42588725161,-1374.97721811807,-3776.55229119453,-2795.73177477336,12.25,23.82,13.19,12.97,13.73,15.05
2024-10-11 10:30:00,-3228.46068753217,-1996.16070643787,-2187.23528003908,-1376.24420231454,-3705.91541344221,-2769.4625860479,12.44,24.06,13.39,13.17,14.01,15.38
2024-10-11 10:40:00,-3227.7173925652,-2001.22307770327,-2177.68722006135,-1369.6055349434,-3650.8627162375,-2773.29138423874,12.6,24.07,13.57,13.39,14.3,15.71
2024-10-11 10:50:00,-3200.3354516731,-1994.3230208989,-2176.6845889174,-1364.88324481193,-3586.70371352745,-2751.03111510628,12.78,23.9,13.77,13.6,14.6,16.02
2024-10-11 11:00:00,-3176.10976054252,-1986.98918109251,-2181.70236511534,-1356.42411567962,-3576.80696408418,-2733.35161525947,12.95,23.94,13.97,13.82,14.89,16.33
2024-10-11 11:10:00,-3176.10976054252,-1971.49419405518,-2162.69612668409,-1343.3695576247,-3526.10712643932,-2709.53959885121,13.15,23.99,14.17,14.04,15.18,16.63
2024-10-11 11:20:00,-3179.03641330437,-1991.11114114253,-2157.22528695138,-1336.88946954542,-3467.33259656948,-2694.60742679432,13.33,23.83,14.37,14.27,15.44,16.9
2024-10-11 11:30:00,-3143.36998876419,-1987.9044341548,-2147.80823126777,-1330.44063983527,-3449.01832985228,-2651.52363363204,13.53,23.79,14.59,14.5,15.71,17.17
2024-10-11 11:40:00,-3119.57551108933,-1998.46019481873,-2162.19820482547,-1321.89056384412,-3410.32290897425,-2642.38139262251,13.73,23.63,14.79,14.73,15.98,17.42
2024-10-11 11:50:00,-3073.94082212133,-1999.84115912805,-2146.32509022074,-1304.05378028128,-3392.30976440066,-2622.98316049887,13.96,23.6,14.99,14.97,16.22,17.68
2024-10-11 12:00:00,-3088.84063824796,-2016.02309257835,-2145.83093749861,-1303.45337958027,-3341.14637516855,-2644.8162369395,14.18,23.52,15.18,15.19,16.48,17.9
2024-10-11 12:10:00,-3081.0269875537,-2040.30691950858,-2129.09726683889,-1302.55329679728,-3312.03946046948,-2615.745593862,14.39,23.26,15.37,15.41,16.7,18.11
2024-10-11 12:20:00,-3045.05753213055,-2078.71764452323,-2123.71142008098,-1289.42326659603,-3313.56506226313,-2613.93932475362,14.62,22.85,15.57,15.64,16.91,18.29
2024-10-11 12:30:00,-3023.39925996235,-2105.69517717493,-2105.69517717493,-1273.19669453272,-3288.48225299154,-2610.33052756251,14.86,22.47,15.77,15.88,17.11,18.45
2024-10-11 12:40:00,-3015.75115230859,-2128.11700704374,-2102.30393130263,-1271.14619687202,-3235.15804960324,-2592.9581205442,15.1,22.27,15.99,16.1,17.3,18.61
2024-10-11 12:50:00,-2983.29020659155,-2131.54989222672,-2095.53781568138,-1258.91237440341,-3244.85655262809,-2600.13263599712,15.32,22.12,16.19,16.32,17.49,18.76
2024-10-11 13:00:00,-2951.85827627941,-2136.46362220322,-2084.94931823255,-1253.705417213,-3228.46068753217,-2592.9581205442,15.55,22.2,16.37,16.54,17.66,18.9
2024-10-11 13:10:00,-2914.71101650707,-2148.79756129512,-2088.31256921835,-1247.3705963797,-3201.07244098923,-2570.96108134988,15.8,22.2,16.57,16.76,17.82,19.03
2024-10-11 13:20:00,-2915.38223079421,-2163.19416320667,-2072.50459656989,-1236.5039340219,-3181.23317250738,-2589.97458497732,16.08,22.11,16.76,16.97,17.96,19.13
2024-10-11 13:30:00,-2900.65115933269,-2163.69231441959,-2084.94931823255,-1230.82271450188,-3184.16454627981,-2561.5067369325,16.32,22,16.95,17.18,18.11,19.23
2024-10-11 13:40:00,-2901.98726618293,-2165.68606670311,-2053.97665137473,-1224.88552502584,-3164.43006776094,-2576.88775873141,16.58,22.09,17.15,17.4,18.25,19.32
2024-10-11 13:50:00,-2892.64742664688,-2183.71271290991,-2054.92276041142,-1222.91283304943,-3176.10976054252,-2555.61543491946,16.82,21.94,17.34,17.61,18.4,19.4
2024-10-11 14:00:00,-2869.42912705224,-2195.3082143637,-2053.03097793703,-1214.4943603213,-3179.76849777102,-2503.77617446031,17.08,21.9,17.55,17.8,18.55,19.5
2024-10-11 14:10:00,-2880.68321720408,-2198.84948630328,-2030.46497506958,-1209.47111941053,-3181.23317250738,-2537.43836796334,17.33,21.86,17.73,17.99,18.72,19.58
2024-10-11 14:20:00,-2831.36267399565,-2190.76352945379,-2045.95229164426,-1199.76310503489,-3164.43006776094,-2507.81503891296,17.6,21.8,17.92,18.18,18.9,19.64
2024-10-11 14:30:00,-2849.02002924528,-2216.13137553736,-2025.79503521638,-1195.07593844042,-3150.61620495521,-2500.31946820092,17.85,21.8,18.1,18.36,19.09,19.7
2024-10-11 14:40:00,-2822.90005661556,-2230.46546051039,-2036.55199474547,-1193.7008481375,-3144.09385978751,-2532.18541177922,18.09,21.73,18.28,18.53,19.29,19.79
2024-10-11 14:50:00,-2804.75869105832,-2247.9958359495,-2025.3286323701,-1189.03736522517,-3105.24236357547,-2489.97795699015,18.31,21.7,18.45,18.7,19.49,19.84
2024-10-11 15:00:00,-2801.53145138754,-2241.27683495171,-2017.41619309886,-1186.84909354689,-3090.97507089248,-2506.08329984593,18.5,21.7,18.62,18.87,19.69,19.9
2024-10-11 15:10:00,-2790.58658687456,-2263.05705052453,-2020.67050577729,-1180.03666752093,-3089.55195197867,-2523.45463939549,18.68,21.7,18.78,19.04,19.88,19.98
2024-10-11 15:20:00,-2794.44458911984,-2274.55007512541,-2018.34546154493,-1180.58021963679,-3081.0269875537,-2510.12588594382,18.85,21.72,18.96,19.19,20.07,20.01
2024-10-11 15:30:00,-2780.96486794602,-2292.95484581285,-2011.38636813317,-1176.50967364501,-3060.52197705905,-2494.56889300083,18.98,21.78,19.11,19.35,20.26,20.1
2024-10-11 15:40:00,-2779.68448113879,-2304.06911494368,-1995.24165209703,-1167.33498748371,-3026.88208148396,-2503.1997250595,19.12,21.66,19.25,19.47,20.44,20.17
2024-10-11 15:50:00,-2761.18498091117,-2325.92390609409,-2005.83637334437,-1167.60380724561,-3031.06676362982,-2477.96690881268,19.22,21.5,19.38,19.62,20.57,20.22
2024-10-11 16:00:00,-2739.02188577125,-2339.35161134122,-2004.45126911782,-1161.97157040526,-3019.92044587989,-2465.44604371738,19.31,21.43,19.5,19.74,20.72,20.3
2024-10-11 16:10:00,-2752.29830351199,-2366.44002632257,-2003.06712135699,-1165.4549812982,-2980.5437597481,-2468.2861279415,19.4,21.4,19.61,19.85,20.82,20.35
2024-10-11 16:20:00,-2730.20653871685,-2369.16606001663,-2004.45126911782,-1163.31010999098,-2968.21600439618,-2492.84630088762,19.47,21.36,19.7,19.96,20.9,20.4
2024-10-11 16:30:00,-2721.41956322972,-2392.73995913368,-1989.27810428395,-1160.63457098343,-2972.31958034803,-2485.96781935946,19.5,21.23,19.8,20.05,20.99,20.45
2024-10-11 16:40:00,-2723.92723792655,-2432.73891559844,-1992.02829287474,-1165.72336812284,-2971.63525726093,-2462.04225592738,19.6,21.11,19.88,20.14,21,20.5
2024-10-11 16:50:00,-2717.66237912732,-2441.15582526249,-1985.15993895163,-1162.23915505255,-2973.68869932659,-2462.60922737955,19.6,21,19.93,20.22,21,20.5
2024-10-11 17:00:00,-2707.04516955901,-2462.60922737955,-1995.24165209703,-1158.76535589439,-2963.43565898717,-2456.94538332659,19.6,20.88,20,20.3,21,20.58
2024-10-11 17:10:00,-2706.42192113054,-2475.68566765825,-1993.86386391748,-1163.84595746851,-2977.11425649258,-2462.60922737955,19.65,20.75,20.01,20.33,21,20.6
2024-10-11 17:20:00,-2717.03668627743,-2491.124898288,-1987.9044341548,-1164.38205176976,-2999.82211480849,-2466.0137990109,19.7,20.58,20.1,20.4,21,20.6
2024-10-11 17:30:00,-2717.03668627743,-2559.14858817561,-1998.46019481873,-1158.76535589439,-2991.54474086966,-2463.74356200908,19.7,20.37,20.1,20.4,20.99,20.6
2024-10-11 17:40:00,-2715.78573270806,-2586.99448235616,-1994.3230208989,-1163.31010999098,-2992.23364881261,-2489.97795699015,19.61,20.12,20.1,20.4,20.9,20.6
2024-10-11 17:50:00,-2720.79300535582,-2635.0903006715,-2013.70339579933,-1167.60380724561,-2984.66437889368,-2455.24877163879,19.6,19.89,20.1,20.4,20.88,20.6
2024-10-11 18:00:00,-2714.53535509146,-2634.48361855654,-1998.92041026631,-1168.67970548744,-3004.66115554517,-2462.04225592738,19.56,19.62,20.1,20.4,20.8,20.6
2024-10-11 18:10:00,-2708.91577612529,-2703.93036200368,-2010.92328262315,-1170.29541200198,-3008.81511713122,-2446.78327062497,19.5,19.41,20.1,20.4,20.72,20.53
2024-10-11 18:20:00,-2718.28821606489,-2739.65264148326,-2023.46409454638,-1178.95031394611,-3029.67122715948,-2442.84269852467,19.42,19.22,20.1,20.4,20.65,20.5
2024-10-11 18:30:00,-2724.55451756727,-2760.54926776556,-2016.95171933017,-1171.9133522402,-3016.4456346255,-2455.24877163879,19.37,19.05,20.08,20.38,20.57,20.49
2024-10-11 18:40:00,-2740.91458870149,-2807.98964836571,-2020.20528276168,-1183.30173811311,-3052.77996234493,-2459.77567516789,19.3,18.86,20,20.3,20.48,20.4
2024-10-11 18:50:00,-2761.18498091117,-2839.19683649001,-2034.20867679445,-1182.2123786816,-3084.57619365526,-2479.10831754462,19.21,18.69,20,20.3,20.38,20.37
2024-10-11 19:00:00,-2773.93003170291,-2849.67611588205,-2029.9974970537,-1190.13301359731,-3080.31763654262,-2493.99456341086,19.13,18.55,19.92,20.2,20.28,20.3
2024-10-11 19:10:00,-2744.07200044159,-2876.70615415434,-2032.80398044267,-1191.50399391348,-3083.15602085488,-2479.10831754462,19.04,18.42,19.89,20.15,20.17,20.21
2024-10-11 19:20:00,-2781.60528249855,-2914.03995675495,-2049.72454835259,-1192.32734005481,-3117.4213287827,-2487.1129134954,18.96,18.3,19.8,20.09,20.05,20.13
2024-10-11 19:30:00,-2766.91299105352,-2925.46901352105,-2053.50376021854,-1201.42178453073,-3098.8139504629,-2475.11568559105,18.87,18.2,19.74,20,19.95,20.05
2024-10-11 19:40:00,-2789.30177012212,-2962.75338126307,-2055.86930524777,-1201.14517878822,-3118.13922421832,-2489.97795699015,18.77,18.12,19.68,19.93,19.84,19.97
2024-10-11 19:50:00,-2788.65958359184,-2974.37349529065,-2077.28221308252,-1210.30688109014,-3160.78897939115,-2510.70393033573,18.69,18.1,19.6,19.86,19.74,19.88
2024-10-11 20:00:00,-2802.17660211617,-3003.96938639247,-2068.69041608708,-1219.53846402809,-3144.81789750748,-2519.97076510342,18.6,18.03,19.51,19.78,19.63,19.8
2024-10-11 20:10:00,-2813.16692343279,-2993.61194067058,-2071.07345546865,-1219.25768724619,-3165.88767726255,-2526.94333016412,18.5,18,19.43,19.69,19.52,19.7
2024-10-11 20:20:00,-2821.6003623863,-2993.61194067058,-2076.80395624021,-1221.7870072472,-3149.1656266074,-2522.87365938231,18.41,17.98,19.36,19.6,19.42,19.6
2024-10-11 20:30:00,-2824.20034951395,-3005.35308400195,-2091.19967353498,-1231.38965984275,-3192.23975938836,-2515.33308018567,18.35,17.9,19.28,19.51,19.31,19.51
2024-10-11 20:40:00,-2834.62427790853,-3052.77996234493,-2102.30393130263,-1228.27468895322,-3215.10752893853,-2539.19177382669,18.28,17.81,19.2,19.42,19.21,19.42
2024-10-11 20:50:00,-2825.50124135727,-3049.26734194303,-2097.9517820736,-1239.92524519232,-3215.10752893853,-2536.27010343475,18.2,17.7,19.11,19.33,19.11,19.33
2024-10-11 21:00:00,-2834.62427790853,-3068.99020569893,-2104.24111674982,-1241.0677846248,-3245.60379448688,-2531.60242166283,18.11,17.57,19.03,19.24,19.01,19.23
2024-10-11 21:10:00,-2855.5876987014,-3108.10371498482,-2124.20047900958,-1247.08341175026,-3247.84655269343,-2559.14858817561,18.03,17.46,18.95,19.15,18.91,19.14
2024-10-11 21:20:00,-2858.21900374285,-3152.79332539158,-2118.33919756925,-1253.705417213,-3257.58309388634,-2546.8038776935,17.94,17.32,18.87,19.06,18.8,19.05
2024-10-11 21:30:00,-2882.01012635947,-3146.99101123126,-2122.73363998891,-1258.62253248731,-3261.33568477238,-2554.43880146934,17.85,17.21,18.78,18.97,18.7,18.96
2024-10-11 21:40:00,-2871.41194323385,-3160.06126461702,-2136.46362220322,-1257.75340706285,-3265.09259847629,-2555.02705046193,17.76,17.12,18.7,18.87,18.6,18.87
2024-10-11 21:50:00,-2901.31913584532,-3185.63124593755,-2125.6683316368,-1273.48989266004,-3283.1861151709,-2567.41161979927,17.67,17.04,18.6,18.77,18.5,18.77
2024-10-11 22:00:00,-2922.10288092427,-3207.71298681835,-2143.85546404589,-1272.903563909,-3302.90058887468,-2565.04803494808,17.6,17,18.52,18.68,18.4,18.68
2024-10-11 22:10:00,-2922.10288092427,-3243.36258498785,-2141.38867949717,-1275.54417095805,-3314.32812666249,-2569.18573760431,17.5,17,18.44,18.59,18.32,18.59
2024-10-11 22:20:00,-2916.72512311586,-3238.88480783534,-2140.40276060047,-1281.7269098943,-3324.2639693227,-2584.61286932556,17.42,16.94,18.38,18.5,18.23,18.5
2024-10-11 22:30:00,-2937.61922975696,-3238.13911290228,-2151.27288054626,-1284.09011403832,-3362.7571319033,-2572.14532534332,17.33,16.9,18.3,18.4,18.14,18.41
2024-10-11 22:40:00,-2944.39114146377,-3245.60379448688,-2162.69612668409,-1291.80066101874,-3350.39106990896,-2562.68662603677,17.28,16.9,18.2,18.33,18.05,18.34
2024-10-11 22:50:00,-2932.88816079918,-3256.83309400946,-2151.27288054626,-1295.37497397472,-3360.43502369043,-2591.76429411097,17.2,16.83,18.12,18.24,17.96,18.25
2024-10-11 23:00:00,-2957.98183347033,-3272.61941426216,-2172.17845827926,-1305.55599225555,-3364.30609542662,-2592.36113860541,17.12,16.8,18.05,18.16,17.88,18.17
2024-10-11 23:10:00,-2979.17148462433,-3285.45484329351,-2154.74311868248,-1300.75499542347,-3359.66134400785,-2613.93932475362,17.05,16.8,17.97,18.07,17.8,18.09
2024-10-11 23:20:00,-2967.53262608359,-3292.27043833504,-2160.20766350253,-1307.96313164486,-3399.34702734061,-2621.77551020707,16.99,16.8,17.9,17.99,17.7,18
2024-10-11 23:30:00,-2953.89805217101,-3318.14608530331,-2188.2427710748,-1312.18630991959,-3379.83502679543,-2613.93932475362,16.9,16.74,17.8,17.9,17.63,17.92
2024-10-11 23:40:00,-2986.03918417129,-3338.07048235219,-2191.2680294788,-1326.15871129853,-3415.0377003023,-2603.12787318713,16.83,16.7,17.73,17.81,17.55,17.85
2024-10-11 23:50:00,-2993.61194067058,-3280.91895368899,-2203.41094533124,-1330.74702038572,-3453.78661782557,-2624.19136706227,16.8,16.7,17.66,17.74,17.49,17.79
2024-10-12,-2986.726824267,-3329.62637020895,-2200.36892245218,-1332.89366068485,-3435.54390024903,-2638.12580753693,16.71,16.7,17.6,17.67,17.4,17.7
2024-10-12 00:10:00,-3007.42982556361,-3348.84851301642,-2210.52536393332,-1335.96629790525,-3410.32290897425,-2629.02976115815,16.7,16.7,17.51,17.6,17.3,17.63
2024-10-12 00:20:00,-3008.81511713122,-3358.11451897917,-2218.68426034872,-1338.42950677378,-3439.50149407154,-2657.63602687674,16.6,16.67,17.45,17.5,17.25,17.58
2024-10-12 00:30:00,-3001.20390208899,-3373.61487132961,-2223.79885578851,-1346.46634428163,-3461.74841824992,-2607.32700278184,16.6,16.6,17.39,17.43,17.2,17.5
2024-10-12 00:40:00,-3022.00725369501,-3358.88784245111,-2215.11104428146,-1346.46634428163,-3461.74841824992,-2650.30284299254,16.52,16.6,17.3,17.35,17.11,17.43
2024-10-12 00:50:00,-3005.35308400195,-3407.18333154802,-2207.47351890819,-1350.81384252163,-3486.54682658889,-2673.59427405742,16.5,16.6,17.25,17.29,17.08,17.37
2024-10-12 01:00:00,-3003.27777650717,-3421.33422976037,-2223.79885578851,-1353.92779002756,-3488.15281050175,-2658.24804064453,16.48,16.52,17.2,17.2,17,17.3
2024-10-12 01:10:00,-3031.06676362982,-3433.17153007968,-2226.36057319621,-1356.73647983535,-3467.33259656948,-2649.69265846351,16.4,16.48,17.13,17.15,16.96,17.24
2024-10-12 01:20:00,-3001.89503439208,-3454.58197314878,-2242.30921877451,-1354.55144040661,-3501.83357571832,-2661.92308407718,16.4,16.4,17.1,17.1,16.9,17.2
2024-10-12 01:30:00,-3047.86342572627,-3460.9514129817,-2245.40922435804,-1362.99889088932,-3510.71441462711,-2643.5985344592,16.37,16.4,17.03,17.01,16.86,17.13
2024-10-12 01:40:00,-3064.7531665569,-3461.74841824992,-2258.37211327495,-1368.65977164966,-3524.48366794203,-2665.60320827883,16.3,16.4,17,16.98,16.8,17.1
2024-10-12 01:50:00,-3043.65555415653,-3460.9514129817,-2234.06344492816,-1374.97721811807,-3513.94939163115,-2693.36679990266,16.3,16.32,16.93,16.9,16.77,17.02
2024-10-12 02:00:00,-3066.8709544172,-3485.74411193348,-2262.01511417183,-1368.02962563976,-3526.91913609237,-2654.57807096639,16.27,16.3,16.9,16.87,16.7,17
2024-10-12 02:10:00,-3045.05753213055,-3500.2212930307,-2251.10370331447,-1382.91504822422,-3507.48241577531,-2689.64834536545,16.2,16.3,16.85,16.8,16.69,16.93
2024-10-12 02:20:00,-3054.1861432319,-3496.99895425174,-2263.57819866454,-1375.29385477538,-3544.83073420565,-2686.55355511905,16.2,16.3,16.8,16.75,16.6,16.9
2024-10-12 02:30:00,-3073.94082212133,-3522.04988157254,-2266.18574010657,-1383.87066211604,-3559.55331706031,-2690.26773109068,16.19,16.3,16.78,16.7,16.6,16.85
2024-10-12 02:40:00,-3084.57619365526,-3528.54371642249,-2270.8868865323,-1383.87066211604,-3560.37302887005,-2682.84450692819,16.1,16.27,16.7,16.65,16.53,16.8
2024-10-12 02:50:00,-3087.4185020504,-3531.79512238499,-2283.99685959807,-1391.21900706067,-3560.37302887005,-2671.74805829512,16.1,16.2,16.7,16.6,16.5,16.78
2024-10-12 03:00:00,-3078.19056325081,-3538.30692517593,-2278.21917284185,-1404.73855511928,-3556.27635662578,-2661.31022419678,16.1,16.2,16.62,16.57,16.49,16.7
2024-10-12 03:10:00,-3083.86602550336,-3560.37302887005,-2286.10146750559,-1392.1803591057,-3533.42194870691,-2685.93502451599,16.1,16.2,16.6,16.5,16.4,16.7
2024-10-12 03:20:00,-3068.99020569893,-3585.87793955147,-2297.71152408815,-1404.09179804072,-3568.58053634773,-2690.88725945115,16.06,16.2,16.6,16.5,16.4,16.65
2024-10-12 03:30:00,-3096.67410478201,-3601.60020550604,-2294.01103371982,-1402.47620780599,-3572.69138245998,-2699.57565160755,16,16.12,16.5,16.4,16.39,16.6
2024-10-12 03:40:00,-3114.55139948477,-3599.11316731425,-2285.57513378831,-1402.15331290113,-3568.58053634773,-2697.09039522498,16,16.1,16.5,16.4,16.3,16.6
2024-10-12 03:50:00,-3076.06495878181,-3599.94198916494,-2285.0489212499,-1402.47620780599,-3579.27858837349,-2698.95412290115,16,16.1,16.5,16.35,16.3,16.54
2024-10-12 04:00:00,-3105.24236357547,-3593.31675489669,-2309.91235854795,-1398.92844977046,-3586.70371352745,-2691.50693047974,16,16.1,16.42,16.3,16.3,16.5
2024-10-12 04:10:00,-3127.48692291938,-3629.07131347538,-2296.12486927139,-1406.68061437133,-3543.19865515343,-2685.31663631848,16,16.1,16.4,16.3,16.23,16.5
2024-10-12 04:20:00,-3096.67410478201,-3594.14424192042,-2310.97635747653,-1414.1500800261,-3591.66235234734,-2707.66856151225,15.98,16.1,16.4,16.23,16.2,16.45
2024-10-12 04:30:00,-3094.53573674374,-3619.05765961103,-2305.66125934675,-1415.77911804259,-3569.40232699086,-2696.46943870413,15.9,16.1,16.4,16.2,16.2,16.4
2024-10-12 04:40:00,-3167.34595817271,-3639.11267434889,-2292.95484581285,-1415.45316038207,-3624.06102795024,-2722.04626539052,15.9,16.06,16.3,16.2,16.2,16.4
2024-10-12 04:50:00,-3125.32727749018,-3634.92540190134,-2308.84884949617,-1420.67750021768,-3576.80696408418,-2725.80951024127,15.9,16,16.3,16.14,16.13,16.4
2024-10-12 05:00:00,-3138.30755588452,-3639.11267434889,-2305.13042233944,-1421.65920849885,-3602.42960008436,-2740.28354244885,15.9,16,16.3,16.1,16.1,16.33
2024-10-12 05:10:00,-3119.57551108933,-3660.12150108834,-2317.90430685325,-1423.62466065297,-3594.97191950202,-2713.91038218258,15.9,16,16.3,16.1,16.1,16.3
2024-10-12 05:20:00,-3157.1520805671,-3668.55895254239,-2283.47101042888,-1427.89246700613,-3588.35583201334,-2723.92723792655,15.9,16,16.22,16.08,16.1,16.3
2024-10-12 05:30:00,-3131.81069184576,-3660.12150108834,-2326.45953152924,-1430.85459471208,-3599.11316731425,-2713.91038218258,15.9,16,16.2,16,16.1,16.3
2024-10-12 05:40:00,-3149.1656266074,-3689.737774501,-2319.50601156995,-1430.1958135217,-3624.89559491954,-2727.06508099386,15.9,15.97,16.2,16,16,16.25
2024-10-12 05:50:00,-3121.0124595472,-3715.31381490384,-2343.12524101374,-1434.15305520775,-3634.92540190134,-2737.76080997426,15.82,15.9,16.2,16,16,16.2
2024-10-12 06:00:00,-3133.97481740613,-3700.7990371714,-2318.43808549483,-1435.47456747162,-3655.91005525314,-2735.87028484491,15.8,15.86,16.2,15.97,16,16.2
2024-10-12 06:10:00,-3135.41839851673,-3749.69119037228,-2333.97125193853,-1440.10945729426,-3641.62735276676,-2745.33598331853,15.8,15.8,16.14,15.9,16,16.2
2024-10-12 06:20:00,-3143.36998876419,-3760.06629715702,-2346.9049579631,-1440.10945729426,-3627.40044913409,-2752.29830351199,15.8,15.74,16.1,15.9,16,16.2
2024-10-12 06:30:00,-3145.5421019625,-3778.29185831564,-2343.66482765866,-1442.76468175047,-3627.40044913409,-2747.86569599962,15.8,15.7,16.1,15.9,15.92,16.13
2024-10-12 06:40:00,-3144.09385978751,-3788.74610094623,-2344.2045385623,-1442.4325111496,-3637.43718685462,-2754.20018063499,15.8,15.69,16.1,15.88,15.9,16.1
2024-10-12 06:50:00,-3139.03026110538,-3792.23727256065,-2333.43389706495,-1449.09047711181,-3686.34096495109,-2752.29830351199,15.8,15.6,16.1,15.8,15.9,16.1
2024-10-12 07:00:00,-3170.26453545596,-3757.46983226611,-2356.10967388576,-1444.09412926926,-3629.07131347538,-2753.56607561393,15.72,15.6,16.07,15.8,15.9,16.1
2024-10-12 07:10:00,-3133.25327611019,-3822.92257518693,-2362.62884792491,-1452.76544875544,-3655.06834776256,-2763.72929778294,15.7,15.6,16,15.8,15.89,16.1
2024-10-12 07:20:00,-3141.1993754904,-3807.98739764026,-2376.26845311371,-1455.44400789491,-3682.94728253806,-2756.73806130445,15.7,15.6,16,15.8,15.8,16.03
2024-10-12 07:30:00,-3165.15878860499,-3794.85776224539,-2370.25735256727,-1459.13509243545,-3664.33779832188,-2735.24039995245,15.7,15.6,16,15.74,15.8,16
2024-10-12 07:40:00,-3165.88767726255,-3848.5355484353,-2343.66482765866,-1462.1620321973,-3681.25161310814,-2740.28354244885,15.7,15.63,16,15.7,15.8,16
2024-10-12 07:50:00,-3163.70151469175,-3791.36417818192,-2362.08489515564,-1459.13509243545,-3690.58746584124,-2731.4641348422,15.7,15.7,15.97,15.7,15.8,16
2024-10-12 08:00:00,-3148.44058790105,-3775.68280800046,-2387.23680993844,-1459.4711093906,-3660.12150108834,-2765.63907388495,15.7,15.8,15.9,15.7,15.8,16
2024-10-12 08:10:00,-3168.07535050265,-3711.89345979497,-2363.17292595835,-1469.24933370626,-3662.65069690314,-2754.83443168095,15.7,15.98,15.9,15.7,15.72,15.92
2024-10-12 08:20:00,-3165.15878860499,-3647.50169545557,-2393.84211036616,-1464.52065926472,-3707.62244358764,-2763.09299885416,15.7,16.28,15.9,15.64,15.7,15.9
2024-10-12 08:30:00,-3170.26453545596,-3585.05235569508,-2384.48998349625,-1472.29725521217,-3667.71433287086,-2770.1003517972,15.7,16.61,15.9,15.6,15.7,15.9
2024-10-12 08:40:00,-3150.61620495521,-3540.75194539287,-2370.25735256727,-1475.69125090687,-3688.0389786539,-2759.27828052516,15.7,16.89,15.9,15.6,15.7,15.9
2024-10-12 08:50:00,-3178.30449738701,-3475.32562369984,-2416.5484254805,-1473.65391576646,-3666.02567685847,-2760.54926776556,15.7,17.17,15.9,15.6,15.7,15.9
2024-10-12 09:00:00,-3151.34174467358,-3453.78661782557,-2403.23091689403,-1476.03108049732,-3693.98818836473,-2750.39773970551,15.73,17.35,15.9,15.6,15.7,15.9
2024-10-12 09:10:00,-3180.50075082574,-3467.33259656948,-2407.10759086383,-1480.11514483762,-3718.73732172737,-2782.88655407121,15.8,17.47,15.9,15.6,15.8,15.9
2024-10-12 09:20:00,-3176.84117104488,-3440.29355974473,-2387.23680993844,-1477.39118161598,-3661.80743750113,-2749.76451012803,15.82,17.5,15.9,15.6,15.8,15.92
2024-10-12 09:30:00,-3152.79332539158,-3418.97167189421,-2384.48998349625,-1483.52716262918,-3654.22683405998,-2754.83443168095,15.9,17.5,15.91,15.6,15.8,16
2024-10-12 09:40:00,-3154.97195024902,-3434.75292809946,-2419.33218182248,-1479.77437496487,-3658.4363408992,-2783.52741115926,15.93,17.52,16,15.6,15.81,16
2024-10-12 09:50:00,-3105.95745437783,-3426.85321557953,-2387.23680993844,-1482.16141266494,-3639.95070748689,-2763.09299885416,16,17.6,16,15.6,15.9,16
2024-10-12 10:00:00,-3119.57551108933,-3440.29355974473,-2404.8915835072,-1478.41207985454,-3642.46596499753,-2774.56882623802,16.03,17.6,16.02,15.6,15.9,16.09
2024-10-12 10:10:00,-3126.76687534437,-3444.25662496381,-2398.80807678354,-1479.09307056969,-3620.72468107099,-2766.27595913667,16.1,17.6,16.1,15.67,15.94,16.1
2024-10-12 10:20:00,-3115.26863401866,-3498.60975265577,-2388.8864243971,-1487.28946756551,-3622.39247039949,-2775.20776787796,16.12,17.55,16.1,15.7,16,16.14
2024-10-12 10:30:00,-3119.57551108933,-3487.34972609746,-2396.5997100427,-1486.94704593407,-3618.22443672128,-2763.72929778294,16.2,17.5,16.16,15.7,16,16.2
2024-10-12 10:40:00,-3112.40068651309,-3476.92643886774,-2392.73995913368,-1479.09307056969,-3631.57905317062,-2768.18749501775,16.2,17.5,16.2,15.7,16.08,16.2
2024-10-12 10:50:00,-3125.32727749018,-3500.2212930307,-2402.12444295177,-1483.52716262918,-3609.90275144114,-2746.60054841515,16.25,17.5,16.2,15.78,16.1,16.29
2024-10-12 11:00:00,-3126.04699354736,-3480.93170353481,-2391.08768366672,-1495.87568336359,-3629.07131347538,-2744.70391911936,16.3,17.59,16.3,15.8,16.1,16.3
2024-10-12 11:10:00,-3121.0124595472,-3454.58197314878,-2393.290971305,-1474.67223150137,-3562.01301883507,-2755.46882878541,16.3,17.68,16.3,15.8,16.2,16.35
2024-10-12 11:20:00,-3088.12948828444,-3468.13107132869,-2398.25579439798,-1487.28946756551,-3606.57943881304,-2761.18498091117,16.3,17.76,16.3,15.86,16.2,16.4
2024-10-12 11:30:00,-3098.10050432375,-3476.12593913346,-2408.77093631364,-1487.28946756551,-3602.42960008436,-2733.98106519311,16.39,17.8,16.4,15.9,16.21,16.4
2024-10-12 11:40:00,-3103.8126758432,-3470.52759903635,-2383.39213808582,-1491.06131391017,-3570.22430688007,-2753.56607561393,16.4,17.84,16.4,15.9,16.3,16.49
2024-10-12 11:50:00,-3114.55139948477,-3472.1262041234,-2395.496289181,-1487.28946756551,-3580.92728667541,-2732.09315011738,16.41,17.78,16.4,15.96,16.3,16.5
2024-10-12 12:00:00,-3112.40068651309,-3517.99730509368,-2386.13769985891,-1480.45599318457,-3567.75893490711,-2741.54578027463,16.5,17.7,16.49,16,16.32,16.51
2024-10-12 12:10:00,-3104.52743740989,-3491.36699792797,-2397.15161105684,-1489.34565393587,-3563.65376421731,-2728.94952160258,16.5,17.69,16.5,16,16.4,16.6
2024-10-12 12:20:00,-3140.47617086998,-3483.33707666069,-2393.290971305,-1491.4046829959,-3571.86883457103,-2713.28555316247,16.5,17.6,16.5,16.05,16.4,16.6
2024-10-12 12:30:00,-3129.64806069416,-3534.23564285395,-2409.32564017887,-1490.718023879,-3544.01460072952,-2724.55451756727,16.56,17.6,16.58,16.1,16.41,16.63
2024-10-12 12:40:00,-3093.11097846021,-3545.6470556251,-2400.46568715153,-1493.12271488012,-3552.18439813576,-2728.3212300913,16.6,17.6,16.6,16.1,16.5,16.7
2024-10-12 12:50:00,-3088.12948828444,-3554.63900788314,-2399.36048635146,-1492.09165840383,-3583.40175816601,-2682.84450692819,16.6,17.6,16.6,16.14,16.5,16.7
2024-10-12 13:00:00,-3088.84063824796,-3535.04952438256,-2387.78655481693,-1485.57814759101,-3535.04952438256,-2718.91419712333,16.6,17.66,16.6,16.2,16.5,16.72
2024-10-12 13:10:00,-3105.24236357547,-3519.61777582259,-2392.73995913368,-1491.4046829959,-3544.83073420565,-2708.91577612529,16.6,17.7,16.7,16.2,16.54,16.8
2024-10-12 13:20:00,-3101.6693783575,-3506.6748810773,-2402.67761622914,-1494.15448383106,-3557.09531380062,-2716.41113748207,16.66,17.81,16.7,16.2,16.6,16.8
2024-10-12 13:30:00,-3102.38364635489,-3477.72712294513,-2422.119144928,-1495.87568336359,-3564.47442029861,-2705.79881619381,16.7,17.94,16.7,16.29,16.6,16.8
2024-10-12 13:40:00,-3061.93172409662,-3421.33422976037,-2403.78434497578,-1488.6599428186,-3563.65376421731,-2715.16047192224,16.7,18.09,16.7,16.3,16.6,16.88
2024-10-12 13:50:00,-3102.38364635489,-3374.39176430051,-2409.32564017887,-1500.36008709826,-3555.45758800109,-2726.4372233411,16.73,18.32,16.78,16.3,16.7,16.9
2024-10-12 14:00:00,-3113.83433008123,-3401.69602429933,-2412.10107619333,-1485.92025398566,-3505.06036939946,-2732.72231024535,16.8,18.47,16.8,16.34,16.7,16.9
2024-10-12 14:10:00,-3076.06495878181,-3388.40647080105,-2390.53717876272,-1494.15448383106,-3526.91913609237,-2733.98106519311,16.8,18.57,16.8,16.4,16.73,16.95
2024-10-12 14:20:00,-3103.0980788375,-3365.85577243827,-2398.80807678354,-1506.5914638128,-3546.46356503114,-2700.1973234427,16.9,18.6,16.85,16.4,16.8,17
2024-10-12 14:30:00,-3088.12948828444,-3350.39106990896,-2415.43582001084,-1492.77895024848,-3568.58053634773,-2717.03668627743,16.92,18.7,16.9,16.43,16.81,17
2024-10-12 14:40:00,-3105.24236357547,-3347.30666633403,-2414.87970938667,-1504.16508123936,-3520.4282910754,-2715.78573270806,17,18.84,16.91,16.5,16.9,17.09
2024-10-12 14:50:00,-3066.8709544172,-3304.42198109321,-2399.91302313102,-1503.47254709478,-3525.29530373689,-2727.69308323282,17.06,18.99,17,16.5,16.93,17.1
2024-10-12 15:00:00,-3082.44617967221,-3308.99036377031,-2419.88931778436,-1496.90935465474,-3497.80426072874,-2706.42192113054,17.11,19.13,17.01,16.57,17,17.17
2024-10-12 15:10:00,-3075.35675018855,-3253.08568393971,-2424.35102676443,-1502.43434367642,-3495.38889747701,-2710.78767530722,17.2,19.2,17.1,16.6,17.07,17.2
2024-10-12 15:20:00,-3106.67270985489,-3299.85990551223,-2401.5713970326,-1486.60470313905,-3467.33259656948,-2705.17585471577,17.27,19.2,17.13,16.65,17.13,17.29
2024-10-12 15:30:00,-3091.68687615106,-3295.30412831981,-2398.80807678354,-1499.32403294868,-3486.54682658889,-2692.12674420927,17.34,19.2,17.2,16.7,17.2,17.32
2024-10-12 15:40:00,-3090.97507089248,-3292.27043833504,-2404.8915835072,-1487.63196805152,-3464.93827512923,-2698.95412290115,17.43,19.2,17.27,16.76,17.3,17.4
2024-10-12 15:50:00,-3053.48297184213,-3303.66119740557,-2406.55339766453,-1486.60470313905,-3461.74841824992,-2681.60929581419,17.5,19.2,17.31,16.8,17.37,17.49
2024-10-12 16:00:00,-3077.48186527538,-3344.22510229193,-2402.67761622914,-1495.87568336359,-3449.01832985228,-2676.67413578824,17.6,19.2,17.4,16.88,17.46,17.54
2024-10-12 16:10:00,-3052.77996234493,-3335.76542118416,-2396.04793609384,-1489.34565393587,-3460.15459120961,-2687.79104367295,17.65,19.18,17.48,16.92,17.52,17.6
2024-10-12 16:20:00,-3045.05753213055,-3363.53152449946,-2407.10759086383,-1490.718023879,-3448.22425545781,-2672.97872709559,17.7,19.1,17.52,17,17.6,17.68
2024-10-12 16:30:00,-3035.25723112318,-3385.28706986732,-2404.8915835072,-1487.28946756551,-3428.43170323786,-2717.03668627743,17.76,19.03,17.6,17.06,17.67,17.72
2024-10-12 16:40:00,-3056.29662912937,-3418.97167189421,-2409.32564017887,-1495.18696574895,-3411.89378239196,-2663.7625106431,17.8,18.99,17.64,17.1,17.7,17.8
2024-10-12 16:50:00,-3044.3564624392,-3386.84641119989,-2396.04793609384,-1485.23611996019,-3416.61074546168,-2702.06319805029,17.8,18.9,17.7,17.19,17.8,17.86
2024-10-12 17:00:00,-3040.15343257299,-3417.39753973835,-2410.43543115872,-1485.23611996019,-3395.43563645469,-2674.2099627705,17.89,18.85,17.75,17.22,17.8,17.9
2024-10-12 17:10:00,-3047.86342572627,-3415.0377003023,-2407.10759086383,-1477.73140267501,-3420.54652913168,-2696.46943870413,17.9,18.71,17.8,17.3,17.9,17.97
2024-10-12 17:20:00,-3034.55841777475,-3514.75860153997,-2399.91302313102,-1479.77437496487,-3372.83815722434,-2679.14057943871,17.9,18.55,17.83,17.35,17.9,18
2024-10-12 17:30:00,-3040.15343257299,-3480.93170353481,-2388.33642629343,-1483.86879671272,-3389.18677005574,-2670.51795610811,17.9,18.41,17.9,17.4,17.92,18.04
2024-10-12 17:40:00,-3045.75876326776,-3525.29530373689,-2402.12444295177,-1483.18560720074,-3393.87234054837,-2666.8310466196,17.98,18.31,17.9,17.48,18,18.1
2024-10-12 17:50:00,-3064.0475623002,-3547.28026246706,-2387.78655481693,-1483.86879671272,-3393.0909625254,-2665.60320827883,18,18.21,17.95,17.5,18,18.1
2024-10-12 18:00:00,-3027.57912708713,-3566.93752262544,-2386.68719162882,-1486.2624391623,-3376.7235168189,-2641.77303186485,18,18.13,18,17.54,18,18.1
2024-10-12 18:10:00,-3035.25723112318,-3571.04647605892,-2403.78434497578,-1491.4046829959,-3390.7479076802,-2646.64384243166,18,18.06,18,17.6,18,18.2
2024-10-12 18:20:00,-3042.25422166858,-3638.27483415295,-2398.80807678354,-1491.06131391017,-3361.98291759711,-2655.80083087453,18,17.98,18,17.6,18,18.2
2024-10-12 18:30:00,-3010.89425100683,-3638.27483415295,-2404.33790050371,-1489.68862793081,-3374.39176430051,-2651.52363363204,18,17.88,18,17.6,18,18.2
2024-10-12 18:40:00,-3033.16127370843,-3666.86990765781,-2403.23091689403,-1482.50273223672,-3379.83502679543,-2647.86294765108,17.91,17.75,18,17.65,18,18.2
2024-10-12 18:50:00,-3040.85353436953,-3711.03886313309,-2397.70363916551,-1492.43526476246,-3380.61335217496,-2660.69750541634,17.9,17.63,18,17.7,18,18.2
2024-10-12 19:00:00,-3029.67122715948,-3741.06713994928,-2400.46568715153,-1480.11514483762,-3358.88784245111,-2669.28842027366,17.9,17.47,18,17.7,18,18.2
2024-10-12 19:10:00,-3042.95480724538,-3737.62307607145,-2392.73995913368,-1489.34565393587,-3370.5090876905,-2657.0241540141,17.9,17.33,18,17.7,18,18.2
2024-10-12 19:20:00,-3049.26734194303,-3801.85459091497,-2398.25579439798,-1487.63196805152,-3384.50766844841,-2690.88725945115,17.87,17.17,18,17.7,18,18.2
2024-10-12 19:30:00,-3064.7531665569,-3808.86432009743,-2383.39213808582,-1493.12271488012,-3386.0666507707,-2629.63518733144,17.8,17.05,18,17.7,17.93,18.11
2024-10-12 19:40:00,-3054.1861432319,-3820.28270571053,-2415.43582001084,-1499.32403294868,-3399.34702734061,-2675.44176558097,17.8,16.92,18,17.7,17.9,18.1
2024-10-12 19:50:00,-3067.57720885881,-3885.04006997959,-2396.5997100427,-1492.43526476246,-3404.04664444823,-2672.97872709559,17.71,16.77,18,17.7,17.9,18.1
2024-10-12 20:00:00,-3057.70442987419,-3921.8908479314,-2423.79286357436,-1501.74260638246,-3389.96724900167,-2680.99190353786,17.7,16.64,17.93,17.63,17.84,18.09
2024-10-12 20:10:00,-3068.28362594023,-3917.37820241602,-2409.8804717841,-1502.43434367642,-3434.75292809946,-2680.37465340498,17.61,16.5,17.9,17.6,17.8,18
2024-10-12 20:20:00,-3074.64870464757,-3975.53427834005,-2418.21829468079,-1500.70559755216,-3401.69602429933,-2676.05787974368,17.58,16.37,17.9,17.6,17.77,18
2024-10-12 20:30:00,-3090.97507089248,-3976.44978433412,-2414.32372679697,-1507.28543460238,-3394.65389851098,-2659.47249102539,17.5,16.26,17.82,17.6,17.7,17.94
2024-10-12 20:40:00,-3078.89942442877,-4014.16761102304,-2414.87970938667,-1502.78033180054,-3426.85321557953,-2671.74805829512,17.43,16.19,17.8,17.53,17.67,17.9
2024-10-12 20:50:00,-3086.70767950815,-4025.27450369814,-2424.90931849111,-1505.55110666706,-3449.8125871102,-2675.44176558097,17.37,16.1,17.74,17.5,17.6,17.85
2024-10-12 21:00:00,-3088.12948828444,-4055.97717589599,-2433.85949127316,-1516.68538700898,-3445.84312903405,-2674.82579326747,17.3,16.1,17.7,17.49,17.54,17.8
2024-10-12 21:10:00,-3115.98603372093,-4069.07319846543,-2447.91031545366,-1517.73343810019,-3461.74841824992,-2677.29053374734,17.22,16.02,17.64,17.4,17.5,17.73
2024-10-12 21:20:00,-3110.25145868829,-4071.88498569725,-2444.53073744018,-1516.33619749616,-3449.8125871102,-2672.36332185237,17.17,15.96,17.6,17.37,17.4,17.7
2024-10-12 21:30:00,-3133.25327611019,-4111.45463251338,-2461.47541501017,-1512.15218883054,-3484.13923701193,-2671.74805829512,17.1,15.83,17.52,17.3,17.34,17.61
2024-10-12 21:40:00,-3088.12948828444,-4182.11048889105,-2456.94538332659,-1517.73343810019,-3457.76522644762,-2690.88725945115,17.03,15.76,17.5,17.27,17.29,17.57
2024-10-12 21:50:00,-3136.14043840793,-4160.02080328947,-2465.44604371738,-1529.66208593511,-3504.25339233402,-2685.31663631848,16.99,15.7,17.4,17.2,17.2,17.5
2024-10-12 22:00:00,-3123.16912337606,-4191.75124923603,-2474.54583475197,-1525.79259358521,-3503.44660106054,-2687.79104367295,16.9,15.7,17.35,17.16,17.15,17.43
2024-10-12 22:10:00,-3151.34174467358,-4194.64780873906,-2467.14970186467,-1529.66208593511,-3504.25339233402,-2677.29053374734,16.85,15.61,17.3,17.1,17.1,17.36
2024-10-12 22:20:00,-3134.69652486222,-4236.38578816718,-2462.04225592738,-1534.60109035557,-3499.41543007551,-2713.91038218258,16.8,15.55,17.22,17.04,17.01,17.3
2024-10-12 22:30:00,-3170.99459989052,-4221.77906945137,-2478.53754747388,-1538.84721340306,-3471.32680955678,-2687.17222816043,16.72,15.49,17.2,17,16.97,17.22
2024-10-12 22:40:00,-3161.51686174709,-4273.61605708162,-2473.40652663728,-1542.03951399387,-3551.36657161086,-2699.57565160755,16.68,15.4,17.1,16.91,16.9,17.17
2024-10-12 22:50:00,-3144.09385978751,-4249.08581696051,-2479.67921905515,-1535.30796302539,-3569.40232699086,-2705.17585471577,16.6,15.35,17.07,16.89,16.83,17.1
2024-10-12 23:00:00,-3173.91653924504,-4269.68172333691,-2491.69856703708,-1559.17729697548,-3547.28026246706,-2706.42192113054,16.54,15.3,17,16.8,16.79,17.03
2024-10-12 23:10:00,-3163.70151469175,-4276.56918632676,-2502.62340837579,-1549.87082256197,-3527.73133273907,-2706.42192113054,16.5,15.2,16.94,16.76,16.7,16.98
2024-10-12 23:20:00,-3177.57274998011,-4318.12790738153,-2506.08329984593,-1553.80137859983,-3560.37302887005,-2726.4372233411,16.4,15.2,16.9,16.7,16.65,16.9
2024-10-12 23:30:00,-3194.44564229058,-4360.09048658064,-2508.39255115142,-1559.89549001312,-3565.29526536472,-2741.54578027463,16.36,15.11,16.81,16.63,16.6,16.84
2024-10-12 23:40:00,-3209.19053343112,-4296.3089328019,-2520.55107662354,-1560.25471057852,-3605.74908880904,-2725.80951024127,16.3,15.03,16.78,16.59,16.5,16.8
2024-10-12 23:50:00,-3184.89781167865,-4409.56249874716,-2525.77989766633,-1558.45943460182,-3588.35583201334,-2733.98106519311,16.22,14.95,16.7,16.5,16.46,16.7
2024-10-13,-3246.35120842428,-4376.18327937198,-2536.85416844833,-1571.06987955672,-3580.92728667541,-2742.17711720173,16.18,14.9,16.65,16.46,16.4,16.65
2024-10-13 00:10:00,-3217.3292137935,-4451.3885302884,-2516.49170063828,-1574.32902527375,-3632.4153514285,-2741.54578027463,16.1,14.83,16.6,16.4,16.32,16.6
2024-10-13 00:20:00,-3199.59863203549,-4431.95663603393,-2535.10237678799,-1579.41225122709,-3590.83543673402,-2723.30010270569,16.03,14.78,16.52,16.32,16.27,16.51
2024-10-13 00:30:00,-3238.13911290228,-4508.12035898281,-2556.79261035408,-1578.32160863346,-3628.23578512205,-2730.83526438647,15.99,14.7,16.49,16.29,16.2,16.46
2024-10-13 00:40:00,-3231.43557949121,-4484.30870655313,-2546.8038776935,-1589.26201136615,-3624.89559491954,-2744.07200044159,15.9,14.61,16.4,16.2,16.13,16.4
2024-10-13 00:50:00,-3273.37304949213,-4554.02596499886,-2556.2039548731,-1579.04861998276,-3649.18181889473,-2769.4625860479,15.84,14.6,16.35,16.15,16.08,16.32
2024-10-13 01:00:00,-3277.89850684005,-4512.27440399198,-2553.85068791049,-1589.26201136615,-3660.96437224443,-2763.72929778294,15.79,14.6,16.3,16.1,16,16.28
2024-10-13 01:10:00,-3278.65335776597,-4513.31351319708,-2567.41161979927,-1595.12786766404,-3682.09935021252,-2741.54578027463,15.7,14.6,16.22,16.01,15.94,16.2
2024-10-13 01:20:00,-3265.84450039332,-4506.04477079414,-2572.73765188313,-1598.43692108404,-3657.59405177682,-2753.56607561393,15.66,14.6,16.18,15.96,15.89,16.13
2024-10-13 01:30:00,-3309.75237468514,-4521.63500595449,-2577.48117738259,-1593.29246558439,-3706.76883025037,-2766.27595913667,15.6,14.6,16.1,15.9,15.8,16.1
2024-10-13 01:40:00,-3338.83918998273,-4479.14892614138,-2575.10832239583,-1606.92461158135,-3677.86261600339,-2780.96486794602,15.55,14.6,16.06,15.82,15.76,16
2024-10-13 01:50:00,-3285.45484329351,-4487.4074274042,-2579.26225339458,-1614.71359732552,-3717.02517416983,-2786.09231564926,15.5,14.6,16,15.79,15.7,15.96
2024-10-13 02:00:00,-3317.38214188768,-4517.4723434814,-2598.33714821379,-1618.06328085865,-3734.18218283331,-2766.91299105352,15.47,14.6,15.93,15.7,15.64,15.9
2024-10-13 02:10:00,-3333.46195174615,-4487.4074274042,-2592.9581205442,-1607.29466224899,-3717.88114938947,-2803.46734931327,15.4,14.63,15.9,15.66,15.6,15.82
2024-10-13 02:20:00,-3308.99036377031,-4476.05590809096,-2602.52854984583,-1619.92721781614,-3697.39204451228,-2809.28307318604,15.4,14.7,15.81,15.6,15.54,15.8
2024-10-13 02:30:00,-3340.37713635014,-4523.71777536519,-2584.01780873066,-1631.53164765137,-3760.06629715702,-2814.46273302547,15.32,14.7,15.8,15.55,15.5,15.71
2024-10-13 02:40:00,-3333.46195174615,-4490.50828951529,-2610.33052756251,-1625.15767215189,-3745.37668295981,-2822.90005661556,15.3,14.7,15.72,15.5,15.46,15.7
2024-10-13 02:50:00,-3329.62637020895,-4523.71777536519,-2612.1343029409,-1618.43589659498,-3763.53104152763,-2763.72929778294,15.3,14.73,15.7,15.44,15.4,15.61
2024-10-13 03:00:00,-3358.88784245111,-4488.44081011707,-2642.38139262251,-1634.16348640848,-3800.97928232179,-2817.70486895775,15.27,14.8,15.65,15.4,15.4,15.6
2024-10-13 03:10:00,-3333.46195174615,-4451.3885302884,-2620.56841593073,-1646.24891765131,-3772.20687659192,-2792.51492174384,15.2,14.8,15.6,15.35,15.3,15.54
2024-10-13 03:20:00,-3349.61970266598,-4467.81829785221,-2633.87707611921,-1643.59761517066,-3792.23727256065,-2805.4045849719,15.2,14.8,15.6,15.3,15.3,15.5
2024-10-13 03:30:00,-3347.30666633403,-4478.11768271756,-2618.15589440062,-1648.14532320921,-3811.49629930759,-2811.22432759227,15.2,14.8,15.52,15.29,15.3,15.5
2024-10-13 03:40:00,-3356.56840612574,-4525.80150414755,-2650.30284299254,-1652.32510868365,-3828.2077879619,-2807.34315928782,15.2,14.8,15.5,15.2,15.2,15.41
2024-10-13 03:50:00,-3342.68538427869,-4481.21212548345,-2657.0241540141,-1642.08450274462,-3792.23727256065,-2803.46734931327,15.2,14.8,15.5,15.2,15.2,15.4
2024-10-13 04:00:00,-3361.20888153983,-4499.82373821014,-2629.02976115815,-1648.14532320921,-3787.87381034693,-2830.71080369927,15.1,14.8,15.45,15.18,15.2,15.4
2024-10-13 04:10:00,-3360.43502369043,-4488.44081011707,-2643.5985344592,-1651.18411706435,-3773.07555933105,-2813.81475363633,15.1,14.8,15.4,15.1,15.2,15.32
2024-10-13 04:20:00,-3402.47938393913,-4554.02596499886,-2625.40013015349,-1646.24891765131,-3812.37402981225,-2830.71080369927,15.1,14.8,15.4,15.1,15.11,15.3
2024-10-13 04:30:00,-3367.40616326691,-4536.23455410793,-2642.38139262251,-1660.33415691373,-3807.98739764026,-2833.97165668655,15.1,14.8,15.4,15.1,15.1,15.3
2024-10-13 04:40:00,-3364.30609542662,-4527.88619274345,-2649.08261441849,-1665.69507800594,-3819.40315437559,-2877.36861649096,15.1,14.8,15.36,15,15.1,15.3
2024-10-13 04:50:00,-3393.0909625254,-4493.61129436603,-2649.08261441849,-1659.18763475032,-3810.61877088459,-2879.35691897226,15.1,14.8,15.3,15,15.1,15.21
2024-10-13 05:00:00,-3372.83815722434,-4541.46009462496,-2639.94878984759,-1660.71650699963,-3830.85313378243,-2894.64628700247,15.1,14.8,15.3,15,15.1,15.2
2024-10-13 05:10:00,-3370.5090876905,-4569.7822078531,-2669.90311741311,-1669.91937060554,-3837.03271832483,-2912.69830071342,15,14.81,15.3,14.99,15.01,15.2
2024-10-13 05:20:00,-3404.04664444823,-4520.59398087547,-2660.69750541634,-1670.68857399742,-3831.73532187611,-2900.65115933269,15,14.9,15.3,14.9,15,15.2
2024-10-13 05:30:00,-3399.34702734061,-4470.90562359723,-2657.63602687674,-1659.95189485706,-3815.00843428155,-2875.38168700609,15,14.9,15.3,14.9,15,15.2
2024-10-13 05:40:00,-3386.0666507707,-4439.10586618298,-2657.0241540141,-1674.92553037231,-3830.85313378243,-2870.08991359852,15,14.9,15.21,14.9,15,15.2
2024-10-13 05:50:00,-3413.4653793902,-4497.75196987691,-2663.7625106431,-1672.99831070295,-3839.68416229727,-2888.65384584364,15,14.91,15.2,14.9,15,15.14
2024-10-13 06:00:00,-3393.87234054837,-4478.11768271756,-2682.84450692819,-1671.45813170214,-3852.96889027415,-2889.31905955469,15,15,15.2,14.89,15,15.1
2024-10-13 06:10:00,-3354.25057145698,-4478.11768271756,-2691.50693047974,-1684.98291797264,-3835.2661062658,-2885.99452218174,15,15,15.2,14.8,15,15.1
2024-10-13 06:20:00,-3377.50112566429,-4475.02537677888,-2687.79104367295,-1671.07330855047,-3875.21232242145,-2892.64742664688,15.01,15,15.2,14.8,15,15.1
2024-10-13 06:30:00,-3368.18162646534,-4456.51633195841,-2658.86019534993,-1690.81270468551,-3837.91632948427,-2874.05782965707,15.1,15,15.2,14.8,15,15.1
2024-10-13 06:40:00,-3359.66134400785,-4446.26662882116,-2677.29053374734,-1691.20207352442,-3804.48172630295,-2881.34659539874,15.1,15,15.2,14.8,15,15.1
2024-10-13 06:50:00,-3425.27545467427,-4444.21951877004,-2684.69839049371,-1692.37071811862,-3861.85090087298,-2912.02770435288,15.1,15.08,15.2,14.8,15,15.1
2024-10-13 07:00:00,-3364.30609542662,-4445.24295595447,-2664.98950111606,-1689.64513595724,-3877.89014904125,-2903.32398847483,15.1,15.1,15.2,14.8,15,15.1
2024-10-13 07:10:00,-3376.7235168189,-4408.54727634583,-2660.08492770337,-1688.47837347837,-3844.10730773284,-2903.32398847483,15.1,15.1,15.2,14.8,15,15.1
2024-10-13 07:20:00,-3385.28706986732,-4364.10812823238,-2669.90311741311,-1683.81937492778,-3864.51949456119,-2885.33007388559,15.1,15.15,15.2,14.8,15,15.1
2024-10-13 07:30:00,-3387.62635119622,-4401.44726115095,-2693.36679990266,-1694.32025393999,-3829.97114879667,-2897.98079082382,15.1,15.2,15.2,14.8,15,15.1
2024-10-13 07:40:00,-3367.40616326691,-4396.38282360938,-2672.97872709559,-1699.3995637777,-3857.4073391257,-2898.64815239059,15.1,15.3,15.2,14.8,15,15.1
2024-10-13 07:50:00,-3375.16883617823,-4369.13538675987,-2692.74670067262,-1698.22606550553,-3844.99254806425,-2918.06863400471,15.1,15.38,15.2,14.8,15,15.1
2024-10-13 08:00:00,-3375.94608700395,-4354.07095806597,-2671.74805829512,-1700.5738729538,-3846.76364034679,-2883.33764671983,15.16,15.42,15.2,14.8,15,15.1
2024-10-13 08:10:00,-3400.12984604159,-4283.46775954672,-2695.84862514735,-1687.31241669215,-3853.85617129529,-2916.72512311586,15.2,15.53,15.2,14.8,15,15.1
2024-10-13 08:20:00,-3364.30609542662,-4272.63213390168,-2700.1973234427,-1708.03003157289,-3860.07286224979,-2890.64994657832,15.2,15.66,15.2,14.8,15,15.1
2024-10-13 08:30:00,-3361.98291759711,-4233.46040704514,-2688.41000168942,-1708.03003157289,-3816.76571518947,-2874.05782965707,15.2,15.79,15.2,14.8,15,15.1
2024-10-13 08:40:00,-3368.95726824133,-4192.71654675975,-2690.26773109068,-1703.31708436169,-3838.80014412613,-2887.32387784675,15.22,15.93,15.24,14.8,15.01,15.1
2024-10-13 08:50:00,-3349.61970266598,-4148.54210673205,-2708.29209702333,-1707.2436357633,-3847.64949239182,-2916.72512311586,15.3,16.06,15.3,14.8,15.1,15.1
2024-10-13 09:00:00,-3361.98291759711,-4112.40143892905,-2720.1665917356,-1705.27922991028,-3815.00843428155,-2885.33007388559,15.3,16.23,15.3,14.8,15.1,15.2
2024-10-13 09:10:00,-3360.43502369043,-4026.20146412105,-2703.93036200368,-1698.61714153039,-3804.48172630295,-2893.97984679318,15.38,16.39,15.3,14.8,15.1,15.2
2024-10-13 09:20:00,-3355.79561666228,-4012.31944411149,-2685.31663631848,-1711.17923880071,-3815.88697357829,-2893.31356001976,15.4,16.59,15.32,14.8,15.16,15.2
2024-10-13 09:30:00,-3350.39106990896,-3931.83697474904,-2705.17585471577,-1701.74899359419,-3819.40315437559,-2898.64815239059,15.49,16.8,15.4,14.84,15.2,15.2
2024-10-13 09:40:00,-3313.56506226313,-3891.30706396883,-2679.75754538284,-1699.0083076142,-3793.98406454608,-2944.39114146377,15.53,17.05,15.4,14.9,15.2,15.28
2024-10-13 09:50:00,-3358.11451897917,-3784.38665577953,-2685.93502451599,-1697.05337757733,-3778.29185831564,-2885.33007388559,15.6,17.3,15.46,14.9,15.29,15.3
2024-10-13 10:00:00,-3337.30195170274,-3746.23918710724,-2697.09039522498,-1706.45760201898,-3739.34471149786,-2920.08506077476,15.7,17.54,15.5,14.9,15.3,15.34
2024-10-13 10:10:00,-3343.45515465202,-3736.76255562851,-2696.46943870413,-1699.79091004164,-3790.49128481746,-2910.01684148554,15.77,17.75,15.56,14.98,15.4,15.4
2024-10-13 10:20:00,-3319.67449994926,-3656.75195657635,-2679.75754538284,-1694.71043051495,-3746.23918710724,-2910.01684148554,15.85,17.96,15.6,15,15.45,15.46
2024-10-13 10:30:00,-3347.30666633403,-3634.08852574952,-2689.02910224265,-1703.70933277193,-3731.60359188099,-2906.66848862245,15.94,18.23,15.69,15.04,15.51,15.5
2024-10-13 10:40:00,-3332.69448212793,-3435.54390024903,-2687.17222816043,-1696.27203553995,-3732.46292429185,-2899.31566764072,16.04,18.87,15.75,15.1,15.6,15.6
2024-10-13 10:50:00,-3322.73344163459,-3333.46195174615,-2700.1973234427,-1701.74899359419,-3710.18446322671,-2870.75085231404,16.15,19.64,15.82,15.15,15.68,15.68
2024-10-13 11:00:00,-3320.43897126061,-3237.39358965207,-2689.64834536545,-1703.31708436169,-3690.58746584124,-2872.73458182653,16.27,20.11,15.91,15.2,15.78,15.77
2024-10-13 11:10:00,-3296.82202143335,-3143.36998876419,-2668.67386465717,-1693.54017026279,-3711.89345979497,-2890.64994657832,16.41,20.67,16.01,15.28,15.88,15.87
2024-10-13 11:20:00,-3302.14015546021,-3122.45006989669,-2664.37593524833,-1698.61714153039,-3707.62244358764,-2866.787501859,16.56,20.96,16.12,15.34,16.03,15.98
2024-10-13 11:30:00,-3268.85383997774,-3083.86602550336,-2668.05945053104,-1693.15026311918,-3649.18181889473,-2870.08991359852,16.73,21.18,16.24,15.43,16.16,16.12
2024-10-13 11:40:00,-3268.85383997774,-3040.15343257299,-2660.08492770337,-1685.759059982,-3628.23578512205,-2884.6657785667,16.88,21.42,16.36,15.52,16.32,16.25
2024-10-13 11:50:00,-3235.90305804207,-3012.9748215934,-2677.90707365366,-1684.98291797264,-3594.14424192042,-2862.17050819923,17.05,21.57,16.51,15.64,16.48,16.4
2024-10-13 12:00:00,-3214.367308296,-2996.37042929806,-2632.66441014885,-1674.92553037231,-3580.92728667541,-2851.64528245308,17.21,21.69,16.66,15.76,16.65,16.56
2024-10-13 12:10:00,-3176.84117104488,-2980.5437597481,-2663.14922726784,-1676.85497011304,-3553.00241299385,-2826.15191196947,17.37,21.86,16.82,15.9,16.83,16.74
2024-10-13 12:20:00,-3195.18127527183,-2984.66437889368,-2639.94878984759,-1664.92817367452,-3553.00241299385,-2820.95073968647,17.55,21.97,16.98,16.06,17,16.92
2024-10-13 12:30:00,-3159.33371738612,-2970.9510917269,-2630.84645797188,-1650.42389373893,-3506.6748810773,-2762.45684642175,17.72,22.1,17.15,16.22,17.18,17.1
2024-10-13 12:40:00,-3131.08964880078,-2961.3892970252,-2604.92667142929,-1651.56436003314,-3507.48241577531,-2788.01754491345,17.89,22.14,17.34,16.4,17.38,17.29
2024-10-13 12:50:00,-3125.32727749018,-2963.43565898717,-2610.33052756251,-1633.78724967767,-3503.44660106054,-2729.5779578,18.07,22.3,17.54,16.59,17.57,17.5
2024-10-13 13:00:00,-3120.29390260086,-2955.93923757665,-2613.33751227019,-1627.40446211984,-3437.12639103724,-2758.64300636299,18.25,22.48,17.73,16.79,17.75,17.69
2024-10-13 13:10:00,-3102.38364635489,-2920.08506077476,-2594.7498913432,-1617.31830673044,-3418.18451520195,-2753.56607561393,18.44,22.59,17.93,16.99,17.95,17.87
2024-10-13 13:20:00,-3096.67410478201,-2884.6657785667,-2576.88775873141,-1612.11308283452,-3388.40647080105,-2725.18194166108,18.63,22.73,18.11,17.21,18.13,18.06
2024-10-13 13:30:00,-3068.28362594023,-2872.73458182653,-2574.5154500518,-1601.01537443231,-3410.32290897425,-2733.98106519311,18.84,22.87,18.33,17.45,18.33,18.25
2024-10-13 13:40:00,-3042.95480724538,-2854.93025102909,-2569.77738259539,-1589.26201136615,-3390.7479076802,-2707.04516955901,19.07,23.03,18.51,17.68,18.51,18.44
2024-10-13 13:50:00,-3044.3564624392,-2854.93025102909,-2541.53153321097,-1577.23171916889,-3371.28526544594,-2706.42192113054,19.29,23.11,18.73,17.91,18.71,18.61
2024-10-13 14:00:00,-2997.06044852476,-2837.88963904409,-2527.52524736152,-1560.61401386704,-3334.99742123356,-2692.12674420927,19.52,23.2,18.96,18.15,18.95,18.81
2024-10-13 14:10:00,-3002.58632585259,-2843.12204268913,-2519.97076510342,-1561.6924202618,-3304.42198109321,-2677.90707365366,19.75,23.3,19.18,18.38,19.18,19
2024-10-13 14:20:00,-2966.16634142884,-2819.00276883285,-2500.89525432172,-1548.44399595993,-3309.75237468514,-2676.05787974368,19.98,23.3,19.41,18.61,19.42,19.18
2024-10-13 14:30:00,-2957.98183347033,-2823.55012821388,-2488.83154375668,-1533.89454313769,-3224.74592360628,-2636.30408406301,20.22,23.42,19.63,18.85,19.68,19.36
2024-10-13 14:40:00,-2966.16634142884,-2817.70486895775,-2484.82325243746,-1534.60109035557,-3261.33568477238,-2653.35587403035,20.46,23.55,19.86,19.1,19.95,19.55
2024-10-13 14:50:00,-2940.32612343514,-2773.29138423874,-2451.29456575347,-1511.10799179844,-3187.83256226334,-2652.13423980723,20.67,23.72,20.08,19.34,20.24,19.73
2024-10-13 15:00:00,-2923.44886893244,-2791.22921716483,-2460.34212466047,-1510.06451582302,-3184.89781167865,-2638.73332839346,20.86,23.8,20.31,19.57,20.53,19.9
2024-10-13 15:10:00,-2883.33764671983,-2804.75869105832,-2427.7027062101,-1495.18696574895,-3152.06745147288,-2634.48361855654,21.05,23.74,20.53,19.8,20.81,20.07
2024-10-13 15:20:00,-2903.32398847483,-2828.10482298229,-2412.65654693989,-1496.22016112648,-3149.1656266074,-2617.55311112792,21.22,23.7,20.73,20.01,21.1,20.28
2024-10-13 15:30:00,-2881.34659539874,-2838.54316251871,-2412.10107619333,-1477.39118161598,-3073.23310257231,-2607.32700278184,21.37,23.67,20.93,20.25,21.4,20.45
2024-10-13 15:40:00,-2880.01999174031,-2874.05782965707,-2422.119144928,-1478.75253601114,-3055.59297183821,-2599.53400225528,21.52,23.55,21.13,20.47,21.65,20.64
2024-10-13 15:50:00,-2862.82962319431,-2880.01999174031,-2404.33790050371,-1473.31463347541,-3032.46294291648,-2589.3782899439,21.63,23.44,21.31,20.67,21.89,20.8
2024-10-13 16:00:00,-2868.76849264017,-2922.77579744706,-2395.496289181,-1463.50935356602,-3005.35308400195,-2575.10832239583,21.71,23.34,21.48,20.86,22.11,20.96
2024-10-13 16:10:00,-2852.95881606573,-2938.29571946246,-2405.44539401559,-1456.78513888425,-2999.13145975782,-2573.92271420596,21.8,23.22,21.64,21.05,22.31,21.14
2024-10-13 16:20:00,-2828.75609316035,-2941.68050548927,-2391.63831534374,-1451.42801833309,-2964.80068582658,-2567.41161979927,21.87,23.18,21.76,21.22,22.47,21.27
2024-10-13 16:30:00,-2859.53556536321,-2937.61922975696,-2389.98680060257,-1443.09692884525,-2975.05844895295,-2559.14858817561,21.9,23.1,21.89,21.37,22.62,21.43
2024-10-13 16:40:00,-2833.31918571886,-2973.68869932659,-2390.53717876272,-1439.77789801104,-2943.03551140302,-2539.77651165721,22,23.07,22.01,21.53,22.7,21.55
2024-10-13 16:50:00,-2835.2770494194,-3026.185196363,-2375.17439298628,-1441.1045933331,-2953.89805217101,-2535.68617289162,22,23,22.1,21.65,22.8,21.66
2024-10-13 17:00:00,-2848.36409366066,-3022.70317669836,-2374.08083657616,-1434.48331917393,-2936.94289580104,-2516.49170063828,22.07,22.9,22.2,21.76,22.83,21.74
2024-10-13 17:10:00,-2826.80273242138,-3033.16127370843,-2354.48269298598,-1423.62466065297,-2947.10427517633,-2521.13152178071,22.1,22.86,22.28,21.87,22.9,21.83
2024-10-13 17:20:00,-2838.54316251871,-3059.11287908452,-2362.62884792491,-1435.14407528835,-2919.41276374566,-2488.83154375668,22.1,22.77,22.36,21.95,22.9,21.9
2024-10-13 17:30:00,-2815.75913949795,-3090.97507089248,-2338.27454813371,-1430.1958135217,-2915.38223079421,-2510.70393033573,22.1,22.65,22.4,22.02,22.9,21.99
2024-10-13 17:40:00,-2824.85072055026,-3125.32727749018,-2348.52670254061,-1430.5251661944,-2924.1220954161,-2511.28210784262,22.1,22.47,22.48,22.1,22.9,22.02
2024-10-13 17:50:00,-2843.77677110794,-3161.51686174709,-2354.48269298598,-1424.93647144008,-2966.16634142884,-2488.83154375668,22.1,22.26,22.5,22.16,22.9,22.1
2024-10-13 18:00:00,-2830.0590834843,-3220.29384856347,-2349.06753306121,-1428.22128925264,-2938.29571946246,-2493.42036604994,22.08,22.05,22.51,22.2,22.9,22.1
2024-10-13 18:10:00,-2832.66686497087,-3235.15804960324,-2363.71712928482,-1420.35041479283,-2930.86289301488,-2497.44252545246,22,21.89,22.6,22.2,22.86,22.1
2024-10-13 18:20:00,-2832.66686497087,-3271.11266429513,-2360.45378814451,-1429.20821039892,-2943.03551140302,-2504.35275660879,22,21.76,22.6,22.27,22.8,22.2
2024-10-13 18:30:00,-2833.31918571886,-3280.91895368899,-2337.19798081796,-1427.56372046504,-2959.34434815187,-2492.84630088762,21.91,21.66,22.6,22.3,22.78,22.2
2024-10-13 18:40:00,-2853.6158097461,-3325.79520200719,-2352.85683557671,-1424.93647144008,-2950.49920826768,-2498.01764905645,21.9,21.54,22.6,22.3,22.7,22.2
2024-10-13 18:50:00,-2861.51154495351,-3304.42198109321,-2366.98498201331,-1440.10945729426,-2932.21291608673,-2487.1129134954,21.8,21.43,22.6,22.3,22.65,22.19
2024-10-13 19:00:00,-2866.787501859,-3324.2639693227,-2370.25735256727,-1426.5779348999,-2950.49920826768,-2483.67921248665,21.77,21.32,22.52,22.29,22.6,22.1
2024-10-13 19:10:00,-2868.76849264017,-3359.66134400785,-2358.82380747312,-1438.78367810441,-2962.07126062113,-2509.54797463622,21.7,21.21,22.5,22.2,22.5,22.1
2024-10-13 19:20:00,-2880.01999174031,-3396.99965245119,-2358.82380747312,-1437.12817034952,-2966.16634142884,-2508.9701963823,21.65,21.08,22.5,22.2,22.44,22.1
2024-10-13 19:30:00,-2889.31905955469,-3413.4653793902,-2358.28073074593,-1445.7576614991,-2980.5437597481,-2492.27236789348,21.6,20.95,22.44,22.2,22.36,22.04
2024-10-13 19:40:00,-2876.70615415434,-3484.94158208868,-2378.45808544871,-1455.77917484857,-3000.51292890667,-2513.59614963299,21.5,20.79,22.4,22.12,22.27,22
2024-10-13 19:50:00,-2902.65555038096,-3458.5614979848,-2368.62060217194,-1455.44400789491,-3002.58632585259,-2537.43836796334,21.45,20.66,22.36,22.1,22.19,21.97
2024-10-13 20:00:00,-2913.36905150226,-3512.33153068864,-2379.00580871845,-1452.43097565797,-3022.00725369501,-2514.17499317465,21.39,20.57,22.3,22.04,22.1,21.9
2024-10-13 20:10:00,-2899.31566764072,-3522.86095690286,-2387.23680993844,-1448.75685011041,-3033.85976531551,-2536.27010343475,21.3,20.5,22.22,22,22.01,21.86
2024-10-13 20:20:00,-2931.53782683723,-3542.38289743413,-2377.91048828239,-1455.77917484857,-3049.26734194303,-2544.45926453609,21.21,20.43,22.19,21.93,21.93,21.8
2024-10-13 20:30:00,-2936.94289580104,-3542.38289743413,-2368.62060217194,-1460.14337545773,-3035.25723112318,-2539.77651165721,21.15,20.4,22.1,21.89,21.84,21.73
2024-10-13 20:40:00,-2924.1220954161,-3563.65376421731,-2412.65654693989,-1465.19525127103,-3076.06495878181,-2532.18541177922,21.08,20.32,22.05,21.8,21.76,21.7
2024-10-13 20:50:00,-2970.26708370968,-3574.33704654288,-2390.53717876272,-1476.71097446923,-3072.52554596297,-2533.93518777542,21,20.28,22,21.75,21.69,21.62
2024-10-13 21:00:00,-2936.94289580104,-3573.5141197694,-2374.62755183105,-1481.13792537336,-3061.22676942627,-2520.55107662354,20.92,20.18,21.9,21.7,21.6,21.56
2024-10-13 21:10:00,-2946.42575745942,-3612.39724538842,-2393.84211036616,-1476.71097446923,-3063.34212049619,-2547.39036847751,20.85,20.09,21.84,21.61,21.5,21.5
2024-10-13 21:20:00,-2988.79069481928,-3631.57905317062,-2396.04793609384,-1484.89417107509,-3112.40068651309,-2546.8038776935,20.78,20,21.78,21.55,21.42,21.41
2024-10-13 21:30:00,-2968.89954008057,-3631.57905317062,-2404.33790050371,-1475.69125090687,-3098.10050432375,-2529.85425652793,20.7,19.92,21.7,21.49,21.34,21.36
2024-10-13 21:40:00,-2985.35170239233,-3669.40376671717,-2404.33790050371,-1487.63196805152,-3110.25145868829,-2558.55939027314,20.62,19.82,21.64,21.4,21.24,21.29
2024-10-13 21:50:00,-2994.99086740158,-3676.16928760985,-2418.21829468079,-1494.49856522748,-3113.11742577,-2563.86705862518,20.55,19.74,21.58,21.32,21.16,21.2
2024-10-13 22:00:00,-2999.13145975782,-3683.79541012972,-2427.7027062101,-1490.03168090751,-3116.70359862959,-2566.22955525591,20.49,19.7,21.5,21.25,21.08,21.13
2024-10-13 22:10:00,-2999.82211480849,-3709.33026003053,-2423.23482889133,-1502.43434367642,-3113.11742577,-2556.79261035408,20.4,19.61,21.42,21.18,21,21.07
2024-10-13 22:20:00,-2999.82211480849,-3707.62244358764,-2415.99205869895,-1505.89781253501,-3133.97481740613,-2546.8038776935,20.33,19.55,21.35,21.1,20.9,21
2024-10-13 22:30:00,-3033.85976531551,-3749.69119037228,-2432.17882124794,-1511.4559773338,-3157.1520805671,-2557.97032802288,20.27,19.46,21.28,21.01,20.82,20.91
2024-10-13 22:40:00,-3038.05409415,-3799.22926966117,-2450.16596277873,-1522.98456684265,-3139.03026110538,-2582.82809851531,20.19,19.38,21.2,20.94,20.75,20.85
2024-10-13 22:50:00,-3006.73741897447,-3778.29185831564,-2461.47541501017,-1520.88193868488,-3176.84117104488,-2570.36916383346,20.1,19.3,21.11,20.87,20.67,20.78
2024-10-13 23:00:00,-3026.88208148396,-3805.35784145652,-2462.04225592738,-1521.5824919969,-3181.96576285476,-2574.5154500518,20.01,19.2,21.04,20.8,20.59,20.7
2024-10-13 23:10:00,-3035.25723112318,-3807.98739764026,-2469.4230774824,-1523.33528737534,-3193.71017867557,-2573.33011482687,19.96,19.14,20.98,20.7,20.5,20.62
2024-10-13 23:20:00,-3049.96954253637,-3835.2661062658,-2468.85453726387,-1532.83533220553,-3198.86198203733,-2579.85621885631,19.9,19.07,20.9,20.63,20.41,20.56
2024-10-13 23:30:00,-3058.4085734025,-3876.99733462931,-2485.96781935946,-1547.3747380923,-3216.58848164802,-2597.14084521707,19.8,18.99,20.81,20.57,20.34,20.5
2024-10-13 23:40:00,-3050.67190483598,-3874.32012453089,-2487.68565834447,-1547.01848290875,-3192.23975938836,-2591.76429411097,19.74,18.9,20.74,20.49,20.26,20.4
2024-10-13 23:50:00,-3047.86342572627,-3885.93473651301,-2495.71794898973,-1548.08749459899,-3201.07244098923,-2592.9581205442,19.68,18.8,20.67,20.4,20.17,20.34
2024-10-14,-3034.55841777475,-3951.80496409644,-2492.84630088762,-1556.66622432363,-3211.40812955837,-2604.92667142929,19.6,18.73,20.6,20.32,20.08,20.28
2024-10-14 00:10:00,-3073.23310257231,-3904.77039939808,-2497.44252545246,-1559.89549001312,-3250.09086067768,-2626.60945002888,19.53,18.68,20.5,20.25,20,20.2
2024-10-14 00:20:00,-3055.59297183821,-3910.16876726778,-2492.84630088762,-1564.57181521775,-3245.60379448688,-2595.9450930114,19.47,18.6,20.43,20.16,19.92,20.1
2024-10-14 00:30:00,-3098.10050432375,-3900.27745318548,-2508.9701963823,-1565.29249309496,-3251.58792751693,-2603.72733454362,19.4,18.6,20.37,20.08,19.85,20.03
2024-10-14 00:40:00,-3090.26342951427,-3937.27276231714,-2524.61700082567,-1571.06987955672,-3250.09086067768,-2608.52799775776,19.32,18.52,20.3,20,19.78,19.98
2024-10-14 00:50:00,-3113.11742577,-4037.34165354102,-2519.97076510342,-1577.95822848995,-3283.9421837538,-2640.55673050964,19.26,18.5,20.2,19.92,19.7,19.9
2024-10-14 01:00:00,-3111.6841122725,-3959.09116663727,-2525.19838230428,-1590.36021393308,-3265.84450039332,-2607.92743113497,19.2,18.4,20.11,19.86,19.62,19.82
2024-10-14 01:10:00,-3103.0980788375,-4004.01321744495,-2537.43836796334,-1578.32160863346,-3285.45484329351,-2610.33052756251,19.12,18.4,20.03,19.79,19.56,19.76
2024-10-14 01:20:00,-3121.0124595472,-3995.72418616938,-2555.02705046193,-1590.72645006807,-3269.60660805235,-2632.66441014885,19.08,18.32,19.98,19.7,19.49,19.7
2024-10-14 01:30:00,-3133.25327611019,-4002.16972572787,-2557.97032802288,-1587.79892084117,-3298.34061372346,-2626.00472047714,19,18.3,19.9,19.62,19.4,19.61
2024-10-14 01:40:00,-3162.97312935879,-4031.76771114653,-2533.3517948046,-1592.1922381892,-3293.0285989015,-2639.34098915294,18.94,18.2,19.82,19.56,19.34,19.56
2024-10-14 01:50:00,-3173.18580208652,-4083.15157790363,-2576.29447670419,-1610.62895538428,-3327.32714001277,-2624.19136706227,18.9,18.18,19.76,19.5,19.28,19.5
2024-10-14 02:00:00,-3151.34174467358,-4105.77836995109,-2555.02705046193,-1601.01537443231,-3331.92718920578,-2642.38139262251,18.8,18.1,19.7,19.4,19.2,19.4
2024-10-14 02:10:00,-3162.24491172344,-4110.50804408285,-2556.2039548731,-1601.01537443231,-3314.32812666249,-2659.47249102539,18.76,18.05,19.61,19.35,19.13,19.36
2024-10-14 02:20:00,-3162.24491172344,-4108.61552097646,-2570.36916383346,-1616.57367559651,-3365.85577243827,-2662.53608509003,18.7,18,19.56,19.29,19.08,19.3
2024-10-14 02:30:00,-3170.99459989052,-4127.58002855585,-2586.39887343772,-1621.0466104752,-3358.11451897917,-2658.24804064453,18.63,18,19.5,19.2,19,19.22
2024-10-14 02:40:00,-3133.25327611019,-4071.88498569725,-2567.41161979927,-1628.15408216394,-3393.0909625254,-2676.05787974368,18.6,17.9,19.4,19.14,18.94,19.18
2024-10-14 02:50:00,-3174.64744468137,-4128.53054840867,-2598.33714821379,-1624.40943168791,-3370.5090876905,-2680.37465340498,18.51,17.89,19.36,19.08,18.89,19.1
2024-10-14 03:00:00,-3173.91653924504,-4170.57084052351,-2582.23344883177,-1626.280679129,-3368.18162646534,-2677.29053374734,18.49,17.8,19.3,19,18.8,19.04
2024-10-14 03:10:00,-3170.26453545596,-4133.28643203842,-2613.33751227019,-1634.53980978098,-3359.66134400785,-2652.74498659587,18.4,17.8,19.21,18.94,18.74,19
2024-10-14 03:20:00,-3210.66876063596,-4129.48128715199,-2588.18611170404,-1641.70644234235,-3396.99965245119,-2672.36332185237,18.4,17.8,19.18,18.88,18.7,18.91
2024-10-14 03:30:00,-3191.50480363819,-4139.95387452518,-2596.54290028121,-1647.00721788642,-3392.30976440066,-2668.67386465717,18.31,17.8,19.1,18.8,18.61,18.87
2024-10-14 03:40:00,-3218.8111898623,-4139.00072465711,-2617.55311112792,-1658.80563665974,-3392.30976440066,-2729.5779578,18.3,17.8,19.04,18.73,18.58,18.8
2024-10-14 03:50:00,-3231.43557949121,-4128.53054840867,-2644.8162369395,-1647.38649897789,-3433.96213805698,-2707.66856151225,18.22,17.78,19,18.69,18.5,18.73
2024-10-14 04:00:00,-3208.45167507031,-4154.27749041005,-2617.55311112792,-1652.32510868365,-3437.91790975978,-2735.87028484491,18.2,17.7,18.91,18.6,18.47,18.7
2024-10-14 04:10:00,-3221.03543399944,-4197.54636980576,-2651.52363363204,-1656.89696502471,-3393.87234054837,-2708.91577612529,18.18,17.7,18.89,18.56,18.4,18.61
2024-10-14 04:20:00,-3241.1229231269,-4178.26039608889,-2653.35587403035,-1654.99048956463,-3435.54390024903,-2742.17711720173,18.1,17.7,18.8,18.5,18.4,18.6
2024-10-14 04:30:00,-3227.7173925652,-4185.96412939325,-2633.27067332737,-1666.84609690484,-3467.33259656948,-2755.46882878541,18.1,17.7,18.77,18.44,18.3,18.51
2024-10-14 04:40:00,-3256.08326680656,-4198.51300185894,-2635.69712249627,-1670.68857399742,-3436.33505454764,-2738.39127527939,18.06,17.7,18.7,18.4,18.3,18.5
2024-10-14 04:50:00,-3237.39358965207,-4212.06924703635,-2644.8162369395,-1661.48147134021,-3450.60702727367,-2735.24039995245,18,17.63,18.68,18.35,18.22,18.42
2024-10-14 05:00:00,-3241.86930518676,-4229.56304099403,-2651.52363363204,-1689.64513595724,-3448.22425545781,-2737.13048982241,18,17.6,18.6,18.3,18.2,18.4
2024-10-14 05:10:00,-3244.85655262809,-4212.06924703635,-2653.35587403035,-1692.76044574468,-3484.13923701193,-2761.820840452,17.99,17.6,18.6,18.25,18.16,18.38
2024-10-14 05:20:00,-3239.63067449076,-4260.84271022193,-2656.41242202418,-1688.08963172237,-3484.13923701193,-2759.27828052516,17.9,17.6,18.51,18.2,18.1,18.3
2024-10-14 05:30:00,-3232.17973070093,-4233.46040704514,-2671.13293639124,-1696.66266158098,-3496.99895425174,-2746.60054841515,17.9,17.53,18.5,18.17,18.1,18.3
2024-10-14 05:40:00,-3261.33568477238,-4227.61570365782,-2668.05945053104,-1684.2071333076,-3471.32680955678,-2773.93003170291,17.9,17.5,18.44,18.1,18.02,18.23
2024-10-14 05:50:00,-3247.09879447993,-4257.90044069038,-2675.44176558097,-1695.10069694174,-3468.13107132869,-2772.65288381165,17.85,17.5,18.4,18.09,18,18.2
2024-10-14 06:00:00,-3250.09086067768,-4245.17406600054,-2669.90311741311,-1686.92394337672,-3489.75953416787,-2770.1003517972,17.8,17.5,18.4,18,18,18.2
2024-10-14 06:10:00,-3253.08568393971,-4301.25808967072,-2690.26773109068,-1705.27922991028,-3518.80744717634,-2764.36574324184,17.8,17.5,18.35,18,17.91,18.1
2024-10-14 06:20:00,-3250.83930791921,-4253.00117243595,-2676.67413578824,-1696.27203553995,-3488.95607984436,-2780.96486794602,17.8,17.44,18.3,17.94,17.9,18.1
2024-10-14 06:30:00,-3298.34061372346,-4240.28944109543,-2686.55355511905,-1703.31708436169,-3507.48241577531,-2793.80121854805,17.76,17.4,18.3,17.9,17.9,18.09
2024-10-14 06:40:00,-3302.14015546021,-4308.19648878851,-2692.74670067262,-1706.45760201898,-3508.29013643647,-2770.7382644144,17.7,17.4,18.24,17.9,17.82,18
2024-10-14 06:50:00,-3270.35954947818,-4287.41479654919,-2701.4410966311,-1705.67193017325,-3506.6748810773,-2777.12547576542,17.7,17.4,18.2,17.8,17.8,18
2024-10-14 07:00:00,-3289.23954119565,-4329.07891276309,-2679.14057943871,-1722.24725980515,-3504.25339233402,-2775.20776787796,17.7,17.4,18.2,17.8,17.8,18
2024-10-14 07:10:00,-3311.27692299431,-4300.26780241029,-2698.95412290115,-1722.64386755124,-3530.98199012387,-2784.80956810872,17.7,17.4,18.14,17.78,17.75,17.9
2024-10-14 07:20:00,-3281.67450017857,-4284.45417800893,-2722.04626539052,-1711.96744743987,-3554.63900788314,-2780.96486794602,17.6,17.4,18.1,17.7,17.7,17.9
2024-10-14 07:30:00,-3278.65335776597,-4246.15166599873,-2708.29209702333,-1727.4102904833,-3522.04988157254,-2800.24159549913,17.6,17.4,18.1,17.7,17.7,17.9
2024-10-14 07:40:00,-3275.63499664732,-4231.51127531874,-2704.5530366634,-1724.23121207418,-3552.18439813576,-2819.65194294418,17.6,17.47,18.07,17.68,17.7,17.85
2024-10-14 07:50:00,-3284.69842644798,-4240.28944109543,-2710.78767530722,-1730.19679196396,-3528.54371642249,-2777.76500616344,17.6,17.54,18,17.6,17.63,17.8
2024-10-14 08:00:00,-3300.61981381929,-4195.61377329706,-2730.20653871685,-1734.18530749105,-3562.83329707729,-2811.87171044509,17.6,17.7,18,17.6,17.6,17.8
2024-10-14 08:10:00,-3302.14015546021,-4210.12996403526,-2708.29209702333,-1731.39238246108,-3566.11629945915,-2830.71080369927,17.6,17.91,18,17.6,17.6,17.8
2024-10-14 08:20:00,-3271.11266429513,-4089.73814739453,-2736.50031479043,-1723.43735706293,-3556.27635662578,-2804.11294585019,17.6,18.18,18,17.52,17.6,17.8
2024-10-14 08:30:00,-3298.34061372346,-4068.13636759729,-2719.54032233583,-1742.1899431743,-3556.27635662578,-2820.30126655057,17.6,18.42,17.9,17.5,17.6,17.72
2024-10-14 08:40:00,-3289.23954119565,-4060.64948126645,-2710.78767530722,-1737.38273892011,-3530.16904507181,-2804.75869105832,17.6,18.6,17.9,17.5,17.6,17.7
2024-10-14 08:50:00,-3330.39313328696,-3960.00288602903,-2731.4641348422,-1747.81516191361,-3543.19865515343,-2813.81475363633,17.6,18.75,17.9,17.5,17.6,17.7
2024-10-14 09:00:00,-3312.8021735456,-3926.40869181377,-2733.35161525947,-1742.1899431743,-3593.31675489669,-2824.85072055026,17.64,18.98,17.9,17.5,17.6,17.7
2024-10-14 09:10:00,-3291.51245232141,-3902.0740109709,-2699.57565160755,-1743.79529859123,-3545.6470556251,-2825.50124135727,17.7,19.19,17.9,17.5,17.6,17.7
2024-10-14 09:20:00,-3309.75237468514,-3851.19494102632,-2736.50031479043,-1751.03772360108,-3536.67784975713,-2809.28307318604,17.7,19.42,17.96,17.5,17.6,17.73
2024-10-14 09:30:00,-3302.90058887468,-3825.56426885054,-2725.18194166108,-1751.84429197798,-3535.04952438256,-2809.28307318604,17.79,19.63,18,17.5,17.67,17.8
2024-10-14 09:40:00,-3281.67450017857,-3770.47011106331,-2752.29830351199,-1757.90540895873,-3523.67221901169,-2827.45370274748,17.81,19.85,18,17.5,17.7,17.8
2024-10-14 09:50:00,-3272.61941426216,-3681.25161310814,-2742.17711720173,-1764.39371638726,-3511.5228795692,-2817.70486895775,17.9,20.04,18.01,17.5,17.72,17.8
2024-10-14 10:00:00,-3232.17973070093,-3619.89107437954,-2730.20653871685,-1759.93043783016,-3535.86359333591,-2836.58304344625,17.97,20.48,18.1,17.5,17.8,17.9
2024-10-14 10:10:00,-3265.84450039332,-3514.75860153997,-2705.79881619381,-1761.14657469785,-3508.29013643647,-2795.08810785024,18.03,21.04,18.1,17.5,17.84,17.9
2024-09-12 07:30:00,-0.0979931012856695,-0.0979931012856695,-0.0979931012856695,-0.0979931012856695,-0.0979931012856695,-5.70946614949411,19.13,19.73,19.5,19.8,19.7,19.92
2024-09-12 07:40:00,-0.0979931012856695,-0.0979931012856695,-0.0979931012856695,-0.0979931012856695,-0.0979931012856695,-6.1389698779779,19.1,20.17,19.5,19.7,19.63,19.9
2024-09-12 07:50:00,-0.0979931012856695,-0.0979931012856695,-0.0979931012856695,-0.0979931012856695,-0.0979931012856695,-6.56894313629598,19.1,20.45,19.41,19.7,19.6,19.84
2024-09-12 08:00:00,-0.0979931012856695,-0.0979931012856695,-0.0979931012856695,-0.0979931012856695,-0.0979931012856695,-6.85954804730026,19.1,20.67,19.4,19.6,19.6,19.8
2024-09-12 08:10:00,-0.0979931012856695,-0.0979931012856695,-0.0979931012856695,-0.0979931012856695,-0.0979931012856695,-7.35013815788715,19.1,20.77,19.4,19.6,19.55,19.8
2024-09-12 08:20:00,-0.0979931012856695,-0.0979931012856695,-0.0979931012856695,-0.0979931012856695,-0.0979931012856695,-7.70008470091534,19.1,21,19.4,19.54,19.5,19.73
2024-09-12 08:30:00,-0.0979931012856695,-0.0979931012856695,-0.0979931012856695,-0.0979931012856695,-0.0979931012856695,-8.01854373773302,19.13,21.27,19.4,19.5,19.5,19.7
2024-09-12 08:40:00,-0.0979931012856695,-0.0979931012856695,-0.0979931012856695,-0.0979931012856695,-0.0979931012856695,-8.57028969774226,19.2,21.74,19.4,19.5,19.5,19.7
2024-09-12 08:50:00,-0.0979931012856695,-0.0979931012856695,-0.0979931012856695,-0.0979931012856695,-0.0979931012856695,-9.03848210340473,19.2,22.33,19.4,19.5,19.5,19.7
2024-09-12 09:00:00,-0.0979931012856695,-0.0979931012856695,-0.0979931012856695,-0.0979931012856695,-0.0999989644032415,-9.53883864348865,19.2,23,19.4,19.4,19.5,19.7
2024-09-12 09:10:00,-0.0979931012856695,-0.0979931012856695,-0.0979931012856695,-0.0979931012856695,-0.0999989644032415,-9.80833978440828,19.26,23.5,19.4,19.4,19.5,19.7
2024-09-12 09:20:00,-0.0979931012856695,-0.0979931012856695,-0.0979931012856695,-0.0979931012856695,-0.0999989644032415,-9.97919484673669,19.3,23.77,19.4,19.4,19.5,19.7
2024-09-12 09:30:00,-0.0979931012856695,-0.0979931012856695,-0.0979931012856695,-0.0979931012856695,-0.0999989644032415,-9.99989644032415,19.35,23.96,19.4,19.4,19.58,19.78
2024-09-12 09:40:00,-0.0979931012856695,-0.0979931012856695,-0.0979931012856695,-0.0979931012856695,-0.0999989644032415,-9.99989644032415,19.4,24.15,19.45,19.42,19.6,19.8
2024-09-12 09:50:00,-0.0979931012856695,-0.0979931012856695,-0.0979931012856695,-0.0979931012856695,-0.0999989644032415,-9.99989644032415,19.48,24.34,19.5,19.5,19.64,19.86
2024-09-12 10:00:00,-0.0979931012856695,-0.0979931012856695,-0.0979931012856695,-0.0979931012856695,-0.0999989644032415,-9.99989644032415,19.54,24.54,19.55,19.5,19.7,19.93
2024-09-12 10:10:00,-0.0979931012856695,-0.0979931012856695,-0.0979931012856695,-0.0979931012856695,-0.0999989644032415,-9.99989644032415,19.6,24.74,19.6,19.56,19.79,20.01
2024-09-12 10:20:00,-0.0979931012856695,-0.0979931012856695,-0.0979931012856695,-0.0979931012856695,-0.0999989644032415,-9.98839025884809,19.7,24.88,19.69,19.6,19.86,20.13
2024-09-12 10:30:00,-0.0979931012856695,-0.0979931012856695,-0.0979931012856695,-0.0979931012856695,-0.0999989644032415,-9.95853610919073,19.78,24.9,19.75,19.7,19.95,20.25
2024-09-12 10:40:00,-0.0979931012856695,-0.0979931012856695,-0.0979931012856695,-0.0979931012856695,-0.0999989644032415,-9.81963855574317,19.85,24.9,19.83,19.78,20.04,20.37
2024-09-12 10:50:00,-0.0979931012856695,-0.0979931012856695,-0.0979931012856695,-0.0979931012856695,-0.0999989644032415,-9.82868694338284,19.93,24.91,19.9,19.87,20.16,20.52
2024-09-12 11:00:00,-0.0979931012856695,-0.0979931012856695,-0.0979931012856695,-0.0979931012856695,-0.169979091004163,-9.86042201004035,20,25,20,19.97,20.28,20.65
2024-09-12 11:10:00,-0.0979931012856695,-0.0979931012856695,-0.0979931012856695,-0.0979931012856695,-0.199984115912805,-9.94020869311271,20.09,25.09,20.08,20.08,20.41,20.79
2024-09-12 11:20:00,-0.0979931012856695,-0.0979931012856695,-0.0979931012856695,-0.0979931012856695,-0.199984115912805,-9.99989644032415,20.18,25.16,20.18,20.23,20.54,20.95
2024-09-12 11:30:00,-0.0979931012856695,-0.0979931012856695,-0.0979931012856695,-0.0979931012856695,-0.199984115912805,-9.99989644032415,20.28,25.14,20.28,20.35,20.66,21.09
2024-09-12 11:40:00,-0.0979931012856695,-0.0979931012856695,-0.0979931012856695,-0.0979931012856695,-0.199984115912805,-10.0091109280912,20.36,25.18,20.37,20.47,20.79,21.24
2024-09-12 11:50:00,-0.0979931012856695,-0.0979931012856695,-0.0979931012856695,-0.0979931012856695,-0.199984115912805,-10.0692124110008,20.44,25.2,20.46,20.61,20.94,21.39
2024-09-12 12:00:00,-0.0979931012856695,-0.0979931012856695,-0.0979931012856695,-0.0979931012856695,-0.289998333660962,-10.0993983510781,20.52,25.2,20.54,20.74,21.06,21.54
2024-09-12 12:10:00,-0.0979931012856695,-0.0979931012856695,-0.0999989644032415,-0.0979931012856695,-0.299982211480849,-10.0993983510781,20.6,25.27,20.63,20.87,21.21,21.66
2024-09-12 12:20:00,-0.0979931012856695,-0.0979931012856695,-0.0999989644032415,-0.0979931012856695,-0.380010417525265,-10.0993983510781,20.7,25.36,20.72,21.02,21.35,21.78
2024-09-12 12:30:00,-0.0979931012856695,-0.0979931012856695,-0.0999989644032415,-0.0979931012856695,-0.449982373821014,-10.1694040360502,20.79,25.4,20.8,21.15,21.47,21.93
2024-09-12 12:40:00,-0.0979931012856695,-0.0979931012856695,-0.0999989644032415,-0.0979931012856695,-0.569895860495565,-10.1998903351096,20.89,25.4,20.9,21.28,21.6,22.05
2024-09-12 12:50:00,-0.0979931012856695,-0.0979931012856695,-0.110000713575001,-0.0979931012856695,-0.669877672113226,-10.2281126462405,20.98,25.4,20.99,21.44,21.72,22.17
2024-09-12 13:00:00,-0.0979931012856695,-0.0979931012856695,-0.199984115912805,-0.0979931012856695,-0.749886443452332,-10.2895291638335,21.09,25.32,21.07,21.56,21.83,22.3
2024-09-12 13:10:00,-0.0979931012856695,-0.0979931012856695,-0.199984115912805,-0.0979931012856695,-0.840031365836083,-10.2990105360832,21.21,25.18,21.15,21.7,21.95,22.42
2024-09-12 13:20:00,-0.0979931012856695,-0.0979931012856695,-0.259953400225528,-0.0979931012856695,-0.989909523503482,-10.3394039341828,21.32,25.1,21.23,21.83,22.06,22.53
2024-09-12 13:30:00,-0.0979931012856695,-0.0979931012856695,-0.349941543007551,-0.0979931012856695,-1.18003666752093,-10.3990939644953,21.43,25.04,21.32,21.96,22.17,22.63
2024-09-12 13:40:00,-0.0979931012856695,-0.0979931012856695,-0.439942078642958,-0.0979931012856695,-1.38005216404685,-10.408676296142,21.53,25,21.4,22.09,22.28,22.72
2024-09-12 13:50:00,-0.0979931012856695,-0.0979931012856695,-0.540002166763744,-0.0979931012856695,-1.60988740410128,-10.5001499807699,21.63,25,21.5,22.23,22.41,22.81
2024-09-12 14:00:00,-0.0979931012856695,-0.0979931012856695,-0.699995909920872,-0.0979931012856695,-1.88971148443813,-10.5001499807699,21.72,25.1,21.57,22.37,22.52,22.9
2024-09-12 14:10:00,-0.0979931012856695,-0.0979931012856695,-0.869952423772867,-0.0979931012856695,-2.1897548778332,-10.5899888399999,21.82,25.1,21.65,22.5,22.64,22.98
2024-09-12 14:20:00,-0.0979931012856695,-0.0979931012856695,-1.1300443869243,-0.0979931012856695,-2.41988931778436,-10.6095142984409,21.92,25.03,21.7,22.63,22.77,23.05
2024-09-12 14:30:00,-0.0979931012856695,-0.0979931012856695,-1.36992093458253,-0.0979931012856695,-2.68964834536545,-10.6904380812498,22.02,25,21.79,22.74,22.92,23.1
2024-09-12 14:40:00,-0.0979931012856695,-0.0979931012856695,-1.54987082256197,-0.0979931012856695,-3.16006126461702,-10.7002888743567,22.1,24.95,21.85,22.86,23.06,23.2
2024-09-12 14:50:00,-0.0979931012856695,-0.0979931012856695,-1.7696830956179,-0.0979931012856695,-3.52935628718571,-10.749679163719,22.2,24.84,21.9,22.97,23.24,23.26
2024-09-12 15:00:00,-0.0979931012856695,-0.0979931012856695,-2.23972915037574,-0.0979931012856695,-3.8097414444967,-10.7992974282988,22.27,24.71,22,23.07,23.4,23.3
2024-09-12 15:10:00,-0.0979931012856695,-0.0979931012856695,-2.60972954593968,-0.0979931012856695,-4.08973814739453,-10.7992974282988,22.34,24.56,22.04,23.18,23.55,23.38
2024-09-12 15:20:00,-0.0979931012856695,-0.0979931012856695,-2.97985754319171,-0.0979931012856695,-4.22956304099403,-10.8092485307566,22.4,24.48,22.1,23.3,23.69,23.4
2024-09-12 15:30:00,-0.0979931012856695,-0.0979931012856695,-3.33960807463512,-0.0979931012856695,-4.29927774314567,-10.899222097111,22.43,24.4,22.17,23.4,23.83,23.48
2024-09-12 15:40:00,-0.0979931012856695,-0.0979931012856695,-3.76960202818175,-0.0979931012856695,-4.5697822078531,-10.899222097111,22.5,24.34,22.2,23.5,23.94,23.5
2024-09-12 15:50:00,-0.0979931012856695,-0.0979931012856695,-4.44012812576981,-0.0979931012856695,-4.89999348323317,-10.899222097111,22.5,24.24,22.27,23.59,24.05,23.54
2024-09-12 16:00:00,-0.0979931012856695,-0.0979931012856695,-4.98994205463264,-0.0979931012856695,-5.11912226598385,-10.9293794053764,22.5,24.13,22.3,23.68,24.1,23.6
2024-09-12 16:10:00,-0.0999989644032415,-0.0979931012856695,-5.15935608122565,-0.0979931012856695,-5.26981661535201,-11.0000713575001,22.58,23.97,22.37,23.75,24.2,23.6
2024-09-12 16:20:00,-0.0999989644032415,-0.0979931012856695,-5.32961088625361,-0.0979931012856695,-5.38016385451164,-11.0000713575001,22.6,23.86,22.4,23.82,24.2,23.67
2024-09-12 16:30:00,-0.0999989644032415,-0.0979931012856695,-5.46003595300182,-0.0979931012856695,-5.52962273974114,-11.0279681320323,22.6,23.79,22.4,23.9,24.2,23.7
2024-09-12 16:40:00,-0.0999989644032415,-0.0979931012856695,-5.58979012915363,-0.0979931012856695,-5.64021296385142,-11.0890796379043,22.6,23.69,22.44,23.96,24.2,23.7
2024-09-12 16:50:00,-0.0999989644032415,-0.0979931012856695,-5.72922004108606,-0.0979931012856695,-5.79022583073438,-11.09929776259,22.6,23.56,22.5,24,24.2,23.7
2024-09-12 17:00:00,-0.0999989644032415,-0.0979931012856695,-5.89923235814969,-0.0979931012856695,-5.89923235814969,-11.09929776259,22.6,23.39,22.5,24.08,24.2,23.7
2024-09-12 17:10:00,-0.0999989644032415,-0.0979931012856695,-6.04916599922275,-0.0979931012856695,-6.04916599922275,-11.1685168158097,22.6,23.18,22.5,24.1,24.2,23.7
2024-09-12 17:20:00,-0.0999989644032415,-0.0979931012856695,-6.17014687893566,-0.0979931012856695,-6.12908299763335,-11.1994192418252,22.58,22.94,22.5,24.1,24.2,23.7
2024-09-12 17:30:00,-0.0999989644032415,-0.0979931012856695,-6.25886382195231,-0.0979931012856695,-6.30950810306387,-11.1994192418252,22.5,22.7,22.5,24.1,24.16,23.7
2024-09-12 17:40:00,-0.189974584112595,-0.0979931012856695,-6.40907719356474,-0.0979931012856695,-6.45944942815461,-11.2200683471522,22.5,22.46,22.5,24.1,24.1,23.7
2024-09-12 17:50:00,-0.199984115912805,-0.0979931012856695,-6.51921797783143,-0.0979931012856695,-6.62972481878034,-11.300443869243,22.45,22.25,22.5,24.1,24.08,23.7
2024-09-12 18:00:00,-0.199984115912805,-0.0979931012856695,-6.7188586167604,-0.0979931012856695,-6.78883889223226,-11.300443869243,22.4,22.05,22.47,24.1,24,23.7
2024-09-12 18:10:00,-0.199984115912805,-0.0979931012856695,-6.92939793706198,-0.0979931012856695,-6.96940178791676,-11.3186727195325,22.39,21.83,22.4,24.1,23.92,23.7
2024-09-12 18:20:00,-0.239991302313102,-0.0979931012856695,-7.10878701217464,-0.0979931012856695,-7.13009805518506,-11.3997545989881,22.3,21.62,22.4,24.1,23.87,23.61
2024-09-12 18:30:00,-0.299982211480849,-0.0979931012856695,-7.24929048167927,-0.0979931012856695,-7.30963181959189,-11.3997545989881,22.27,21.38,22.38,24.07,23.79,23.6
2024-09-12 18:40:00,-0.299982211480849,-0.0979931012856695,-7.46956829537184,-0.0979931012856695,-7.40961260463438,-11.3997545989881,22.2,21.15,22.3,24,23.7,23.53
2024-09-12 18:50:00,-0.329985990551223,-0.0979931012856695,-7.61019004743686,-0.0979931012856695,-7.50923165837566,-11.4787739228601,22.11,20.95,22.25,23.95,23.62,23.5
2024-09-12 19:00:00,-0.399940607946233,-0.0979931012856695,-7.78028493718502,-0.0979931012856695,-7.65941326227197,-11.4999380927729,22.02,20.75,22.2,23.9,23.53,23.42
2024-09-12 19:10:00,-0.449982373821014,-0.0979931012856695,-7.96884725476397,-0.0979931012856695,-7.80001615961396,-11.5184887490354,21.92,20.55,22.12,23.82,23.43,23.36
2024-09-12 19:20:00,-0.529901931390699,-0.0979931012856695,-8.13945829813345,-0.0979931012856695,-7.92858163980071,-11.5983310987169,21.82,20.35,22.07,23.77,23.34,23.3
2024-09-12 19:30:00,-0.599922986308656,-0.0979931012856695,-8.36942269734384,-0.0979931012856695,-8.10952659567413,-11.5983310987169,21.71,20.16,22,23.7,23.23,23.2
2024-09-12 19:40:00,-0.659926400016382,-0.0979931012856695,-8.5191350394855,-0.0979931012856695,-8.17891137775678,-11.6384595746851,21.6,19.97,21.91,23.6,23.11,23.11
2024-09-12 19:50:00,-0.749886443452332,-0.0979931012856695,-8.69952423772867,-0.0979931012856695,-8.36942269734384,-11.7002597254652,21.47,19.82,21.84,23.52,22.99,23.02
2024-09-12 20:00:00,-0.880025998072233,-0.0979931012856695,-8.98039630347138,-0.0979931012856695,-8.52894870427465,-11.7002597254652,21.35,19.65,21.76,23.44,22.88,22.93
2024-09-12 20:10:00,-0.979931012856695,-0.0979931012856695,-9.12841765873485,-0.0979931012856695,-8.68951430360264,-11.7705160114611,21.23,19.48,21.7,23.34,22.77,22.84
2024-09-12 20:20:00,-1.10000713575001,-0.0979931012856695,-9.41879842344712,-0.0979931012856695,-8.91036516005277,-11.8003666752093,21.1,19.34,21.6,23.25,22.65,22.74
2024-09-12 20:30:00,-1.21002822971406,-0.0979931012856695,-9.60938297979354,-0.0979931012856695,-9.10952018378643,-11.8085208957725,20.97,19.18,21.51,23.13,22.54,22.64
2024-09-12 20:40:00,-1.33997131805655,-0.0979931012856695,-9.80833978440828,-0.0979931012856695,-9.28956766434148,-11.8985900689113,20.85,19.05,21.42,23.03,22.42,22.54
2024-09-12 20:50:00,-1.49003168090751,-0.0979931012856695,-9.98839025884809,-0.0979931012856695,-9.41012738328416,-11.8985900689113,20.73,18.91,21.32,22.92,22.27,22.43
2024-09-12 21:00:00,-1.65995189485706,-0.0979931012856695,-9.99989644032415,-0.0979931012856695,-9.54982696149172,-11.9287655353802,20.6,18.76,21.22,22.81,22.15,22.33
2024-09-12 21:10:00,-1.87973012868969,-0.0979931012856695,-10.0298745818516,-0.0979931012856695,-9.71841638475436,-12.0003939250652,20.47,18.65,21.12,22.69,22.04,22.2
2024-09-12 21:20:00,-1.99984115912805,-0.0979931012856695,-10.0993983510781,-0.0979931012856695,-9.8400091537402,-12.0003939250652,20.36,18.55,21.02,22.57,21.92,22.09
2024-09-12 21:30:00,-2.1897548778332,-0.0979931012856695,-10.0993983510781,-0.0979931012856695,-9.97919484673669,-12.0585614934334,20.24,18.46,20.92,22.46,21.78,21.98
2024-09-12 21:40:00,-2.35991033614361,-0.0979931012856695,-10.0993983510781,-0.0979931012856695,-9.99989644032415,-12.1002822971406,20.1,18.39,20.82,22.34,21.68,21.87
2024-09-12 21:50:00,-2.56977738259539,-0.0979931012856695,-10.1787747180016,-0.0979931012856695,-9.99989644032415,-12.1002822971406,19.98,18.28,20.72,22.2,21.56,21.76
2024-09-12 22:00:00,-2.81965194294417,-0.0979931012856695,-10.1998903351096,-0.0979931012856695,-10.0483673208219,-12.1589340382575,19.87,18.15,20.62,22.08,21.45,21.66
2024-09-12 22:10:00,-3.09952756089801,-0.0979931012856695,-10.1998903351096,-0.0979931012856695,-10.0993983510781,-12.1981930546867,19.76,18,20.52,21.96,21.33,21.55
2024-09-12 22:20:00,-3.29985990551223,-0.0979931012856695,-10.2281126462405,-0.0979931012856695,-10.0993983510781,-12.1981930546867,19.64,17.85,20.42,21.84,21.2,21.44
2024-09-12 22:30:00,-3.61989107437954,-0.0979931012856695,-10.2990105360832,-0.0979931012856695,-10.0993983510781,-12.2403969625322,19.53,17.69,20.31,21.72,21.07,21.33
2024-09-12 22:40:00,-3.91016876726778,-0.0979931012856695,-10.2990105360832,-0.0979931012856695,-10.1694040360502,-12.2799190081277,19.42,17.55,20.2,21.6,20.96,21.21
2024-09-12 22:50:00,-4.27952435622605,-0.0999989644032415,-10.2990105360832,-0.0979931012856695,-10.1998903351096,-12.2997278588026,19.3,17.43,20.08,21.47,20.85,21.09
2024-09-12 23:00:00,-4.71949469700579,-0.0999989644032415,-10.3394039341828,-0.0979931012856695,-10.1998903351096,-12.3280816598105,19.18,17.27,19.98,21.35,20.73,20.98
2024-09-12 23:10:00,-5.02916057614119,-0.0999989644032415,-10.3990939644953,-0.0979931012856695,-10.2281126462405,-12.3992524519232,19.06,17.16,19.88,21.23,20.61,20.87
2024-09-12 23:20:00,-5.11912226598385,-0.0999989644032415,-10.3990939644953,-0.0979931012856695,-10.2800565202301,-12.3992524519232,18.95,17.04,19.77,21.1,20.48,20.76
2024-09-12 23:30:00,-5.18914136893097,-0.0999989644032415,-10.408676296142,-0.0979931012856695,-10.2990105360832,-12.4078205110433,18.83,16.92,19.66,20.97,20.37,20.64
2024-09-12 23:40:00,-5.26011818972946,-0.0999989644032415,-10.4784127719091,-0.0979931012856695,-10.2990105360832,-12.4794516405678,18.71,16.81,19.55,20.85,20.25,20.53
2024-09-12 23:50:00,-5.38016385451164,-0.0999989644032415,-10.5001499807699,-0.0979931012856695,-10.3584673727636,-12.4995823591734,18.58,16.69,19.44,20.73,20.11,20.42
2024-09-13,-5.42994589773133,-0.0999989644032415,-10.5001499807699,-0.0979931012856695,-10.3990939644953,-12.4995823591734,18.47,16.59,19.33,20.6,19.99,20.29
2024-09-13 00:10:00,-5.49914919427441,-0.0999989644032415,-10.5195097974016,-0.0979931012856695,-10.3990939644953,-12.5804304883239,18.37,16.49,19.22,20.47,19.87,20.16
2024-09-13 00:20:00,-5.60009639259826,-0.110000713575001,-10.5802395902094,-0.0979931012856695,-10.3990939644953,-12.5978230069072,18.26,16.4,19.12,20.35,19.75,20.04
2024-09-13 00:30:00,-5.69895860495566,-0.129985677597456,-10.5997470733178,-0.0979931012856695,-10.408676296142,-12.5978230069072,18.15,16.3,18.99,20.22,19.63,19.94
2024-09-13 00:40:00,-5.81025913864064,-0.199984115912805,-10.5997470733178,-0.0979931012856695,-10.4784127719091,-12.6297717658378,18.04,16.19,18.88,20.07,19.52,19.82
2024-09-13 00:50:00,-5.91964281219694,-0.199984115912805,-10.6388700075359,-0.0979931012856695,-10.5001499807699,-12.688068143573,17.93,16.07,18.76,19.95,19.38,19.7
2024-09-13 01:00:00,-6.00890727614145,-0.199984115912805,-10.7002888743567,-0.0979931012856695,-10.5001499807699,-12.6997596695196,17.82,15.95,18.65,19.83,19.26,19.58
2024-09-13 01:10:00,-6.0700952010503,-0.229982876948736,-10.7002888743567,-0.0979931012856695,-10.5098254313235,-12.6997596695196,17.72,15.83,18.54,19.7,19.15,19.46
2024-09-13 01:20:00,-6.17014687893566,-0.289998333660962,-10.7002888743567,-0.0979931012856695,-10.5680656484579,-12.7701354112996,17.61,15.68,18.43,19.57,19.04,19.35
2024-09-13 01:30:00,-6.25886382195231,-0.309952756089801,-10.779422698203,-0.0979931012856695,-10.5997470733178,-12.7995736137096,17.49,15.57,18.34,19.45,18.92,19.24
2024-09-13 01:40:00,-6.3298803726641,-0.359994198916494,-10.7992974282988,-0.0979931012856695,-10.5997470733178,-12.8084183004244,17.37,15.46,18.24,19.33,18.79,19.13
2024-09-13 01:50:00,-6.41941573513063,-0.389937948449969,-10.7992974282988,-0.0979931012856695,-10.5997470733178,-12.8202207240243,17.27,15.35,18.13,19.2,18.67,19.02
2024-09-13 02:00:00,-6.51021756404835,-0.399940607946233,-10.8092485307566,-0.0979931012856695,-10.6192905236549,-12.8882960194442,17.16,15.25,18.03,19.07,18.56,18.9
2024-09-13 02:10:00,-6.60990933382254,-0.410010994402073,-10.8691480015522,-0.0979931012856695,-10.6683069416175,-12.9001720470328,17.06,15.2,17.92,18.96,18.45,18.78
2024-09-13 02:20:00,-6.68029286517966,-0.459933986278217,-10.899222097111,-0.0979931012856695,-10.7002888743567,-12.9001720470328,16.95,15.1,17.82,18.84,18.35,18.67
2024-09-13 02:30:00,-6.75920319573735,-0.499914233875784,-10.899222097111,-0.0979931012856695,-10.7002888743567,-12.9180066101874,16.85,15.02,17.72,18.71,18.24,18.56
2024-09-13 02:40:00,-6.91027773069612,-0.540002166763744,-10.9092652759863,-0.0979931012856695,-10.7002888743567,-12.9895917677942,16.75,14.93,17.62,18.58,18.13,18.45
2024-09-13 02:50:00,-7.06961075107605,-0.589923235814969,-10.9697189897612,-0.0979931012856695,-10.7200177002204,-12.9985677597456,16.65,14.85,17.52,18.47,18.02,18.36
2024-09-13 03:00:00,-7.13995545736543,-0.649973278511114,-10.9899445816367,-0.0979931012856695,-10.779422698203,-12.9985677597456,16.56,14.75,17.42,18.36,17.91,18.25
2024-09-13 03:10:00,-7.20933991118062,-0.749886443452332,-11.0000713575001,-0.0979931012856695,-10.7992974282988,-12.9985677597456,16.47,14.66,17.3,18.25,17.81,18.15
2024-09-13 03:20:00,-7.29954016270881,-0.810019553057244,-11.0000713575001,-0.0979931012856695,-10.7992974282988,-13.0405378028128,16.38,14.58,17.2,18.14,17.71,18.05
2024-09-13 03:30:00,-7.35013815788715,-0.899902591411474,-11.0000713575001,-0.0979931012856695,-10.7992974282988,-13.0977139830907,16.29,14.5,17.11,18.03,17.6,17.94
2024-09-13 03:40:00,-7.49023601566289,-0.959832613484536,-11.0279681320323,-0.0979931012856695,-10.8192088027406,-13.0977139830907,16.2,14.4,17.01,17.92,17.5,17.84
2024-09-13 03:50:00,-7.53868335985093,-1.02990105360832,-11.0788709201266,-0.0979931012856695,-10.8391568890922,-13.0977139830907,16.1,14.35,16.92,17.81,17.38,17.74
2024-09-13 04:00:00,-7.629489900047,-1.1300443869243,-11.09929776259,-0.0979931012856695,-10.8891881640869,-13.127907332098,16.01,14.3,16.83,17.7,17.28,17.64
2024-09-13 04:10:00,-7.70008470091534,-1.21002822971406,-11.09929776259,-0.0979931012856695,-10.899222097111,-13.1793958498758,15.93,14.2,16.74,17.59,17.18,17.55
2024-09-13 04:20:00,-7.75881688831044,-1.31976164415677,-11.09929776259,-0.0979931012856695,-10.899222097111,-13.1976164415677,15.84,14.13,16.65,17.48,17.08,17.45
2024-09-13 04:30:00,-7.85951057150229,-1.45980720372542,-11.1300086648153,-0.0979931012856695,-10.899222097111,-13.1976164415677,15.77,14.05,16.56,17.36,16.99,17.33
2024-09-13 04:40:00,-7.94868895066965,-1.69003423592256,-11.1891089443029,-0.0979931012856695,-10.9193177092322,-13.1976164415677,15.69,13.96,16.48,17.25,16.89,17.24
2024-09-13 04:50:00,-8.04999299475078,-1.89974584112595,-11.1994192418252,-0.0979931012856695,-10.9899445816367,-13.2493783630672,15.6,13.88,16.4,17.15,16.8,17.14
2024-09-13 05:00:00,-8.13009279271506,-2.05965984660586,-11.1994192418252,-0.0979931012856695,-11.0000713575001,-13.2890979483738,15.52,13.8,16.3,17.05,16.7,17.05
2024-09-13 05:10:00,-8.19021877047765,-2.19986232711037,-11.1994192418252,-0.0979931012856695,-11.0000713575001,-13.2982809033395,15.44,13.7,16.22,16.94,16.61,16.96
2024-09-13 05:20:00,-8.28887332253866,-2.3697116434721,-11.2304071724738,-0.0979931012856695,-11.0000713575001,-13.2982809033395,15.37,13.67,16.14,16.85,16.52,16.87
2024-09-13 05:30:00,-8.35017355929788,-2.45977567516789,-11.290040567437,-0.0979931012856695,-11.0203529120309,-13.2982809033395,15.3,13.6,16.06,16.75,16.43,16.78
2024-09-13 05:40:00,-8.41967838127239,-2.46999174862722,-11.300443869243,-0.0979931012856695,-11.0788709201266,-13.3504376374925,15.2,13.6,15.98,16.65,16.34,16.69
2024-09-13 05:50:00,-8.47999316945308,-2.58997458497732,-11.300443869243,-0.0979931012856695,-11.0890796379043,-13.3997131805655,15.15,13.6,15.9,16.55,16.25,16.6
2024-09-13 06:00:00,-8.59004625589212,-2.77968448113879,-11.300443869243,-0.0979931012856695,-11.09929776259,-13.3997131805655,15.1,13.5,15.8,16.46,16.17,16.51
2024-09-13 06:10:00,-8.66952897529134,-2.91001684148554,-11.300443869243,-0.0979931012856695,-11.09929776259,-13.3997131805655,15,13.5,15.72,16.36,16.08,16.43
2024-09-13 06:20:00,-8.72962327924919,-3.01992044587989,-11.3186727195325,-0.0979931012856695,-11.09929776259,-13.4089725722239,14.94,13.5,15.65,16.27,16,16.34
2024-09-13 06:30:00,-8.79013413702194,-2.87008991359852,-11.378774804023,-0.0979931012856695,-11.09929776259,-13.4491705962641,14.9,13.5,15.58,16.17,15.9,16.26
2024-09-13 06:40:00,-8.86942575089683,-2.73965264148325,-11.3997545989881,-0.0979931012856695,-11.1582349673704,-13.4894891277577,14.8,13.6,15.5,16.08,15.82,16.19
2024-09-13 06:50:00,-8.91857569015746,-2.60972954593968,-11.3997545989881,-0.0979931012856695,-11.1891089443029,-13.4988105558675,14.78,13.67,15.42,16,15.74,16.1
2024-09-13 07:00:00,-9.00939239185463,-1.73978468069794,-11.3997545989881,-0.0979931012856695,-11.1994192418252,-13.4988105558675,14.7,13.95,15.36,15.9,15.67,16.01
2024-09-13 07:10:00,-9.03016118625507,-0.60995177916597,-11.3997545989881,-0.0979931012856695,-11.1994192418252,-13.5081384252163,14.69,14.9,15.3,15.8,15.6,15.94
2024-09-13 07:20:00,-9.12001394601221,-0.569895860495565,-11.4787739228601,-0.0979931012856695,-11.2796468430147,-13.5986408043034,14.6,15.43,15.21,15.72,15.51,15.86
2024-09-13 07:30:00,-9.18957660524626,-0.499914233875784,-11.4999380927729,-0.0979931012856695,-11.300443869243,-13.5986408043034,14.6,15.88,15.2,15.64,15.46,15.8
2024-09-13 07:40:00,-9.27887880851002,-0.459933986278217,-11.4999380927729,-0.0979931012856695,-11.3604491586475,-13.6299889088932,14.6,16.31,15.11,15.56,15.4,15.7
2024-09-13 07:50:00,-9.33029773264937,-0.229982876948736,-11.5184887490354,-0.0979931012856695,-11.3997545989881,-13.6677020386484,14.6,17.2,15.1,15.5,15.33,15.64
2024-09-13 08:00:00,-9.41012738328416,-0.0999989644032415,-11.5796518554483,-0.0979931012856695,-11.4999380927729,-13.6992093458253,14.6,18.45,15.01,15.4,15.3,15.6
2024-09-13 08:10:00,-9.47971983741917,-0.0999989644032415,-11.5983310987169,-0.0979931012856695,-11.5078847129291,-13.6992093458253,14.6,19.54,15,15.34,15.26,15.52
2024-09-13 08:20:00,-9.51909152289871,-0.0999989644032415,-11.5983310987169,-0.0979931012856695,-11.590322021985,-13.6992093458253,14.6,20.4,15,15.3,15.2,15.5
2024-09-13 08:30:00,-9.62931740778391,-0.0979931012856695,-11.5983310987169,-0.0979931012856695,-11.5983310987169,-13.6992093458253,14.6,21.12,15,15.24,15.2,15.5
2024-09-13 08:40:00,-9.71841638475436,-0.0979931012856695,-11.6090184773977,-0.0979931012856695,-11.6894883491775,-13.6992093458253,14.67,21.7,15,15.2,15.2,15.5
2024-09-13 08:50:00,-9.8400091537402,-0.0979931012856695,-11.6090184773977,-0.0979931012856695,-11.7002597254652,-13.6992093458253,14.7,22.11,15,15.2,15.2,15.5
2024-09-13 09:00:00,-9.91963066395335,-0.0979931012856695,-11.6197157040526,-0.0979931012856695,-11.7596799565329,-13.6992093458253,14.78,22.52,15.06,15.2,15.2,15.6
2024-09-13 09:10:00,-9.98839025884809,-0.0999989644032415,-11.6384595746851,-0.0979931012856695,-11.8003666752093,-13.6992093458253,14.82,22.77,15.1,15.2,15.29,15.67
2024-09-13 09:20:00,-9.99989644032415,-0.0999989644032415,-11.649183930084,-0.0979931012856695,-11.8684909354689,-13.6802962563976,14.9,22.77,15.19,15.3,15.31,15.78
2024-09-13 09:30:00,-10.0183339066246,-0.209988495719667,-11.6679753361839,-0.0979931012856695,-11.8985900689113,-13.6394074243424,14.99,22.63,15.24,15.33,15.4,15.94
2024-09-13 09:40:00,-10.0993983510781,-0.349941543007551,-11.7002597254652,-0.0979931012856695,-11.8985900689113,-13.5986408043034,15.07,22.5,15.34,15.42,15.48,16.1
2024-09-13 09:50:00,-10.0901007438052,-0.509912316884759,-11.6894883491775,-0.0979931012856695,-11.9480079371476,-13.5986408043034,15.16,22.62,15.44,15.52,15.57,16.28
2024-09-13 10:00:00,-10.0993983510781,-0.589923235814969,-11.7002597254652,-0.0979931012856695,-12.0003939250652,-13.5798665595179,15.24,22.84,15.55,15.64,15.68,16.47
2024-09-13 10:10:00,-10.1087045257086,-0.699995909920872,-11.7002597254652,-0.0979931012856695,-12.0003939250652,-13.4988105558675,15.34,23.05,15.67,15.77,15.82,16.69
2024-09-13 10:20:00,-10.1881540346457,-0.849954157260763,-11.7002597254652,-0.0979931012856695,-12.0696729552402,-13.4988105558675,15.45,23.21,15.78,15.93,15.95,16.91
2024-09-13 10:30:00,-10.1998903351096,-1.05001499807699,-11.719133522402,-0.0979931012856695,-12.1002822971406,-13.4988105558675,15.55,23.3,15.93,16.08,16.11,17.13
2024-09-13 10:40:00,-10.1998903351096,-1.22997278588026,-11.8003666752093,-0.0979931012856695,-12.1002822971406,-13.4801741364388,15.66,23.38,16.05,16.25,16.27,17.38
2024-09-13 10:50:00,-10.2092891089148,-1.47977437496487,-11.8003666752093,-0.0979931012856695,-12.1281763286453,-13.4089725722239,15.78,23.4,16.17,16.43,16.45,17.62
2024-09-13 11:00:00,-10.2990105360832,-1.69979091004163,-11.8003666752093,-0.0979931012856695,-12.189769751081,-13.3997131805655,15.9,23.5,16.32,16.61,16.63,17.85
2024-09-13 11:10:00,-10.2990105360832,-2.16967908444189,-11.8194019555905,-0.0979931012856695,-12.1981930546867,-13.3997131805655,16.03,23.54,16.44,16.79,16.83,18.08
2024-09-13 11:20:00,-10.3298853753664,-2.5397765116572,-11.8794272551789,-0.0979931012856695,-12.1981930546867,-13.3997131805655,16.15,23.57,16.56,16.97,17.03,18.3
2024-09-13 11:30:00,-10.3990939644953,-3.52935628718571,-11.8985900689113,-0.0979931012856695,-12.1981930546867,-13.3997131805655,16.27,23.5,16.68,17.17,17.24,18.51
2024-09-13 11:40:00,-10.3990939644953,-4.4894744308025,-11.9095541237182,-0.0979931012856695,-12.2094331811574,-13.3997131805655,16.4,23.5,16.83,17.37,17.48,18.72
2024-09-13 11:50:00,-10.418267457508,-5.09912316884759,-11.978308729997,-0.0979931012856695,-12.2686139916988,-13.3997131805655,16.53,23.5,16.94,17.57,17.7,18.94
2024-09-13 12:00:00,-10.4784127719091,-5.22992550032171,-12.0003939250652,-0.0979931012856695,-12.2997278588026,-13.3997131805655,16.65,23.5,17.06,17.76,17.91,19.15
2024-09-13 12:10:00,-10.5001499807699,-5.40997804249723,-12.019751871249,-0.0979931012856695,-12.3195686633173,-13.3997131805655,16.77,23.5,17.19,17.95,18.13,19.33
2024-09-13 12:20:00,-10.5292030872193,-5.61947188133001,-12.089142656067,-0.0979931012856695,-12.3792833157667,-13.3997131805655,16.91,23.5,17.32,18.14,18.33,19.52
2024-09-13 12:30:00,-10.5997470733178,-5.77956965829879,-12.1002822971406,-0.0979931012856695,-12.3992524519232,-13.3997131805655,17.04,23.5,17.45,18.33,18.51,19.68
2024-09-13 12:40:00,-10.6095142984409,-5.95930347756661,-12.1281763286453,-0.0979931012856695,-12.4794516405678,-13.3997131805655,17.17,23.5,17.57,18.49,18.69,19.85
2024-09-13 12:50:00,-10.629075757253,-6.24015679785901,-12.1981930546867,-0.0979931012856695,-12.5283968723856,-13.3997131805655,17.33,23.5,17.68,18.67,18.87,20.01
2024-09-13 13:00:00,-10.7002888743567,-6.48926489202887,-12.1981930546867,-0.0979931012856695,-12.5978230069072,-13.4398834463829,17.47,23.5,17.8,18.85,19.05,20.15
2024-09-13 13:10:00,-10.7002888743567,-6.77010652878841,-12.2403969625322,-0.0979931012856695,-12.6384991170699,-13.4894891277577,17.64,23.5,17.92,19.04,19.2,20.3
2024-09-13 13:20:00,-10.7002888743567,-7.0290317081835,-12.2997278588026,-0.0979931012856695,-12.7202457690399,-13.4988105558675,17.78,23.43,18.03,19.2,19.35,20.43
2024-09-13 13:30:00,-10.7595845450141,-7.36877850487286,-12.2997278588026,-0.0979931012856695,-12.7995736137096,-13.5486337331327,17.94,23.4,18.14,19.36,19.5,20.54
2024-09-13 13:40:00,-10.7992974282988,-7.68945398589574,-12.2997278588026,-0.0979931012856695,-12.8290796781848,-13.5986408043034,18.09,23.4,18.25,19.54,19.65,20.65
2024-09-13 13:50:00,-10.7992974282988,-8.01854373773302,-12.3878375759307,-0.0979931012856695,-12.9001720470328,-13.5986408043034,18.25,23.4,18.36,19.7,19.8,20.75
2024-09-13 14:00:00,-10.7992974282988,-8.3887162092358,-12.3992524519232,-0.0979931012856695,-12.9985677597456,-13.6802962563976,18.4,23.31,18.46,19.86,19.96,20.84
2024-09-13 14:10:00,-10.8291782527001,-8.73967941713184,-12.4392874133918,-0.0979931012856695,-13.0195358693537,-13.6992093458253,18.55,23.3,18.57,20.04,20.15,20.93
2024-09-13 14:20:00,-10.899222097111,-9.18957660524626,-12.4995823591734,-0.0979931012856695,-13.0886695270039,-13.7402774547836,18.7,23.26,18.68,20.21,20.35,21
2024-09-13 14:30:00,-10.899222097111,-9.66040874598225,-12.4995823591734,-0.0979931012856695,-13.1490840805638,-13.8005216404685,18.85,23.15,18.79,20.36,20.53,21.1
2024-09-13 14:40:00,-10.899222097111,-10.0091109280912,-12.5082197476809,-0.0979931012856695,-13.1976164415677,-13.8005216404685,18.98,23.03,18.9,20.53,20.73,21.17
2024-09-13 14:50:00,-10.9293794053764,-10.1087045257086,-12.519745550827,-0.0979931012856695,-13.2097774950327,-13.8387066211604,19.09,22.87,19,20.67,20.94,21.21
2024-09-13 15:00:00,-10.9899445816367,-10.1998903351096,-12.5978230069072,-0.0979931012856695,-13.2189056384412,-13.8993823690896,19.2,22.75,19.1,20.83,21.15,21.3
2024-09-13 15:10:00,-11.0000713575001,-10.1998903351096,-12.5978230069072,-0.0979931012856695,-13.2982809033395,-13.8993823690896,19.28,22.63,19.19,20.96,21.35,21.37
2024-09-13 15:20:00,-11.0000713575001,-10.2800565202301,-12.5978230069072,-0.0979931012856695,-13.2799213345782,-13.8993823690896,19.36,22.52,19.28,21.11,21.55,21.4
2024-09-13 15:30:00,-11.0381299450125,-10.3085006450222,-12.5978230069072,-0.0979931012856695,-13.267695705992,-13.8993823690896,19.4,22.43,19.36,21.25,21.71,21.5
2024-09-13 15:40:00,-11.09929776259,-10.3895204544391,-12.6181446714562,-0.0979931012856695,-13.2585338712367,-13.9185983463469,19.5,22.33,19.42,21.38,21.85,21.51
2024-09-13 15:50:00,-11.09929776259,-10.3990939644953,-12.6297717658378,-0.0979931012856695,-13.267695705992,-13.9796243791916,19.53,22.22,19.5,21.52,21.97,21.6
2024-09-13 16:00:00,-11.09929776259,-10.4687662401644,-12.6997596695196,-0.0979931012856695,-13.2890979483738,-13.9989512914963,19.6,22.13,19.58,21.64,22.07,21.61
2024-09-13 16:10:00,-11.1402645038933,-10.5098254313235,-12.6997596695196,-0.0979931012856695,-13.2982809033395,-13.9989512914963,19.6,22.04,19.61,21.74,22.13,21.7
2024-09-13 16:20:00,-11.1788081385438,-10.5899888399999,-12.6997596695196,-0.0979931012856695,-13.2982809033395,-13.9989512914963,19.69,21.91,19.7,21.85,22.2,21.7
2024-09-13 16:30:00,-11.1994192418252,-10.6192905236549,-12.7085353833848,-0.0979931012856695,-13.3197324829853,-13.9989512914963,19.7,21.76,19.72,21.94,22.2,21.73
2024-09-13 16:40:00,-11.2304071724738,-10.6781373418016,-12.7378315830649,-0.0979931012856695,-13.3997131805655,-14.01830492337,19.7,21.65,19.8,22.02,22.2,21.8
2024-09-13 16:50:00,-11.2796468430147,-10.7298957497133,-12.7995736137096,-0.0979931012856695,-13.3997131805655,-14.0797681192604,19.74,21.51,19.8,22.1,22.2,21.8
2024-09-13 17:00:00,-11.300443869243,-10.7893554869255,-12.7995736137096,-0.0979931012856695,-13.3997131805655,-14.0992334808702,19.8,21.36,19.85,22.17,22.2,21.8
2024-09-13 17:10:00,-11.300443869243,-10.7992974282988,-12.7995736137096,-0.0979931012856695,-13.4182383622531,-14.0992334808702,19.8,21.22,19.9,22.2,22.2,21.84
2024-09-13 17:20:00,-11.300443869243,-10.899222097111,-12.8290796781848,-0.0979931012856695,-13.4988105558675,-14.0992334808702,19.8,21.08,19.9,22.27,22.2,21.9
2024-09-13 17:30:00,-11.3082526360643,-10.9293794053764,-12.8705024746466,-0.0979931012856695,-13.4988105558675,-14.1284819929896,19.8,20.97,19.9,22.3,22.11,21.9
2024-09-13 17:40:00,-11.378774804023,-10.9899445816367,-12.9001720470328,-0.0979931012856695,-13.5081384252163,-14.2002340467351,19.8,20.88,19.9,22.3,22.1,21.9
2024-09-13 17:50:00,-11.3892598707296,-11.0000713575001,-12.9001720470328,-0.0979931012856695,-13.5704891592386,-14.2002340467351,19.8,20.78,19.9,22.3,22.06,21.9
2024-09-13 18:00:00,-11.3997545989881,-11.0890796379043,-12.9001720470328,-0.0979931012856695,-13.5986408043034,-14.2002340467351,19.88,20.63,19.96,22.3,22,21.8
2024-09-13 18:10:00,-11.3997545989881,-11.1300086648153,-12.9388447658617,-0.0979931012856695,-13.5986408043034,-14.2296920820373,19.9,20.43,19.95,22.3,21.94,21.8
2024-09-13 18:20:00,-11.4181436483322,-11.2200683471522,-12.9895917677942,-0.0979931012856695,-13.6394074243424,-14.2986653667652,19.94,20.2,19.9,22.3,21.9,21.8
2024-09-13 18:30:00,-11.4893511345866,-11.300443869243,-12.9985677597456,-0.0979931012856695,-13.6992093458253,-14.2986653667652,20,19.97,19.9,22.3,21.81,21.8
2024-09-13 18:40:00,-11.4999380927729,-11.3682993899739,-12.9985677597456,-0.0979931012856695,-13.6992093458253,-14.2986653667652,20,19.74,19.9,22.22,21.76,21.7
2024-09-13 18:50:00,-11.5184887490354,-11.4102589977013,-13.0105453981468,-0.0979931012856695,-13.6992093458253,-14.3184333550975,19.92,19.52,19.9,22.2,21.7,21.7
2024-09-13 19:00:00,-11.5796518554483,-11.4999380927729,-13.0585664224441,-0.0979931012856695,-13.6992093458253,-14.3580513576228,19.9,19.3,19.9,22.17,21.62,21.68
2024-09-13 19:10:00,-11.5983310987169,-11.5689915119737,-13.0977139830907,-0.0979931012856695,-13.7276280177425,-14.3977789801104,19.86,19.11,19.9,22.1,21.55,21.6
2024-09-13 19:20:00,-11.6197157040526,-11.6090184773977,-13.0977139830907,-0.0979931012856695,-13.7782957444528,-14.3977789801104,19.8,18.91,19.8,22.06,21.47,21.57
2024-09-13 19:30:00,-11.6679753361839,-11.6894883491775,-13.0977139830907,-0.0979931012856695,-13.7878167420266,-14.4276468175047,19.71,18.71,19.8,22,21.39,21.5
2024-09-13 19:40:00,-11.7002597254652,-11.7002597254652,-13.1400041515241,-0.0979931012856695,-13.8005216404685,-14.4775642990516,19.64,18.54,19.77,21.92,21.29,21.44
2024-09-13 19:50:00,-11.7002597254652,-11.8003666752093,-13.1885029991371,-0.0979931012856695,-13.8100579964514,-14.497579616202,19.56,18.36,19.7,21.87,21.2,21.38
2024-09-13 20:00:00,-11.719133522402,-11.8085208957725,-13.1976164415677,-0.0979931012856695,-13.8801929213558,-14.497579616202,19.47,18.2,19.68,21.8,21.1,21.3
2024-09-13 20:10:00,-11.8003666752093,-11.8602953033746,-13.1976164415677,-0.0979931012856695,-13.8993823690896,-14.5176226046452,19.38,18.04,19.6,21.7,21,21.21
2024-09-13 20:20:00,-11.8003666752093,-11.8985900689113,-13.2890979483738,-0.0979931012856695,-13.8993823690896,-14.5980720372542,19.28,17.86,19.57,21.64,20.91,21.13
2024-09-13 20:30:00,-11.8602953033746,-11.8985900689113,-13.2982809033395,-0.0979931012856695,-13.960324149567,-14.5980720372542,19.18,17.7,19.5,21.55,20.81,21.05
2024-09-13 20:40:00,-11.8985900689113,-11.9287655353802,-13.2982809033395,-0.0979931012856695,-13.9989512914963,-14.6081595118612,19.08,17.54,19.43,21.47,20.71,20.97
2024-09-13 20:50:00,-11.8985900689113,-12.0003939250652,-13.3289366068484,-0.0979931012856695,-13.9989512914963,-14.6384637784799,18.98,17.35,19.39,21.37,20.61,20.89
2024-09-13 21:00:00,-11.9700372646525,-12.0003939250652,-13.3781327911027,-0.0979931012856695,-14.0797681192604,-14.6992610384912,18.87,17.2,19.3,21.27,20.5,20.79
2024-09-13 21:10:00,-12.0003939250652,-12.0391410439145,-13.3997131805655,-0.0979931012856695,-14.0894974385166,-14.6992610384912,18.76,17.05,19.22,21.17,20.39,20.7
2024-09-13 21:20:00,-12.0003939250652,-12.1002822971406,-13.3997131805655,-0.0979931012856695,-14.0992334808702,-14.7195828526779,18.65,16.88,19.16,21.07,20.29,20.6
2024-09-13 21:30:00,-12.0502346105866,-12.1002822971406,-13.4089725722239,-0.0979931012856695,-14.1089762509671,-14.7977437496487,18.54,16.74,19.09,20.96,20.17,20.51
2024-09-13 21:40:00,-12.1002822971406,-12.1281763286453,-13.4677641531176,-0.0979931012856695,-14.1284819929896,-14.7977437496487,18.44,16.59,19,20.86,20.05,20.41
2024-09-13 21:50:00,-12.1002822971406,-12.189769751081,-13.4988105558675,-0.0979931012856695,-14.1675744147228,-14.7977437496487,18.34,16.46,18.92,20.75,19.95,20.31
2024-09-13 22:00:00,-12.1086437636478,-12.1981930546867,-13.4988105558675,-0.0979931012856695,-14.190428259754,-14.8386879671272,18.24,16.33,18.84,20.65,19.84,20.21
2024-09-13 22:10:00,-12.178547726961,-12.2094331811574,-13.5205856117464,-0.0979931012856695,-14.2002340467351,-14.9003168090751,18.13,16.2,18.75,20.54,19.73,20.09
2024-09-13 22:20:00,-12.1981930546867,-12.2799190081277,-13.5892504397136,-0.0979931012856695,-14.210046609654,-14.9003168090751,18.02,16.07,18.67,20.43,19.63,19.99
2024-09-13 22:30:00,-12.1981930546867,-12.2997278588026,-13.5986408043034,-0.0979931012856695,-14.2789246700614,-14.9587568336358,17.92,15.94,18.58,20.32,19.52,19.89
2024-09-13 22:40:00,-12.1981930546867,-12.2997278588026,-13.5986408043034,-0.0979931012856695,-14.2986653667652,-15.0001465619192,17.81,15.8,18.5,20.19,19.41,19.79
2024-09-13 22:50:00,-12.2997278588026,-12.3280816598105,-13.6394074243424,-0.0979931012856695,-14.3085459471208,-15.0001465619192,17.7,15.67,18.4,20.06,19.29,19.68
2024-09-13 23:00:00,-12.2997278588026,-12.3792833157667,-13.6992093458253,-0.0979931012856695,-14.3085459471208,-15.0174260638245,17.59,15.55,18.33,19.96,19.19,19.58
2024-09-13 23:10:00,-12.2997278588026,-12.3992524519232,-13.6992093458253,-0.0979931012856695,-14.3779014474341,-15.0589781253501,17.48,15.44,18.24,19.84,19.08,19.48
2024-09-13 23:20:00,-12.3195686633173,-12.3992524519232,-13.6992093458253,-0.0979931012856695,-14.3977789801104,-15.1006451582302,17.35,15.32,18.15,19.73,18.97,19.37
2024-09-13 23:30:00,-12.3878375759307,-12.4593533427119,-13.7276280177425,-0.0979931012856695,-14.3977789801104,-15.1006451582302,17.24,15.2,18.06,19.62,18.85,19.27
2024-09-13 23:40:00,-12.3992524519232,-12.4995823591734,-13.7497721811807,-0.0979931012856695,-14.4176839935916,-15.1284872101836,17.13,15.08,17.97,19.49,18.74,19.16
2024-09-13 23:50:00,-12.4078205110433,-12.4995823591734,-13.8005216404685,-0.0979931012856695,-14.4875685011041,-15.1389412091902,17.03,14.97,17.88,19.38,18.63,19.06
2024-09-14,-12.4392874133918,-12.519745550827,-13.8100579964514,-0.0979931012856695,-14.4875685011041,-15.1983171343752,16.92,14.85,17.78,19.26,18.52,18.95
2024-09-14 00:10:00,-12.4794516405678,-12.5804304883239,-13.848269363506,-0.0979931012856695,-14.497579616202,-15.2088193868488,16.81,14.72,17.68,19.15,18.41,18.84
2024-09-14 00:20:00,-12.4995823591734,-12.5978230069072,-13.8897843313226,-0.0979931012856695,-14.5376933026369,-15.2298456684265,16.7,14.58,17.59,19.03,18.31,18.72
2024-09-14 00:30:00,-12.4995823591734,-12.5978230069072,-13.8993823690896,-0.0979931012856695,-14.5577917484857,-15.3001434420043,16.59,14.45,17.49,18.92,18.2,18.62
2024-09-14 00:40:00,-12.4995823591734,-12.6181446714562,-13.9089870392367,-0.0979931012856695,-14.5879915284216,-15.3001434420043,16.49,14.33,17.38,18.78,18.09,18.51
2024-09-14 00:50:00,-12.5688488180166,-12.6793065630941,-13.9699709313479,-0.0979931012856695,-14.5980720372542,-15.3001434420043,16.39,14.2,17.28,18.66,17.98,18.4
2024-09-14 01:00:00,-12.5978230069072,-12.6997596695196,-13.9989512914963,-0.0979931012856695,-14.5980720372542,-15.3601516129707,16.28,14.07,17.19,18.55,17.87,18.31
2024-09-14 01:10:00,-12.5978230069072,-12.6997596695196,-13.9989512914963,-0.0979931012856695,-14.618253957056,-15.399105786303,16.18,13.95,17.09,18.44,17.76,18.21
2024-09-14 01:20:00,-12.5978230069072,-12.7495689639469,-14.0376853117528,-0.0979931012856695,-14.6891106549095,-15.399105786303,16.08,13.83,16.99,18.33,17.65,18.1
2024-09-14 01:30:00,-12.6384991170699,-12.7995736137096,-14.0797681192604,-0.0979931012856695,-14.6891106549095,-15.4203951399387,15.98,13.71,16.89,18.22,17.55,17.99
2024-09-14 01:40:00,-12.6501449672247,-12.7995736137096,-14.0992334808702,-0.0979931012856695,-14.6992610384912,-15.4488267359487,15.87,13.59,16.8,18.1,17.44,17.88
2024-09-14 01:50:00,-12.6997596695196,-12.7995736137096,-14.0992334808702,-0.0979931012856695,-14.7195828526779,-15.4880057941778,15.77,13.49,16.7,17.98,17.31,17.78
2024-09-14 02:00:00,-12.6997596695196,-12.8379447540082,-14.0992334808702,-0.0979931012856695,-14.7501182642691,-15.4987082256197,15.67,13.38,16.6,17.87,17.19,17.67
2024-09-14 02:10:00,-12.6997596695196,-12.9001720470328,-14.1806292440315,-0.0979931012856695,-14.7977437496487,-15.5094180525933,15.57,13.27,16.5,17.75,17.08,17.57
2024-09-14 02:20:00,-12.7085353833848,-12.9001720470328,-14.2002340467351,-0.0979931012856695,-14.7977437496487,-15.5881832446517,15.47,13.17,16.4,17.64,16.97,17.46
2024-09-14 02:30:00,-12.7789597557994,-12.9001720470328,-14.2002340467351,-0.0979931012856695,-14.8284413040929,-15.5881832446517,15.37,13.05,16.3,17.53,16.86,17.34
2024-09-14 02:40:00,-12.7995736137096,-12.9686718835,-14.2198659531929,-0.0979931012856695,-14.8694704593407,-15.5989549001312,15.27,12.94,16.2,17.39,16.75,17.23
2024-09-14 02:50:00,-12.7995736137096,-12.9895917677942,-14.2789246700614,-0.0979931012856695,-14.8900275890453,-15.5989549001312,15.18,12.82,16.1,17.27,16.64,17.12
2024-09-14 03:00:00,-12.7995736137096,-12.9985677597456,-14.2986653667652,-0.0979931012856695,-14.9003168090751,-15.6385146914857,15.08,12.7,16,17.15,16.53,17.02
2024-09-14 03:10:00,-12.8202207240243,-12.9985677597456,-14.2986653667652,-0.0979931012856695,-14.9106131391017,-15.6998499767937,14.98,12.58,15.9,17.04,16.42,16.91
2024-09-14 03:20:00,-12.8705024746466,-13.0405378028128,-14.2986653667652,-0.0979931012856695,-14.9794374022741,-15.6998499767937,14.88,12.46,15.79,16.92,16.3,16.8
2024-09-14 03:30:00,-12.9001720470328,-13.0977139830907,-14.3283275954131,-0.0979931012856695,-15.0001465619192,-15.7106987955672,14.78,12.34,15.69,16.8,16.19,16.69
2024-09-14 03:40:00,-12.9001720470328,-13.0977139830907,-14.3977789801104,-0.0979931012856695,-15.0105118757194,-15.7686858995281,14.68,12.18,15.59,16.68,16.08,16.59
2024-09-14 03:50:00,-12.9001720470328,-13.0977139830907,-14.3977789801104,-0.0979931012856695,-15.0278033180054,-15.7977596621026,14.58,12.06,15.5,16.57,15.96,16.48
2024-09-14 04:00:00,-12.9299100148471,-13.1976164415677,-14.3977789801104,-0.0979931012856695,-15.0902176040637,-15.7977596621026,14.46,11.91,15.39,16.45,15.85,16.37
2024-09-14 04:10:00,-12.977633419515,-13.1976164415677,-14.4176839935916,-0.0979931012856695,-15.1006451582302,-15.7977596621026,14.37,11.75,15.29,16.34,15.74,16.27
2024-09-14 04:20:00,-12.9985677597456,-13.1976164415677,-14.4475931234455,-0.0979931012856695,-15.1006451582302,-15.8889611239182,14.26,11.6,15.2,16.23,15.63,16.16
2024-09-14 04:30:00,-12.9985677597456,-13.2493783630672,-14.497579616202,-0.0979931012856695,-15.1006451582302,-15.8889611239182,14.16,11.45,15.11,16.11,15.52,16.06
2024-09-14 04:40:00,-12.9985677597456,-13.2890979483738,-14.497579616202,-0.0979931012856695,-15.1703465693491,-15.8999406211737,14.06,11.32,15.01,15.98,15.42,15.95
2024-09-14 04:50:00,-13.0585664224441,-13.2982809033395,-14.5376933026369,-0.0979931012856695,-15.1878221340956,-15.8999406211737,13.96,11.18,14.91,15.87,15.31,15.84
2024-09-14 05:00:00,-13.0886695270039,-13.2982809033395,-14.5477390546828,-0.0979931012856695,-15.1983171343752,-15.9072645006807,13.87,11.07,14.81,15.75,15.2,15.73
2024-09-14 05:10:00,-13.0977139830907,-13.2982809033395,-14.5980720372542,-0.0979931012856695,-15.1983171343752,-15.988050171637,13.76,10.98,14.71,15.64,15.11,15.63
2024-09-14 05:20:00,-13.0977139830907,-13.2982809033395,-14.5980720372542,-0.0979931012856695,-15.2473897734897,-15.9990981408284,13.67,10.89,14.6,15.53,15,15.52
2024-09-14 05:30:00,-13.0977139830907,-13.3688946954542,-14.5980720372542,-0.0979931012856695,-15.2579259358521,-15.9990981408284,13.56,10.79,14.48,15.42,14.89,15.42
2024-09-14 05:40:00,-13.1793958498758,-13.3997131805655,-14.6587015400998,-0.0979931012856695,-15.3001434420043,-16.0175283905374,13.46,10.69,14.38,15.29,14.79,15.31
2024-09-14 05:50:00,-13.1976164415677,-13.3997131805655,-14.6891106549095,-0.0979931012856695,-15.3071910410914,-16.0877571728708,13.36,10.58,14.27,15.19,14.68,15.21
2024-09-14 06:00:00,-13.1976164415677,-13.3997131805655,-14.6992610384912,-0.0979931012856695,-15.3283533220553,-16.0988740410128,13.25,10.5,14.17,15.08,14.57,15.12
2024-09-14 06:10:00,-13.1976164415677,-13.3997131805655,-14.7094184361317,-0.0979931012856695,-15.3601516129707,-16.1099985910681,13.14,10.4,14.07,14.97,14.46,15.02
2024-09-14 06:20:00,-13.2585338712367,-13.3997131805655,-14.7603108049732,-0.0979931012856695,-15.367226853206,-16.1694594829906,13.04,10.4,13.96,14.86,14.35,14.91
2024-09-14 06:30:00,-13.2982809033395,-13.3997131805655,-14.7977437496487,-0.0979931012856695,-15.399105786303,-16.1992721781614,12.95,10.4,13.86,14.75,14.25,14.81
2024-09-14 06:40:00,-13.2982809033395,-13.3997131805655,-14.7977437496487,-0.0979931012856695,-15.399105786303,-16.1992721781614,12.85,10.4,13.76,14.64,14.14,14.7
2024-09-14 06:50:00,-13.2982809033395,-13.3997131805655,-14.807969200238,-0.0979931012856695,-15.4097467865799,-16.210466104752,12.75,10.4,13.66,14.53,14.04,14.59
2024-09-14 07:00:00,-13.2982809033395,-13.2585338712367,-14.8182017167585,-0.0979931012856695,-15.4381587495209,-16.2590625727268,12.66,10.62,13.55,14.41,13.94,14.48
2024-09-14 07:10:00,-13.3105347149102,-12.9388447658617,-14.9003168090751,-0.0979931012856695,-15.4773107531608,-16.3002964327588,12.57,11.52,13.46,14.29,13.84,14.37
2024-09-14 07:20:00,-13.3781327911027,-12.8202207240243,-14.9003168090751,-0.0979931012856695,-15.4987082256197,-16.3002964327588,12.49,12.23,13.36,14.19,13.75,14.28
2024-09-14 07:30:00,-13.3904601828597,-12.6997596695196,-14.9003168090751,-0.0979931012856695,-15.5380137859983,-16.330350360613,12.4,12.87,13.25,14.08,13.66,14.18
2024-09-14 07:40:00,-13.3997131805655,-12.5804304883239,-14.9794374022741,-0.0979931012856695,-15.6097339989772,-16.3981744555436,12.33,13.59,13.16,13.98,13.56,14.08
2024-09-14 07:50:00,-13.3997131805655,-12.2403969625322,-15.0001465619192,-0.0979931012856695,-15.6890086495309,-16.3981744555436,12.26,15.04,13.09,13.89,13.49,13.99
2024-09-14 08:00:00,-13.3997131805655,-11.849376596731,-15.0105118757194,-0.0979931012856695,-15.739665643507,-16.409505826426,12.2,16.91,13,13.79,13.4,13.9
2024-09-14 08:10:00,-13.3997131805655,-11.5583409825181,-15.0485793438113,-0.0979931012856695,-15.8086761378558,-16.4397611108169,12.2,18.79,12.94,13.7,13.32,13.82
2024-09-14 08:20:00,-13.4182383622531,-11.3082526360643,-15.1006451582302,-0.0979931012856695,-15.8779892084117,-16.5004391334199,12.12,20.51,12.9,13.61,13.28,13.77
2024-09-14 08:30:00,-13.4398834463829,-11.1685168158097,-15.1006451582302,-0.0979931012856695,-15.9696538404528,-16.5004391334199,12.1,21.99,12.9,13.54,13.2,13.7
2024-09-14 08:40:00,-13.4894891277577,-11.0483011216798,-15.1006451582302,-0.0979931012856695,-16.0101537443231,-16.5004391334199,12.1,23.22,12.9,13.5,13.2,13.7
2024-09-14 08:50:00,-13.4988105558675,-11.0000713575001,-15.1006451582302,-0.0979931012856695,-16.0803501925528,-16.5004391334199,12.2,24.21,12.9,13.5,13.2,13.7
2024-09-14 09:00:00,-13.4988105558675,-11.0000713575001,-15.1076008638049,-0.0979931012856695,-16.1099985910681,-16.5004391334199,12.2,24.97,12.9,13.5,13.2,13.8
2024-09-14 09:10:00,-13.4988105558675,-11.0000713575001,-15.1006451582302,-0.0979931012856695,-16.1806328085865,-16.4776586741212,12.26,25.5,13,13.5,13.2,13.88
2024-09-14 09:20:00,-13.4988105558675,-11.1197622673654,-15.1006451582302,-0.0979931012856695,-16.2179330194613,-16.4170644234235,12.34,25.63,13.09,13.5,13.3,14.03
2024-09-14 09:30:00,-13.4988105558675,-11.3082526360643,-15.0902176040637,-0.0979931012856695,-16.2890404750032,-16.3981744555436,12.43,25.53,13.22,13.58,13.36,14.2
2024-09-14 09:40:00,-13.4988105558675,-11.4893511345866,-15.0001465619192,-0.0979931012856695,-16.3002964327588,-16.3793062230286,12.54,25.5,13.36,13.68,13.46,14.41
2024-09-14 09:50:00,-13.4988105558675,-11.590322021985,-15.0105118757194,-0.0979931012856695,-16.3078047253899,-16.3078047253899,12.65,25.62,13.54,13.79,13.56,14.67
2024-09-14 10:00:00,-13.4988105558675,-11.6894883491775,-15.0001465619192,-0.0979931012856695,-16.330350360613,-16.2702978153272,12.77,25.89,13.73,13.94,13.71,14.93
2024-09-14 10:10:00,-13.4988105558675,-11.7002597254652,-15.0001465619192,-0.0979931012856695,-16.3378724967766,-16.1992721781614,12.91,26.17,13.93,14.11,13.86,15.2
2024-09-14 10:20:00,-13.4988105558675,-11.7488538773854,-14.9690935465474,-0.0979931012856695,-16.390624555695,-16.1582938729895,13.05,26.37,14.14,14.31,14.04,15.52
2024-09-14 10:30:00,-13.4988105558675,-11.8003666752093,-14.9106131391017,-0.0979931012856695,-16.3793062230286,-16.0988740410128,13.2,26.57,14.37,14.52,14.23,15.83
2024-09-14 10:40:00,-13.5081384252163,-11.8003666752093,-14.9003168090751,-0.0979931012856695,-16.3604597008692,-16.0285967295958,13.36,26.71,14.6,14.74,14.44,16.18
2024-09-14 10:50:00,-13.5299285279673,-11.849376596731,-14.9003168090751,-0.0979931012856695,-16.3491621981511,-15.988050171637,13.54,26.8,14.83,14.98,14.68,16.52
2024-09-14 11:00:00,-13.5579960310029,-11.8985900689113,-14.9003168090751,-0.0979931012856695,-16.3190736495083,-15.9182566458289,13.7,26.89,15.07,15.22,14.93,16.85
2024-09-14 11:10:00,-13.5892504397136,-11.9893462422273,-14.9003168090751,-0.0979931012856695,-16.3002964327588,-15.8999406211737,13.88,26.9,15.28,15.48,15.2,17.18
2024-09-14 11:20:00,-13.5986408043034,-12.0003939250652,-14.9003168090751,-0.0979931012856695,-16.3002964327588,-15.8597195166807,14.06,27,15.5,15.73,15.47,17.55
2024-09-14 11:30:00,-13.5986408043034,-12.0003939250652,-14.9003168090751,-0.0979931012856695,-16.2590625727268,-15.8086761378558,14.25,27,15.73,16.01,15.77,17.88
2024-09-14 11:40:00,-13.5986408043034,-12.089142656067,-14.9003168090751,-0.0979931012856695,-16.2702978153272,-15.7977596621026,14.45,27.05,15.98,16.29,16.08,18.18
2024-09-14 11:50:00,-13.5986408043034,-12.178547726961,-14.9003168090751,-0.0979931012856695,-16.1992721781614,-15.7577970385139,14.67,27,16.21,16.57,16.42,18.49
2024-09-14 12:00:00,-13.6488324481193,-12.2403969625322,-14.9003168090751,-0.0979931012856695,-16.1992721781614,-15.7106987955672,14.87,27,16.43,16.84,16.72,18.8
2024-09-14 12:10:00,-13.6992093458253,-12.3394414732169,-14.9003168090751,-0.0979931012856695,-16.1992721781614,-15.6998499767937,15.07,26.95,16.67,17.12,17.04,19.1
2024-09-14 12:20:00,-13.6992093458253,-12.3992524519232,-14.9003168090751,-0.0979931012856695,-16.1992721781614,-15.6998499767937,15.27,26.9,16.89,17.41,17.35,19.39
2024-09-14 12:30:00,-13.6992093458253,-12.4995823591734,-14.9106131391017,-0.0979931012856695,-16.1992721781614,-15.6998499767937,15.49,26.8,17.11,17.7,17.66,19.65
2024-09-14 12:40:00,-13.6992093458253,-12.5891237440341,-14.9174813115438,-0.0979931012856695,-16.210466104752,-15.6998499767937,15.71,26.73,17.33,17.97,17.92,19.9
2024-09-14 12:50:00,-13.7086756935772,-12.6793065630941,-14.9794374022741,-0.0979931012856695,-16.2403544065264,-15.6998499767937,15.95,26.66,17.57,18.24,18.2,20.15
2024-09-14 13:00:00,-13.7086756935772,-12.7701354112996,-15.0001465619192,-0.0979931012856695,-16.2890404750032,-15.6998499767937,16.18,26.58,17.79,18.5,18.43,20.39
2024-09-14 13:10:00,-13.7497721811807,-12.8290796781848,-14.9897884057516,-0.0979931012856695,-16.3491621981511,-15.7106987955672,16.42,26.5,18,18.77,18.68,20.61
2024-09-14 13:20:00,-13.7402774547836,-12.9090862486903,-15.0001465619192,-0.0979931012856695,-16.3981744555436,-15.7179355059229,16.68,26.42,18.21,19.05,18.91,20.81
2024-09-14 13:30:00,-13.7402774547836,-12.9985677597456,-15.0001465619192,-0.0979931012856695,-16.4700721788642,-15.7577970385139,16.94,26.4,18.41,19.31,19.14,21
2024-09-14 13:40:00,-13.7687813214799,-12.9985677597456,-15.0001465619192,-0.0979931012856695,-16.5080396163967,-15.7904861998276,17.2,26.4,18.61,19.58,19.37,21.18
2024-09-14 13:50:00,-13.7592734685682,-13.0796313164486,-15.0001465619192,-0.0979931012856695,-16.5995189485706,-15.7977596621026,17.5,26.4,18.83,19.83,19.6,21.35
2024-09-14 14:00:00,-13.7181485827095,-13.1490840805638,-15.0278033180054,-0.0979931012856695,-16.6377847917257,-15.7977596621026,17.79,26.4,19.05,20.09,19.85,21.52
2024-09-14 14:10:00,-13.7878167420266,-13.2097774950327,-15.0485793438113,-0.0979931012856695,-16.6991937060554,-15.7977596621026,18.09,26.4,19.26,20.37,20.12,21.66
2024-09-14 14:20:00,-13.7086756935772,-13.2890979483738,-15.1006451582302,-0.0979931012856695,-16.718430434728,-15.8086761378558,18.37,26.4,19.47,20.62,20.41,21.79
2024-09-14 14:30:00,-13.7086756935772,-13.3596629790525,-15.1006451582302,-0.0979931012856695,-16.799466978311,-15.8597195166807,18.66,26.29,19.67,20.86,20.71,21.94
2024-09-14 14:40:00,-13.6992093458253,-13.4677641531176,-15.1006451582302,-0.0979931012856695,-16.799466978311,-15.8889611239182,18.95,26.16,19.86,21.1,21.02,22.06
2024-09-14 14:50:00,-13.6992093458253,-13.5392779002756,-15.1006451582302,-0.0979931012856695,-16.8188192173349,-15.8999406211737,19.2,25.98,20.05,21.35,21.35,22.19
2024-09-14 15:00:00,-13.6992093458253,-13.6080376577683,-15.0902176040637,-0.0979931012856695,-16.8381937492778,-15.8999406211737,19.43,25.81,20.25,21.59,21.65,22.34
2024-09-14 15:10:00,-13.6992093458253,-13.6897495349367,-15.0174260638245,-0.0979931012856695,-16.8381937492778,-15.8999406211737,19.65,25.65,20.45,21.81,21.95,22.46
2024-09-14 15:20:00,-13.6992093458253,-13.7181485827095,-15.0105118757194,-0.0979931012856695,-16.799466978311,-15.8999406211737,19.85,25.53,20.63,22.03,22.26,22.57
2024-09-14 15:30:00,-13.6992093458253,-13.8100579964514,-15.0001465619192,-0.0979931012856695,-16.780137006555,-15.8999406211737,20.02,25.4,20.8,22.28,22.55,22.69
2024-09-14 15:40:00,-13.6992093458253,-13.8706081346124,-15.0001465619192,-0.0979931012856695,-16.7569703971689,-15.8999406211737,20.19,25.26,20.96,22.5,22.8,22.81
2024-09-14 15:50:00,-13.6992093458253,-13.9185983463469,-14.9897884057516,-0.0979931012856695,-16.6991937060554,-15.8999406211737,20.36,25.14,21.14,22.71,23.01,22.92
2024-09-14 16:00:00,-13.6992093458253,-14.0086247651795,-15.0001465619192,-0.0979931012856695,-16.6991937060554,-15.8999406211737,20.5,25.02,21.28,22.93,23.2,23.03
2024-09-14 16:10:00,-13.6992093458253,-14.0894974385166,-14.9587568336358,-0.0979931012856695,-16.6991937060554,-15.8999406211737,20.63,24.89,21.44,23.12,23.36,23.13
2024-09-14 16:20:00,-13.6992093458253,-14.1382449742227,-14.9587568336358,-0.0979931012856695,-16.6991937060554,-15.8999406211737,20.75,24.75,21.56,23.32,23.47,23.24
2024-09-14 16:30:00,-13.6992093458253,-14.2002340467351,-14.9277895024848,-0.0979931012856695,-16.7107330855048,-15.8999406211737,20.86,24.61,21.69,23.49,23.57,23.34
2024-09-14 16:40:00,-13.7086756935772,-14.2887916093159,-14.9277895024848,-0.0979931012856695,-16.6991937060554,-15.8999406211737,20.97,24.46,21.79,23.65,23.65,23.42
2024-09-14 16:50:00,-13.7181485827095,-14.3184333550975,-14.9277895024848,-0.0979931012856695,-16.6991937060554,-15.8999406211737,21.07,24.36,21.91,23.79,23.7,23.5
2024-09-14 17:00:00,-13.7402774547836,-14.3977789801104,-14.9277895024848,-0.0979931012856695,-16.718430434728,-15.8999406211737,21.17,24.26,22,23.93,23.75,23.59
2024-09-14 17:10:00,-13.8005216404685,-14.4475931234455,-14.948427258607,-0.0979931012856695,-16.718430434728,-15.8999406211737,21.26,24.17,22.1,24.06,23.8,23.65
2024-09-14 17:20:00,-13.7878167420266,-14.497579616202,-14.9277895024848,-0.0979931012856695,-16.7299831070295,-15.8999406211737,21.35,24.09,22.19,24.17,23.8,23.7
2024-09-14 17:30:00,-13.7878167420266,-14.5075976491222,-14.9690935465474,-0.0979931012856695,-16.7569703971689,-15.9072645006807,21.43,23.99,22.26,24.25,23.8,23.76
2024-09-14 17:40:00,-13.8005216404685,-14.5276544875544,-14.9897884057516,-0.0979931012856695,-16.7569703971689,-15.9402637285582,21.52,23.9,22.35,24.3,23.8,23.8
2024-09-14 17:50:00,-13.8005216404685,-14.5577917484857,-15.0001465619192,-0.0979931012856695,-16.8072052004126,-15.988050171637,21.63,23.9,22.4,24.4,23.8,23.8
2024-09-14 18:00:00,-13.8005216404685,-14.6384637784799,-15.0001465619192,-0.0979931012856695,-16.8072052004126,-15.9990981408284,21.74,23.76,22.48,24.4,23.8,23.88
2024-09-14 18:10:00,-13.8005216404685,-14.7603108049732,-15.0001465619192,-0.0979931012856695,-16.8770097946717,-15.9990981408284,21.86,23.57,22.5,24.49,23.8,23.9
2024-09-14 18:20:00,-13.8005216404685,-14.9003168090751,-15.0105118757194,-0.0979931012856695,-16.9003423592256,-15.9990981408284,21.98,23.37,22.57,24.5,23.8,23.9
2024-09-14 18:30:00,-13.8005216404685,-15.038187743016,-15.0174260638245,-0.0979931012856695,-16.9081270468551,-16.0175283905374,22.09,23.12,22.6,24.5,23.8,23.9
2024-09-14 18:40:00,-13.8100579964514,-15.1878221340956,-15.0693840925942,-0.0979931012856695,-16.9276044574468,-16.0396727170332,22.16,22.85,22.6,24.5,23.8,23.9
2024-09-14 18:50:00,-13.8387066211604,-15.3071910410914,-15.1006451582302,-0.0979931012856695,-16.9588149943353,-16.0803501925528,22.2,22.57,22.61,24.5,23.72,23.9
2024-09-14 19:00:00,-13.857838713842,-15.4595020941062,-15.1006451582302,-0.0979931012856695,-16.9588149943353,-16.0988740410128,22.2,22.28,22.7,24.5,23.7,23.9
2024-09-14 19:10:00,-13.8993823690896,-15.5702470123752,-15.1006451582302,-0.0979931012856695,-16.9979091004164,-16.0988740410128,22.2,21.99,22.7,24.5,23.69,23.85
2024-09-14 19:20:00,-13.8993823690896,-15.6998499767937,-15.1006451582302,-0.0979931012856695,-16.9979091004164,-16.0988740410128,22.2,21.72,22.7,24.5,23.6,23.8
2024-09-14 19:30:00,-13.8993823690896,-15.7904861998276,-15.1284872101836,-0.0979931012856695,-16.990083076142,-16.1174192281226,22.2,21.47,22.7,24.41,23.58,23.8
2024-09-14 19:40:00,-13.9474721353348,-15.8487677935859,-15.1598708837794,-0.0979931012856695,-16.9979091004164,-16.1694594829906,22.16,21.2,22.66,24.4,23.5,23.77
2024-09-14 19:50:00,-13.9989512914963,-15.9586262036402,-15.1983171343752,-0.0979931012856695,-17.0096548964355,-16.1992721781614,22.1,20.92,22.6,24.39,23.45,23.7
2024-09-14 20:00:00,-13.9989512914963,-16.0285967295958,-15.1983171343752,-0.0979931012856695,-17.0292492625958,-16.1992721781614,22.03,20.63,22.6,24.3,23.4,23.69
2024-09-14 20:10:00,-14.01830492337,-16.1471359732552,-15.1983171343752,-0.0979931012856695,-17.0606472086921,-16.2179330194613,21.97,20.36,22.6,24.28,23.3,23.6
2024-09-14 20:20:00,-14.0992334808702,-16.2403544065264,-15.2790201075205,-0.0979931012856695,-17.1078527057904,-16.2590625727268,21.89,20.08,22.5,24.2,23.23,23.57
2024-09-14 20:30:00,-14.1089762509671,-16.2890404750032,-15.3001434420043,-0.0979931012856695,-17.1078527057904,-16.3002964327588,21.8,19.86,22.5,24.15,23.14,23.5
2024-09-14 20:40:00,-14.190428259754,-16.3491621981511,-15.3001434420043,-0.0979931012856695,-17.1670432953959,-16.3002964327588,21.7,19.65,22.41,24.09,23.05,23.42
2024-09-14 20:50:00,-14.210046609654,-16.3793062230286,-15.3601516129707,-0.0979931012856695,-17.1868189659941,-16.3604597008692,21.62,19.52,22.37,24,22.96,23.36
2024-09-14 21:00:00,-14.2789246700614,-16.3981744555436,-15.399105786303,-0.0979931012856695,-17.2105798435357,-16.3981744555436,21.51,19.41,22.29,23.9,22.86,23.29
2024-09-14 21:10:00,-14.2986653667652,-16.3981744555436,-15.4097467865799,-0.0979931012856695,-17.2502543275337,-16.3981744555436,21.41,19.31,22.2,23.82,22.76,23.19
2024-09-14 21:20:00,-14.3481365919496,-16.409505826426,-15.4595020941062,-0.0979931012856695,-17.2701258535412,-16.4170644234235,21.29,19.21,22.12,23.72,22.66,23.1
2024-09-14 21:30:00,-14.3977789801104,-16.4776586741212,-15.4987082256197,-0.0979931012856695,-17.2979844529296,-16.4586989846747,21.18,19.08,22.05,23.63,22.56,23
2024-09-14 21:40:00,-14.3977789801104,-16.5004391334199,-15.548750773671,-0.0979931012856695,-17.3298778837586,-16.5004391334199,21.08,18.96,21.96,23.53,22.45,22.9
2024-09-14 21:50:00,-14.4276468175047,-16.5080396163967,-15.5881832446517,-0.0979931012856695,-17.3978468069794,-16.5080396163967,20.97,18.84,21.88,23.43,22.34,22.81
2024-09-14 22:00:00,-14.497579616202,-16.5804190430288,-15.5989549001312,-0.0979931012856695,-17.4098689656203,-16.5804190430288,20.86,18.72,21.79,23.33,22.22,22.71
2024-09-14 22:10:00,-14.5176226046452,-16.5880563665974,-15.6097339989772,-0.0979931012856695,-17.4580407324288,-16.5880563665974,20.76,18.59,21.7,23.22,22.11,22.6
2024-09-14 22:20:00,-14.5779179805533,-16.6071650699964,-15.6998499767937,-0.0979931012856695,-17.4982856726907,-16.5995189485706,20.65,18.47,21.62,23.08,21.99,22.49
2024-09-14 22:30:00,-14.5980720372542,-16.6799791117411,-15.6998499767937,-0.0979931012856695,-17.5305484120432,-16.6301245726433,20.54,18.36,21.52,22.97,21.89,22.38
2024-09-14 22:40:00,-14.6081595118612,-16.6991937060554,-15.7179355059229,-0.0979931012856695,-17.5507428243736,-16.6991937060554,20.43,18.24,21.43,22.86,21.78,22.26
2024-09-14 22:50:00,-14.6688309105523,-16.7299831070295,-15.7795822848995,-0.0979931012856695,-17.5993043783016,-16.7107330855048,20.32,18.11,21.33,22.74,21.68,22.15
2024-09-14 23:00:00,-14.6992610384912,-16.799466978311,-15.7977596621026,-0.0979931012856695,-17.6074110239642,-16.7492553037231,20.18,17.97,21.22,22.62,21.57,22.03
2024-09-14 23:10:00,-14.7094184361317,-16.799466978311,-15.8597195166807,-0.0979931012856695,-17.6805390763575,-16.799466978311,20.06,17.83,21.12,22.5,21.46,21.92
2024-09-14 23:20:00,-14.7399327618914,-16.8770097946717,-15.8999406211737,-0.0979931012856695,-17.696830956179,-16.799466978311,19.95,17.66,21.02,22.37,21.34,21.81
2024-09-14 23:30:00,-14.7977437496487,-16.9081270468551,-15.9072645006807,-0.0979931012856695,-17.7294597665199,-16.8304412597075,19.84,17.5,20.92,22.24,21.23,21.7
2024-09-14 23:40:00,-14.807969200238,-16.9783507951888,-15.9990981408284,-0.0979931012856695,-17.7867050110509,-16.8886720475576,19.72,17.34,20.81,22.1,21.11,21.59
2024-09-14 23:50:00,-14.8797454741026,-16.9979091004164,-15.9990981408284,-0.0979931012856695,-17.8071945043941,-16.9081270468551,19.6,17.2,20.71,21.97,20.99,21.47
2024-09-15,-14.9003168090751,-17.0096548964355,-16.05814970685,-0.0979931012856695,-17.8770354948596,-16.9393016719616,19.48,17.06,20.6,21.85,20.87,21.36
2024-09-15 00:10:00,-14.9174813115438,-17.068505736434,-16.0988740410128,-0.0979931012856695,-17.889388779673,-16.9979091004164,19.37,16.93,20.49,21.73,20.76,21.24
2024-09-15 00:20:00,-14.948427258607,-17.0999760622711,-16.1099985910681,-0.0979931012856695,-17.8976290449039,-16.9979091004164,19.25,16.77,20.38,21.62,20.65,21.12
2024-09-15 00:30:00,-15.0001465619192,-17.1275601914611,-16.1694594829906,-0.0979931012856695,-17.9595521415033,-17.0370933277193,19.14,16.64,20.27,21.48,20.53,21.01
2024-09-15 00:40:00,-15.0001465619192,-17.1670432953959,-16.1992721781614,-0.0979931012856695,-18.009244839332,-17.068505736434,19.02,16.49,20.15,21.36,20.42,20.88
2024-09-15 00:50:00,-15.0278033180054,-17.1986953014069,-16.2291398409577,-0.0979931012856695,-18.0299906886629,-17.0999760622711,18.9,16.35,20.03,21.23,20.3,20.77
2024-09-15 01:00:00,-15.0797972505091,-17.2185074337086,-16.2777922899029,-0.0979931012856695,-18.0882062936196,-17.1078527057904,18.77,16.21,19.93,21.1,20.16,20.65
2024-09-15 01:10:00,-15.1006451582302,-17.2979844529296,-16.3002964327588,-0.0979931012856695,-18.1007055004469,-17.1986953014069,18.66,16.06,19.82,20.97,20.04,20.54
2024-09-15 01:20:00,-15.1076008638049,-17.2979844529296,-16.3190736495083,-0.0979931012856695,-18.1800679635984,-17.1986953014069,18.54,15.92,19.69,20.84,19.93,20.43
2024-09-15 01:30:00,-15.1773343810019,-17.3698273781416,-16.3679957060897,-0.0979931012856695,-18.1884421223682,-17.2185074337086,18.43,15.75,19.58,20.72,19.82,20.31
2024-09-15 01:40:00,-15.1983171343752,-17.4178883529609,-16.3981744555436,-0.0979931012856695,-18.2177820662044,-17.2780808719802,18.33,15.55,19.47,20.58,19.68,20.17
2024-09-15 01:50:00,-15.1983171343752,-17.4902292695399,-16.409505826426,-0.0979931012856695,-18.2808128439616,-17.2979844529296,18.21,15.35,19.36,20.46,19.57,20.05
2024-09-15 02:00:00,-15.2473897734897,-17.5790540895873,-16.4890449697247,-0.0979931012856695,-18.2976578510402,-17.3298778837586,18.08,15.15,19.24,20.34,19.45,19.94
2024-09-15 02:10:00,-15.2895781268919,-17.6074110239642,-16.5004391334199,-0.0979931012856695,-18.3187359393372,-17.3578328696984,17.97,14.95,19.13,20.2,19.34,19.82
2024-09-15 02:20:00,-15.3001434420043,-17.6601953165574,-16.5575281636946,-0.0979931012856695,-18.3778838509011,-17.3978468069794,17.85,14.76,19.01,20.06,19.22,19.7
2024-09-15 02:30:00,-15.3389454313769,-17.696830956179,-16.5995189485706,-0.0979931012856695,-18.399054355983,-17.4178883529609,17.73,14.62,18.88,19.94,19.09,19.58
2024-09-15 02:40:00,-15.3778458246884,-17.709059717103,-16.6071650699964,-0.0979931012856695,-18.399054355983,-17.4580407324288,17.6,14.45,18.76,19.81,18.97,19.46
2024-09-15 02:50:00,-15.399105786303,-17.7703303922743,-16.6991937060554,-0.0979931012856695,-18.4882371160528,-17.4781516191361,17.47,14.26,18.64,19.67,18.84,19.35
2024-09-15 03:00:00,-15.4203951399387,-17.7989958762201,-16.6991937060554,-0.0979931012856695,-18.4967532246446,-17.5184429197798,17.33,14.1,18.52,19.55,18.72,19.23
2024-09-15 03:10:00,-15.4987082256197,-17.7989958762201,-16.718430434728,-0.0979931012856695,-18.5778521572898,-17.5184429197798,17.2,13.95,18.4,19.42,18.57,19.1
2024-09-15 03:20:00,-15.5201352802091,-17.8071945043941,-16.7878663248257,-0.0979931012856695,-18.6078202620469,-17.5871514074997,17.07,13.85,18.28,19.28,18.45,18.98
2024-09-15 03:30:00,-15.5380137859983,-17.8194995280936,-16.799466978311,-0.0979931012856695,-18.6593066678463,-17.5993043783016,16.95,13.77,18.16,19.15,18.34,18.85
2024-09-15 03:40:00,-15.5881832446517,-17.8770354948596,-16.85759059982,-0.0979931012856695,-18.6980149393246,-17.639874964899,16.83,13.7,18.04,19.03,18.22,18.73
2024-09-15 03:50:00,-15.5989549001312,-17.8688047111255,-16.8770097946717,-0.0979931012856695,-18.6980149393246,-17.6886831405963,16.7,13.59,17.92,18.87,18.08,18.6
2024-09-15 04:00:00,-15.6097339989772,-17.889388779673,-16.9003423592256,-0.0999989644032415,-18.7886468026721,-17.696830956179,16.57,13.46,17.78,18.74,17.96,18.47
2024-09-15 04:10:00,-15.6601350293302,-17.9471504062926,-16.9276044574468,-0.0999989644032415,-18.7973012868969,-17.7376263647574,16.46,13.34,17.66,18.61,17.84,18.36
2024-09-15 04:20:00,-15.6998499767937,-17.996808789475,-16.9979091004164,-0.0999989644032415,-18.8493119721014,-17.7785158164649,16.34,13.18,17.54,18.47,17.72,18.24
2024-09-15 04:30:00,-15.6998499767937,-18.009244839332,-17.0096548964355,-0.0999989644032415,-18.8797179711908,-17.7989958762201,16.22,13.04,17.39,18.35,17.59,18.12
2024-09-15 04:40:00,-15.7106987955672,-18.0798782845276,-17.0606472086921,-0.139989512914963,-18.8971148443813,-17.8194995280936,16.1,12.89,17.26,18.23,17.46,17.99
2024-09-15 04:50:00,-15.7904861998276,-18.1090431030351,-17.0881678961453,-0.199984115912805,-18.9799691607763,-17.8688047111255,15.97,12.74,17.14,18.08,17.34,17.87
2024-09-15 05:00:00,-15.7977596621026,-18.1507887587505,-17.1196744743986,-0.199984115912805,-18.9974584112595,-17.8976290449039,15.85,12.56,17.02,17.96,17.21,17.75
2024-09-15 05:10:00,-15.7977596621026,-18.1968201384688,-17.1472903792789,-0.259953400225528,-19.0193426386875,-17.8976290449039,15.73,12.43,16.88,17.83,17.08,17.63
2024-09-15 05:20:00,-15.8779892084117,-18.2387681411487,-17.1986953014069,-0.309952756089801,-19.0368681701894,-17.9182463178023,15.6,12.24,16.76,17.7,16.96,17.5
2024-09-15 05:30:00,-15.8999406211737,-18.2976578510402,-17.1986953014069,-0.380010417525265,-19.0895417185125,-17.9595521415033,15.47,12.09,16.64,17.57,16.84,17.36
2024-09-15 05:40:00,-15.8999406211737,-18.3271739717761,-17.2582001926894,-0.410010994402073,-19.1071319355406,-17.996808789475,15.35,11.95,16.52,17.44,16.73,17.24
2024-09-15 05:50:00,-15.9476061818187,-18.3694224710762,-17.290020270663,-0.529901931390699,-19.1688254363206,-18.0175403130294,15.23,11.83,16.38,17.29,16.6,17.12
2024-09-15 06:00:00,-15.9806890975188,-18.3567377052388,-17.3099376052689,-0.649973278511114,-19.1997468455278,-18.0673934596635,15.13,11.71,16.26,17.16,16.47,16.99
2024-09-15 06:10:00,-15.9990981408284,-18.3778838509011,-17.3578328696984,-0.759968344071996,-19.2307181343455,-18.1007055004469,15,11.63,16.14,17.04,16.35,16.87
2024-09-15 06:20:00,-16.0285967295958,-18.3778838509011,-17.3778283214032,-0.96982975057728,-19.2573047144178,-18.1007055004469,14.87,11.6,16.01,16.9,16.23,16.75
2024-09-15 06:30:00,-16.0803501925528,-18.3398383086548,-17.4098689656203,-1.20003939250651,-19.288368850365,-18.1173845461154,14.75,11.6,15.87,16.77,16.11,16.63
2024-09-15 06:40:00,-16.0988740410128,-18.3103017918612,-17.450002858491,-1.38993823690896,-19.3194830961566,-18.1968201384688,14.63,11.6,15.75,16.65,15.97,16.52
2024-09-15 06:50:00,-16.0988740410128,-18.2976578510402,-17.4902292695399,-1.65004391334199,-19.3773999157907,-18.2177820662044,14.51,11.6,15.63,16.53,15.85,16.38
2024-09-15 07:00:00,-16.1174192281226,-18.0798782845276,-17.4982856726907,-2.0299974970537,-19.417597854001,-18.2597783911182,14.38,11.8,15.5,16.38,15.73,16.26
2024-09-15 07:10:00,-16.1880859813913,-17.717216918607,-17.5103772360108,-2.64969265846351,-19.4489205602909,-18.2892334081478,14.28,12.52,15.37,16.26,15.62,16.15
2024-09-15 07:20:00,-16.1694594829906,-17.4701044859249,-17.5993043783016,-3.34961970266598,-19.5072254134053,-18.3482860613319,14.17,13.31,15.26,16.14,15.5,16.03
2024-09-15 07:30:00,-16.1992721781614,-17.1986953014069,-17.6601953165574,-4.19947985651301,-19.5702107442398,-18.3694224710762,14.09,14.06,15.16,16.02,15.39,15.92
2024-09-15 07:40:00,-16.1992721781614,-16.8770097946717,-17.696830956179,-4.99914233875784,-19.6379207212063,-18.399054355983,14,15.02,15.05,15.89,15.28,15.79
2024-09-15 07:50:00,-16.210466104752,-16.2291398409577,-17.7294597665199,-5.70946614949411,-19.7376526771049,-18.4287340403568,13.91,16.74,14.95,15.77,15.19,15.68
2024-09-15 08:00:00,-16.2702978153272,-15.5881832446517,-17.7867050110509,-6.36935569225291,-19.847028916049,-18.466963994606,13.89,18.83,14.85,15.65,15.1,15.58
2024-09-15 08:10:00,-16.2777922899029,-15.1180404300502,-17.7989958762201,-7.10878701217464,-19.9570112636243,-18.4967532246446,13.8,20.76,14.78,15.55,15.01,15.5
2024-09-15 08:20:00,-16.3002964327588,-14.77731402675,-17.8770354948596,-8.00010159890017,-20.0583637334437,-18.5095347431896,13.8,22.45,14.7,15.45,14.95,15.4
2024-09-15 08:30:00,-16.3078047253899,-14.5376933026369,-17.8976290449039,-8.81851590300694,-20.1370339579933,-18.547932316504,13.8,23.87,14.7,15.38,14.9,15.4
2024-09-15 08:40:00,-16.3078047253899,-14.4176839935916,-17.8976290449039,-9.66040874598225,-20.2299822835723,-18.547932316504,13.8,25.08,14.7,15.3,14.9,15.4
2024-09-15 08:50:00,-16.3002964327588,-14.3283275954131,-17.8976290449039,-9.97919484673669,-20.3467712458195,-18.5778521572898,13.8,26.04,14.7,15.3,14.9,15.4
2024-09-15 09:00:00,-16.3078047253899,-14.3184333550975,-17.8976290449039,-9.99989644032415,-20.3983717556213,-18.5095347431896,13.87,26.8,14.7,15.3,14.9,15.48
2024-09-15 09:10:00,-16.3078047253899,-14.4176839935916,-17.889388779673,-10.0183339066246,-20.4595229164427,-18.4967532246446,13.9,27.28,14.8,15.3,14.9,15.59
2024-09-15 09:20:00,-16.3002964327588,-14.6587015400998,-17.8400267992624,-10.0391166932265,-20.5066869877253,-18.4967532246446,13.99,27.36,14.9,15.31,14.94,15.75
2024-09-15 09:30:00,-16.3002964327588,-15.0174260638245,-17.8482443272262,-9.99989644032415,-20.5965984660587,-18.437222740459,14.08,27.23,15.04,15.4,15.02,15.96
2024-09-15 09:40:00,-16.3002964327588,-15.3283533220553,-17.7989958762201,-9.99989644032415,-20.6203248317291,-18.3905832290247,14.18,27.24,15.17,15.51,15.12,16.2
2024-09-15 09:50:00,-16.3002964327588,-15.4203951399387,-17.7703303922743,-9.94936818110851,-20.6678595897098,-18.3271739717761,14.31,27.47,15.35,15.64,15.23,16.45
2024-09-15 10:00:00,-16.3002964327588,-15.4488267359487,-17.7294597665199,-9.88998202881668,-20.6869041608708,-18.2808128439616,14.44,27.82,15.55,15.78,15.35,16.74
2024-09-15 10:10:00,-16.3002964327588,-15.4880057941778,-17.696830956179,-9.27887880851002,-20.6964330262329,-18.2093943990017,14.6,28.06,15.76,15.97,15.52,17.05
2024-09-15 10:20:00,-16.3002964327588,-15.548750773671,-17.6480002983098,-8.86942575089683,-20.6964330262329,-18.1591494308431,14.75,28.23,15.99,16.17,15.69,17.36
2024-09-15 10:30:00,-16.3002964327588,-15.6277157185067,-17.6074110239642,-8.42937747641329,-20.7107345546865,-18.0882062936196,14.92,28.38,16.21,16.38,15.89,17.72
2024-09-15 10:40:00,-16.3002964327588,-15.7287968220533,-17.5993043783016,-7.82880548043474,-20.6964330262329,-17.996808789475,15.09,28.42,16.44,16.6,16.11,18.05
2024-09-15 10:50:00,-16.3002964327588,-15.8305317248932,-17.558827101464,-7.26934871022197,-20.6964330262329,-17.9678247255975,15.26,28.53,16.68,16.85,16.35,18.38
2024-09-15 11:00:00,-16.3002964327588,-15.9476061818187,-17.5184429197798,-6.77010652878841,-20.6678595897098,-17.9099965601522,15.45,28.5,16.9,17.1,16.6,18.72
2024-09-15 11:10:00,-16.3002964327588,-16.0101537443231,-17.4982856726907,-6.31968602881101,-20.6393256015918,-17.8688047111255,15.65,28.6,17.14,17.36,16.86,19.05
2024-09-15 11:20:00,-16.3002964327588,-16.0692461158135,-17.4982856726907,-5.92919184264558,-20.6203248317291,-17.7989958762201,15.86,28.64,17.38,17.62,17.15,19.38
2024-09-15 11:30:00,-16.3190736495083,-16.0988740410128,-17.4982856726907,-5.4801885685256,-20.5965984660587,-17.7989958762201,16.07,28.7,17.62,17.89,17.47,19.72
2024-09-15 11:40:00,-16.3078047253899,-16.1880859813913,-17.4902292695399,-5.17959141581403,-20.5965984660587,-17.7294597665199,16.28,28.8,17.85,18.15,17.79,20.03
2024-09-15 11:50:00,-16.3604597008692,-16.2291398409577,-17.4902292695399,-4.74018730061593,-20.5681628608451,-17.696830956179,16.5,28.88,18.08,18.42,18.12,20.35
2024-09-15 12:00:00,-16.3679957060897,-16.3378724967766,-17.4902292695399,-4.04944497883111,-20.5208573989779,-17.696830956179,16.72,28.9,18.3,18.68,18.45,20.64
2024-09-15 12:10:00,-16.3679957060897,-16.4776586741212,-17.4902292695399,-3.4498125871102,-20.4972454835259,-17.6601953165574,16.95,28.9,18.51,18.96,18.78,20.93
2024-09-15 12:20:00,-16.3793062230286,-16.6301245726433,-17.4982856726907,-2.92951349150849,-20.5208573989779,-17.6480002983098,17.19,28.83,18.73,19.23,19.1,21.2
2024-09-15 12:30:00,-16.3793062230286,-16.7376893232568,-17.4982856726907,-2.41988931778436,-20.4972454835259,-17.6074110239642,17.43,28.8,18.98,19.5,19.4,21.48
2024-09-15 12:40:00,-16.390624555695,-16.8886720475576,-17.4982856726907,-1.99984115912805,-20.5397665137472,-17.6074110239642,17.68,28.72,19.19,19.77,19.69,21.71
2024-09-15 12:50:00,-16.3793062230286,-17.0096548964355,-17.5184429197798,-1.63002964327588,-20.5965984660587,-17.6074110239642,17.92,28.63,19.41,20.03,19.97,21.92
2024-09-15 13:00:00,-16.390624555695,-17.1591393998783,-17.5184429197798,-1.40992334808702,-20.629823029116,-17.627693978606,18.18,28.54,19.63,20.32,20.24,22.15
2024-09-15 13:10:00,-16.3981744555436,-17.2701258535412,-17.5305484120432,-1.18985900689113,-20.6678595897098,-17.6886831405963,18.42,28.46,19.85,20.6,20.5,22.38
2024-09-15 13:20:00,-16.3981744555436,-17.3898366469869,-17.5790540895873,-1.00993983510781,-20.7202743968779,-17.6886831405963,18.7,28.4,20.06,20.87,20.75,22.58
2024-09-15 13:30:00,-16.390624555695,-17.4781516191361,-17.558827101464,-0.840031365836083,-20.7871764452323,-17.696830956179,18.97,28.32,20.3,21.14,21,22.77
2024-09-15 13:40:00,-16.390624555695,-17.5790540895873,-17.566915102359,-0.729954016270881,-20.830298930083,-17.696830956179,19.26,28.3,20.51,21.43,21.25,22.95
2024-09-15 13:50:00,-16.3491621981511,-17.5993043783016,-17.558827101464,-0.620005443385957,-20.9264472213805,-17.717216918607,19.54,28.3,20.73,21.7,21.52,23.12
2024-09-15 14:00:00,-16.3078047253899,-17.709059717103,-17.5871514074997,-0.540002166763744,-20.979517820736,-17.717216918607,19.83,28.3,20.95,21.97,21.79,23.3
2024-09-15 14:10:00,-16.3190736495083,-17.8071945043941,-17.5993043783016,-0.479949454539478,-20.9988495719667,-17.7498833158867,20.12,28.28,21.17,22.26,22.08,23.46
2024-09-15 14:20:00,-16.3078047253899,-17.9595521415033,-17.5993043783016,-0.399940607946233,-21.0181991366004,-17.7703303922743,20.43,28.19,21.39,22.54,22.42,23.61
2024-09-15 14:30:00,-16.3002964327588,-18.0507604362898,-17.5993043783016,-0.340012984604159,-21.0763548751384,-17.7867050110509,20.7,28.07,21.59,22.81,22.75,23.75
2024-09-15 14:40:00,-16.2890404750032,-18.1884421223682,-17.5993043783016,-0.299982211480849,-21.1006338988612,-17.7989958762201,20.98,27.94,21.77,23.09,23.11,23.89
2024-09-15 14:50:00,-16.2890404750032,-18.3271739717761,-17.5790540895873,-0.289998333660962,-21.1103533376865,-17.7989958762201,21.2,27.76,21.96,23.37,23.48,24.04
2024-09-15 15:00:00,-16.3002964327588,-18.399054355983,-17.5993043783016,-0.269957565160755,-21.1006338988612,-17.7867050110509,21.43,27.61,22.15,23.62,23.83,24.17
2024-09-15 15:10:00,-16.2890404750032,-18.479724928371,-17.566915102359,-0.209988495719667,-21.1006338988612,-17.7989958762201,21.63,27.46,22.34,23.89,24.18,24.3
2024-09-15 15:20:00,-16.2890404750032,-18.5692987098576,-17.566915102359,-0.199984115912805,-21.066651089579,-17.7989958762201,21.8,27.32,22.52,24.17,24.52,24.43
2024-09-15 15:30:00,-16.2890404750032,-18.6507157178617,-17.5305484120432,-0.199984115912805,-21.0085221265827,-17.7989958762201,21.96,27.21,22.68,24.42,24.83,24.54
2024-09-15 15:40:00,-16.3002964327588,-18.7066276764219,-17.5103772360108,-0.129985677597456,-20.9891814707013,-17.7703303922743,22.14,27.12,22.85,24.67,25.08,24.66
2024-09-15 15:50:00,-16.3002964327588,-18.7973012868969,-17.4982856726907,-0.0999989644032415,-20.9988495719667,-17.7867050110509,22.28,27.03,22.99,24.91,25.32,24.78
2024-09-15 16:00:00,-16.2890404750032,-18.866680827431,-17.5103772360108,-0.0999989644032415,-20.9988495719667,-17.7867050110509,22.44,26.92,23.14,25.13,25.5,24.89
2024-09-15 16:10:00,-16.3002964327588,-18.9581302376557,-17.4982856726907,-0.0999989644032415,-20.9988495719667,-17.7785158164649,22.56,26.81,23.28,25.37,25.66,25
2024-09-15 16:20:00,-16.3002964327588,-19.0193426386875,-17.4982856726907,-0.0999989644032415,-21.0085221265827,-17.7785158164649,22.67,26.68,23.42,25.57,25.77,25.09
2024-09-15 16:30:00,-16.3002964327588,-19.1291425019923,-17.4982856726907,-0.0999989644032415,-21.0375665310515,-17.7867050110509,22.79,26.55,23.52,25.76,25.87,25.18
2024-09-15 16:40:00,-16.3078047253899,-19.2307181343455,-17.4982856726907,-0.0999989644032415,-21.0375665310515,-17.7989958762201,22.89,26.41,23.63,25.95,25.96,25.27
2024-09-15 16:50:00,-16.3078047253899,-19.3105881936844,-17.4982856726907,-0.0999989644032415,-21.1006338988612,-17.7989958762201,22.99,26.26,23.72,26.09,26,25.37
2024-09-15 17:00:00,-16.3793062230286,-19.3907899736765,-17.5305484120432,-0.0999989644032415,-21.1200772535097,-17.7989958762201,23.08,26.14,23.81,26.23,26.03,25.42
2024-09-15 17:10:00,-16.3491621981511,-19.4892668663144,-17.5507428243736,-0.0999989644032415,-21.1395385243991,-17.7989958762201,23.15,26.02,23.9,26.35,26.1,25.5
2024-09-15 17:20:00,-16.3981744555436,-19.597266674827,-17.566915102359,-0.0999989644032415,-21.1980299996795,-17.7989958762201,23.23,25.87,23.98,26.46,26.1,25.54
2024-09-15 17:30:00,-16.3981744555436,-19.6469664005931,-17.5871514074997,-0.0999989644032415,-21.2077943013961,-17.8277076007227,23.3,25.75,24.06,26.55,26.1,25.6
2024-09-15 17:40:00,-16.3981744555436,-19.6877235478278,-17.5993043783016,-0.0999989644032415,-21.2175631007754,-17.8277076007227,23.39,25.65,24.1,26.6,26.1,25.6
2024-09-15 17:50:00,-16.3981744555436,-19.7694916667835,-17.5993043783016,-0.139989512914963,-21.2860708051302,-17.889388779673,23.46,25.56,24.18,26.7,26.1,25.61
2024-09-15 18:00:00,-16.4170644234235,-19.9800008532747,-17.5993043783016,-0.199984115912805,-21.31059141228,-17.889388779673,23.55,25.38,24.2,26.7,26.04,25.7
2024-09-15 18:10:00,-16.4473336440966,-20.1184956028484,-17.6195779944481,-0.199984115912805,-21.31059141228,-17.8976290449039,23.66,25.11,24.23,26.73,26,25.7
2024-09-15 18:20:00,-16.4776586741212,-20.2579503521638,-17.6683300099911,-0.239991302313102,-21.3498831502847,-17.9099965601522,23.74,24.84,24.3,26.8,26,25.7
2024-09-15 18:30:00,-16.5004391334199,-20.4265726236407,-17.696830956179,-0.299982211480849,-21.3990997138815,-17.9471504062926,23.8,24.55,24.3,26.8,25.95,25.7
2024-09-15 18:40:00,-16.5004391334199,-20.5871155656259,-17.709059717103,-0.369994699480064,-21.4089566329477,-17.988522860799,23.8,24.25,24.3,26.8,25.9,25.63
2024-09-15 18:50:00,-16.5575281636946,-20.7393672660989,-17.709059717103,-0.459933986278217,-21.4484297333747,-17.996808789475,23.85,23.95,24.3,26.75,25.82,25.6
2024-09-15 19:00:00,-16.5880563665974,-20.8879347632184,-17.7580593216822,-0.579956609745592,-21.4879756129512,-17.996808789475,23.8,23.62,24.3,26.7,25.78,25.6
2024-09-15 19:10:00,-16.5995189485706,-20.9698586200214,-17.7867050110509,-0.759968344071996,-21.5077758868446,-18.009244839332,23.8,23.32,24.3,26.7,25.7,25.58
2024-09-15 19:20:00,-16.6569507800594,-21.1200772535097,-17.7989958762201,-0.949938528241862,-21.5275944058651,-18.0673934596635,23.76,23.01,24.3,26.66,25.62,25.5
2024-09-15 19:30:00,-16.6991937060554,-21.2762704640505,-17.8071945043941,-1.15983310987169,-21.5672862465514,-18.1007055004469,23.7,22.73,24.3,26.6,25.55,25.49
2024-09-15 19:40:00,-16.7492553037231,-21.330228234026,-17.8482443272262,-1.45980720372542,-21.5971031456776,-18.1090431030351,23.62,22.45,24.21,26.55,25.46,25.4
2024-09-15 19:50:00,-16.780137006555,-21.4385546404589,-17.8976290449039,-1.9297253518095,-21.607051269693,-18.1507887587505,23.54,22.17,24.2,26.49,25.37,25.35
2024-09-15 20:00:00,-16.8498291797264,-21.5375105125512,-17.9099965601522,-2.46999174862722,-21.6468896102214,-18.1968201384688,23.45,21.9,24.15,26.4,25.25,25.27
2024-09-15 20:10:00,-16.9003423592256,-21.6170039760439,-17.9678247255975,-3.28999700379189,-21.6668363167396,-18.1968201384688,23.36,21.67,24.1,26.3,25.15,25.2
2024-09-15 20:20:00,-16.9705337757733,-21.6967908444189,-17.996808789475,-4.2696817233369,-21.6967908444189,-18.2892334081478,23.25,21.42,24.01,26.22,25.04,25.1
2024-09-15 20:30:00,-16.9979091004164,-21.7869031304034,-18.0299906886629,-5.21909860897873,-21.7468071128417,-18.2976578510402,23.13,21.18,23.94,26.13,24.94,25.02
2024-09-15 20:40:00,-17.0803003157289,-21.8773896756109,-18.0798782845276,-5.86942425528135,-21.7869031304034,-18.3187359393372,23.02,20.93,23.87,26.03,24.82,24.94
2024-09-15 20:50:00,-17.1078527057904,-21.9480278415885,-18.1007055004469,-6.68029286517966,-21.8371271290991,-18.3567377052388,22.88,20.7,23.78,25.93,24.69,24.85
2024-09-15 21:00:00,-17.1986953014069,-22.0594917677258,-18.1507887587505,-7.76954349794751,-21.897548778332,-18.3905832290247,22.76,20.47,23.7,25.81,24.56,24.75
2024-09-15 21:10:00,-17.2304056663016,-22.1001643025365,-18.1884421223682,-8.94943261665899,-21.9379227282097,-18.4202492485454,22.64,20.24,23.6,25.68,24.44,24.63
2024-09-15 21:20:00,-17.290020270663,-22.1766275371658,-18.2808128439616,-9.80833978440828,-21.9986232711037,-18.4967532246446,22.5,20.02,23.5,25.56,24.3,24.52
2024-09-15 21:30:00,-17.3698273781416,-22.2482318885084,-18.2976578510402,-10.0391166932265,-22.0391835786667,-18.5095347431896,22.36,19.82,23.4,25.44,24.16,24.41
2024-09-15 21:40:00,-17.4098689656203,-22.3097910329541,-18.3694224710762,-10.0993983510781,-22.1001643025365,-18.526590507965,22.21,19.61,23.29,25.3,24.04,24.28
2024-09-15 21:50:00,-17.4902292695399,-22.386979544448,-18.399054355983,-10.1787747180016,-22.1562115117442,-18.5992530169697,22.06,19.39,23.17,25.16,23.86,24.16
2024-09-15 22:00:00,-17.558827101464,-22.4592630846804,-18.4584616013033,-10.1998903351096,-22.1970623751038,-18.6078202620469,21.93,19.18,23.05,25.03,23.73,24.04
2024-09-15 22:10:00,-17.5993043783016,-22.536968746925,-18.4967532246446,-10.2800565202301,-22.2789901989594,-18.6507157178617,21.77,18.97,22.94,24.88,23.58,23.89
2024-09-15 22:20:00,-17.6195779944481,-22.5993268040242,-18.547932316504,-10.3203755794304,-22.3200674374542,-18.6980149393246,21.64,18.73,22.82,24.74,23.44,23.76
2024-09-15 22:30:00,-17.696830956179,-22.6670760873692,-18.5992530169697,-10.3990939644953,-22.386979544448,-18.7670280208086,21.49,18.53,22.68,24.58,23.29,23.63
2024-09-15 22:40:00,-17.7580593216822,-22.69841345237,-18.6679015750207,-10.4398798963974,-22.4179296743432,-18.8102904884111,21.34,18.34,22.56,24.44,23.14,23.49
2024-09-15 22:50:00,-17.8071945043941,-22.7874381259151,-18.7066276764219,-10.5001499807699,-22.505854272025,-18.8493119721014,21.18,18.14,22.44,24.27,22.97,23.35
2024-09-15 23:00:00,-17.8770354948596,-22.8662792242964,-18.7799963030671,-10.5802395902094,-22.5993268040242,-18.8971148443813,21.03,17.93,22.28,24.13,22.82,23.2
2024-09-15 23:10:00,-17.9182463178023,-22.9084392861662,-18.8102904884111,-10.6192905236549,-22.6462085501002,-18.9188834804817,20.86,17.74,22.14,23.95,22.66,23.05
2024-09-15 23:20:00,-17.988522860799,-22.950677081313,-18.8797179711908,-10.7002888743567,-22.7559778537034,-18.9974584112595,20.72,17.55,22.01,23.78,22.5,22.91
2024-09-15 23:30:00,-18.0299906886629,-23.0194796583996,-18.9275979547252,-10.749679163719,-22.8084358003516,-19.0368681701894,20.56,17.35,21.86,23.62,22.35,22.76
2024-09-15 23:40:00,-18.1007055004469,-23.0672330012096,-18.9974584112595,-10.7992974282988,-22.850489212499,-19.098334801878,20.4,17.17,21.73,23.46,22.16,22.62
2024-09-15 23:50:00,-18.1591494308431,-23.1097635747653,-19.0675767179128,-10.8791634684019,-22.9189914418642,-19.1071319355406,20.25,16.99,21.59,23.29,22,22.46
2024-09-16,-18.1968201384688,-23.1683711822058,-19.098334801878,-10.9193177092322,-22.9771152408815,-19.1864887099901,20.06,16.82,21.45,23.12,21.85,22.31
2024-09-16 00:10:00,-18.2808128439616,-23.2057442955648,-19.1599998982919,-11.0000713575001,-23.0406911494367,-19.2085906919175,19.92,16.65,21.3,22.95,21.69,22.15
2024-09-16 00:20:00,-18.3103017918612,-23.2485302514974,-19.2085906919175,-11.0279681320323,-23.1683711822058,-19.2573047144178,19.75,16.48,21.15,22.78,21.54,22
2024-09-16 00:30:00,-18.3905832290247,-23.2860326701907,-19.2794882732338,-11.09929776259,-23.1683711822058,-19.297253518095,19.6,16.34,21,22.62,21.38,21.85
2024-09-16 00:40:00,-18.4075293849378,-23.3074897787181,-19.3105881936844,-11.1685168158097,-23.2699528031091,-19.3773999157907,19.45,16.16,20.85,22.45,21.21,21.71
2024-09-16 00:50:00,-18.466963994606,-23.3989032897575,-19.3595608873531,-11.1994192418252,-23.3397125193853,-19.399721818939,19.29,16.02,20.7,22.25,21.05,21.56
2024-09-16 01:00:00,-18.526590507965,-23.409681364492,-19.399721818939,-11.290040567437,-23.3773620250364,-19.4265420475917,19.15,15.86,20.55,22.08,20.89,21.42
2024-09-16 01:10:00,-18.5906897163463,-23.4582441711174,-19.4802937935274,-11.3082526360643,-23.4204644038563,-19.4892668663144,18.99,15.73,20.41,21.92,20.74,21.25
2024-09-16 01:20:00,-18.6078202620469,-23.469049579631,-19.5072254134053,-11.3997545989881,-23.4906753306121,-19.5296968697546,18.84,15.59,20.25,21.75,20.58,21.11
2024-09-16 01:30:00,-18.6980149393246,-23.4960848812698,-19.597266674827,-11.4602872277739,-23.5556722203897,-19.5882438777405,18.69,15.46,20.08,21.59,20.43,20.95
2024-09-16 01:40:00,-18.6980149393246,-23.5177355441545,-19.6379207212063,-11.4999380927729,-23.6371712928482,-19.6469664005931,18.54,15.34,19.94,21.43,20.26,20.81
2024-09-16 01:50:00,-18.7497509068507,-23.5773777905238,-19.6967921675456,-11.5583409825181,-23.6807526990909,-19.6877235478278,18.4,15.22,19.79,21.25,20.09,20.65
2024-09-16 02:00:00,-18.7973012868969,-23.6099736529427,-19.7467442953317,-11.5983310987169,-23.7080318733106,-19.7104029300026,18.27,15.1,19.64,21.08,19.95,20.51
2024-09-16 02:10:00,-18.7973012868969,-23.6099736529427,-19.7877084293481,-11.6894883491775,-23.8064973543864,-19.7694916667835,18.14,14.97,19.49,20.92,19.79,20.35
2024-09-16 02:20:00,-18.866680827431,-23.6807526990909,-19.8196281644226,-11.7083447707078,-23.855883345996,-19.7968231044093,17.99,14.86,19.35,20.75,19.64,20.2
2024-09-16 02:30:00,-18.910173018478,-23.697116434721,-19.8882010880378,-11.7786496047927,-23.9108768366671,-19.8607434942279,17.86,14.74,19.21,20.59,19.49,20.04
2024-09-16 02:40:00,-18.910173018478,-23.7298778365144,-19.9570112636243,-11.8003666752093,-23.9880807678354,-19.8882010880378,17.74,14.62,19.06,20.44,19.35,19.89
2024-09-16 02:50:00,-18.9668627898611,-23.7791048828239,-19.9892041026631,-11.8903736522517,-24.0101847844229,-19.9570112636243,17.6,14.48,18.93,20.26,19.19,19.75
2024-09-16 03:00:00,-18.9887117724936,-23.7900580871844,-20.0306712135699,-11.9205282814446,-24.1099051833218,-19.9984115912805,17.46,14.37,18.76,20.08,19.05,19.61
2024-09-16 03:10:00,-19.0281033867371,-23.8503909582175,-20.0768466795773,-11.9893462422273,-24.1599205869895,-20.016839294014,17.33,14.24,18.63,19.94,18.91,19.46
2024-09-16 03:20:00,-19.0675767179128,-23.8998680060257,-20.1184956028484,-12.0086863672921,-24.1877517413114,-20.0583637334437,17.2,14.09,18.48,19.77,18.75,19.33
2024-09-16 03:30:00,-19.098334801878,-23.9273995913368,-20.1881025627157,-12.1002822971406,-24.2602628767275,-20.1092328262315,17.07,13.92,18.36,19.63,18.63,19.18
2024-09-16 03:40:00,-19.1291425019923,-23.9880807678354,-20.2206681772616,-12.1002822971406,-24.3161885584908,-20.1695171933017,16.95,13.74,18.24,19.46,18.47,19.05
2024-09-16 03:50:00,-19.1599998982919,-24.0101847844229,-20.2393006801753,-12.1589340382575,-24.3778557247894,-20.1974016685529,16.83,13.58,18.09,19.32,18.35,18.91
2024-09-16 04:00:00,-19.2085906919175,-24.0710759086383,-20.3093256073865,-12.1981930546867,-24.4509367625196,-20.2906286388235,16.7,13.45,17.96,19.16,18.23,18.76
2024-09-16 04:10:00,-19.2573047144178,-24.1099051833218,-20.3702098216399,-12.2686139916988,-24.4960185616426,-20.299974970537,16.57,13.34,17.83,19.02,18.08,18.63
2024-09-16 04:20:00,-19.297253518095,-24.0877093631364,-20.3983717556213,-12.2997278588026,-24.5355333152412,-20.3374033685862,16.45,13.25,17.7,18.86,17.96,18.49
2024-09-16 04:30:00,-19.3105881936844,-24.0877093631364,-20.4501031271003,-12.3479682021033,-24.5807710905886,-20.3795928102824,16.33,13.2,17.56,18.71,17.83,18.36
2024-09-16 04:40:00,-19.3506475326251,-24.0877093631364,-20.4972454835259,-12.3878375759307,-24.648784191393,-20.4265726236407,16.21,13.17,17.43,18.56,17.69,18.24
2024-09-16 04:50:00,-19.3684783477778,-24.0988047178409,-20.5681628608451,-12.4078205110433,-24.6885453726387,-20.4878083262989,16.08,13.1,17.27,18.43,17.56,18.11
2024-09-16 05:00:00,-19.399721818939,-24.1210107619333,-20.6583438798721,-12.4995823591734,-24.7397611511078,-20.5208573989779,15.97,13.04,17.15,18.27,17.44,17.97
2024-09-16 05:10:00,-19.4265420475917,-24.1265654693989,-20.6869041608708,-12.4995823591734,-24.8082141651669,-20.5776370312248,15.85,12.97,17.03,18.14,17.28,17.85
2024-09-16 05:20:00,-19.4802937935274,-24.1877517413114,-20.7202743968779,-12.5486065449964,-24.8654030051051,-20.6108310074166,15.74,12.85,16.88,18,17.16,17.72
2024-09-16 05:30:00,-19.4982440723057,-24.2379286357436,-20.7393672660989,-12.5978230069072,-24.8997795699015,-20.6583438798721,15.63,12.73,16.76,17.86,17.05,17.58
2024-09-16 05:40:00,-19.5296968697546,-24.3161885584908,-20.7871764452323,-12.5978230069072,-24.9456889300083,-20.7107345546865,15.53,12.57,16.64,17.73,16.93,17.46
2024-09-16 05:50:00,-19.5386926987384,-24.3778557247894,-20.8063309619024,-12.6997596695196,-25.0089525432172,-20.7202743968779,15.42,12.44,16.52,17.58,16.81,17.32
2024-09-16 06:00:00,-19.597266674827,-24.4960185616426,-20.8783177283506,-12.6997596695196,-25.0262340837579,-20.7776058006022,15.31,12.25,16.4,17.45,16.69,17.18
2024-09-16 06:10:00,-19.597266674827,-24.5073019929848,-20.9071821244789,-12.7583790967402,-25.0666041329082,-20.7967514983222,15.21,12.09,16.27,17.3,16.57,17.07
2024-09-16 06:20:00,-19.6469664005931,-24.5355333152412,-20.960203866509,-12.7995736137096,-25.0954797463622,-20.8783177283506,15.11,11.98,16.16,17.16,16.46,16.95
2024-09-16 06:30:00,-19.6605427327392,-24.5581417865329,-20.9988495719667,-12.8497743850044,-25.1070393033574,-20.9071821244789,15,11.9,16.04,17.04,16.35,16.83
2024-09-16 06:40:00,-19.6967921675456,-24.5073019929848,-21.0181991366004,-12.9001720470328,-25.176508547782,-20.960203866509,14.89,11.9,15.92,16.92,16.23,16.72
2024-09-16 06:50:00,-19.6967921675456,-24.4565674470011,-21.1103533376865,-12.9299100148471,-25.2171210060571,-20.9891814707013,14.79,11.94,15.8,16.78,16.12,16.59
2024-09-16 07:00:00,-19.7194819963672,-24.1376787221225,-21.1395385243991,-12.9686718835,-25.2577989766633,-21.0375665310515,14.68,12.23,15.68,16.66,16,16.47
2024-09-16 07:10:00,-19.7694916667835,-23.7080318733106,-21.1980299996795,-12.9985677597456,-25.3160242166282,-21.1006338988612,14.59,12.89,15.56,16.54,15.87,16.36
2024-09-16 07:20:00,-19.7877084293481,-23.3074897787181,-21.2077943013961,-13.0495489991963,-25.4270222127552,-21.1298056483928,14.49,13.78,15.45,16.42,15.76,16.25
2024-09-16 07:30:00,-19.7968231044093,-23.0459970754779,-21.2762704640505,-13.0977139830907,-25.4563130118123,-21.2077943013961,14.4,14.48,15.34,16.28,15.66,16.14
2024-09-16 07:40:00,-19.8196281644226,-22.6670760873692,-21.31059141228,-13.127907332098,-25.5679261035408,-21.256683316368,14.33,15.27,15.24,16.17,15.55,16.03
2024-09-16 07:50:00,-19.8287575424503,-21.766845889174,-21.3793994883614,-13.1976164415677,-25.6504803494807,-21.31059141228,14.3,16.93,15.16,16.05,15.46,15.92
2024-09-16 08:00:00,-19.847028916049,-20.9891814707013,-21.4089566329477,-13.2493783630672,-25.7570133126948,-21.3892473330492,14.23,19,15.09,15.94,15.37,15.82
2024-09-16 08:10:00,-19.879044341548,-20.3983717556213,-21.4681935673883,-13.2982809033395,-25.8580340164753,-21.4286840941446,14.2,20.87,15,15.83,15.3,15.73
2024-09-16 08:20:00,-19.8607434942279,-20.0768466795773,-21.4978734703072,-13.3197324829853,-25.9773892785069,-21.4879756129512,14.2,22.35,14.96,15.73,15.23,15.7
2024-09-16 08:30:00,-19.8882010880378,-19.9386386391748,-21.5176828646636,-13.3904601828597,-26.0792743113497,-21.4978734703072,14.21,23.43,14.9,15.66,15.2,15.61
2024-09-16 08:40:00,-19.8973620523362,-20.016839294014,-21.5275944058651,-13.4182383622531,-26.1695046663521,-21.4879756129512,14.3,24.14,14.9,15.6,15.2,15.62
2024-09-16 08:50:00,-19.8973620523362,-20.0398978028954,-21.5077758868446,-13.4182383622531,-26.2660945002887,-21.4879756129512,14.31,24.74,14.96,15.59,15.2,15.7
2024-09-16 09:00:00,-19.847028916049,-20.0583637334437,-21.5375105125512,-13.4801741364388,-26.369111854039,-21.4484297333747,14.4,25.35,15,15.52,15.2,15.77
2024-09-16 09:10:00,-19.8287575424503,-20.2579503521638,-21.4978734703072,-13.4894891277577,-26.448162369395,-21.4583093749861,14.47,25.6,15.1,15.6,15.23,15.91
2024-09-16 09:20:00,-19.847028916049,-20.5303097793703,-21.4583093749861,-13.4801741364388,-26.4908261441848,-21.3892473330492,14.57,25.61,15.19,15.6,15.3,16.07
2024-09-16 09:30:00,-19.8378911256801,-20.9264472213805,-21.4385546404589,-13.4894891277577,-26.5886019534993,-21.330228234026,14.68,25.5,15.31,15.69,15.4,16.28
2024-09-16 09:40:00,-19.7968231044093,-21.2273363998891,-21.3990997138815,-13.4398834463829,-26.6008492770337,-21.2273363998891,14.79,25.54,15.45,15.79,15.51,16.52
2024-09-16 09:50:00,-19.7877084293481,-21.3007797816431,-21.3892473330492,-13.4089725722239,-26.6498950111607,-21.1590177280385,14.93,25.84,15.62,15.93,15.64,16.78
2024-09-16 10:00:00,-19.7968231044093,-21.3695561777295,-21.330228234026,-13.3997131805655,-26.6560320827883,-21.0763548751384,15.05,26.15,15.79,16.08,15.8,17.06
2024-09-16 10:10:00,-19.7968231044093,-21.4385546404589,-21.2860708051302,-13.3904601828597,-26.6498950111607,-20.979517820736,15.19,26.36,15.98,16.25,15.98,17.36
2024-09-16 10:20:00,-19.7968231044093,-21.5077758868446,-21.2664746351556,-13.3197324829853,-26.6805945053104,-20.8879347632184,15.35,26.48,16.17,16.45,16.18,17.68
2024-09-16 10:30:00,-19.7694916667835,-21.607051269693,-21.2468965056112,-13.2982809033395,-26.6805945053104,-20.7776058006022,15.52,26.59,16.37,16.67,16.4,18.02
2024-09-16 10:40:00,-19.7603895754168,-21.6668363167396,-21.2273363998891,-13.2585338712367,-26.668310466196,-20.7298186333406,15.68,26.66,16.57,16.9,16.62,18.34
2024-09-16 10:50:00,-19.7467442953317,-21.7869031304034,-21.1980299996795,-13.1976164415677,-26.6253608509003,-20.6108310074166,15.87,26.7,16.77,17.12,16.9,18.65
2024-09-16 11:00:00,-19.7603895754168,-21.8371271290991,-21.1590177280385,-13.1976164415677,-26.6069750541634,-20.5303097793703,16.05,26.79,16.98,17.39,17.16,19.02
2024-09-16 11:10:00,-19.7376526771049,-21.897548778332,-21.1687640598027,-13.1097829806042,-26.5763602687674,-20.4783755140428,16.24,26.91,17.19,17.67,17.47,19.32
2024-09-16 11:20:00,-19.7194819963672,-21.9278222673362,-21.1103533376865,-13.0977139830907,-26.5396690214306,-20.3983717556213,16.43,27.06,17.4,17.93,17.78,19.65
2024-09-16 11:30:00,-19.7194819963672,-21.9581376096156,-21.1006338988612,-13.0405378028128,-26.4908261441848,-20.3795928102824,16.63,27.19,17.61,18.2,18.08,19.97
2024-09-16 11:40:00,-19.7194819963672,-22.0087563445531,-21.1006338988612,-12.9985677597456,-26.4603450032165,-20.299974970537,16.83,27.31,17.82,18.48,18.4,20.28
2024-09-16 11:50:00,-19.6967921675456,-22.0696528786091,-21.1006338988612,-12.9477856909158,-26.4055673050964,-20.2486233690467,17.03,27.46,18.03,18.76,18.72,20.59
2024-09-16 12:00:00,-19.6967921675456,-22.1409118279729,-21.0763548751384,-12.9001720470328,-26.4055673050964,-20.2067050577729,17.24,27.53,18.23,19.04,19.05,20.87
2024-09-16 12:10:00,-19.6967921675456,-22.2379885578851,-21.1006338988612,-12.9001720470328,-26.3994878984759,-20.1974016685529,17.48,27.6,18.42,19.33,19.37,21.15
2024-09-16 12:20:00,-19.6786591034022,-22.3509250609709,-21.1006338988612,-12.8586537611634,-26.3751842655115,-20.1277626461139,17.7,27.62,18.61,19.6,19.67,21.42
2024-09-16 12:30:00,-19.6469664005931,-22.4592630846804,-21.1006338988612,-12.7995736137096,-26.3873332839346,-20.1370339579933,17.92,27.7,18.83,19.89,19.97,21.69
2024-09-16 12:40:00,-19.6288792065498,-22.5162209877767,-21.0909189349723,-12.7701354112996,-26.4177303186485,-20.1277626461139,18.15,27.7,19.03,20.18,20.27,21.92
2024-09-16 12:50:00,-19.6469664005931,-22.6201511417183,-21.1006338988612,-12.7085353833848,-26.4786294765108,-20.1370339579933,18.39,27.7,19.23,20.46,20.53,22.15
2024-09-16 13:00:00,-19.6108086637584,-22.6566399162707,-21.0909189349723,-12.688068143573,-26.5091316803793,-20.146309540453,18.62,27.77,19.43,20.73,20.8,22.4
2024-09-16 13:10:00,-19.5882438777405,-22.7402640090832,-21.1006338988612,-12.6297717658378,-26.5886019534993,-20.1695171933017,18.88,27.8,19.64,21.01,21.04,22.61
2024-09-16 13:20:00,-19.5882438777405,-22.7874381259151,-21.1006338988612,-12.5978230069072,-26.6805945053104,-20.1695171933017,19.12,27.9,19.84,21.29,21.28,22.81
2024-09-16 13:30:00,-19.5072254134053,-22.7979345456868,-21.1298056483928,-12.5891237440341,-26.6990311741311,-20.1881025627157,19.38,28,20.04,21.57,21.52,23.01
2024-09-16 13:40:00,-19.4982440723057,-22.8610146750559,-21.1006338988612,-12.5082197476809,-26.7790707365366,-20.2206681772616,19.64,28.13,20.27,21.82,21.76,23.19
2024-09-16 13:50:00,-19.4892668663144,-22.887349547519,-21.1200772535097,-12.4995823591734,-26.8408028700892,-20.2486233690467,19.9,28.3,20.47,22.1,22,23.38
2024-09-16 14:00:00,-19.417597854001,-22.9401103371981,-21.1298056483928,-12.4995823591734,-26.9088725945115,-20.2486233690467,20.18,28.4,20.69,22.37,22.26,23.55
2024-09-16 14:10:00,-19.399721818939,-23.1097635747653,-21.1395385243991,-12.4794516405678,-26.9398704193227,-20.2579503521638,20.46,28.38,20.89,22.64,22.54,23.71
2024-09-16 14:20:00,-19.3595608873531,-23.2057442955648,-21.1298056483928,-12.4478831372375,-26.9771149474281,-20.2672816315045,20.72,28.3,21.09,22.9,22.81,23.86
2024-09-16 14:30:00,-19.3194830961566,-23.3074897787181,-21.1200772535097,-12.3992524519232,-26.9895412290115,-20.2906286388235,21,28.2,21.3,23.15,23.08,24.04
2024-09-16 14:40:00,-19.297253518095,-23.409681364492,-21.1006338988612,-12.3992524519232,-27.0206319805029,-20.299974970537,21.25,28.17,21.51,23.4,23.37,24.19
2024-09-16 14:50:00,-19.297253518095,-23.5069077200875,-21.1200772535097,-12.3878375759307,-27.0704516955901,-20.299974970537,21.48,28.07,21.7,23.65,23.62,24.34
2024-09-16 15:00:00,-19.2307181343455,-23.6262884792491,-21.1006338988612,-12.3792833157667,-27.1078767530721,-20.299974970537,21.69,27.94,21.89,23.89,23.85,24.47
2024-09-16 15:10:00,-19.217438611987,-23.7681567214392,-21.1103533376865,-12.367886823561,-27.1391038218258,-20.3186805513551,21.89,27.81,22.07,24.13,24.1,24.61
2024-09-16 15:20:00,-19.2085906919175,-23.8174631763513,-21.1006338988612,-12.3195686633173,-27.1703668627743,-20.299974970537,22.08,27.7,22.26,24.35,24.31,24.75
2024-09-16 15:30:00,-19.1864887099901,-23.888864243971,-21.0763548751384,-12.3082271450188,-27.2079300535582,-20.299974970537,22.27,27.64,22.45,24.57,24.5,24.86
2024-09-16 15:40:00,-19.1864887099901,-23.965997100427,-21.1006338988612,-12.3195686633173,-27.2580951024127,-20.3093256073865,22.45,27.6,22.61,24.77,24.66,24.98
2024-09-16 15:50:00,-19.1864887099901,-24.0599933205825,-21.1006338988612,-12.3082271450188,-27.3083526438647,-20.3280398044267,22.61,27.52,22.76,24.95,24.83,25.08
2024-09-16 16:00:00,-19.1688254363206,-24.1877517413114,-21.1103533376865,-12.3878375759307,-27.3398106519311,-20.3374033685862,22.76,27.38,22.91,25.12,24.94,25.18
2024-09-16 16:10:00,-19.1688254363206,-24.3161885584908,-21.1103533376865,-12.3878375759307,-27.3902188577125,-20.3280398044267,22.9,27.24,23.04,25.27,25.03,25.28
2024-09-16 16:20:00,-19.1776550395959,-24.3890847276026,-21.1103533376865,-12.3992524519232,-27.4407200044159,-20.3374033685862,23.04,27.12,23.16,25.43,25.11,25.38
2024-09-16 16:30:00,-19.1776550395959,-24.490378794252,-21.1395385243991,-12.3992524519232,-27.4976451012803,-20.3608311530286,23.15,26.97,23.29,25.56,25.2,25.46
2024-09-16 16:40:00,-19.1776550395959,-24.660137990109,-21.1200772535097,-12.4078205110433,-27.5483443168095,-20.3889801209459,23.28,26.79,23.41,25.67,25.25,25.52
2024-09-16 16:50:00,-19.1776550395959,-24.7682602559788,-21.1298056483928,-12.4679629323991,-27.5864300636299,-20.3983717556213,23.38,26.61,23.5,25.77,25.3,25.6
2024-09-16 17:00:00,-19.1864887099901,-24.9055136161582,-21.1687640598027,-12.4995823591734,-27.6882496713268,-20.3983717556213,23.47,26.39,23.6,25.85,25.35,25.65
2024-09-16 17:10:00,-19.1864887099901,-25.0377617446031,-21.1687640598027,-12.4995823591734,-27.7201453038779,-20.4077677163003,23.54,26.19,23.69,25.93,25.4,25.7
2024-09-16 17:20:00,-19.2085906919175,-25.2171210060571,-21.1980299996795,-12.519745550827,-27.8096486794602,-20.4171680049756,23.6,25.99,23.75,26,25.4,25.7
2024-09-16 17:30:00,-19.2307181343455,-25.2985425652794,-21.1785148809521,-12.5804304883239,-27.8160528249855,-20.4595229164427,23.67,25.79,23.8,26.02,25.4,25.78
2024-09-16 17:40:00,-19.2085906919175,-25.4094639131833,-21.2077943013961,-12.5978230069072,-27.8609231564926,-20.4783755140428,23.7,25.64,23.9,26.1,25.4,25.8
2024-09-16 17:50:00,-19.2484384395564,-25.5561543491945,-21.2468965056112,-12.6094313757219,-27.9251492174384,-20.4972454835259,23.7,25.42,23.9,26.1,25.4,25.8
2024-09-16 18:00:00,-19.288368850365,-25.6977738259539,-21.2468965056112,-12.6705510328108,-27.9766366504038,-20.5303097793703,23.71,25.17,24,26.1,25.4,25.8
2024-09-16 18:10:00,-19.297253518095,-25.9057101732856,-21.2664746351556,-12.6997596695196,-28.0282190141333,-20.5871155656259,23.8,24.88,24,26.1,25.37,25.8
2024-09-16 18:20:00,-19.3105881936844,-26.1153290603124,-21.2860708051302,-12.6997596695196,-28.0669681905239,-20.5965984660587,23.8,24.55,24,26.1,25.3,25.8
2024-09-16 18:30:00,-19.3907899736765,-26.3084645797188,-21.3007797816431,-12.7995736137096,-28.105770937877,-20.6488325511718,23.8,24.22,24.1,26.1,25.29,25.71
2024-09-16 18:40:00,-19.3907899736765,-26.4786294765108,-21.330228234026,-12.8202207240243,-28.1511086163456,-20.6678595897098,23.7,23.88,24.1,26.1,25.2,25.7
2024-09-16 18:50:00,-19.417597854001,-26.6376251064309,-21.3793994883614,-12.8882960194442,-28.2095073968647,-20.7202743968779,23.7,23.6,24.1,26.01,25.18,25.69
2024-09-16 19:00:00,-19.4982440723057,-26.7790707365366,-21.3990997138815,-12.9001720470328,-28.2355012821388,-20.7776058006022,23.67,23.35,24.07,26,25.1,25.6
2024-09-16 19:10:00,-19.5386926987384,-26.9150693047973,-21.4385546404589,-12.9090862486903,-28.2680273242137,-20.7871764452323,23.6,23.08,24,25.94,25.04,25.58
2024-09-16 19:20:00,-19.579225234849,-27.0393036200368,-21.4978734703072,-12.977633419515,-28.32014694408,-20.8207084313866,23.53,22.85,24,25.89,24.98,25.5
2024-09-16 19:30:00,-19.619841854706,-27.1578573270806,-21.5077758868446,-13.0105453981468,-28.3397165668655,-20.8975562279143,23.47,22.6,23.95,25.8,24.9,25.43
2024-09-16 19:40:00,-19.7104029300026,-27.2706508099385,-21.5375105125512,-13.0796313164486,-28.3854316251871,-20.9264472213805,23.38,22.31,23.9,25.73,24.8,25.36
2024-09-16 19:50:00,-19.7467442953317,-27.3776080997426,-21.5971031456776,-13.1097829806042,-28.4312204268913,-21.0181991366004,23.29,22.08,23.86,25.65,24.71,25.26
2024-09-16 20:00:00,-19.810502989661,-27.516646363639,-21.6170039760439,-13.1885029991371,-28.477083090934,-21.0569517717493,23.18,21.84,23.8,25.57,24.6,25.17
2024-09-16 20:10:00,-19.8698918109251,-27.6054926776555,-21.6768165614625,-13.1976164415677,-28.5887720876565,-21.1006338988612,23.08,21.65,23.71,25.47,24.49,25.07
2024-09-16 20:20:00,-19.9708018411635,-27.6882496713268,-21.7067848868885,-13.2799213345782,-28.5756095025991,-21.1590177280385,22.97,21.43,23.66,25.37,24.39,24.99
2024-09-16 20:30:00,-19.9984115912805,-27.7776500616344,-21.7768722006135,-13.2982809033395,-28.66787501859,-21.2175631007754,22.86,21.21,23.59,25.25,24.27,24.88
2024-09-16 20:40:00,-20.0398978028954,-27.8609231564926,-21.8170236511534,-13.3596629790525,-28.7207318639299,-21.256683316368,22.74,21.01,23.5,25.14,24.16,24.77
2024-09-16 20:50:00,-20.1092328262315,-27.970195533343,-21.8773896756109,-13.3997131805655,-28.800199917403,-21.3400534292995,22.63,20.81,23.41,25.03,24.05,24.65
2024-09-16 21:00:00,-20.178807738289,-28.0605062762517,-21.9076352945379,-13.4491705962641,-28.8201012635947,-21.3892473330492,22.5,20.61,23.32,24.92,23.91,24.54
2024-09-16 21:10:00,-20.1974016685529,-28.1251924238049,-21.9884948630327,-13.4988105558675,-28.8998442645449,-21.4583093749861,22.38,20.41,23.23,24.79,23.77,24.43
2024-09-16 21:20:00,-20.2672816315045,-28.2095073968647,-22.0188940855299,-13.5798665595179,-28.9397984679318,-21.5275944058651,22.24,20.22,23.12,24.66,23.66,24.3
2024-09-16 21:30:00,-20.3280398044267,-28.281048229823,-22.0899891438581,-13.5986408043034,-29.0065115933269,-21.5971031456776,22.12,20.03,23.01,24.54,23.54,24.18
2024-09-16 21:40:00,-20.4077677163003,-28.3592997125376,-22.1103441481279,-13.6677020386484,-29.0867703773052,-21.626961266841,21.98,19.86,22.91,24.41,23.42,24.06
2024-09-16 21:50:00,-20.4595229164427,-28.3985066099262,-22.2277499434039,-13.6992093458253,-29.1403995675495,-21.6568606670311,21.86,19.7,22.8,24.27,23.28,23.92
2024-09-16 22:00:00,-20.4972454835259,-28.4705267550873,-22.2584799374462,-13.7878167420266,-29.1605359965194,-21.7367946436992,21.74,19.54,22.69,24.14,23.14,23.77
2024-09-16 22:10:00,-20.5776370312248,-28.536158097461,-22.3200674374542,-13.8005216404685,-29.2681655204756,-21.7768722006135,21.63,19.37,22.58,24,23.02,23.66
2024-09-16 22:20:00,-20.5965984660587,-28.595355653632,-22.3509250609709,-13.8993823690896,-29.274905540582,-21.8069788535446,21.48,19.23,22.46,23.85,22.87,23.53
2024-09-16 22:30:00,-20.6583438798721,-28.6612747563359,-22.4179296743432,-13.9185983463469,-29.3761922975696,-21.8572491315617,21.36,19.06,22.35,23.72,22.75,23.4
2024-09-16 22:40:00,-20.7298186333406,-28.7075085231404,-22.5006727041428,-13.9699709313479,-29.4371324839706,-21.887466906069,21.23,18.93,22.22,23.57,22.63,23.26
2024-09-16 22:50:00,-20.7871764452323,-28.7405782965707,-22.5681262377681,-14.01830492337,-29.5185827627941,-21.9379227282097,21.09,18.76,22.1,23.44,22.48,23.13
2024-09-16 23:00:00,-20.830298930083,-28.8201012635947,-22.6097365753808,-14.0894974385166,-29.5661994610553,-22.0391835786667,20.96,18.64,21.97,23.29,22.35,22.98
2024-09-16 23:10:00,-20.8975562279143,-28.8665912349038,-22.69841345237,-14.1187257534562,-29.6411809382961,-22.0798186699346,20.84,18.52,21.86,23.14,22.21,22.85
2024-09-16 23:20:00,-20.9264472213805,-28.8998442645449,-22.7507386993683,-14.1806292440315,-29.709510917269,-22.1562115117442,20.72,18.41,21.74,22.99,22.07,22.73
2024-09-16 23:30:00,-20.9891814707013,-28.9397984679318,-22.8189418921367,-14.210046609654,-29.7711425649257,-22.2175160428933,20.58,18.3,21.64,22.86,21.94,22.58
2024-09-16 23:40:00,-21.0472569195921,-28.9864815239059,-22.887349547519,-14.2887916093159,-29.839772136389,-22.2995193598238,20.46,18.17,21.52,22.73,21.82,22.45
2024-09-16 23:50:00,-21.0909189349723,-29.0265555038096,-22.9189914418642,-14.3184333550975,-29.8947896854668,-22.3509250609709,20.34,18.05,21.39,22.57,21.69,22.32
2024-09-17,-21.1395385243991,-29.0867703773052,-22.9982876948736,-14.3878367810441,-29.9361194067058,-22.4076082129931,20.22,17.93,21.27,22.44,21.57,22.16
2024-09-17 00:10:00,-21.1980299996795,-29.1068697477448,-23.0459970754779,-14.4077280493771,-30.0051292890667,-22.438586862143,20.07,17.81,21.15,22.28,21.45,22.04
2024-09-17 00:20:00,-21.2175631007754,-29.1605359965194,-23.1097635747653,-14.4875685011041,-30.0466115554517,-22.5162209877767,19.96,17.69,21.03,22.14,21.33,21.91
2024-09-17 00:30:00,-21.2762704640505,-29.2210288092427,-23.1683711822058,-14.5176226046452,-30.1158761485212,-22.578521637424,19.85,17.58,20.92,21.99,21.18,21.77
2024-09-17 00:40:00,-21.3204075623804,-29.2479547693374,-23.2164333968097,-14.5980720372542,-30.2061588832266,-22.6305705052453,19.74,17.47,20.79,21.86,21.06,21.66
2024-09-17 00:50:00,-21.3793994883614,-29.274905540582,-23.2806714802741,-14.6081595118612,-30.2270317669836,-22.6775170656089,19.62,17.35,20.67,21.73,20.94,21.54
2024-09-17 01:00:00,-21.3990997138815,-29.3153782683723,-23.3289666590766,-14.6789672805432,-30.2897369988792,-22.7507386993683,19.51,17.28,20.56,21.6,20.82,21.42
2024-09-17 01:10:00,-21.4780823126777,-29.2951349150849,-23.409681364492,-14.7094184361317,-30.3595620539786,-22.7664597821479,19.39,17.2,20.45,21.46,20.7,21.27
2024-09-17 01:20:00,-21.4978734703072,-29.3356356101036,-23.479859965365,-14.7094184361317,-30.4155379738901,-22.887349547519,19.28,17.11,20.33,21.34,20.58,21.15
2024-09-17 01:30:00,-21.5573564307899,-29.3897236495341,-23.5069077200875,-14.7977437496487,-30.4646015588798,-22.9771152408815,19.18,17.02,20.22,21.18,20.46,21.04
2024-09-17 01:40:00,-21.5971031456776,-29.3964916626567,-23.5773777905238,-14.7977437496487,-30.5277996234493,-22.9982876948736,19.07,16.93,20.08,21.06,20.35,20.92
2024-09-17 01:50:00,-21.6369231441959,-29.4574739595899,-23.6208489515564,-14.8592025398566,-30.5700044846225,-22.9982876948736,18.97,16.87,19.97,20.94,20.23,20.78
2024-09-17 02:00:00,-21.6967908444189,-29.4778294914571,-23.6589519609806,-14.9003168090751,-30.647531665569,-23.0778583009565,18.86,16.8,19.86,20.8,20.1,20.67
2024-09-17 02:10:00,-21.6967908444189,-29.5049920826768,-23.7189523398031,-14.948427258607,-30.6969694817236,-23.1257327488206,18.76,16.7,19.76,20.67,19.99,20.55
2024-09-17 02:20:00,-21.7367946436992,-29.5253804502403,-23.7900580871844,-15.0001465619192,-30.7181815225581,-23.2004015906013,18.66,16.61,19.65,20.55,19.88,20.44
2024-09-17 02:30:00,-21.7367946436992,-29.6002584082671,-23.8284340494269,-15.0105118757194,-30.810269875537,-23.1897198705763,18.56,16.53,19.54,20.43,19.77,20.32
2024-09-17 02:40:00,-21.7869031304034,-29.6548343501426,-23.888864243971,-15.0797972505091,-30.8386602550335,-23.2699528031091,18.46,16.46,19.44,20.31,19.67,20.2
2024-09-17 02:50:00,-21.796938680671,-29.6684940510655,-23.888864243971,-15.1006451582302,-30.9311097846021,-23.3397125193853,18.38,16.39,19.34,20.17,19.56,20.07
2024-09-17 03:00:00,-21.8673170848205,-29.709510917269,-23.965997100427,-15.1494024320582,-30.9952756089802,-23.3558405914193,18.29,16.3,19.23,20.04,19.46,19.96
2024-09-17 03:10:00,-21.8773896756109,-29.805437597481,-24.0378434497577,-15.1983171343752,-31.038126758432,-23.3881301773673,18.2,16.19,19.13,19.93,19.36,19.85
2024-09-17 03:20:00,-21.9379227282097,-29.8466437889368,-24.0599933205825,-15.2298456684265,-31.0881946471355,-23.4582441711174,18.1,16.07,19.03,19.82,19.25,19.74
2024-09-17 03:30:00,-21.9581376096156,-29.8879069481928,-24.1210107619333,-15.2790201075205,-31.1311742577,-23.4960848812698,18.01,15.97,18.93,19.7,19.15,19.64
2024-09-17 03:40:00,-21.9884948630327,-29.9775062665257,-24.1265654693989,-15.3001434420043,-31.1957551108932,-23.5394061572227,17.93,15.86,18.83,19.58,19.05,19.53
2024-09-17 03:50:00,-22.0493353351296,-30.0396938639247,-24.2100397463785,-15.3283533220553,-31.2604699354736,-23.5773777905238,17.84,15.74,18.72,19.47,18.95,19.43
2024-09-17 04:00:00,-22.0594917677258,-30.0812239160363,-24.2379286357436,-15.3778458246884,-31.2892751555608,-23.6371712928482,17.75,15.63,18.63,19.36,18.85,19.32
2024-09-17 04:10:00,-22.0899891438581,-30.1505682988373,-24.3105901937218,-15.399105786303,-31.3253190093615,-23.6480591193224,17.67,15.52,18.53,19.25,18.75,19.22
2024-09-17 04:20:00,-22.1103441481279,-30.1783507908278,-24.3666318919326,-15.4203951399387,-31.3903026110538,-23.7189523398031,17.58,15.43,18.43,19.15,18.65,19.12
2024-09-17 04:30:00,-22.1205286827909,-30.240955035239,-24.3890847276026,-15.4880057941778,-31.455421019625,-23.7408083657616,17.49,15.35,18.36,19.04,18.55,19.02
2024-09-17 04:40:00,-22.1460105483143,-30.2757912708713,-24.4284269852467,-15.4987082256197,-31.5061620495521,-23.8064973543864,17.39,15.29,18.27,18.93,18.46,18.92
2024-09-17 04:50:00,-22.1868426034872,-30.3106676362982,-24.4791031545366,-15.5272842126127,-31.5497195024902,-23.8284340494269,17.3,15.2,18.17,18.82,18.37,18.81
2024-09-17 05:00:00,-22.2072868541831,-30.3455841777475,-24.5073019929848,-15.5380137859983,-31.6006126461702,-23.8778655481693,17.2,15.13,18.08,18.71,18.28,18.71
2024-09-17 05:10:00,-22.2072868541831,-30.3875371250034,-24.5807710905886,-15.5989549001312,-31.6661673377223,-23.9273995913368,17.12,15.04,17.99,18.61,18.19,18.61
2024-09-17 05:20:00,-22.2687327068717,-30.4295480724538,-24.5977567516789,-15.6205205463333,-31.7099459989053,-23.9880807678354,17.04,14.95,17.9,18.5,18.1,18.51
2024-09-17 05:30:00,-22.2995193598238,-30.4996954253637,-24.6374356200908,-15.6601350293302,-31.7610976054252,-24.015713970326,16.96,14.85,17.8,18.4,18,18.41
2024-09-17 05:40:00,-22.3097910329541,-30.5770442987419,-24.6771784948514,-15.6998499767937,-31.8050075082575,-24.0766191168552,16.88,14.75,17.71,18.31,17.91,18.33
2024-09-17 05:50:00,-22.3663698668617,-30.5981734695758,-24.7682602559788,-15.7505419754703,-31.8343144970212,-24.1210107619333,16.8,14.64,17.62,18.21,17.82,18.24
2024-09-17 06:00:00,-22.386979544448,-30.6263684110746,-24.7967921905515,-15.7795822848995,-31.8856667235132,-24.1487970938667,16.7,14.56,17.53,18.12,17.72,18.15
2024-09-17 06:10:00,-22.4282558899965,-30.6193172409661,-24.8082141651669,-15.7977596621026,-31.9150480363819,-24.1766154344191,16.63,14.5,17.45,18.02,17.64,18.05
2024-09-17 06:20:00,-22.4179296743432,-30.6404756230021,-24.8596781935946,-15.8086761378558,-31.9959863203548,-24.1710492038499,16.55,14.5,17.34,17.92,17.55,17.96
2024-09-17 06:30:00,-22.4696083394562,-30.5488947655149,-24.8883154375668,-15.8597195166807,-32.0180960002296,-24.2602628767275,16.48,14.5,17.25,17.83,17.46,17.87
2024-09-17 06:40:00,-22.5006727041428,-30.5207711470302,-24.9284630088762,-15.8999406211737,-32.0402209582065,-24.3385949127316,16.4,14.59,17.17,17.73,17.35,17.78
2024-09-17 06:50:00,-22.5162209877767,-30.3875371250034,-24.9801764905644,-15.8999406211737,-32.1362725807595,-24.3385949127316,16.31,14.68,17.08,17.64,17.27,17.7
2024-09-17 07:00:00,-22.5681262377681,-30.2061588832266,-25.0204722437862,-15.9586262036402,-32.188111898623,-24.4003189027536,16.25,14.86,17,17.55,17.19,17.6
2024-09-17 07:10:00,-22.578521637424,-29.7985754319171,-25.0262340837579,-15.9990981408284,-32.2251911723878,-24.4565674470011,16.2,15.29,16.9,17.45,17.1,17.51
2024-09-17 07:20:00,-22.5889218254408,-29.2546901352105,-25.0781503891296,-16.0101537443231,-32.2548853428845,-24.4791031545366,16.11,15.99,16.83,17.34,17.02,17.43
2024-09-17 07:30:00,-22.5993268040242,-28.9198144663922,-25.1070393033574,-16.0803501925528,-32.3888480783533,-24.5694538332659,16.1,16.65,16.76,17.26,16.95,17.33
2024-09-17 07:40:00,-22.6462085501002,-28.4902002924529,-25.176508547782,-16.1099985910681,-32.5009086067767,-24.5977567516789,16.05,17.4,16.7,17.17,16.9,17.25
2024-09-17 07:50:00,-22.6201511417183,-27.6500233526458,-25.2055107662354,-16.1471359732552,-32.5458413026366,-24.648784191393,16,18.71,16.6,17.1,16.8,17.2
2024-09-17 08:00:00,-22.6462085501002,-26.9584862514735,-25.2461700082567,-16.1992721781614,-32.6358931393801,-24.7056055072849,16,20.16,16.6,17,16.78,17.1
2024-09-17 08:10:00,-22.687962853204,-26.4664384243166,-25.2985425652794,-16.1992721781614,-32.7563499664733,-24.7169854792101,16,21.48,16.5,16.94,16.7,17.1
2024-09-17 08:20:00,-22.687962853204,-26.0552654702207,-25.327685361495,-16.2590625727268,-32.8545484329351,-24.8082141651669,16,22.64,16.5,16.9,16.7,17.01
2024-09-17 08:30:00,-22.687962853204,-25.8163893605562,-25.3568617289162,-16.2777922899029,-32.9454544385367,-24.7967921905515,16.07,23.6,16.5,16.83,16.7,17
2024-09-17 08:40:00,-22.687962853204,-25.7155313517604,-25.3802270201075,-16.3002964327588,-33.059440741001,-24.7967921905515,16.1,24.37,16.5,16.8,16.7,17.1
2024-09-17 08:50:00,-22.708868865323,-25.7155313517604,-25.4094639131833,-16.3002964327588,-33.1967449994926,-24.7967921905515,16.13,25,16.52,16.8,16.7,17.14
2024-09-17 09:00:00,-22.687962853204,-25.7392271420596,-25.3977651165721,-16.3002964327588,-33.2502949752011,-24.7796690881268,16.2,25.5,16.6,16.8,16.75,17.24
2024-09-17 09:10:00,-22.687962853204,-25.8878213219667,-25.3977651165721,-16.3002964327588,-33.3576542118416,-24.6999174862722,16.27,25.83,16.67,16.9,16.8,17.39
2024-09-17 09:30:00,-22.69841345237,-26.7605787974368,-25.327685361495,-16.2590625727268,-33.4576552953481,-24.5468349479907,16.43,25.81,16.87,17.04,16.99,17.78
2024-09-17 09:40:00,-22.69841345237,-27.2392723792655,-25.2985425652794,-16.210466104752,-33.5039106990896,-24.4960185616426,16.53,25.63,17,17.15,17.13,18
2024-09-17 09:50:00,-22.69841345237,-27.4154578027463,-25.2810729856575,-16.1880859813913,-33.519343373388,-24.4284269852467,16.63,25.7,17.14,17.29,17.26,18.26
2024-09-17 10:00:00,-22.69841345237,-27.4976451012803,-25.2403575319968,-16.1471359732552,-33.5039106990896,-24.3161885584908,16.74,25.85,17.29,17.47,17.43,18.51
2024-09-17 10:10:00,-22.69841345237,-27.5610337198203,-25.1997076510342,-16.1099985910681,-33.519343373388,-24.2379286357436,16.85,26,17.46,17.65,17.61,18.82
2024-09-17 10:20:00,-22.687962853204,-27.6563907388494,-25.176508547782,-16.0988740410128,-33.5656840612574,-24.1210107619333,16.96,26.1,17.64,17.85,17.81,19.12
2024-09-17 10:30:00,-22.687962853204,-27.707382644144,-25.1186041849512,-16.0470609603675,-33.5579561666228,-24.0267761622914,17.08,26.21,17.8,18.06,18.01,19.42
2024-09-17 10:40:00,-22.7297941414607,-27.7776500616344,-25.0781503891296,-15.9990981408284,-33.5656840612574,-23.9273995913368,17.22,26.36,17.96,18.28,18.22,19.72
2024-09-17 10:50:00,-22.7193290942805,-27.8865958359184,-25.049294715355,-15.9292563867051,-33.5347831563322,-23.8503909582175,17.34,26.42,18.14,18.5,18.46,20.03
2024-09-17 11:00:00,-22.7664597821479,-27.9508810785024,-25.0781503891296,-15.8999406211737,-33.5502300511967,-23.8010163368436,17.47,26.51,18.3,18.72,18.7,20.35
2024-09-17 11:10:00,-22.7402640090832,-28.0088644919326,-25.0608329984593,-15.837823633061,-33.5579561666228,-23.7189523398031,17.63,26.6,18.45,18.99,18.95,20.64
2024-09-17 11:20:00,-22.7769465388104,-28.0798964836571,-25.049294715355,-15.7977596621026,-33.5502300511967,-23.6589519609806,17.75,26.7,18.62,19.22,19.21,20.92
2024-09-17 11:30:00,-22.7769465388104,-28.1187171044509,-25.0608329984593,-15.7686858995281,-33.5347831563322,-23.5991033614361,17.89,26.75,18.78,19.48,19.48,21.2
2024-09-17 11:40:00,-22.7874381259151,-28.1900276883285,-25.0377617446031,-15.7106987955672,-33.5270623760748,-23.5502489508197,18.05,26.83,18.95,19.72,19.75,21.48
2024-09-17 11:50:00,-22.7979345456868,-28.2550124135727,-25.0262340837579,-15.6998499767937,-33.519343373388,-23.5177355441545,18.19,26.9,19.12,19.97,20.02,21.71
2024-09-17 12:00:00,-22.7979345456868,-28.3592997125376,-25.089701963823,-15.6205205463333,-33.4961970266598,-23.479859965365,18.35,26.9,19.26,20.22,20.3,21.94
2024-09-17 12:10:00,-22.8084358003516,-28.477083090934,-25.0781503891296,-15.5881832446517,-33.5502300511967,-23.4366482765866,18.49,26.95,19.44,20.48,20.55,22.18
2024-09-17 12:20:00,-22.82945282327,-28.555876987014,-25.0262340837579,-15.5380137859983,-33.5888784245111,-23.4366482765866,18.65,26.95,19.58,20.7,20.79,22.41
2024-09-17 12:30:00,-22.8399685959807,-28.7207318639299,-25.0089525432172,-15.4987082256197,-33.6043502369042,-23.4258577859893,18.82,26.9,19.74,20.94,21.01,22.62
2024-09-17 12:40:00,-22.8662792242964,-28.8998442645449,-25.0204722437862,-15.4987082256197,-33.6895726824133,-23.4582441711174,18.98,26.81,19.89,21.18,21.23,22.81
2024-09-17 12:50:00,-22.8662792242964,-29.0198726618294,-25.0666041329082,-15.4701848290875,-33.7361487132961,-23.4582441711174,19.16,26.8,20.04,21.41,21.43,23
2024-09-17 13:00:00,-22.887349547519,-29.1269830071342,-25.089701963823,-15.4274981297325,-33.860666507707,-23.4906753306121,19.34,26.72,20.2,21.63,21.62,23.17
2024-09-17 13:10:00,-22.8978919887968,-29.2681655204756,-25.1070393033574,-15.399105786303,-33.9699965245119,-23.5069077200875,19.5,26.7,20.35,21.84,21.78,23.34
2024-09-17 13:20:00,-22.8978919887968,-29.3761922975696,-25.1301743935963,-15.399105786303,-34.1189378239196,-23.5665225065107,19.67,26.6,20.51,22.06,21.95,23.48
2024-09-17 13:30:00,-22.8978919887968,-29.4710427517633,-25.176508547782,-15.3778458246884,-34.229101752465,-23.5665225065107,19.85,26.6,20.65,22.28,22.13,23.63
2024-09-17 13:40:00,-22.8978919887968,-29.5253804502403,-25.2055107662354,-15.317768526977,-34.3396213805698,-23.6099736529427,20.02,26.69,20.79,22.51,22.31,23.75
2024-09-17 13:50:00,-22.9084392861662,-29.5798183347033,-25.2171210060571,-15.3001434420043,-34.4743036388467,-23.6589519609806,20.21,26.7,20.94,22.71,22.5,23.87
2024-09-17 14:00:00,-22.9084392861662,-29.6889954008057,-25.2694333016411,-15.2895781268919,-34.5776522644762,-23.6589519609806,20.41,26.76,21.07,22.91,22.69,23.99
2024-09-17 14:10:00,-22.9189914418642,-29.7711425649257,-25.2868948380764,-15.268469378852,-34.7372554556484,-23.6807526990909,20.59,26.8,21.22,23.11,22.89,24.11
2024-09-17 14:20:00,-22.9189914418642,-29.8603918417129,-25.3393518777542,-15.268469378852,-34.8975953416786,-23.7189523398031,20.77,26.8,21.36,23.33,23.11,24.21
2024-09-17 14:30:00,-22.9189914418642,-29.9982211480849,-25.3393518777542,-15.268469378852,-34.9780426072874,-23.7900580871844,20.95,26.72,21.5,23.52,23.35,24.3
2024-09-17 14:40:00,-22.9189914418642,-30.0950800218313,-25.3802270201075,-15.268469378852,-35.0506036939945,-23.8284340494269,21.12,26.62,21.63,23.71,23.58,24.4
2024-09-17 14:50:00,-22.9084392861662,-30.2200725369501,-25.3860717062154,-15.2403697075638,-35.0748241577531,-23.8668719162882,21.26,26.49,21.74,23.89,23.82,24.48
2024-09-17 15:00:00,-22.9084392861662,-30.3595620539786,-25.3977651165721,-15.2193288965276,-35.1556799779772,-23.855883345996,21.4,26.35,21.86,24.09,24.09,24.57
2024-09-17 15:10:00,-22.9559622784626,-30.4786342572627,-25.4563130118123,-15.2193288965276,-35.2042829107539,-23.8778655481693,21.52,26.23,21.97,24.26,24.32,24.64
2024-09-17 15:20:00,-22.9876990303088,-30.6263684110746,-25.4797699432157,-15.1983171343752,-35.2204988157254,-23.8998680060257,21.62,26.11,22.08,24.45,24.54,24.74
2024-09-17 15:30:00,-22.9876990303088,-30.7464870464757,-25.4856375525677,-15.1983171343752,-35.2691913609237,-23.8998680060257,21.7,25.98,22.19,24.62,24.75,24.8
2024-09-17 15:40:00,-23.0088812368217,-30.7960844884684,-25.4856375525677,-15.1983171343752,-35.3342194870691,-23.8778655481693,21.8,25.86,22.31,24.79,24.92,24.9
2024-09-17 15:50:00,-22.9982876948736,-30.9168687615105,-25.5208715952463,-15.1983171343752,-35.358635933359,-23.9108768366671,21.88,25.75,22.4,24.95,25.05,24.97
2024-09-17 16:00:00,-23.0406911494367,-31.038126758432,-25.5208715952463,-15.1773343810019,-35.4075194539287,-23.9163831534374,21.93,25.63,22.5,25.09,25.15,25
2024-09-17 16:10:00,-23.0884884949617,-31.2245006989669,-25.5679261035408,-15.1983171343752,-35.4973148338722,-23.9273995913368,22,25.49,22.58,25.23,25.21,25.1
2024-09-17 16:20:00,-23.0884884949617,-31.3758501705352,-25.5855939027314,-15.1983171343752,-35.5791445956904,-23.9108768366671,22.05,25.35,22.64,25.37,25.3,25.14
2024-09-17 16:30:00,-23.0884884949617,-31.4844058790105,-25.6268662603676,-15.1983171343752,-35.6447442029861,-23.9163831534374,22.1,25.17,22.7,25.49,25.3,25.2
2024-09-17 16:40:00,-23.1097635747653,-31.5860633765988,-25.6268662603676,-15.1983171343752,-35.6940232699086,-23.9770363916551,22.12,25.04,22.78,25.59,25.38,25.22
2024-09-17 16:50:00,-23.157704209333,-31.7245523316709,-25.6386705862518,-15.2193288965276,-35.8010284261774,-23.9991302313102,22.2,24.91,22.8,25.68,25.4,25.3
2024-09-17 17:00:00,-23.1790430685325,-31.8709862119098,-25.6859422882883,-15.3001434420043,-35.8835583201335,-24.0101847844229,22.2,24.76,22.87,25.74,25.35,25.3
2024-09-17 17:10:00,-23.2057442955648,-31.9591707765835,-25.680028562376,-15.3001434420043,-36.0160020550603,-24.0267761622914,22.2,24.63,22.9,25.8,25.3,25.3
2024-09-17 17:20:00,-23.2485302514974,-32.1140812955837,-25.7570133126948,-15.3283533220553,-36.0907163630421,-24.0877093631364,22.27,24.47,22.9,25.84,25.3,25.36
2024-09-17 17:30:00,-23.2967587541136,-32.2103543399944,-25.7985621885632,-15.3884721340306,-36.1989107437954,-24.1376787221225,22.3,24.35,22.96,25.9,25.26,25.4
2024-09-17 17:40:00,-23.3074897787181,-32.2697426872853,-25.7985621885632,-15.399105786303,-36.2907131347538,-24.1877517413114,22.3,24.25,23,25.9,25.2,25.31
2024-09-17 17:50:00,-23.3558405914193,-32.4261585912721,-25.8878213219667,-15.4381587495209,-36.3743718685462,-24.2100397463785,22.3,24.11,23,25.9,25.2,25.3
2024-09-17 18:00:00,-23.409681364492,-32.6509259847629,-25.9057101732856,-15.4880057941778,-36.5002217080588,-24.2490931849111,22.39,23.88,23,25.9,25.1,25.3
2024-09-17 18:10:00,-23.409681364492,-32.8999700379189,-25.9355523995899,-15.4987082256197,-36.5591005525314,-24.277027062101,22.4,23.65,23,25.9,25.08,25.3
2024-09-17 18:20:00,-23.4582441711174,-33.0442198109321,-25.9893550633808,-15.5881832446517,-36.6602567685847,-24.3385949127316,22.4,23.38,23,25.9,25,25.2
2024-09-17 18:30:00,-23.4906753306121,-33.2656108282454,-26.0073140759535,-15.5989549001312,-36.7278496934486,-24.3610219134939,22.4,23.12,23,25.8,24.96,25.2
2024-09-17 18:40:00,-23.5394061572227,-33.4961970266598,-26.0192936448795,-15.6601350293302,-36.8209935021252,-24.3890847276026,22.4,22.86,23,25.8,24.9,25.15
2024-09-17 18:50:00,-23.5773777905238,-33.6740616326691,-26.1093164758241,-15.7106987955672,-36.9313771406933,-24.4565674470011,22.37,22.62,22.98,25.75,24.81,25.1
2024-09-17 19:00:00,-23.5991033614361,-33.8294940389872,-26.1093164758241,-15.7577970385139,-37.0506219311791,-24.5073019929848,22.3,22.38,22.9,25.7,24.74,25.04
2024-09-17 19:10:00,-23.6589519609806,-34.0247938393912,-26.1755311112792,-15.7977596621026,-37.1103886313309,-24.5468349479907,22.25,22.12,22.9,25.63,24.65,25
2024-09-17 19:20:00,-23.7080318733106,-34.1661074546168,-26.1875881648529,-15.837823633061,-37.2302114178013,-24.6374356200908,22.2,21.9,22.89,25.58,24.56,24.92
2024-09-17 19:30:00,-23.7572136007083,-34.3238110412564,-26.2660945002887,-15.8889611239182,-37.2473605121871,-24.6885453726387,22.11,21.69,22.8,25.5,24.47,24.85
2024-09-17 19:40:00,-23.8064973543864,-34.4743036388467,-26.350903006715,-15.9476061818187,-37.3504210905504,-24.7056055072849,22.06,21.48,22.8,25.42,24.37,24.78
2024-09-17 19:50:00,-23.8998680060257,-34.5776522644762,-26.3751842655115,-15.9990981408284,-37.3934471149786,-24.7910831754462,21.98,21.26,22.7,25.34,24.27,24.69
2024-09-17 20:00:00,-23.9273995913368,-34.7612593913346,-26.4298989347654,-16.0692461158135,-37.5055468808613,-24.8367921248665,21.9,21.05,22.67,25.23,24.17,24.6
2024-09-17 20:10:00,-23.9991302313102,-34.8815281050175,-26.4969265846351,-16.1099985910681,-37.5573985183477,-24.9169856703708,21.81,20.85,22.6,25.14,24.06,24.5
2024-09-17 20:20:00,-24.0766191168552,-34.9780426072874,-26.5580083087453,-16.1806328085865,-37.6353104152763,-24.9801764905644,21.72,20.65,22.53,25.04,23.94,24.4
2024-09-17 20:30:00,-24.1376787221225,-35.1475860153997,-26.5886019534993,-16.1992721781614,-37.7047011106331,-25.049294715355,21.64,20.45,22.47,24.95,23.83,24.31
2024-09-17 20:40:00,-24.1766154344191,-35.2854371642249,-26.6376251064309,-16.2702978153272,-37.8090271152155,-25.1301743935963,21.55,20.25,22.4,24.84,23.72,24.21
2024-09-17 20:50:00,-24.2267692268573,-35.3749229368941,-26.7174805829512,-16.3078047253899,-37.8961859242099,-25.176508547782,21.45,20.05,22.3,24.74,23.61,24.1
2024-09-17 21:00:00,-24.2993973306552,-35.4646356503114,-26.8099190353786,-16.390624555695,-37.9835456550095,-25.2461700082567,21.35,19.88,22.2,24.62,23.48,23.98
2024-09-17 21:10:00,-24.3666318919326,-35.5873379397446,-26.8593502451599,-16.3981744555436,-38.0448172630295,-25.2985425652794,21.25,19.71,22.12,24.49,23.37,23.87
2024-09-17 21:20:00,-24.4171798688254,-35.6611629945915,-26.9150693047973,-16.4776586741212,-38.1500843428155,-25.3977651165721,21.15,19.55,22.04,24.38,23.25,23.75
2024-09-17 21:30:00,-24.4678327062497,-35.7598346865663,-26.9709039522498,-16.5080396163967,-38.2380293699177,-25.43873448586,21.05,19.39,21.95,24.26,23.12,23.65
2024-09-17 21:40:00,-24.5298844502898,-35.8092728667541,-27.0393036200368,-16.5804190430288,-38.3085313378243,-25.4973768252504,20.95,19.25,21.86,24.14,23,23.53
2024-09-17 21:50:00,-24.5864316739711,-35.9248945838695,-27.0766856151225,-16.6186408563543,-38.3791632948427,-25.5679261035408,20.85,19.11,21.76,24.01,22.87,23.42
2024-09-17 22:00:00,-24.648784191393,-36.0077100188088,-27.1203632665603,-16.6876622949744,-38.5208181353351,-25.6209661356476,20.74,18.97,21.68,23.87,22.75,23.29
2024-09-17 22:10:00,-24.6885453726387,-36.0077100188088,-27.1954032233584,-16.7685497011304,-38.6185090087298,-25.6977738259539,20.64,18.84,21.59,23.74,22.64,23.16
2024-09-17 22:20:00,-24.7169854792101,-36.1239724538842,-27.2706508099385,-16.799466978311,-38.6629958140582,-25.7570133126948,20.54,18.7,21.49,23.63,22.52,23.04
2024-09-17 22:30:00,-24.8082141651669,-36.2072468107099,-27.3398106519311,-16.8886720475576,-38.814634631804,-25.8163893605562,20.43,18.57,21.39,23.48,22.38,22.93
2024-09-17 22:40:00,-24.8768565834447,-36.2907131347538,-27.3965264148325,-16.9003423592256,-38.8593473651301,-25.8997458497732,20.33,18.45,21.28,23.36,22.25,22.8
2024-09-17 22:50:00,-24.9284630088762,-36.2907131347538,-27.4849848830865,-16.9979091004164,-38.9578967669188,-26.0252854984583,20.22,18.34,21.18,23.23,22.13,22.68
2024-09-17 23:00:00,-24.9801764905644,-36.3576247077322,-27.5483443168095,-17.0174899359418,-39.0207401097091,-26.0792743113497,20.09,18.22,21.08,23.07,22,22.56
2024-09-17 23:10:00,-25.0666041329082,-36.4414376886304,-27.5864300636299,-17.068505736434,-39.1467310783441,-26.1393932475362,19.99,18.1,20.97,22.95,21.87,22.44
2024-09-17 23:20:00,-25.089701963823,-36.5254438784037,-27.6372929778294,-17.1275601914611,-39.2008516625632,-26.1875881648529,19.89,17.96,20.87,22.83,21.76,22.31
2024-09-17 23:30:00,-25.1475397001531,-36.6265069690313,-27.7393003170291,-17.1670432953959,-39.2550470688059,-26.2963518733144,19.79,17.82,20.77,22.68,21.65,22.17
2024-09-17 23:40:00,-25.1997076510342,-36.7278496934486,-27.7456882623802,-17.2383423887059,-39.3636627612727,-26.3751842655115,19.68,17.67,20.67,22.56,21.54,22.05
2024-09-17 23:50:00,-25.2055107662354,-36.8209935021252,-27.7968448113879,-17.290020270663,-39.427160648933,-26.4298989347654,19.58,17.54,20.57,22.43,21.42,21.93
2024-09-18,-25.2985425652794,-36.9739204451228,-27.8994410453834,-17.3179109619193,-39.4907609656218,-26.5152363363204,19.47,17.35,20.46,22.28,21.28,21.82
2024-09-18 00:10:00,-25.3568617289162,-37.0676883025037,-27.9380121854804,-17.4098689656203,-39.6182695472685,-26.5763602687674,19.37,17.22,20.36,22.15,21.16,21.7
2024-09-18 00:20:00,-25.4270222127552,-37.0762244358764,-28.0088644919326,-17.429924360594,-39.6547761313389,-26.6192308407718,19.26,17.08,20.26,22.02,21.04,21.58
2024-09-18 00:30:00,-25.4856375525677,-37.1531381490384,-28.0863628632036,-17.4902292695399,-39.737038986397,-26.6805945053104,19.16,16.95,20.14,21.88,20.93,21.46
2024-09-18 00:40:00,-25.5679261035408,-37.2045025793959,-28.1251924238049,-17.4982856726907,-39.883705652265,-26.7297872709559,19.06,16.84,20.02,21.75,20.81,21.34
2024-09-18 00:50:00,-25.6209661356476,-37.2302114178013,-28.1770486895775,-17.5871514074997,-39.9388451081344,-26.8408028700892,18.95,16.77,19.93,21.64,20.68,21.22
2024-09-18 01:00:00,-25.6386705862518,-37.2730989660312,-28.2550124135727,-17.627693978606,-40.0032708277463,-26.8593502451599,18.84,16.7,19.82,21.51,20.57,21.09
2024-09-18 01:10:00,-25.6682051948249,-37.2559380213783,-28.2550124135727,-17.696830956179,-40.1509201369494,-26.9088725945115,18.74,16.62,19.72,21.37,20.45,20.97
2024-09-18 01:20:00,-25.7155313517604,-37.3074445731594,-28.3071080369927,-17.709059717103,-40.2156879567474,-26.9957565160755,18.64,16.58,19.61,21.24,20.33,20.86
2024-09-18 01:30:00,-25.7510832239583,-37.3074445731594,-28.3658304344625,-17.7989958762201,-40.2527450369814,-27.057988161938,18.54,16.5,19.51,21.12,20.21,20.74
2024-09-18 01:40:00,-25.7688775873141,-37.2902678154113,-28.477083090934,-17.8194995280936,-40.3827139284778,-27.1391038218258,18.44,16.5,19.4,20.98,20.07,20.63
2024-09-18 01:50:00,-25.8104456015533,-37.2559380213783,-28.5098874245115,-17.8976290449039,-40.44785565698,-27.1954032233584,18.36,16.5,19.3,20.86,19.96,20.51
2024-09-18 02:00:00,-25.8878213219667,-37.2473605121871,-28.6085273342222,-17.9099965601522,-40.4944497883111,-27.2706508099385,18.27,16.5,19.2,20.74,19.85,20.39
2024-09-18 02:10:00,-25.9355523995899,-37.2302114178013,-28.6480787902525,-17.9802407470557,-40.5784545256613,-27.3398106519311,18.18,16.5,19.1,20.62,19.75,20.28
2024-09-18 02:20:00,-25.965429002812,-37.2302114178013,-28.7075085231404,-18.009244839332,-40.6345544759034,-27.3965264148325,18.1,16.5,19,20.48,19.64,20.15
2024-09-18 02:30:00,-26.0073140759535,-37.2302114178013,-28.7604384433775,-18.0507604362898,-40.6907319846542,-27.4470391911936,18,16.5,18.9,20.36,19.54,20.03
2024-09-18 02:40:00,-26.049266714293,-37.2473605121871,-28.8267381012143,-18.1007055004469,-40.7845338094429,-27.4976451012803,17.92,16.5,18.8,20.25,19.43,19.93
2024-09-18 02:50:00,-26.1273583834324,-37.2645175058414,-28.8201012635947,-18.1675139540541,-40.8879655879384,-27.5610337198203,17.85,16.42,18.7,20.12,19.34,19.82
2024-09-18 03:00:00,-26.1393932475362,-37.238784977813,-28.9064994657832,-18.1884421223682,-40.9539223425551,-27.5991370098145,17.78,16.4,18.61,19.99,19.24,19.72
2024-09-18 03:10:00,-26.2056841593073,-37.2988552055117,-28.9664652859889,-18.2093943990017,-41.0294317808347,-27.6563907388494,17.7,16.4,18.53,19.88,19.15,19.61
2024-09-18 03:20:00,-26.2177551020706,-37.2730989660312,-29.0198726618294,-18.2808128439616,-41.0861552097646,-27.7393003170291,17.63,16.4,18.44,19.77,19.06,19.51
2024-09-18 03:30:00,-26.2177551020706,-37.2645175058414,-29.0466132649185,-18.3103017918612,-41.1524316658892,-27.7456882623802,17.58,16.4,18.38,19.66,18.97,19.41
2024-09-18 03:40:00,-26.2902976115815,-37.3246292429185,-29.1068697477448,-18.3482860613319,-41.1998374374558,-27.8673391097619,17.5,16.38,18.3,19.56,18.88,19.32
2024-09-18 03:50:00,-26.3084645797188,-37.359022333049,-29.180686340047,-18.399054355983,-41.2758002855584,-27.9058658687456,17.43,16.3,18.21,19.45,18.79,19.22
2024-09-18 04:00:00,-26.2963518733144,-37.4192865167351,-29.180686340047,-18.437222740459,-41.3138342151172,-27.9380121854804,17.37,16.3,18.14,19.35,18.7,19.13
2024-09-18 04:10:00,-26.369111854039,-37.4710188987646,-29.2546901352105,-18.4967532246446,-41.3900072465711,-27.9573177477336,17.3,16.24,18.08,19.25,18.62,19.04
2024-09-18 04:20:00,-26.3751842655115,-37.4882789146322,-29.3356356101036,-18.5095347431896,-41.4090724388939,-28.0088644919326,17.24,16.2,18,19.16,18.55,18.95
2024-09-18 04:30:00,-26.435985344592,-37.5401066790544,-29.3491482807221,-18.5095347431896,-41.447229173187,-28.0669681905239,17.2,16.13,17.92,19.06,18.48,18.86
2024-09-18 04:40:00,-26.435985344592,-37.5746983226611,-29.3761922975696,-18.5393926444955,-41.4949745383748,-28.105770937877,17.12,16.1,17.86,18.97,18.4,18.77
2024-09-18 04:50:00,-26.4664384243166,-37.6006629715701,-29.4303551140303,-18.5992530169697,-41.5236481536924,-28.1770486895775,17.1,16.04,17.8,18.88,18.33,18.69
2024-09-18 05:00:00,-26.5091316803793,-37.6093218410256,-29.4846177940354,-18.6078202620469,-41.6289543660479,-28.2160036238631,17.01,16,17.72,18.78,18.27,18.6
2024-09-18 05:10:00,-26.5152363363204,-37.6266455624194,-29.5457829064547,-18.6808013595008,-41.6961064165007,-28.2485072055026,16.99,15.98,17.67,18.7,18.2,18.51
2024-09-18 05:20:00,-26.5396690214306,-37.6613169480001,-29.5798183347033,-18.6894061676261,-41.7441384772072,-28.3266686497087,16.9,15.9,17.6,18.6,18.12,18.44
2024-09-18 05:30:00,-26.570241540141,-37.6699897851578,-29.6411809382961,-18.7066276764219,-41.840368654754,-28.3658304344625,16.89,15.9,17.53,18.52,18.06,18.39
2024-09-18 05:40:00,-26.6192308407718,-37.6699897851578,-29.6753262608359,-18.7368035101573,-41.9175124923603,-28.3788963904409,16.8,15.9,17.5,18.44,18,18.3
2024-09-18 05:50:00,-26.6253608509003,-37.6439772635191,-29.7505844895295,-18.7973012868969,-41.9754636980576,-28.4312204268913,16.79,15.9,17.4,18.38,17.91,18.22
2024-09-18 06:00:00,-26.6560320827883,-37.7307555933105,-29.805437597481,-18.7973012868969,-42.0334950216351,-28.4967611588205,16.7,15.88,17.34,18.3,17.86,18.16
2024-09-18 06:10:00,-26.6990311741311,-37.7307555933105,-29.8466437889368,-18.8189549422169,-42.0722271353118,-28.5164528245307,16.7,15.8,17.3,18.21,17.8,18.1
2024-09-18 06:20:00,-26.6990311741311,-37.7481352498925,-29.8879069481928,-18.8884144048971,-42.1497984656374,-28.5887720876565,16.62,15.8,17.22,18.14,17.72,18.01
2024-09-18 06:30:00,-26.7482579326747,-37.6960202818175,-29.9292271540074,-18.8797179711908,-42.2372371829919,-28.6282962319431,16.6,15.85,17.2,18.08,17.68,17.95
2024-09-18 06:40:00,-26.7297872709559,-37.5573985183477,-29.9568056893585,-18.9188834804817,-42.2469637860362,-28.66787501859,16.58,15.97,17.1,18,17.6,17.9
2024-09-18 06:50:00,-26.7482579326747,-37.3848379467935,-29.9775062665257,-18.9668627898611,-42.2956304099403,-28.7207318639299,16.5,16.21,17.1,17.92,17.55,17.81
2024-09-18 07:00:00,-26.7790707365366,-37.2045025793959,-30.0051292890667,-18.9887117724936,-42.3736136435662,-28.7670615415434,16.5,16.52,17,17.86,17.5,17.77
2024-09-18 07:10:00,-26.7852375553988,-36.880389786539,-29.9982211480849,-19.0105859241826,-42.4615166599873,-28.8068321720408,16.5,16.88,17,17.8,17.43,17.7
2024-09-18 07:20:00,-26.7852375553988,-36.5759405177682,-30.0881511713122,-19.0500229158143,-42.4517406600054,-28.8201012635947,16.5,17.36,16.92,17.71,17.4,17.64
2024-09-18 07:30:00,-26.8160929581419,-36.3492540190134,-30.1366866456294,-19.098334801878,-42.5594005650372,-28.9264742664688,16.5,17.7,16.9,17.67,17.3,17.6
2024-09-18 07:40:00,-26.8099190353786,-36.3408852574951,-30.1992044587989,-19.1203352344228,-42.6476889918448,-28.9264742664688,16.5,17.86,16.9,17.6,17.3,17.54
2024-09-18 07:50:00,-26.8284450692819,-36.391126743489,-30.2270317669836,-19.1203352344228,-42.7263213390168,-28.9864815239059,16.5,17.9,16.8,17.54,17.27,17.5
2024-09-18 08:00:00,-26.8779104367295,-36.4582234556373,-30.2897369988792,-19.1688254363206,-42.8445417800893,-29.0466132649185,16.5,17.9,16.8,17.5,17.2,17.48
2024-09-18 08:10:00,-26.8408028700892,-36.5338551410078,-30.2967122715947,-19.1997468455278,-42.9136547058175,-29.0666848862245,16.5,17.9,16.8,17.43,17.2,17.4
2024-09-18 08:20:00,-26.8964834536545,-36.4750169545557,-30.3385976531551,-19.2085906919175,-42.9828791182439,-29.0867703773052,16.5,17.96,16.8,17.4,17.2,17.4
2024-09-18 08:30:00,-26.8902910224264,-36.3743718685462,-30.3665534063584,-19.2307181343455,-43.0423031995202,-29.1672512311586,16.59,18.16,16.8,17.34,17.2,17.4
2024-09-18 08:40:00,-26.9150693047973,-35.9662784651436,-30.394534919623,-19.288368850365,-43.0918860190664,-29.1672512311586,16.6,18.49,16.8,17.3,17.2,17.4
2024-09-18 08:50:00,-26.8964834536545,-35.1556799779772,-30.394534919623,-19.270611784818,-43.171337361492,-29.2210288092427,16.6,19.44,16.8,17.3,17.2,17.4
2024-09-18 09:00:00,-26.9088725945115,-34.9377958199013,-30.4575876326775,-19.297253518095,-43.3207036762732,-29.2210288092427,16.7,20.18,16.8,17.3,17.2,17.37
2024-09-18 09:10:00,-26.9460742679432,-34.721262041234,-30.4786342572627,-19.33728519458,-43.4405687275034,-29.274905540582,16.72,20.63,16.8,17.29,17.2,17.4
2024-09-18 09:20:00,-26.9088725945115,-34.6972857251978,-30.5207711470302,-19.3595608873531,-43.5407095806597,-29.3153782683723,16.8,20.88,16.85,17.2,17.2,17.4
2024-09-18 09:30:00,-26.9460742679432,-34.8013028166042,-30.5348297184214,-19.3684783477778,-43.6109455010914,-29.3356356101036,16.88,20.97,16.9,17.2,17.2,17.4
2024-09-18 09:40:00,-26.9584862514735,-34.8013028166042,-30.5488947655149,-19.399721818939,-43.7215452121516,-29.3694289580104,16.95,21.15,16.9,17.2,17.26,17.4
2024-09-18 09:50:00,-26.9274670067262,-34.8654682658889,-30.5770442987419,-19.4086577784154,-43.8021574986152,-29.3897236495341,17.04,21.29,16.98,17.22,17.3,17.46
2024-09-18 10:00:00,-26.9398704193227,-34.7372554556484,-30.5559297183822,-19.399721818939,-43.913242133619,-29.4303551140303,17.14,21.52,17.01,17.3,17.34,17.5
2024-09-18 10:10:00,-26.9398704193227,-34.6573619851207,-30.5911287908452,-19.4265420475917,-43.9638282360938,-29.4303551140303,17.24,21.81,17.1,17.3,17.4,17.57
2024-09-18 10:20:00,-26.9150693047973,-34.6813107132869,-30.5700044846225,-19.4265420475917,-44.0651753269939,-29.4371324839706,17.35,22.01,17.17,17.3,17.49,17.61
2024-09-18 10:30:00,-26.8964834536545,-34.8173330996464,-30.5770442987419,-19.4489205602909,-44.166756047067,-29.4371324839706,17.48,22.1,17.24,17.38,17.53,17.7
2024-09-18 10:40:00,-26.9088725945115,-34.9136699792797,-30.5911287908452,-19.4892668663144,-44.2278168451078,-29.4168050548927,17.59,22.1,17.33,17.4,17.6,17.78
2024-09-18 10:50:00,-26.9088725945115,-34.7692643886774,-30.5770442987419,-19.4668419299425,-44.2889620600583,-29.4371324839706,17.71,22.36,17.43,17.5,17.69,17.85
2024-09-18 11:00:00,-26.8964834536545,-34.4504978567241,-30.6263684110746,-19.4892668663144,-44.4319631721361,-29.4371324839706,17.83,22.88,17.52,17.54,17.76,17.94
2024-09-18 11:10:00,-26.9150693047973,-34.2606424430368,-30.6263684110746,-19.4802937935274,-44.5446450283126,-29.4778294914571,17.94,23.37,17.63,17.6,17.84,18.03
2024-09-18 11:20:00,-26.9150693047973,-34.3001091798403,-30.5981734695758,-19.4982440723057,-44.6884716948197,-29.4778294914571,18.07,23.64,17.73,17.69,17.93,18.13
2024-09-18 11:30:00,-26.9088725945115,-34.308007981197,-30.6193172409661,-19.4802937935274,-44.7605590809096,-29.4778294914571,18.22,23.78,17.83,17.75,18.03,18.23
2024-09-18 11:40:00,-26.9088725945115,-34.1739753973834,-30.6263684110746,-19.4892668663144,-44.874074274042,-29.4981990892852,18.36,24.1,17.94,17.83,18.15,18.33
2024-09-18 11:50:00,-26.8964834536545,-34.2448684664947,-30.6404756230021,-19.4892668663144,-44.9154238631025,-29.4778294914571,18.52,24.27,18.06,17.92,18.26,18.43
2024-09-18 12:00:00,-26.8964834536545,-34.2369842018748,-30.6052197705904,-19.4892668663144,-45.0293318016791,-29.4710427517633,18.67,24.41,18.18,18.02,18.38,18.55
2024-09-18 12:10:00,-26.8655355511905,-34.0639888890896,-30.6404756230021,-19.4892668663144,-45.1123553402309,-29.4778294914571,18.85,24.78,18.32,18.13,18.51,18.67
2024-09-18 12:20:00,-26.8593502451599,-33.930909625254,-30.5981734695758,-19.4982440723057,-45.2788619274345,-29.4778294914571,19.04,25.15,18.44,18.24,18.65,18.81
2024-09-18 12:30:00,-26.8655355511905,-33.9152874613273,-30.6052197705904,-19.4982440723057,-45.3623455410793,-29.5049920826768,19.22,25.48,18.57,18.35,18.79,18.95
2024-09-18 12:40:00,-26.8902910224264,-33.9856438886954,-30.6404756230021,-19.4802937935274,-45.4983348308446,-29.4506919063909,19.41,25.63,18.74,18.46,18.95,19.09
2024-09-18 12:50:00,-26.8779104367295,-34.0483054540063,-30.5488947655149,-19.4982440723057,-45.6767822987112,-29.4981990892852,19.61,25.8,18.9,18.59,19.09,19.24
2024-09-18 13:00:00,-26.8160929581419,-34.1739753973834,-30.5911287908452,-19.4892668663144,-45.8031664380635,-29.4710427517633,19.81,25.9,19.06,18.74,19.25,19.39
2024-09-18 13:10:00,-26.7975754538284,-34.3159086015295,-30.5770442987419,-19.417597854001,-45.9299002725975,-29.4371324839706,20.03,25.96,19.23,18.88,19.4,19.55
2024-09-18 13:20:00,-26.7852375553988,-34.529914456186,-30.5770442987419,-19.4086577784154,-46.02518071792,-29.4303551140303,20.25,25.95,19.38,19.05,19.56,19.72
2024-09-18 13:30:00,-26.7790707365366,-34.8253510099243,-30.4996954253637,-19.3684783477778,-46.1419030597634,-29.3897236495341,20.47,25.77,19.56,19.2,19.72,19.88
2024-09-18 13:40:00,-26.7174805829512,-35.1071441462711,-30.4856530301873,-19.3194830961566,-46.2056945100784,-29.3559069499451,20.67,25.56,19.74,19.37,19.88,20.05
2024-09-18 13:50:00,-26.6990311741311,-35.3667784975713,-30.4646015588798,-19.297253518095,-46.2908869858709,-29.3086289301488,20.86,25.4,19.9,19.55,20.04,20.23
2024-09-18 14:00:00,-26.705179561081,-35.6037302887006,-30.4295480724538,-19.2573047144178,-46.3762365366302,-29.2479547693374,21.04,25.19,20.06,19.73,20.22,20.4
2024-09-18 14:10:00,-26.705179561081,-35.8505235569508,-30.4085353436952,-19.1997468455278,-46.4617434519657,-29.1605359965194,21.19,25.02,20.25,19.92,20.37,20.56
2024-09-18 14:20:00,-26.6867386465717,-36.0990275144114,-30.3665534063584,-19.1997468455278,-46.4724428955242,-29.1269830071342,21.34,24.85,20.42,20.09,20.53,20.74
2024-09-18 14:30:00,-26.6990311741311,-36.3743718685462,-30.3595620539786,-19.1688254363206,-46.5366913190914,-29.1001684148554,21.47,24.65,20.56,20.3,20.65,20.87
2024-09-18 14:40:00,-26.6990311741311,-36.5591005525314,-30.3106676362982,-19.1071319355406,-46.5795729404599,-29.0867703773052,21.58,24.48,20.71,20.47,20.77,21.03
2024-09-18 14:50:00,-26.7174805829512,-36.6602567685847,-30.3246294291647,-19.0895417185125,-46.6762011157086,-29.0599928051762,21.68,24.4,20.85,20.65,20.89,21.16
2024-09-18 15:00:00,-26.7174805829512,-36.7193937670903,-30.2897369988792,-19.0675767179128,-46.7622610954535,-29.0599928051762,21.76,24.34,20.97,20.8,20.99,21.28
2024-09-18 15:10:00,-26.7667413578824,-36.7786261600339,-30.2688208148396,-19.0368681701894,-46.805350569969,-29.0065115933269,21.83,24.3,21.1,20.95,21.09,21.41
2024-09-18 15:20:00,-26.7790707365366,-36.8294728253806,-30.2548847168729,-19.0281033867371,-46.8916486710509,-28.9864815239059,21.9,24.3,21.21,21.09,21.19,21.52
2024-09-18 15:30:00,-26.7975754538284,-36.888882787869,-30.2757912708713,-19.0193426386875,-47.0213942521068,-28.9798079082382,21.99,24.3,21.33,21.23,21.27,21.61
2024-09-18 15:40:00,-26.8160929581419,-36.9398818836473,-30.2757912708713,-19.0193426386875,-47.0972448971027,-28.9998333660962,22.04,24.3,21.43,21.36,21.34,21.7
2024-09-18 15:50:00,-26.8469839049371,-36.89737774501,-30.3106676362982,-19.0193426386875,-47.2166860515538,-29.0065115933269,22.1,24.35,21.51,21.47,21.4,21.77
2024-09-18 16:00:00,-26.8655355511905,-36.89737774501,-30.2967122715947,-19.0105859241826,-47.2710775745449,-29.0265555038096,22.18,24.4,21.6,21.58,21.5,21.84
2024-09-18 16:10:00,-26.8779104367295,-36.9909514859732,-30.3106676362982,-19.0368681701894,-47.4564778562884,-29.0466132649185,22.22,24.4,21.7,21.67,21.55,21.9
2024-09-18 16:20:00,-26.8964834536545,-37.0762244358764,-30.3665534063584,-19.0500229158143,-47.5439764835428,-29.0599928051762,22.3,24.33,21.75,21.75,21.6,21.99
2024-09-18 16:30:00,-26.9274670067262,-37.2988552055117,-30.3665534063584,-19.0587977959075,-47.6645505734029,-29.0599928051762,22.39,24.21,21.82,21.82,21.68,22.02
2024-09-18 16:40:00,-26.9460742679432,-37.5314637451443,-30.3805409415,-19.0675767179128,-47.741438699796,-29.0867703773052,22.43,24.08,21.9,21.9,21.7,22.1
2024-09-18 16:50:00,-26.9584862514735,-37.6353104152763,-30.4155379738901,-19.0895417185125,-47.8514940821805,-29.1471101650708,22.5,23.96,21.97,21.98,21.78,22.13
2024-09-18 17:00:00,-26.9895412290115,-37.800322267215,-30.4295480724538,-19.098334801878,-47.9618031684232,-29.1403995675495,22.55,23.89,22.01,22.03,21.8,22.2
2024-09-18 17:10:00,-27.0206319805029,-37.9573166114419,-30.4786342572627,-19.098334801878,-48.0612987461891,-29.1471101650708,22.6,23.8,22.1,22.1,21.88,22.23
2024-09-18 17:20:00,-27.0953959885121,-38.0535784145652,-30.4856530301873,-19.098334801878,-48.1942806589358,-29.1672512311586,22.61,23.71,22.14,22.15,21.9,22.3
2024-09-18 17:30:00,-27.0891577612529,-38.1852380554151,-30.4996954253637,-19.1379538263923,-48.2609095332615,-29.2075751262378,22.7,23.67,22.2,22.2,21.96,22.3
2024-09-18 17:40:00,-27.1203632665603,-38.2556426885054,-30.5067190483598,-19.1599998982919,-48.3053799498477,-29.2075751262378,22.7,23.6,22.24,22.25,22,22.4
2024-09-18 17:50:00,-27.1266086799799,-38.3791632948427,-30.5700044846225,-19.1688254363206,-48.3833018040218,-29.1874062150085,22.73,23.49,22.3,22.3,22,22.4
2024-09-18 18:00:00,-27.1453535509146,-38.5474365664395,-30.5700044846225,-19.1776550395959,-48.4613493546579,-29.2546901352105,22.8,23.37,22.33,22.34,22.08,22.4
2024-09-18 18:10:00,-27.1766237912731,-38.7789014904125,-30.5981734695758,-19.1776550395959,-48.5395228045182,-29.274905540582,22.8,23.21,22.4,22.4,22.1,22.44
2024-09-18 18:10:00,-27.1954032233584,-38.8951546340421,-30.5981734695758,-19.1997468455278,-48.494836833675,-29.2008506077475,22.8,23.1,22.4,22.4,22.1,22.5
2024-09-18 18:20:00,-27.2204626539051,-39.0746865106786,-30.647531665569,-19.1997468455278,-48.6178223566919,-29.274905540582,22.8,23.03,22.4,22.4,22.1,22.5
2024-09-18 18:30:00,-27.2455451756726,-39.3093174005141,-30.6545893330368,-19.2085906919175,-48.70746223113,-29.3086289301488,22.8,22.81,22.4,22.4,22.1,22.5
2024-09-18 18:40:00,-27.295779578,-39.6273930412962,-30.6757720885881,-19.217438611987,-48.819744527743,-29.3288816079918,22.8,22.59,22.48,22.49,22.1,22.5
2024-09-18 18:50:00,-27.3650031479043,-39.9296499078738,-30.7111092141332,-19.2307181343455,-48.8984961081644,-29.3559069499451,22.8,22.38,22.5,22.5,22.1,22.5
2024-09-18 19:00:00,-27.3776080997426,-40.1601662924293,-30.7394082212133,-19.2573047144178,-48.9548250015644,-29.3897236495341,22.8,22.14,22.5,22.5,22.1,22.5
2024-09-18 19:10:00,-27.4154578027463,-40.3362483637862,-30.7394082212133,-19.270611784818,-49.0789770793963,-29.3761922975696,22.8,21.92,22.5,22.5,22.1,22.5
2024-09-18 19:20:00,-27.4596819307262,-40.5504336015135,-30.810269875537,-19.297253518095,-49.1807902068871,-29.4100323649771,22.7,21.72,22.5,22.5,22.1,22.5
2024-09-18 19:30:00,-27.4976451012803,-40.6532716892496,-30.8173650191769,-19.3105881936844,-49.2374442905375,-29.4100323649771,22.7,21.55,22.5,22.5,22.1,22.5
2024-09-18 19:40:00,-27.5356607561393,-40.7845338094429,-30.8812948828444,-19.328382095826,-49.2828145431998,-29.4574739595899,22.6,21.4,22.5,22.5,22.1,22.5
2024-09-18 19:50:00,-27.6309299885416,-40.916219751471,-30.9097507089248,-19.328382095826,-49.4305567921384,-29.4846177940354,22.57,21.29,22.43,22.5,22.1,22.44
2024-09-18 20:00:00,-27.6882496713268,-41.0010994402073,-30.988139504629,-19.399721818939,-49.5102936794603,-29.5253804502403,22.5,21.19,22.4,22.5,22.03,22.4
2024-09-18 20:10:00,-27.7393003170291,-41.1240143892905,-30.9810050432375,-19.3907899736765,-49.5216951584713,-29.5593923757665,22.42,21.07,22.4,22.43,22,22.4
2024-09-18 20:20:00,-27.7776500616344,-41.2472978183635,-31.0452743740989,-19.4489205602909,-49.6015790619329,-29.6480068582658,22.36,20.94,22.37,22.4,22,22.37
2024-09-18 20:30:00,-27.8096486794602,-41.4186083280028,-31.1096770301023,-19.4399660633869,-49.6472848496098,-29.6684940510655,22.29,20.8,22.3,22.4,21.9,22.3
2024-09-18 20:40:00,-27.8673391097619,-41.5045302094505,-31.1383433008122,-19.4982440723057,-49.8190569657892,-29.7368869932659,22.2,20.66,22.28,22.37,21.9,22.28
2024-09-18 20:50:00,-27.9058658687456,-41.5906303337222,-31.188572849745,-19.5296968697546,-49.8649631502898,-29.7368869932659,22.13,20.53,22.2,22.3,21.83,22.2
2024-09-18 21:00:00,-27.9766366504038,-41.7153126051637,-31.1957551108932,-19.5882438777405,-49.910911635426,-29.7985754319171,22.06,20.37,22.19,22.27,21.8,22.19
2024-09-18 21:10:00,-28.0153145138754,-41.8596412939325,-31.2604699354736,-19.597266674827,-50.0490112846107,-29.839772136389,21.99,20.25,22.1,22.2,21.73,22.1
2024-09-18 21:20:00,-28.0669681905239,-41.9271654675975,-31.2892751555608,-19.6108086637584,-50.0490112846107,-29.8810257955452,21.9,20.11,22.08,22.19,21.7,22.09
2024-09-18 21:30:00,-28.1187171044509,-42.0044693381922,-31.3397481740613,-19.6605427327392,-50.0951293624315,-29.8879069481928,21.82,19.98,22,22.1,21.65,22
2024-09-18 21:40:00,-28.1770486895775,-42.110994939017,-31.3758501705352,-19.6786591034022,-50.1528367241358,-29.9913145975782,21.74,19.87,21.95,22.08,21.6,21.97
2024-09-18 21:50:00,-28.1965194294417,-42.2177906945137,-31.4264628439913,-19.7104029300026,-50.2453068054504,-29.9913145975782,21.68,19.75,21.9,22,21.52,21.9
2024-09-18 22:00:00,-28.2550124135727,-42.3151127531874,-31.4481789750748,-19.7467442953317,-50.222173313654,-30.0396938639247,21.59,19.63,21.82,21.95,21.49,21.84
2024-09-18 22:10:00,-28.3266686497087,-42.4126591623767,-31.5497195024902,-19.7968231044093,-50.3031871648919,-30.0881511713122,21.5,19.52,21.77,21.9,21.4,21.8
2024-09-18 22:20:00,-28.3788963904409,-42.5300117243595,-31.5860633765988,-19.810502989661,-50.4307587619284,-30.1505682988373,21.42,19.4,21.7,21.81,21.35,21.7
2024-09-18 22:30:00,-28.4574186114814,-42.5986172787522,-31.5860633765988,-19.879044341548,-50.4888527537783,-30.1783507908278,21.33,19.3,21.65,21.77,21.3,21.68
2024-09-18 22:40:00,-28.477083090934,-42.6771591491816,-31.6443006776094,-19.9065272363862,-50.53537612718,-30.247919074199,21.24,19.2,21.59,21.7,21.2,21.6
2024-09-18 22:50:00,-28.5493025102909,-42.7460020684432,-31.6953463910559,-19.9570112636243,-50.5819423699311,-30.2757912708713,21.16,19.13,21.5,21.64,21.15,21.53
2024-09-18 23:00:00,-28.5887720876565,-42.7952435622605,-31.775727499801,-19.9892041026631,-50.6752036215274,-30.3455841777475,21.07,19.04,21.43,21.58,21.1,21.48
2024-09-18 23:10:00,-28.6348888997371,-42.8346775954672,-31.8343144970212,-20.0076233210796,-50.7335792029871,-30.4646015588798,20.99,18.96,21.37,21.5,21,21.4
2024-09-18 23:20:00,-28.6876849264017,-42.8938967872732,-31.900353997299,-20.0306712135699,-50.7452623863303,-30.4856530301873,20.9,18.86,21.29,21.42,20.95,21.32
2024-09-18 23:30:00,-28.7670615415434,-42.9630893280189,-31.9150480363819,-20.0768466795773,-50.873955109983,-30.5207711470302,20.81,18.74,21.2,21.36,20.89,21.25
2024-09-18 23:40:00,-28.8068321720408,-43.0918860190664,-31.9886198203734,-20.0999743142988,-50.9091097337594,-30.5981734695758,20.72,18.62,21.12,21.29,20.8,21.19
2024-09-18 23:50:00,-28.7869399886478,-43.1812790738153,-32.0697446863605,-20.1277626461139,-50.9794918751278,-30.6757720885881,20.63,18.48,21.06,21.2,20.74,21.1
2024-09-19,-28.8998442645449,-43.2708575722515,-32.1140812955837,-20.178807738289,-50.9912316884759,-30.6969694817236,20.53,18.39,20.99,21.12,20.68,21.03
2024-09-19 00:10:00,-28.9597962786997,-43.3007583479067,-32.180701165185,-20.2299822835723,-51.085247573689,-30.7606495878181,20.44,18.29,20.9,21.06,20.6,20.96
2024-09-19 00:20:00,-29.0065115933269,-43.4305673184041,-32.2400348389685,-20.2766172090477,-51.1794368021687,-30.8244617967221,20.34,18.2,20.81,20.99,20.52,20.9
2024-09-19 00:30:00,-29.1001684148554,-43.4705867759714,-32.3069159960892,-20.299974970537,-51.261994823974,-30.8955195197866,20.24,18.12,20.74,20.9,20.46,20.8
2024-09-19 00:40:00,-29.1403995675495,-43.4906103312303,-32.3664823804517,-20.3374033685862,-51.2501926722871,-30.9453573674374,20.13,18.1,20.67,20.83,20.4,20.74
2024-09-19 00:50:00,-29.1874062150085,-43.5306851159313,-32.4485655262809,-20.3889801209459,-51.344686020886,-31.0095527480747,20.03,18,20.59,20.76,20.3,20.67
2024-09-19 01:00:00,-29.2479547693374,-43.5908665421969,-32.4560379448688,-20.3983717556213,-51.344686020886,-31.0452743740989,19.94,18,20.5,20.69,20.23,20.6
2024-09-19 01:10:00,-29.274905540582,-43.6410812823238,-32.508393079192,-20.4077677163003,-51.4038328163033,-31.0953537926872,19.85,17.92,20.41,20.6,20.16,20.51
2024-09-19 01:20:00,-29.3356356101036,-43.6209884485843,-32.5758309388634,-20.4595229164427,-51.5223308890615,-31.1598603372092,19.77,17.9,20.33,20.52,20.07,20.44
2024-09-19 01:30:00,-29.4168050548927,-43.7114791132737,-32.6358931393801,-20.4878083262989,-51.5816823234685,-31.2173118196644,19.69,17.84,20.26,20.45,20,20.37
2024-09-19 01:40:00,-29.4168050548927,-43.7014153319339,-32.6885383997774,-20.4972454835259,-51.6648892112362,-31.2604699354736,19.6,17.8,20.16,20.38,19.92,20.3
2024-09-19 01:50:00,-29.4574739595899,-43.7014153319339,-32.7261941426217,-20.5871155656259,-51.7005903816827,-31.3253190093615,19.51,17.79,20.08,20.3,19.87,20.2
2024-09-19 02:00:00,-29.4981990892852,-43.7517574193513,-32.8091895368899,-20.6108310074166,-51.7720667496668,-31.3975313275442,19.44,17.7,20,20.21,19.8,20.12
2024-09-19 02:10:00,-29.5661994610553,-43.7819905036144,-32.8243022065918,-20.629823029116,-51.8436419341469,-31.455421019625,19.38,17.7,19.92,20.12,19.71,20.04
2024-09-19 02:20:00,-29.5866301237845,-43.7819905036144,-32.877251391394,-20.6869041608708,-51.9153160717373,-31.4699101123125,19.3,17.61,19.85,20.04,19.66,19.99
2024-09-19 02:30:00,-29.6411809382961,-43.8223337829992,-32.9378693406097,-20.7107345546865,-51.9870892992413,-31.5569849303028,19.22,17.6,19.78,19.98,19.6,19.9
2024-09-19 02:40:00,-29.6548343501426,-43.8728151630961,-33.0061981381929,-20.7489202971778,-52.0589617536513,-31.6078897939115,19.18,17.59,19.7,19.9,19.51,19.83
2024-09-19 02:50:00,-29.6958323317298,-43.8829184152495,-33.0899036377031,-20.7776058006022,-52.0829413125831,-31.6370151469175,19.1,17.5,19.62,19.81,19.46,19.77
2024-09-19 03:00:00,-29.6958323317298,-43.8829184152495,-33.1509136678416,-20.7871764452323,-52.130933572149,-31.6807535050265,19.03,17.49,19.57,19.75,19.4,19.7
2024-09-19 03:10:00,-29.7711425649257,-43.9739524471947,-33.158547826686,-20.830298930083,-52.130933572149,-31.7245523316709,18.99,17.4,19.5,19.69,19.33,19.62
2024-09-19 03:20:00,-29.7779984131113,-44.0144726115095,-33.1967449994926,-20.8590969399423,-52.2872140410428,-31.7903641330438,18.9,17.32,19.41,19.6,19.28,19.57
2024-09-19 03:30:00,-29.839772136389,-44.1260956890962,-33.2502949752011,-20.8975562279143,-52.3112987382447,-31.8050075082575,18.84,17.23,19.36,19.53,19.2,19.5
2024-09-19 03:40:00,-29.86726824267,-44.2583788931789,-33.2579520200718,-20.8975562279143,-52.371559028535,-31.8856667235132,18.8,17.12,19.3,19.47,19.16,19.42
2024-09-19 03:50:00,-29.8879069481928,-44.4115062076772,-33.3192718920578,-20.9505535581514,-52.4077485178375,-31.8783256226334,18.7,17.02,19.21,19.4,19.1,19.39
2024-09-19 04:00:00,-29.9568056893585,-44.4115062076772,-33.3653359799364,-20.9891814707013,-52.4077485178375,-31.9297488438782,18.65,16.93,19.17,19.32,19.02,19.3
2024-09-19 04:10:00,-29.9913145975782,-44.4831468181839,-33.3960807463512,-20.9891814707013,-52.4802025360726,-32.0107244098923,18.6,16.84,19.1,19.26,18.99,19.24
2024-09-19 04:20:00,-30.0258632585259,-44.6473310401984,-33.4268538427868,-21.0085221265827,-52.6011818972946,-32.0475993411571,18.5,16.75,19.02,19.2,18.9,19.2
2024-09-19 04:30:00,-30.0812239160363,-44.7914892614138,-33.4884851301642,-21.0472569195921,-52.6011818972946,-32.0475993411571,18.46,16.63,18.97,19.12,18.84,19.11
2024-09-19 04:40:00,-30.0950800218313,-44.9154238631025,-33.5811451897917,-21.0909189349723,-52.6860333492331,-32.1658848164802,18.4,16.52,18.9,19.07,18.79,19.07
2024-09-19 04:50:00,-30.129748215934,-44.9568115540859,-33.5966134400785,-21.1103533376865,-52.6739033383059,-32.2177719021144,18.32,16.42,18.81,19,18.7,19
2024-09-19 05:00:00,-30.1783507908278,-44.9878773478295,-33.6663087860492,-21.1395385243991,-52.758872097872,-32.2548853428845,18.26,16.37,18.76,18.93,18.65,18.93
2024-09-19 05:10:00,-30.1783507908278,-45.0708244540801,-33.7206162194351,-21.1687640598027,-52.795329225993,-32.2846068753217,18.2,16.3,18.7,18.87,18.6,18.88
2024-09-19 05:20:00,-30.2270317669836,-45.1331351319707,-33.767235168189,-21.2077943013961,-52.8318115465061,-32.3366854726045,18.1,16.21,18.6,18.8,18.5,18.8
2024-09-19 05:30:00,-30.2688208148396,-45.1643227678049,-33.7983502679543,-21.2371142008098,-52.9414098365408,-32.3664823804517,18.05,16.12,18.55,18.71,18.46,18.72
2024-09-19 05:40:00,-30.3246294291647,-45.310150262549,-33.8450766844841,-21.256683316368,-53.0023959868005,-32.4112292312691,18,16.03,18.5,18.66,18.4,18.68
2024-09-19 05:50:00,-30.3455841777475,-45.3832404840736,-33.907479076802,-21.3007797816431,-53.0146016446641,-32.4560379448688,17.9,15.96,18.4,18.6,18.33,18.6
2024-09-19 06:00:00,-30.4155379738901,-45.4564486081091,-33.954356364547,-21.330228234026,-53.1612889651096,-32.4709879447992,17.84,15.85,18.37,18.51,18.28,18.53
2024-09-19 06:10:00,-30.4365555415653,-45.5402596499886,-34.0091284501399,-21.3597173990662,-53.173531213646,-32.5758309388634,17.79,15.78,18.3,18.46,18.2,18.49
2024-09-19 06:20:00,-30.4856530301873,-45.5192924136435,-34.0561462687368,-21.3892473330492,-53.2347847574116,-32.5683309400946,17.7,15.7,18.21,18.4,18.13,18.4
2024-09-19 06:30:00,-30.5067190483598,-45.5297748248449,-34.150377003023,-21.4188180923382,-53.2961088625361,-32.6283793123707,17.63,15.72,18.16,18.32,18.09,18.36
2024-09-19 06:40:00,-30.5770442987419,-45.3205845114458,-34.1346537939021,-21.4484297333747,-53.3943744012808,-32.6885383997774,17.58,15.83,18.1,18.27,18,18.3
2024-09-19 07:00:00,-30.6263684110746,-44.9464610573653,-34.2764236854364,-21.4978734703072,-53.5297854159508,-32.8091895368899,17.44,16.2,17.95,18.11,17.89,18.17
2024-09-19 07:10:00,-30.6687095441721,-44.3195663603393,-34.3475292809945,-21.5573564307899,-53.603790656747,-32.8848225299154,17.39,16.7,17.9,18.06,17.8,18.1
2024-09-19 07:20:00,-30.7394082212133,-43.6511311696357,-34.3554390024903,-21.5871596018879,-53.7273601560887,-32.9682202143334,17.3,17.34,17.8,18,17.76,18.03
2024-09-19 07:30:00,-30.7181815225581,-43.0026780241029,-34.4108580781878,-21.626961266841,-53.8760196244505,-32.9985990551223,17.3,18.02,17.76,17.92,17.7,18
2024-09-19 07:40:00,-30.7606495878181,-42.2664237123135,-34.514016503848,-21.7067848868885,-53.9629275288913,-33.0746686821816,17.23,18.84,17.7,17.87,17.63,17.9
2024-09-19 07:50:00,-30.7960844884684,-41.0577836995109,-34.5776522644762,-21.6967908444189,-54.1621009666466,-33.1661837435628,17.2,20.19,17.65,17.8,17.6,17.89
2024-09-19 08:00:00,-30.810269875537,-39.6000288602903,-34.5776522644762,-21.7267867844077,-54.2994589773133,-33.2043897126061,17.2,21.87,17.6,17.75,17.56,17.8
2024-09-19 08:10:00,-30.810269875537,-38.1500843428155,-34.6493827512922,-21.7869031304034,-54.4622403496805,-33.2656108282454,17.2,23.62,17.6,17.7,17.5,17.8
2024-09-19 08:20:00,-30.8670767950815,-37.333224545941,-34.6493827512922,-21.796938680671,-54.6003595300182,-33.3576542118416,17.27,25.1,17.6,17.69,17.5,17.8
2024-09-19 08:30:00,-30.810269875537,-36.9058746584124,-34.6892972996467,-21.8069788535446,-54.8145057386422,-33.4268538427868,17.3,25.99,17.6,17.6,17.5,17.8
2024-09-19 08:40:00,-30.8457619365526,-36.391126743489,-34.6892972996467,-21.8471858136993,-54.9788311414697,-33.3883918998273,17.37,26.97,17.6,17.6,17.53,17.87
2024-09-19 08:50:00,-30.8386602550335,-36.2740044913408,-34.7052759903635,-21.8673170848205,-55.1690496035438,-33.4114637516855,17.46,27.67,17.7,17.61,17.6,17.94
2024-09-19 09:00:00,-30.8244617967221,-36.2155847972957,-34.6493827512922,-21.8471858136993,-55.2962273974114,-33.3499742123356,17.55,28.22,17.78,17.7,17.64,18.06
2024-09-19 09:10:00,-30.7748186527538,-36.1655856640131,-34.6414053545387,-21.8270730756279,-55.4364616139046,-33.2962637020895,17.65,28.72,17.88,17.72,17.72,18.22
2024-09-19 09:20:00,-30.767733304649,-36.6012150108834,-34.5378661782556,-21.8069788535446,-55.6026515441663,-33.1891020464367,17.76,28.93,18.03,17.8,17.83,18.39
2024-09-19 09:30:00,-30.7394082212133,-37.3074445731594,-34.4663665509078,-21.7768722006135,-55.7179978734375,-33.0975237468514,17.89,29.05,18.18,17.91,17.94,18.6
2024-09-19 09:40:00,-30.7111092141332,-37.6093218410256,-34.3950149407154,-21.7267867844077,-55.8721652830774,-32.9985990551223,18.04,29.38,18.36,18.03,18.07,18.84
2024-09-19 09:50:00,-30.6545893330368,-37.7133839385135,-34.3159086015295,-21.6768165614625,-55.9107737408992,-32.9151245232141,18.2,29.81,18.55,18.16,18.24,19.1
2024-09-19 10:00:00,-30.6052197705904,-37.6093218410256,-34.1975900985688,-21.6369231441959,-56.0009639259826,-32.7789850684005,18.36,30.35,18.76,18.34,18.39,19.39
2024-09-19 10:10:00,-30.6052197705904,-37.8351536886402,-34.1582413233023,-21.5971031456776,-56.1042165837817,-32.6283793123707,18.53,30.69,18.99,18.5,18.57,19.68
2024-09-19 10:20:00,-30.5348297184214,-38.1764465916167,-34.0247938393912,-21.5077758868446,-56.1947188133001,-32.4784655269343,18.72,30.73,19.21,18.69,18.78,19.97
2024-09-19 10:30:00,-30.5277996234493,-38.6540943551347,-33.9387234054837,-21.4484297333747,-56.2724083400736,-32.3292405327752,18.93,30.58,19.45,18.92,19,20.3
2024-09-19 10:40:00,-30.4575876326775,-38.814634631804,-33.8372844647265,-21.3990997138815,-56.2724083400736,-32.2400348389685,19.13,30.51,19.68,19.14,19.22,20.62
2024-09-19 10:50:00,-30.4365555415653,-38.7789014904125,-33.767235168189,-21.330228234026,-56.3112933715187,-32.0845167507031,19.33,30.67,19.92,19.38,19.45,20.95
2024-09-19 11:00:00,-30.3455841777475,-38.7967639471784,-33.6895726824133,-21.2468965056112,-56.3891440632994,-32.0180960002296,19.53,30.86,20.17,19.62,19.7,21.25
2024-09-19 11:10:00,-30.3246294291647,-38.8504006997959,-33.6353152449945,-21.1882701935548,-56.3891440632994,-31.8709862119098,19.73,30.99,20.42,19.88,19.95,21.58
2024-09-19 11:20:00,-30.3246294291647,-39.0207401097091,-33.5579561666228,-21.1298056483928,-56.4801059119643,-31.775727499801,19.94,31,20.66,20.13,20.21,21.87
2024-09-19 11:30:00,-30.3176477290261,-39.1016876726778,-33.519343373388,-21.066651089579,-56.6103060027564,-31.6661673377223,20.15,31.03,20.9,20.4,20.48,22.16
2024-09-19 11:40:00,-30.2967122715947,-39.2279400064699,-33.4884851301642,-20.9988495719667,-56.6103060027564,-31.6006126461702,20.38,31.12,21.12,20.65,20.75,22.47
2024-09-19 11:50:00,-30.2757912708713,-39.3908636099553,-33.4114637516855,-20.9505535581514,-56.7016246097868,-31.5279332539158,20.59,31.22,21.38,20.91,21,22.75
2024-09-19 12:00:00,-30.2548847168729,-39.5180496409643,-33.4191579113113,-20.8783177283506,-56.8454229894465,-31.4481789750748,20.81,31.3,21.6,21.18,21.26,23.02
2024-09-19 12:10:00,-30.2200725369501,-39.883705652265,-33.3499742123356,-20.8207084313866,-56.9895860495566,-31.3758501705352,21.02,31.24,21.81,21.44,21.51,23.3
2024-09-19 12:20:00,-30.1992044587989,-40.3176771114653,-33.3192718920578,-20.7584777286032,-57.1604320064501,-31.3686264457409,21.25,31.06,22.03,21.7,21.73,23.55
2024-09-19 12:30:00,-30.2061588832266,-40.6532716892496,-33.2962637020895,-20.7489202971778,-57.3185905202636,-31.3469652486222,21.48,30.89,22.26,21.95,21.94,23.78
2024-09-19 12:40:00,-30.1853004129681,-40.9256421439885,-33.2349861737439,-20.6678595897098,-57.3978338062321,-31.3181069184576,21.69,30.73,22.49,22.2,22.15,24.02
2024-09-19 12:50:00,-30.164456346255,-41.190351916407,-33.1891020464367,-20.6108310074166,-57.6096852457742,-31.3686264457409,21.92,30.7,22.7,22.48,22.37,24.25
2024-09-19 13:00:00,-30.1575115230859,-41.4186083280028,-33.1203946046948,-20.5965984660587,-57.9022583073438,-31.3758501705352,22.16,30.66,22.91,22.71,22.56,24.45
2024-09-19 13:10:00,-30.1158761485212,-41.6481296229272,-33.1203946046948,-20.5303097793703,-58.1695229883359,-31.3758501705352,22.42,30.6,23.12,22.95,22.74,24.64
2024-09-19 13:20:00,-30.0812239160363,-41.9754636980576,-33.0746686821816,-20.4878083262989,-58.3707807628773,-31.455421019625,22.69,30.56,23.33,23.2,22.92,24.83
2024-09-19 13:30:00,-30.0258632585259,-42.3931319076901,-33.0670538350005,-20.4406876747326,-58.6807292598539,-31.4264628439913,22.95,30.38,23.53,23.43,23.09,24.99
2024-09-19 13:40:00,-29.9913145975782,-42.6378701290342,-33.0290058887468,-20.3983717556213,-58.8973157778929,-31.4264628439913,23.22,30.3,23.71,23.66,23.28,25.14
2024-09-19 13:50:00,-29.9706044852476,-42.6476889918448,-32.9758123016121,-20.3795928102824,-59.1691734354841,-31.455421019625,23.48,30.35,23.9,23.88,23.46,25.3
2024-09-19 14:00:00,-29.9154474086966,-42.7066496708147,-32.9606298749963,-20.3795928102824,-59.5107608014879,-31.5351936646817,23.72,30.46,24.1,24.11,23.65,25.45
2024-09-19 14:10:00,-29.9154474086966,-42.9828791182439,-32.9378693406097,-20.3702098216399,-59.7579241140234,-31.6006126461702,23.97,30.5,24.29,24.33,23.83,25.59
2024-09-19 14:20:00,-29.8879069481928,-43.1812790738153,-32.9302859890149,-20.299974970537,-60.0752383339037,-31.6078897939115,24.22,30.41,24.46,24.53,24.03,25.73
2024-09-19 14:30:00,-29.839772136389,-43.5106431098008,-32.9302859890149,-20.299974970537,-60.2275923800098,-31.6588767726254,24.46,30.36,24.64,24.74,24.24,25.85
2024-09-19 14:40:00,-29.7985754319171,-43.7920728402093,-32.8848225299154,-20.3186805513551,-60.3386379504807,-31.6370151469175,24.68,30.24,24.82,24.93,24.46,25.98
2024-09-19 14:50:00,-29.8191666697345,-44.2278168451078,-32.9151245232141,-20.2906286388235,-60.4916599922276,-31.6588767726254,24.89,30,24.97,25.11,24.68,26.09
2024-09-19 15:00:00,-29.805437597481,-44.7399508272809,-32.8696819959911,-20.2766172090477,-60.6031924415107,-31.6588767726254,25.06,29.68,25.12,25.3,24.9,26.21
2024-09-19 15:10:00,-29.7505844895295,-45.185126496941,-32.8848225299154,-20.2206681772616,-60.7289122695425,-31.6443006776094,25.24,29.37,25.26,25.48,25.09,26.31
2024-09-19 15:20:00,-29.784855840096,-45.4250592485743,-32.877251391394,-20.2206681772616,-60.7988692763583,-31.6661673377223,25.41,29.16,25.43,25.66,25.3,26.43
2024-09-19 15:30:00,-29.784855840096,-45.6347317954493,-32.8848225299154,-20.1974016685529,-60.8829240680219,-31.6661673377223,25.54,29.02,25.55,25.83,25.48,26.52
2024-09-19 15:40:00,-29.826033577152,-45.8770519485306,-32.877251391394,-20.1881025627157,-60.9811348746825,-31.6807535050265,25.65,28.88,25.67,25.99,25.64,26.6
2024-09-19 15:50:00,-29.839772136389,-46.184420900206,-32.9151245232141,-20.1974016685529,-61.0513824307252,-31.6661673377223,25.75,28.74,25.78,26.14,25.76,26.7
2024-09-19 16:00:00,-29.8947896854668,-46.4724428955242,-32.9075464082042,-20.1881025627157,-61.1498649791252,-31.6807535050265,25.84,28.56,25.89,26.27,25.87,26.77
2024-09-19 16:10:00,-29.9085599153536,-46.805350569969,-32.8999700379189,-20.1695171933017,-61.3190619467741,-31.71724832448,25.91,28.38,26,26.41,25.98,26.81
2024-09-19 16:20:00,-29.9499086740159,-47.1297897606126,-32.9151245232141,-20.178807738289,-61.432119931421,-31.71724832448,26,28.17,26.07,26.53,26.05,26.9
2024-09-19 16:30:00,-29.9982211480849,-47.4346283720086,-32.9985990551223,-20.1974016685529,-61.5170501958116,-31.7099459989053,26.03,27.98,26.13,26.63,26.1,26.94
2024-09-19 16:40:00,-30.0258632585259,-47.6865059651536,-33.0214015546021,-20.2067050577729,-61.658861642363,-31.7684117104487,26.1,27.8,26.2,26.71,26.19,27
2024-09-19 16:50:00,-30.0812239160363,-47.9949454539478,-33.0975237468514,-20.2766172090477,-61.7725461380417,-31.7684117104487,26.1,27.65,26.25,26.8,26.2,27
2024-09-19 17:00:00,-30.1089425100683,-48.3498913440693,-33.128021735456,-20.2906286388235,-61.8721920022731,-31.8196576285476,26.17,27.45,26.3,26.88,26.2,27.08
2024-09-19 17:10:00,-30.1505682988373,-48.7748005819748,-33.2502949752011,-20.3186805513551,-62.0005443385957,-31.8709862119098,26.2,27.18,26.3,26.92,26.23,27.1
2024-09-19 17:20:00,-30.1575115230859,-49.1694672151056,-33.2885978366435,-20.299974970537,-62.1291629386744,-31.8783256226334,26.2,26.88,26.34,27,26.3,27.1
2024-09-19 17:30:00,-30.247919074199,-49.6130015626001,-33.3807048235219,-20.3467712458195,-62.3010695483681,-31.900353997299,26.2,26.57,26.4,27,26.3,27.1
2024-09-19 17:40:00,-30.2967122715947,-50.0374884005524,-33.4191579113113,-20.3983717556213,-62.4303115805824,-31.9371017867557,26.2,26.24,26.4,27.05,26.24,27.1
2024-09-19 17:50:00,-30.3665534063584,-50.4307587619284,-33.480775009194,-20.3983717556213,-62.5166218507545,-31.9812550163959,26.13,25.95,26.4,27.1,26.2,27.1
2024-09-19 18:00:00,-30.4295480724538,-50.8271200373787,-33.5347831563322,-20.4595229164427,-62.6607375479465,-32.0402209582065,26.1,25.65,26.4,27.1,26.2,27.07
2024-09-19 18:10:00,-30.4856530301873,-51.1440955075502,-33.5888784245111,-20.5208573989779,-62.7473663833634,-32.0992956193994,26.05,25.4,26.31,27.1,26.18,27
2024-09-19 18:20:00,-30.5559297183822,-51.4511993056956,-33.6663087860492,-20.5681628608451,-62.8485847391285,-32.188111898623,26,25.16,26.3,27.05,26.1,27
2024-09-19 18:30:00,-30.6404756230021,-51.6767868613241,-33.7361487132961,-20.629823029116,-62.9209835143849,-32.2177719021144,25.9,24.96,26.3,27,26.07,26.94
2024-09-19 18:40:00,-30.6899020569893,-51.8914136893097,-33.8450766844841,-20.6678595897098,-63.0805545238265,-32.2846068753217,25.82,24.77,26.22,27,26,26.9
2024-09-19 18:50:00,-30.7889942442877,-52.2751758510833,-33.9152874613273,-20.7107345546865,-63.2405302139586,-32.4186930518675,25.74,24.57,26.2,26.93,25.93,26.81
2024-09-19 19:00:00,-30.8670767950815,-52.5406573960283,-34.0404664444823,-20.7776058006022,-63.3717211341534,-32.5009086067767,25.66,24.37,26.11,26.9,25.86,26.76
2024-09-19 19:10:00,-30.9097507089248,-52.8196479727727,-34.1267949042269,-20.8207084313866,-63.488563741453,-32.598341299585,25.56,24.2,26.06,26.8,25.79,26.7
2024-09-19 19:20:00,-31.0095527480747,-53.0023959868005,-34.2212211178472,-20.8975562279143,-63.5324352385208,-32.6358931393801,25.47,24.03,26,26.75,25.7,26.6
2024-09-19 19:30:00,-31.0953537926872,-53.3206582799708,-34.3001091798403,-20.9505535581514,-63.6202692010832,-32.7111266429513,25.36,23.83,25.9,26.68,25.61,26.53
2024-09-19 19:40:00,-31.1383433008122,-53.4681924355588,-34.3870961075722,-21.0085221265827,-63.8109929196242,-32.8167450017856,25.25,23.65,25.82,26.6,25.52,26.44
2024-09-19 19:50:00,-31.2245006989669,-53.6902594261277,-34.4901832985228,-21.0909189349723,-63.9728210409429,-32.9151245232141,25.15,23.5,25.73,26.5,25.43,26.33
2024-09-19 20:00:00,-31.3541839851673,-53.7768676790784,-34.585614979848,-21.1492758835927,-64.076016188925,-33.0290058887468,25.04,23.36,25.65,26.41,25.34,26.24
2024-09-19 20:10:00,-31.4481789750748,-53.863615640601,-34.6493827512922,-21.2077943013961,-64.2385164235555,-33.0746686821816,24.95,23.25,25.56,26.3,25.22,26.15
2024-09-19 20:20:00,-31.5061620495521,-54.0250904221139,-34.7852799140806,-21.2860708051302,-64.3421401672112,-33.2502949752011,24.84,23.13,25.46,26.2,25.13,26.04
2024-09-19 20:30:00,-31.6006126461702,-54.1621009666466,-34.8574411193348,-21.3400534292995,-64.4310935515638,-33.3269448212793,24.74,23,25.37,26.09,25.03,25.95
2024-09-19 20:40:00,-31.6588767726254,-54.2744589092738,-34.9297520212296,-21.4188180923382,-64.6093694260069,-33.4499522723925,24.63,22.87,25.25,25.98,24.94,25.83
2024-09-19 20:50:00,-31.6880491080071,-54.4747821878335,-35.0344660106054,-21.4780823126777,-64.6689042669689,-33.5347831563322,24.52,22.76,25.15,25.86,24.84,25.73
2024-09-19 21:00:00,-31.7610976054252,-54.6255097154031,-35.163775804473,-21.5772206362151,-64.8179814875412,-33.6353152449945,24.42,22.65,25.05,25.75,24.75,25.62
2024-09-19 21:10:00,-31.8856667235132,-54.776654294435,-35.2448366794203,-21.626961266841,-64.9075927252967,-33.7750112566429,24.32,22.54,24.97,25.64,24.64,25.52
2024-09-19 21:20:00,-31.9444564229058,-54.8902871127836,-35.4075194539287,-21.6668363167396,-65.0122957621092,-33.8684641119989,24.22,22.43,24.87,25.53,24.54,25.41
2024-09-19 21:30:00,-32.0402209582065,-55.0421643104852,-35.5136657161085,-21.7167835328445,-65.1321632046756,-33.9152874613273,24.12,22.32,24.77,25.42,24.44,25.29
2024-09-19 21:40:00,-32.0771298681834,-55.1436491664171,-35.5873379397446,-21.8069788535446,-65.2973418851282,-34.0483054540063,24.02,22.2,24.66,25.29,24.35,25.18
2024-09-19 21:50:00,-32.1584792004279,-55.3471805661724,-35.7104647605892,-21.887466906069,-65.4026736299072,-34.150377003023,23.9,22.1,24.56,25.17,24.25,25.08
2024-09-19 22:00:00,-32.2548853428845,-55.4236983663721,-35.7598346865663,-21.9581376096156,-65.4780146020062,-34.1975900985688,23.81,22.01,24.46,25.07,24.16,24.99
2024-09-19 22:10:00,-32.3069159960892,-55.6410737641761,-35.8587793955147,-22.0087563445531,-65.5987407210067,-34.2843170323786,23.71,21.94,24.36,24.96,24.07,24.88
2024-09-19 22:20:00,-32.3888480783533,-55.6667033265495,-35.9994198916494,-22.1001643025365,-65.6591872263794,-34.4267085133748,23.61,21.86,24.26,24.86,23.95,24.78
2024-09-19 22:30:00,-32.4261585912721,-55.820728808128,-36.0657943881304,-22.1103441481279,-65.7348236907364,-34.5458197314877,23.52,21.78,24.16,24.75,23.86,24.67
2024-09-19 22:40:00,-32.4859448310445,-55.9751804663534,-36.1572591888279,-22.1664171739733,-65.8711889612307,-34.6174841824992,23.42,21.7,24.06,24.63,23.76,24.56
2024-09-19 22:50:00,-32.5458413026366,-56.0396613854916,-36.2907131347538,-22.2277499434039,-65.9470696421604,-34.6653430564472,23.33,21.68,23.95,24.52,23.67,24.46
2024-09-19 23:00:00,-32.6208672152847,-56.0654745465199,-36.3743718685462,-22.2789901989594,-65.9926400016382,-34.7772712294512,23.24,21.6,23.85,24.41,23.58,24.36
2024-09-19 23:10:00,-32.6509259847629,-56.1042165837817,-36.4834166045947,-22.3766723328781,-66.0382418508802,-34.8815281050175,23.14,21.55,23.75,24.31,23.49,24.26
2024-09-19 23:20:00,-32.7488084064474,-56.2724083400736,-36.5591005525314,-22.4179296743432,-66.1143149693112,-34.9941543007551,23.05,21.5,23.66,24.2,23.4,24.16
2024-09-19 23:30:00,-32.8243022065918,-56.3372316525071,-36.6349415049515,-22.4696083394562,-66.2209645809116,-35.0990613581953,22.97,21.4,23.56,24.09,23.31,24.05
2024-09-19 23:40:00,-32.8999700379189,-56.5321499754316,-36.7447673884333,-22.505854272025,-66.3430605256178,-35.163775804473,22.89,21.31,23.47,23.97,23.22,23.94
2024-09-19 23:50:00,-32.9454544385367,-56.6233425082531,-36.8464373303245,-22.578521637424,-66.4347801940454,-35.3098199012386,22.8,21.21,23.38,23.87,23.12,23.84
2024-09-20,-32.9985990551223,-56.7930905237049,-36.9398818836473,-22.6409946681715,-66.5879281790457,-35.3993675098446,22.71,21.13,23.29,23.76,23.04,23.74
2024-09-20 00:10:00,-33.0670538350005,-56.9502326319222,-36.9909514859732,-22.687962853204,-66.7107007186561,-35.5136657161085,22.64,21.07,23.19,23.66,22.96,23.65
2024-09-20 00:20:00,-33.1051456107967,-57.0158367678026,-37.1274825325765,-22.7507386993683,-66.8029286517966,-35.6037302887006,22.56,21,23.1,23.56,22.88,23.55
2024-09-20 00:30:00,-33.158547826686,-57.0946614949411,-37.2302114178013,-22.7979345456868,-66.9106890724829,-35.6365376421731,22.49,20.95,23,23.47,22.8,23.46
2024-09-20 00:40:00,-33.2656108282454,-57.1735951977251,-37.2645175058414,-22.82945282327,-66.9723444835785,-35.7680696408417,22.4,20.9,22.92,23.37,22.7,23.37
2024-09-20 00:50:00,-33.280933736125,-57.3714072123488,-37.3504210905504,-22.887349547519,-67.0494936467105,-35.8092728667541,22.32,20.8,22.83,23.27,22.63,23.28
2024-09-20 01:00:00,-33.3346195174615,-57.5301494783112,-37.4192865167351,-22.9559622784626,-67.1576518036655,-35.9000871150313,22.23,20.71,22.76,23.16,22.56,23.18
2024-09-20 01:10:00,-33.3883918998273,-57.6494943545079,-37.5573985183477,-22.9982876948736,-67.2504976492899,-36.0408896227644,22.16,20.66,22.68,23.07,22.49,23.1
2024-09-20 01:20:00,-33.4653600921946,-57.7424892858585,-37.5573985183477,-23.0406911494367,-67.3124661798256,-36.0740998003421,22.08,20.6,22.6,22.98,22.4,23
2024-09-20 01:30:00,-33.5347831563322,-57.9155923301039,-37.6786646195399,-23.0566125934675,-67.4676374399807,-36.2072468107099,22,20.52,22.5,22.9,22.32,22.91
2024-09-20 01:40:00,-33.5811451897917,-57.9422695882083,-37.800322267215,-23.1257327488206,-67.4987145904556,-36.2740044913408,21.91,20.5,22.43,22.8,22.23,22.83
2024-09-20 01:50:00,-33.6198291759711,-58.1025913864064,-37.8612983158974,-23.1790430685325,-67.6231664068333,-36.3995070748689,21.85,20.41,22.35,22.71,22.16,22.75
2024-09-20 02:00:00,-33.705090876905,-58.1695229883359,-37.9573166114419,-23.2057442955648,-67.6698949729229,-36.4498296058674,21.78,20.39,22.26,22.63,22.1,22.67
2024-09-20 02:10:00,-33.767235168189,-58.4111157993968,-38.0185459091497,-23.2699528031091,-67.7634489977189,-36.5338551410078,21.7,20.29,22.19,22.55,22,22.6
2024-09-20 02:20:00,-33.7905688061132,-58.5862232824252,-38.0448172630295,-23.3074897787181,-67.8415094780772,-36.6096437224443,21.64,20.19,22.1,22.47,21.94,22.5
2024-09-20 02:30:00,-33.8450766844841,-58.7618557105809,-38.1852380554151,-23.3773620250364,-67.9196598806382,-36.7109397875569,21.58,20.1,22.02,22.39,21.89,22.43
2024-09-20 02:40:00,-33.907479076802,-58.8430943190995,-38.2116245959297,-23.3989032897575,-67.966593327919,-36.770158543308,21.5,20.02,21.96,22.29,21.8,22.35
2024-09-20 02:50:00,-33.9699965245119,-58.9651628669866,-38.3173532187611,-23.4582441711174,-68.0919078030759,-36.8294728253806,21.42,19.97,21.9,22.2,21.73,22.26
2024-09-20 03:00:00,-34.0169602429933,-59.0466825488356,-38.4145280941484,-23.4906753306121,-68.1546516579978,-36.9058746584124,21.37,19.9,21.8,22.12,21.7,22.19
2024-09-20 03:10:00,-34.0247938393912,-59.1691734354841,-38.485355484353,-23.5285683557671,-68.2174533287667,-37.0250371059586,21.3,19.86,21.73,22.05,21.6,22.1
2024-09-20 03:20:00,-34.0875275880394,-59.319229652116,-38.6007286224978,-23.5882380747312,-68.2960368019285,-37.0506219311791,21.21,19.8,21.7,21.98,21.56,22.03
2024-09-20 03:30:00,-34.1739753973834,-59.319229652116,-38.6362975850179,-23.5991033614361,-68.327495532263,-37.0847625349927,21.16,19.72,21.6,21.9,21.5,21.96
2024-09-20 03:40:00,-34.1739753973834,-59.5518835803656,-38.7610472577181,-23.6262884792491,-68.4219586936708,-37.1702517416982,21.1,19.65,21.54,21.81,21.41,21.9
2024-09-20 03:50:00,-34.2606424430368,-59.6616833021123,-38.8056982607719,-23.7189523398031,-68.5007777479203,-37.238784977813,21.02,19.6,21.49,21.75,21.36,21.8
2024-09-20 04:00:00,-34.3396213805698,-59.7716854688224,-38.8861997247287,-23.697116434721,-68.4850066767316,-37.2988552055117,20.99,19.5,21.4,21.7,21.3,21.74
2024-09-20 04:10:00,-34.3712639103724,-59.8818904537571,-38.966868186987,-23.7408083657616,-68.642880921888,-37.3934471149786,20.9,19.5,21.34,21.6,21.21,21.7
2024-09-20 04:20:00,-34.3870961075722,-59.9232696884827,-39.0207401097091,-23.7900580871844,-68.6112769846518,-37.4710188987646,20.85,19.5,21.28,21.54,21.17,21.61
2024-09-20 04:30:00,-34.4743036388467,-60.0061139586051,-39.0566960953082,-23.7791048828239,-68.7219544687219,-37.5141838465058,20.8,19.43,21.2,21.49,21.1,21.56
2024-09-20 04:40:00,-34.529914456186,-60.0199324678077,-39.1377182480823,-23.8174631763513,-68.8011191047658,-37.6439772635191,20.73,19.4,21.13,21.4,21.03,21.5
2024-09-20 04:50:00,-34.5537751163041,-60.1305951620502,-39.2279400064699,-23.8394099759397,-68.8169629719117,-37.6960202818175,20.7,19.4,21.09,21.33,21,21.4
2024-09-20 05:00:00,-34.5537751163041,-60.172146255253,-39.2460093007369,-23.8668719162882,-68.8803749349508,-37.7742197461755,20.61,19.37,21,21.26,20.9,21.35
2024-09-20 05:10:00,-34.625456070565,-60.1998629341605,-39.2731288492113,-23.9163831534374,-69.0073742093139,-37.8787381034694,20.6,19.3,20.95,21.2,20.87,21.29
2024-09-20 05:20:00,-34.6573619851207,-60.2414618923752,-39.3636627612727,-23.9494476927493,-69.1186906414724,-37.9573166114419,20.5,19.3,20.9,21.11,20.8,21.2
2024-09-20 05:30:00,-34.721262041234,-60.3108573780296,-39.3999347358021,-23.9880807678354,-69.1983122999477,-38.0273010107861,20.49,19.29,20.82,21.06,20.75,21.15
2024-09-20 05:40:00,-34.7292578277862,-60.3664313193044,-39.4544053755556,-24.015713970326,-69.2780256790336,-38.0360581285913,20.4,19.2,20.79,21,20.7,21.1
2024-09-20 05:50:00,-34.7692643886774,-60.3942374903951,-39.4907609656218,-24.0766191168552,-69.3738029539176,-38.1588697357829,20.39,19.2,20.7,20.92,20.64,21.01
2024-09-20 06:00:00,-34.8173330996464,-60.4498882629682,-39.5180496409643,-24.1099051833218,-69.4377280217906,-38.2292257518693,20.3,19.2,20.67,20.88,20.6,20.98
2024-09-20 06:10:00,-34.8253510099243,-60.5195238465344,-39.5635726771059,-24.1877517413114,-69.5657549246714,-38.2644523899786,20.28,19.11,20.6,20.8,20.53,20.9
2024-09-20 06:20:00,-34.8815281050175,-60.6171484489441,-39.6547761313389,-24.1988931778436,-69.5977985164693,-38.3085313378243,20.2,19.1,20.55,20.75,20.5,20.85
2024-09-20 06:30:00,-34.9780426072874,-60.7009520105031,-39.7644978433413,-24.2490931849111,-69.661929986917,-38.3703271832482,20.16,19.1,20.5,20.7,20.43,20.8
2024-09-20 06:40:00,-34.9860975265576,-60.6869767088079,-39.8469883133847,-24.2379286357436,-69.7100673675262,-38.4233743845505,20.1,19.1,20.44,20.62,20.4,20.73
2024-09-20 06:50:00,-35.0586753229961,-60.7149305305009,-39.9112658579534,-24.277027062101,-69.8225173205028,-38.574073391257,20.04,19.1,20.4,20.6,20.33,20.7
2024-09-20 07:00:00,-35.1475860153997,-60.7568854077223,-39.9480424259118,-24.3498058311089,-69.8225173205028,-38.6096177920925,20,19.1,20.34,20.5,20.3,20.62
2024-09-20 07:10:00,-35.163775804473,-60.7568854077223,-40.0678004730811,-24.3610219134939,-69.886855859962,-38.7253634493999,19.97,19.13,20.3,20.48,20.23,20.6
2024-09-20 07:20:00,-35.2042829107539,-60.6590357573618,-40.1047212811629,-24.4003189027536,-69.9673624106151,-38.8235730607485,19.9,19.23,20.24,20.4,20.2,20.51
2024-09-20 07:30:00,-35.2204988157254,-60.3247460650769,-40.1971722117638,-24.3890847276026,-70.0157108493565,-38.8593473651301,19.9,19.48,20.2,20.37,20.12,20.5
2024-09-20 07:40:00,-35.2773133273907,-59.7304109086086,-40.2712863800906,-24.4509367625196,-70.1286538386543,-38.975841673039,19.8,19.97,20.13,20.3,20.1,20.42
2024-09-20 07:50:00,-35.3504952438256,-58.0357367979902,-40.3548281704543,-24.4960185616426,-70.2417790173302,-39.0477039939808,19.8,20.95,20.1,20.27,20.03,20.4
2024-09-20 08:00:00,-35.456470556251,-55.7436628688305,-40.4106189559551,-24.5355333152412,-70.371288401877,-39.1016876726778,19.8,22.61,20.04,20.2,20,20.36
2024-09-20 08:10:00,-35.3993675098446,-53.9380824036313,-40.4944497883111,-24.5694538332659,-70.5660003380556,-39.2369736134512,19.75,24.19,20,20.16,20,20.3
2024-09-20 08:20:00,-35.4238289743412,-52.6981661535201,-40.5410975940099,-24.6090870459789,-70.7123877653509,-39.3455392980587,19.7,25.46,20,20.1,19.99,20.3
2024-09-20 08:30:00,-35.4809714797618,-51.9392294641537,-40.597145898076,-24.660137990109,-70.8427648421767,-39.427160648933,19.8,26.48,20,20.1,19.9,20.3
2024-09-20 08:40:00,-35.4646356503114,-51.5104687996813,-40.6251991010824,-24.6885453726387,-71.0387813173603,-39.5453571731682,19.8,27.18,20,20.01,19.91,20.3
2024-09-20 08:50:00,-35.5136657161085,-52.0949352338079,-40.681363675973,-24.7169854792101,-71.2025426210606,-39.5909116663727,19.83,27.34,20,20,20,20.3
2024-09-20 09:00:00,-35.5382061622852,-52.7103017518102,-40.6532716892496,-24.7056055072849,-71.3009805518506,-39.6091481537611,19.9,27.18,20.03,20,20,20.36
2024-09-20 09:10:00,-35.4809714797618,-53.2593059275485,-40.6532716892496,-24.6999174862722,-71.4982648746187,-39.5453571731682,19.98,27.06,20.1,20,20.01,20.44
2024-09-20 09:20:00,-35.4973148338722,-53.6655398402609,-40.597145898076,-24.7169854792101,-71.5806276968104,-39.4998550963331,20.06,26.96,20.2,20.07,20.1,20.55
2024-09-20 09:30:00,-35.4973148338722,-53.9008361621623,-40.6064948126645,-24.7056055072849,-71.828285870549,-39.4362401334441,20.15,27.15,20.3,20.1,20.17,20.67
2024-09-20 09:40:00,-35.5136657161085,-54.2120090851728,-40.5784545256613,-24.7169854792101,-71.9938671702081,-39.4180832548098,20.27,27.36,20.41,20.18,20.25,20.84
2024-09-20 09:50:00,-35.4075194539287,-54.3745282963008,-40.5317637359539,-24.7056055072849,-72.1432166720304,-39.3636627612727,20.38,27.63,20.52,20.25,20.33,20.98
2024-09-20 10:00:00,-35.4238289743412,-54.7136266292261,-40.4758056983147,-24.6885453726387,-72.2762318621513,-39.3002671376779,20.5,27.7,20.64,20.33,20.42,21.14
2024-09-20 10:10:00,-35.3993675098446,-55.1944617406978,-40.429233019434,-24.6771784948514,-72.3928213187555,-39.164762965905,20.63,27.57,20.75,20.42,20.51,21.31
2024-09-20 10:20:00,-35.3749229368941,-55.7821825296635,-40.44785565698,-24.660137990109,-72.5095988468882,-39.1287074928624,20.76,27.26,20.87,20.52,20.62,21.48
2024-09-20 10:30:00,-35.358635933359,-56.0912995976858,-40.4106189559551,-24.6204225592738,-72.6098437905397,-39.0387139629229,20.89,27.04,21,20.62,20.73,21.65
2024-09-20 10:40:00,-35.3179512238499,-56.2335501601814,-40.3734165354102,-24.6090870459789,-72.7102273234109,-38.975841673039,21.03,27,21.13,20.73,20.84,21.78
2024-09-20 10:50:00,-35.3179512238499,-56.3631818812662,-40.2991144095532,-24.5807710905886,-72.8778417080895,-38.9309948978599,21.16,27,21.25,20.84,20.94,21.95
2024-09-20 11:00:00,-35.3179512238499,-56.3372316525071,-40.2805602541133,-24.5468349479907,-72.961793741455,-38.904111605537,21.31,27.14,21.37,20.96,21.05,22.11
2024-09-20 11:10:00,-35.2773133273907,-56.4411043092145,-40.2805602541133,-24.5468349479907,-73.1973742824952,-38.877246877122,21.45,27.3,21.48,21.07,21.16,22.25
2024-09-20 11:20:00,-35.2854371642249,-56.3761614777794,-40.2898362637702,-24.5298844502898,-73.3492204301393,-38.877246877122,21.58,27.52,21.61,21.18,21.26,22.42
2024-09-20 11:30:00,-35.2773133273907,-56.5712144920267,-40.3083946919543,-24.5185906217359,-73.5521720749291,-38.8414560942704,21.73,27.66,21.7,21.3,21.38,22.55
2024-09-20 11:40:00,-35.2854371642249,-56.9109063892788,-40.2991144095532,-24.4960185616426,-73.6877850487286,-38.8861997247287,21.87,27.69,21.81,21.42,21.48,22.66
2024-09-20 11:50:00,-35.2773133273907,-57.27900991287,-40.2712863800906,-24.4960185616426,-73.8406485414119,-38.9130706396883,22.04,27.6,21.92,21.53,21.59,22.78
2024-09-20 12:00:00,-35.2367221901169,-57.5301494783112,-40.2991144095532,-24.5073019929848,-74.0790667469154,-38.877246877122,22.18,27.6,22.04,21.63,21.7,22.91
2024-09-20 12:10:00,-35.2448366794203,-57.809006066179,-40.2991144095532,-24.5073019929848,-74.2669352575307,-38.9309948978599,22.36,27.6,22.15,21.73,21.81,23.02
2024-09-20 12:20:00,-35.2204988157254,-57.7690868087069,-40.3548281704543,-24.5185906217359,-74.4381382246153,-38.9399601228307,22.52,27.72,22.26,21.84,21.92,23.14
2024-09-20 12:30:00,-35.1880744717634,-57.7291951169588,-40.4106189559551,-24.5073019929848,-74.6441028210921,-38.9489274123585,22.66,28.02,22.39,21.94,22.03,23.26
2024-09-20 12:40:00,-35.2448366794203,-57.7159040088023,-40.4013151382572,-24.4960185616426,-74.9713795595301,-39.0297260016578,22.84,28.29,22.52,22.05,22.15,23.37
2024-09-20 12:50:00,-35.2367221901169,-57.9022583073438,-40.4013151382572,-24.5073019929848,-75.196132149755,-39.1377182480823,23,28.46,22.63,22.15,22.26,23.48
2024-09-20 13:00:00,-35.2042829107539,-58.2097189528817,-40.4385432662018,-24.5581417865329,-75.4562994234941,-39.1287074928624,23.19,28.55,22.75,22.26,22.4,23.58
2024-09-20 13:10:00,-35.2042829107539,-58.4784028077326,-40.4851266700728,-24.5468349479907,-75.7522440029333,-39.2550470688059,23.38,28.6,22.86,22.38,22.53,23.69
2024-09-20 13:20:00,-35.2042829107539,-59.1964281219694,-40.5410975940099,-24.5355333152412,-75.9093901648003,-39.2640869181377,23.56,28.49,22.98,22.5,22.65,23.79
2024-09-20 13:30:00,-35.1475860153997,-60.1305951620502,-40.5597717589599,-24.5355333152412,-75.9968344071997,-39.2912189585018,23.75,28.12,23.12,22.62,22.77,23.92
2024-09-20 13:40:00,-35.1880744717634,-60.5752900652626,-40.6251991010824,-24.490378794252,-76.2071117959887,-39.2912189585018,23.92,27.77,23.25,22.74,22.91,24.04
2024-09-20 13:50:00,-35.1556799779772,-60.7289122695425,-40.5784545256613,-24.490378794252,-76.3652015698738,-39.3183697474903,24.07,27.65,23.37,22.86,23.04,24.16
2024-09-20 14:00:00,-35.2204988157254,-60.953058489582,-40.6251991010824,-24.4791031545366,-76.4707769067954,-39.2731288492113,24.2,27.6,23.49,22.98,23.16,24.27
2024-09-20 14:10:00,-35.2448366794203,-61.1921204022129,-40.6064948126645,-24.4565674470011,-76.6294136474499,-39.2731288492113,24.32,27.48,23.62,23.12,23.29,24.38
2024-09-20 14:20:00,-35.2610712643933,-61.4462668284388,-40.6532716892496,-24.4509367625196,-76.841441334286,-39.2640869181377,24.43,27.27,23.72,23.26,23.4,24.48
2024-09-20 14:30:00,-35.3179512238499,-61.7441053784925,-40.681363675973,-24.4396792823493,-76.9122475196702,-39.3093174005141,24.52,27.11,23.82,23.38,23.49,24.57
2024-09-20 14:40:00,-35.3504952438256,-62.0291032198467,-40.7376058987161,-24.4396792823493,-77.1783522937095,-39.3636627612727,24.6,26.95,23.92,23.49,23.58,24.66
2024-09-20 14:50:00,-35.3749229368941,-62.3441204701237,-40.7282267981598,-24.4171798688254,-77.2316836286274,-39.3455392980587,24.7,26.77,24.02,23.61,23.66,24.74
2024-09-20 15:00:00,-35.456470556251,-62.7618161619377,-40.7469871591388,-24.4284269852467,-77.4097210465484,-39.3999347358021,24.78,26.56,24.1,23.71,23.7,24.8
2024-09-20 15:10:00,-35.4973148338722,-63.0805545238265,-40.8409186654978,-24.4171798688254,-77.6239077838714,-39.5180496409643,24.8,26.34,24.19,23.81,23.8,24.88
2024-09-20 15:20:00,-35.5709531380063,-63.4593329085283,-40.8409186654978,-24.4284269852467,-77.8028493718501,-39.5726835752638,24.88,26.12,24.24,23.9,23.81,24.9
2024-09-20 15:30:00,-35.6201301883507,-64.002288398349,-40.8879655879384,-24.4678327062497,-77.9283538661606,-39.6091481537611,24.9,25.82,24.3,23.99,23.9,24.97
2024-09-20 15:40:00,-35.6940232699086,-64.4310935515638,-40.916219751471,-24.4678327062497,-78.0720354939488,-39.7004566703183,24.9,25.47,24.36,24.08,23.9,25
2024-09-20 15:50:00,-35.7763064915039,-65.0422419255555,-41.0199854926213,-24.4791031545366,-78.2700303887694,-39.7278902483638,24.9,25.07,24.4,24.13,23.9,25
2024-09-20 16:00:00,-35.8670371352745,-65.4629394676277,-41.0861552097646,-24.4960185616426,-78.4323996363964,-39.819472493719,24.9,24.67,24.4,24.2,23.9,25
2024-09-20 16:10:00,-35.9248945838695,-66.0078371181153,-41.1145463251338,-24.5298844502898,-78.5227502735293,-39.8378142614979,24.83,24.2,24.44,24.23,23.96,25
2024-09-20 16:20:00,-36.0408896227644,-66.4041928906666,-41.2093251428781,-24.5524877163879,-78.6494160466278,-39.9204568246426,24.8,23.8,24.5,24.3,23.92,25
2024-09-20 16:30:00,-36.1739140566609,-66.6953417804852,-41.2758002855584,-24.5977567516789,-78.7762861454537,-39.966443415968,24.72,23.5,24.5,24.3,23.9,25
2024-09-20 16:40:00,-36.2740044913408,-66.8644847661561,-41.3804779423464,-24.6260922737956,-78.9397056081619,-40.0678004730811,24.65,23.37,24.47,24.3,23.9,25
2024-09-20 16:50:00,-36.3659973240951,-66.9415096796893,-41.4854210673204,-24.648784191393,-79.1399009612119,-40.095487890899,24.57,23.28,24.4,24.3,23.9,25
2024-09-20 17:00:00,-36.466619238385,-67.0649341407512,-41.5236481536924,-24.6885453726387,-79.2310666084144,-40.1694145771603,24.49,23.15,24.4,24.3,23.81,24.92
2024-09-20 17:10:00,-36.5591005525314,-67.2350144325911,-41.6097879376679,-24.7169854792101,-79.5235030019916,-40.2805602541133,24.4,23.01,24.39,24.3,23.8,24.9
2024-09-20 17:20:00,-36.6771433287086,-67.4055260572288,-41.7826039608889,-24.7967921905515,-79.6334447090784,-40.3734165354102,24.31,22.87,24.3,24.3,23.72,24.84
2024-09-20 17:30:00,-36.7786261600339,-67.5142585333507,-41.8307356629208,-24.8482325243746,-79.7068236091998,-40.4664868725425,24.22,22.75,24.3,24.3,23.7,24.8
2024-09-20 17:40:00,-36.880389786539,-67.6543151975388,-41.9368206657703,-24.9284630088762,-79.835399421923,-40.6345544759034,24.13,22.64,24.2,24.28,23.62,24.72
2024-09-20 17:50:00,-36.9909514859732,-67.825890191542,-42.0625407622365,-24.9859290510278,-80.0194390246347,-40.7094750746571,24.04,22.54,24.18,24.2,23.59,24.65
2024-09-20 18:00:00,-37.1103886313309,-67.9509452430787,-42.1789245735664,-25.0089525432172,-80.1485191201695,-40.8315157790363,23.93,22.43,24.1,24.2,23.5,24.6
2024-09-20 18:10:00,-37.1702517416982,-68.1703466533741,-42.2761570365782,-25.0262340837579,-80.3517800895143,-40.8973814739453,23.85,22.27,24.04,24.11,23.46,24.5
2024-09-20 18:20:00,-37.3504210905504,-68.3117643561858,-42.3541043658658,-25.0954797463622,-80.4628668945093,-40.9727866641094,23.75,22.14,23.97,24.1,23.4,24.44
2024-09-20 18:30:00,-37.4106713994928,-68.4219586936708,-42.4615166599873,-25.1591232371642,-80.6112215705462,-41.0672386920852,23.67,21.99,23.9,24,23.33,24.38
2024-09-20 18:40:00,-37.4882789146322,-68.5954804730026,-42.5594005650372,-25.2055107662354,-80.6669250667722,-41.1524316658892,23.58,21.85,23.82,23.95,23.28,24.3
2024-09-20 18:50:00,-37.5401066790544,-68.7219544687219,-42.6476889918448,-25.2868948380764,-80.9087520207478,-41.2188150331768,23.49,21.72,23.76,23.9,23.2,24.21
2024-09-20 19:00:00,-37.6439772635191,-68.9279722499458,-42.7263213390168,-25.3802270201075,-80.9833060634012,-41.2567964532006,23.39,21.56,23.7,23.81,23.11,24.14
2024-09-20 19:10:00,-37.7047011106331,-69.0391605980709,-42.884021239549,-25.3860717062154,-81.0579288044973,-41.3614259152442,23.29,21.42,23.61,23.75,23.07,24.07
2024-09-20 19:20:00,-37.8700172057685,-69.1983122999477,-42.9531978499575,-25.4563130118123,-81.2073806352876,-41.5140880810541,23.18,21.25,23.54,23.7,23,23.97
2024-09-20 19:30:00,-37.9136417818192,-69.3897787015755,-43.0125808967072,-25.4973768252504,-81.2260814786284,-41.5906303337222,23.08,21.1,23.47,23.61,22.91,23.89
2024-09-20 19:40:00,-38.0185459091497,-69.581774875993,-43.1315933959328,-25.5385068791049,-81.3383770103972,-41.6865066384513,22.98,20.95,23.4,23.55,22.85,23.8
2024-09-20 19:50:00,-38.0886432009743,-69.7100673675262,-43.3007583479067,-25.5855939027314,-81.4883459219769,-41.7633667905457,22.88,20.81,23.31,23.49,22.79,23.71
2024-09-20 20:00:00,-38.1940315437559,-69.9190473582593,-43.3706072007905,-25.6504803494807,-81.5822168733579,-41.9175124923603,22.78,20.66,23.23,23.4,22.7,23.63
2024-09-20 20:10:00,-38.2556426885054,-70.1286538386543,-43.4505724397775,-25.6977738259539,-81.7702833061739,-41.9947985651301,22.68,20.51,23.14,23.32,22.63,23.54
2024-09-20 20:20:00,-38.3791632948427,-70.2417790173302,-43.570796827876,-25.7570133126948,-81.7891137775678,-42.110994939017,22.58,20.38,23.05,23.25,22.56,23.46
2024-09-20 20:30:00,-38.4764949239182,-70.2417790173302,-43.6611833712862,-25.8104456015533,-81.9965353834911,-42.2469637860362,22.48,20.3,22.97,23.16,22.48,23.37
2024-09-20 20:40:00,-38.5474365664395,-70.3388886868299,-43.771910488296,-25.8699448235616,-82.0909917465368,-42.3541043658658,22.38,20.23,22.89,23.09,22.4,23.28
2024-09-20 20:50:00,-38.6362975850179,-70.3388886868299,-43.8930239940306,-25.9176429411097,-82.2234134828841,-42.4810754142687,22.26,20.2,22.8,23,22.3,23.18
2024-09-20 21:00:00,-38.7342813205284,-70.371288401877,-44.0043390713701,-25.9893550633808,-82.2991789312789,-42.5888097138203,22.16,20.1,22.7,22.91,22.21,23.08
2024-09-20 21:10:00,-38.814634631804,-70.3874938554921,-44.0347466931332,-26.0372733454362,-82.5458991296646,-42.6771591491816,22.06,20.1,22.62,22.83,22.13,22.99
2024-09-20 21:20:00,-38.877246877122,-70.501036571388,-44.176926989403,-26.0672671266653,-82.6219617351414,-42.7952435622605,21.97,20.07,22.53,22.75,22.06,22.9
2024-09-20 21:30:00,-38.993794844997,-70.5335109754919,-44.268570934884,-26.1454127582546,-82.6980944291389,-42.8248156818961,21.88,20,22.45,22.66,21.98,22.8
2024-09-20 21:40:00,-39.1016876726778,-70.5497537865357,-44.3501918086253,-26.2177551020706,-82.7933589570125,-42.9927774314568,21.8,20,22.36,22.58,21.9,22.71
2024-09-20 21:50:00,-39.164762965905,-70.6310239661266,-44.4421951877004,-26.2660945002887,-82.8696495864059,-43.1018094349357,21.7,19.92,22.26,22.5,21.82,22.62
2024-09-20 22:00:00,-39.2460093007369,-70.6798310044058,-44.5651633195841,-26.3569712249626,-83.0224418058753,-43.2111179494589,21.64,19.9,22.18,22.4,21.75,22.53
2024-09-20 22:10:00,-39.3364806957825,-70.7938452920543,-44.6267749180047,-26.4177303186485,-83.1180799675059,-43.3207036762732,21.56,19.81,22.1,22.31,21.7,22.44
2024-09-20 22:20:00,-39.4180832548098,-70.9407053780872,-44.7914892614138,-26.4177303186485,-83.2713302343968,-43.3805948019729,21.49,19.7,22,22.21,21.6,22.35
2024-09-20 22:30:00,-39.4453217088245,-71.0224259165291,-44.8637428260911,-26.5457807096639,-83.3096869304089,-43.5106431098008,21.4,19.57,21.93,22.12,21.54,22.25
2024-09-20 22:40:00,-39.5453571731682,-71.1697601874298,-44.9050828951529,-26.5886019534993,-83.4056559856515,-43.570796827876,21.32,19.45,21.86,22.05,21.48,22.16
2024-09-20 22:50:00,-39.6182695472685,-71.3174000996418,-45.0293318016791,-26.6008492770337,-83.5017355929788,-43.6913538675986,21.25,19.38,21.79,21.97,21.4,22.08
2024-09-20 23:00:00,-39.6730420361733,-71.3174000996418,-45.0708244540801,-26.6560320827883,-83.5401984190152,-43.812244479367,21.18,19.3,21.7,21.89,21.32,22
2024-09-20 23:10:00,-39.7278902483638,-71.3831161112741,-45.2059398087547,-26.6990311741311,-83.6364330132436,-43.9031318999752,21.1,19.3,21.64,21.8,21.25,21.9
2024-09-20 23:20:00,-39.8103047768544,-71.3995545736544,-45.3310211631938,-26.7297872709559,-83.7713477151602,-43.9942078642958,21.02,19.3,21.58,21.72,21.2,21.82
2024-09-20 23:30:00,-39.9204568246426,-71.4488926774721,-45.4041450517608,-26.7605787974368,-83.9064800492274,-44.176926989403,20.96,19.3,21.5,21.65,21.1,21.75
2024-09-20 23:40:00,-39.9204568246426,-71.4324428558815,-45.4983348308446,-26.8284450692819,-84.0418303665097,-44.1972759012616,20.9,19.3,21.41,21.58,21.04,21.69
2024-09-20 23:50:00,-39.9572418616938,-71.3995545736544,-45.6032193247777,-26.8902910224264,-84.0418303665097,-44.3501918086253,20.81,19.3,21.35,21.5,20.99,21.6
2024-09-21,-40.0493528171212,-71.4818036859682,-45.6662660416847,-26.9150693047973,-84.1386428184383,-44.3604049934696,20.77,19.3,21.28,21.41,20.9,21.52
2024-09-21 00:10:00,-40.1416761102304,-71.4982648746187,-45.782078156542,-26.9709039522498,-84.1192714102697,-44.524136183888,20.7,19.26,21.2,21.34,20.85,21.45
2024-09-21 00:20:00,-40.1971722117638,-71.5476711886529,-45.9087536414249,-27.0268544273013,-84.235566794007,-44.6165004062795,20.64,19.2,21.13,21.26,20.8,21.38
2024-09-21 00:30:00,-40.2156879567474,-71.5806276968104,-45.8876167463939,-27.0766856151225,-84.2937747641329,-44.6473310401984,20.6,19.2,21.09,21.2,20.72,21.3
2024-09-21 00:40:00,-40.2434775669118,-71.6300909247218,-45.9616384844326,-27.0953959885121,-84.4103113997754,-44.8018040704511,20.53,19.2,21,21.1,20.69,21.2
2024-09-21 00:50:00,-40.2898362637702,-71.6960950679163,-46.0781996797432,-27.1578573270806,-84.4491927367918,-44.8224408151108,20.5,19.12,20.95,21.04,20.6,21.15
2024-09-21 01:00:00,-40.3362483637862,-71.7291199435372,-46.1419030597634,-27.2079300535582,-84.6243805043098,-44.9050828951529,20.43,19.1,20.9,20.99,20.57,21.1
2024-09-21 01:10:00,-40.3548281704543,-71.828285870549,-46.2056945100784,-27.2267311187142,-84.5854185089188,-44.9568115540859,20.4,19.1,20.82,20.9,20.5,21
2024-09-21 01:20:00,-40.4385432662018,-71.8779202337674,-46.3122096364788,-27.2267311187142,-84.7413742043179,-44.9878773478295,20.33,19.02,20.8,20.84,20.46,20.95
2024-09-21 01:30:00,-40.44785565698,-71.8779202337674,-46.3869162892268,-27.3272231024535,-84.7023583437408,-45.0397013822908,20.3,19,20.7,20.79,20.4,20.9
2024-09-21 01:40:00,-40.4851266700728,-71.9275888950339,-46.429659899148,-27.3587028484491,-84.8585296487991,-45.1123553402309,20.23,19,20.69,20.7,20.36,20.81
2024-09-21 01:50:00,-40.5131024662056,-72.0270292065297,-46.5259770834899,-27.3902188577125,-84.8976174454827,-45.22676270766,20.2,19,20.6,20.66,20.3,20.78
2024-09-21 02:00:00,-40.5410975940099,-72.0602065180504,-46.6010285664793,-27.4596819307262,-84.9758470613662,-45.310150262549,20.12,18.91,20.58,20.6,20.26,20.7
2024-09-21 02:10:00,-40.6158458801681,-72.1432166720304,-46.6547108794209,-27.4407200044159,-84.9954157260764,-45.351901677457,20.1,18.9,20.5,20.52,20.2,20.66
2024-09-21 02:20:00,-40.6532716892496,-72.2429550901866,-46.7838008718523,-27.4849848830865,-85.0737354589992,-45.4355199592893,20.02,18.82,20.48,20.5,20.14,20.6
2024-09-21 02:30:00,-40.6907319846542,-72.3428313972881,-46.7838008718523,-27.5103111510627,-85.1521273602914,-45.5612365443265,20,18.79,20.4,20.4,20.1,20.54
2024-09-21 02:40:00,-40.6907319846542,-72.5095988468882,-46.9024471153417,-27.5800787846126,-85.2109686867548,-45.582223101106,19.96,18.7,20.39,20.39,20.05,20.5
2024-09-21 02:50:00,-40.7469871591388,-72.5931266808502,-46.9672900222528,-27.5864300636299,-85.250218824991,-45.6662660416847,19.9,18.62,20.3,20.3,20,20.44
2024-09-21 03:00:00,-40.8315157790363,-72.7772267672759,-46.9564766490499,-27.6309299885416,-85.2698506734084,-45.7715376570395,19.87,18.54,20.3,20.28,19.99,20.4
2024-09-21 03:10:00,-40.8503237173032,-72.8442879483359,-47.0755608076279,-27.6882496713268,-85.3287733483491,-45.824264433334,19.8,18.48,20.2,20.2,19.9,20.33
2024-09-21 03:20:00,-40.916219751471,-72.928201329262,-47.1732178974742,-27.707382644144,-85.4270683013729,-45.8559296493075,19.78,18.4,20.19,20.14,19.9,20.3
2024-09-21 03:30:00,-40.9539223425551,-73.0290249932888,-47.2058152594037,-27.7456882623802,-85.4467408755756,-45.9616384844326,19.7,18.36,20.1,20.1,19.82,20.23
2024-09-21 03:40:00,-41.0294317808347,-73.1636734064305,-47.314635902238,-27.7648609260777,-85.4860996159219,-45.9933986278217,19.69,18.28,20.08,20.03,19.8,20.2
2024-09-21 03:50:00,-41.0577836995109,-73.2816944031794,-47.390959578046,-27.828865540712,-85.4860996159219,-46.088810798916,19.6,18.2,20,20,19.75,20.11
2024-09-21 04:00:00,-41.0766958620026,-73.3830067734443,-47.390959578046,-27.8096486794602,-85.6437159562744,-46.2056945100784,19.59,18.11,20,19.94,19.7,20.09
2024-09-21 04:10:00,-41.1240143892905,-73.3999057806873,-47.5111456087769,-27.8673391097619,-85.663438421187,-46.2269779190663,19.5,18.1,19.91,19.9,19.66,20
2024-09-21 04:20:00,-41.1808685792286,-73.4675407345044,-47.5439764835428,-27.8865958359184,-85.6831654278876,-46.3228746446394,19.48,18.1,19.9,19.85,19.6,20
2024-09-21 04:30:00,-41.2188150331768,-73.5013815788716,-47.6645505734029,-27.9058658687456,-85.8016229042329,-46.429659899148,19.4,18.05,19.81,19.8,19.58,19.91
2024-09-21 04:40:00,-41.2472978183635,-73.5521720749291,-47.7524328380012,-27.9251492174384,-85.8016229042329,-46.429659899148,19.39,18,19.8,19.75,19.5,19.9
2024-09-21 04:50:00,-41.2758002855584,-73.5521720749291,-47.8404771369068,-27.9959689027095,-85.8609130413193,-46.5688488321369,19.3,18,19.72,19.7,19.49,19.81
2024-09-21 05:00:00,-41.3233481722897,-73.5521720749291,-47.8735355844247,-28.0153145138754,-85.8609130413193,-46.6224940754551,19.3,18,19.7,19.65,19.4,19.8
2024-09-21 05:10:00,-41.304322448362,-73.4844592086524,-47.9286837688728,-28.0153145138754,-85.9400302939435,-46.6224940754551,19.2,18.03,19.62,19.6,19.4,19.71
2024-09-21 05:20:00,-41.4281464130841,-73.5013815788716,-48.0281106412613,-28.0993000899706,-85.9796162547775,-46.7622610954535,19.2,18.1,19.6,19.56,19.32,19.7
2024-09-21 05:30:00,-41.4567738492203,-73.6199473357899,-48.0723665433717,-28.105770937877,-86.0588428874653,-46.7838008718523,19.13,18.1,19.54,19.5,19.3,19.61
2024-09-21 05:40:00,-41.4758697957808,-73.6369009068952,-48.1610007250772,-28.1381475363633,-86.0390293877911,-46.8916486710509,19.1,18.01,19.5,19.46,19.24,19.6
2024-09-21 05:50:00,-41.5236481536924,-73.6029976679392,-48.1610007250772,-28.1770486895775,-86.0588428874653,-46.9132480463523,19.08,18.01,19.45,19.4,19.2,19.52
2024-09-21 06:00:00,-41.4949745383748,-73.6708197624654,-48.3053799498477,-28.2160036238631,-86.2175152322306,-47.0213942521068,19,18.04,19.4,19.38,19.2,19.5
2024-09-21 06:10:00,-41.5523415828844,-73.6708197624654,-48.3833018040218,-28.2160036238631,-86.2175152322306,-47.0213942521068,19,18,19.4,19.3,19.1,19.44
2024-09-21 06:20:00,-41.6097879376679,-73.7217273427085,-48.4167353510755,-28.2680273242137,-86.2770927568081,-47.1732178974742,18.96,18.09,19.3,19.3,19.1,19.4
2024-09-21 06:30:00,-41.6865066384513,-73.7556852712923,-48.494836833675,-28.3266686497087,-86.3367114502993,-47.2166860515538,18.9,18.1,19.3,19.2,19.06,19.39
2024-09-21 06:40:00,-41.6865066384513,-73.7217273427085,-48.5618812286666,-28.3462427790853,-86.3565935016936,-47.314635902238,18.9,18.1,19.24,19.2,19,19.3
2024-09-21 06:50:00,-41.7249190167957,-73.7217273427085,-48.595438176633,-28.3592997125376,-86.4560724578353,-47.3582343671146,18.89,18.1,19.2,19.13,19,19.3
2024-09-21 07:00:00,-41.7729842683368,-73.7896588416813,-48.6514179607703,-28.3854316251871,-86.4560724578353,-47.4783374049447,18.8,18.1,19.2,19.1,18.96,19.24
2024-09-21 07:10:00,-41.7729842683368,-73.857652936699,-48.7186788300842,-28.3985066099262,-86.4958961195965,-47.5987450305596,18.8,18.06,19.13,19.08,18.9,19.2
2024-09-21 07:20:00,-41.8018499923166,-73.9767933982325,-48.7635710619973,-28.4181303803511,-86.5357381250552,-47.6097063085502,18.8,18,19.1,19,18.9,19.2
2024-09-21 07:30:00,-41.8885668991449,-74.1814814890998,-48.7748005819748,-28.4705267550873,-86.6553742881307,-47.6974874531728,18.74,17.93,19.1,19,18.87,19.12
2024-09-21 07:40:00,-41.8596412939325,-74.1985643731093,-48.8759827028238,-28.4902002924529,-86.5955355461604,-47.7744287103507,18.7,17.9,19.04,18.94,18.8,19.1
2024-09-21 07:50:00,-41.9078617395468,-74.1814814890998,-48.9548250015644,-28.4902002924529,-86.5755984826608,-47.8404771369068,18.7,17.91,19,18.9,18.8,19.1
2024-09-21 08:00:00,-41.9754636980576,-74.0790667469154,-48.9999348323317,-28.5295881606573,-86.6553742881307,-47.8955872394933,18.68,18.01,19,18.9,18.76,19.02
2024-09-21 08:10:00,-41.9754636980576,-73.9767933982325,-49.0450862299279,-28.595355653632,-86.6753297228033,-48.0170530332036,18.6,18.11,18.97,18.81,18.7,19
2024-09-21 08:20:00,-41.9947985651301,-73.6708197624654,-49.1128913479218,-28.595355653632,-86.7152543795196,-48.0612987461891,18.6,18.27,18.9,18.8,18.7,19
2024-09-21 08:30:00,-42.0238175659318,-72.9114109234791,-49.1242013111286,-28.6348888997371,-86.7951588720775,-48.1720914821321,18.6,18.87,18.9,18.79,18.69,18.95
2024-09-21 08:40:00,-42.0625407622365,-72.3928213187555,-49.3168696663008,-28.6480787902525,-86.8351387248648,-48.2720232978184,18.6,19.56,18.9,18.7,18.6,18.9
2024-09-21 08:50:00,-42.0722271353118,-72.3428313972881,-49.3736805074381,-28.7075085231404,-86.9752132884833,-48.3610255998043,18.6,19.78,18.82,18.7,18.6,18.9
2024-09-21 09:00:00,-42.0625407622365,-72.5262967213686,-49.4647140072267,-28.7604384433775,-86.9752132884833,-48.5060044681851,18.6,19.71,18.8,18.7,18.6,18.9
2024-09-21 09:10:00,-42.1206924703635,-72.7269713996243,-49.4533256471003,-28.7405782965707,-87.1155138076731,-48.4055882691729,18.6,19.56,18.8,18.62,18.6,18.86
2024-09-21 09:20:00,-42.1303922349061,-72.9785957496462,-49.5787419494686,-28.7604384433775,-87.0553573223406,-48.5060044681851,18.6,19.33,18.8,18.6,18.6,18.8
2024-09-21 09:30:00,-42.1400942331594,-73.1973742824952,-49.6015790619329,-28.7869399886478,-87.1155138076731,-48.5730643024967,18.6,19.09,18.8,18.6,18.6,18.8
2024-09-21 09:40:00,-42.1595049328548,-73.2985700797011,-49.6701535345154,-28.800199917403,-87.2359515140141,-48.5618812286666,18.6,18.88,18.8,18.6,18.6,18.8
2024-09-21 09:50:00,-42.1400942331594,-73.012211374672,-49.6472848496098,-28.800199917403,-87.2359515140141,-48.6514179607703,18.63,18.69,18.8,18.6,18.6,18.8
2024-09-21 10:00:00,-42.1497984656374,-72.6432895599049,-49.6244266936982,-28.8599452218174,-87.2359515140141,-48.6738279264094,18.7,18.57,18.8,18.6,18.6,18.8
2024-09-21 10:10:00,-42.1983531594126,-72.076800904209,-49.7502769175534,-28.7869399886478,-87.3163358072783,-48.6738279264094,18.7,18.47,18.8,18.6,18.6,18.87
2024-09-21 10:20:00,-42.1789245735664,-71.531198625088,-49.7273713429611,-28.8068321720408,-87.3364434514881,-48.7411197776316,18.63,18.38,18.8,18.6,18.6,18.9
2024-09-21 10:30:00,-42.2566926289714,-70.9080434972024,-49.83052954836,-28.8267381012143,-87.3766726324417,-48.8085046602309,18.6,18.27,18.8,18.6,18.6,18.9
2024-09-21 10:40:00,-42.2469637860362,-70.257954646874,-49.807587024574,-28.8599452218174,-87.4169203438842,-48.7860326879425,18.6,18.16,18.8,18.6,18.6,18.9
2024-09-21 10:50:00,-42.2469637860362,-69.4217412346648,-49.8879321028432,-28.846657785667,-87.4773266743874,-48.8422320284827,18.6,18.07,18.8,18.6,18.6,18.9
2024-09-21 11:00:00,-42.3541043658658,-68.5796875982159,-49.910911635426,-28.846657785667,-87.5579333848013,-48.8984961081644,18.6,18.02,18.8,18.6,18.6,18.9
2024-09-21 11:10:00,-42.3541043658658,-67.4521042307532,-49.910911635426,-28.8798878528608,-87.517620749404,-48.909756699359,18.57,18.14,18.8,18.54,18.6,18.89
2024-09-21 11:20:00,-42.4321954117675,-66.1904757205924,-49.9799137620969,-28.9198144663922,-87.5982645891285,-48.921019883699,18.5,18.3,18.8,18.5,18.53,18.8
2024-09-21 11:30:00,-42.4712949112356,-64.9075927252967,-50.0605368222166,-28.9264742664688,-87.7597752668621,-49.0563805786317,18.5,18.56,18.8,18.5,18.5,18.8
2024-09-21 11:40:00,-42.4712949112356,-63.634919996101,-50.0720650139813,-28.9397984679318,-87.881103668431,-49.1694672151056,18.5,18.76,18.8,18.5,18.5,18.8
2024-09-21 11:50:00,-42.5300117243595,-62.4878385105646,-50.1412899361387,-28.9864815239059,-87.9620824425152,-49.2034440135969,18.5,18.81,18.8,18.5,18.5,18.8
2024-09-21 12:00:00,-42.5496020290479,-61.389698779779,-50.1759382778993,-29.0065115933269,-88.0431358351644,-49.2714680621511,18.5,18.8,18.75,18.5,18.5,18.8
2024-09-21 12:10:00,-42.6084271022193,-60.2275923800098,-50.268450953067,-28.9998333660962,-88.0836905349353,-49.3168696663008,18.5,18.71,18.7,18.5,18.5,18.8
2024-09-21 12:20:00,-42.5790044069038,-58.5188122126098,-50.2916057614119,-29.0065115933269,-88.1851590300694,-49.3964231638709,18.5,18.61,18.7,18.5,18.5,18.76
2024-09-21 12:30:00,-42.62805352684,-56.4801059119643,-50.2916057614119,-29.0399258049998,-88.2867444123984,-49.4647140072267,18.5,18.58,18.7,18.5,18.5,18.7
2024-09-21 12:40:00,-42.6476889918448,-54.5500938921829,-50.3959344571959,-29.0399258049998,-88.2867444123984,-49.476104989922,18.5,18.5,18.7,18.41,18.5,18.7
2024-09-21 12:50:00,-42.7164843725236,-52.4922879406065,-50.465607130749,-29.0399258049998,-88.3680969675208,-49.6472848496098,18.5,18.4,18.7,18.4,18.5,18.7
2024-09-21 13:00:00,-42.686987059665,-50.4075398860118,-50.5121090842779,-29.0466132649185,-88.3884468165711,-49.6701535345154,18.5,18.39,18.7,18.4,18.5,18.7
2024-09-21 13:10:00,-42.7066496708147,-48.3387596517962,-50.53537612718,-29.0466132649185,-88.4495244856318,-49.7044763143473,18.5,18.3,18.7,18.4,18.5,18.7
2024-09-21 13:20:00,-42.7558458324197,-46.1312797170531,-50.5819423699311,-29.1001684148554,-88.4495244856318,-49.7159225107105,18.5,18.3,18.7,18.4,18.5,18.7
2024-09-21 13:30:00,-42.7853907276658,-44.0854727634583,-50.6518722005093,-29.1068697477448,-88.5922032298191,-49.7617336611094,18.5,18.3,18.7,18.4,18.5,18.7
2024-09-21 13:40:00,-42.7656918632676,-42.0528566192742,-50.6635365679538,-29.1068697477448,-88.5310270358069,-49.7846550637783,18.5,18.3,18.7,18.4,18.5,18.7
2024-09-21 13:50:00,-42.8149560388531,-40.0585755831687,-50.7102209052093,-29.1001684148554,-88.5922032298191,-49.807587024574,18.5,18.3,18.7,18.4,18.5,18.7
2024-09-21 14:00:00,-42.8149560388531,-38.0185459091497,-50.7920220305211,-29.1202770435288,-88.6942575089683,-49.8994205463264,18.5,18.32,18.7,18.4,18.5,18.7
2024-09-21 14:10:00,-42.8445417800893,-36.0160020550603,-50.8154180077846,-29.1403995675495,-88.6942575089683,-49.910911635426,18.5,18.4,18.7,18.4,18.4,18.7
2024-09-21 14:20:00,-42.8642769645785,-34.0639888890896,-50.873955109983,-29.1202770435288,-88.67383725251,-49.8994205463264,18.5,18.4,18.7,18.4,18.4,18.7
2024-09-21 14:30:00,-42.8642769645785,-32.2697426872853,-50.9325596443205,-29.1202770435288,-88.7964293501095,-49.910911635426,18.5,18.4,18.7,18.4,18.4,18.7
2024-09-21 14:40:00,-42.8642769645785,-30.4786342572627,-50.9560203564515,-29.1471101650708,-88.837331034254,-49.8420047728948,18.5,18.4,18.7,18.4,18.4,18.63
2024-09-21 14:50:00,-42.8938967872732,-28.8599452218174,-51.0147194263041,-29.180686340047,-88.7146824679058,-49.9799137620969,18.5,18.5,18.7,18.4,18.4,18.6
2024-09-21 15:00:00,-42.8642769645785,-27.3587028484491,-51.0147194263041,-29.1874062150085,-88.878251558658,-50.0029356635543,18.5,18.53,18.7,18.4,18.4,18.6
2024-09-21 15:10:00,-42.8445417800893,-25.947498913432,-51.0264673520296,-29.2479547693374,-88.939667689735,-50.0029356635543,18.5,18.6,18.7,18.4,18.4,18.6
2024-09-21 15:20:00,-42.8741479654919,-24.6374356200908,-51.0970117409903,-29.274905540582,-88.898718888669,-49.9799137620969,18.5,18.68,18.7,18.32,18.4,18.6
2024-09-21 15:30:00,-42.8741479654919,-23.3881301773673,-51.1087786174032,-29.274905540582,-89.0421222324932,-49.9914233875784,18.52,18.77,18.7,18.3,18.4,18.6
2024-09-21 15:40:00,-42.8346775954672,-22.2584799374462,-51.1794368021687,-29.274905540582,-89.0421222324932,-50.1066655203399,18.6,18.89,18.7,18.3,18.46,18.6
2024-09-21 15:50:00,-42.8741479654919,-21.2468965056112,-51.2030112316148,-29.274905540582,-89.0626272994658,-50.0720650139813,18.6,18.93,18.7,18.3,18.5,18.6
2024-09-21 16:00:00,-42.8248156818961,-20.3093256073865,-51.2501926722871,-29.3153782683723,-89.1241708367921,-50.0720650139813,18.6,19,18.7,18.3,18.5,18.6
2024-09-21 16:10:00,-42.8248156818961,-19.3595608873531,-51.2737996935195,-29.3086289301488,-89.1446947983292,-50.1066655203399,18.66,19,18.7,18.3,18.5,18.6
2024-09-21 16:20:00,-42.8445417800893,-18.4075293849378,-51.2737996935195,-29.3559069499451,-89.1652234862272,-50.1066655203399,18.7,18.96,18.7,18.3,18.5,18.6
2024-09-21 16:30:00,-42.8544082362854,-17.5790540895873,-51.2974175886905,-29.3153782683723,-89.1241708367921,-50.0605368222166,18.7,18.9,18.7,18.3,18.5,18.6
2024-09-21 16:40:00,-42.7952435622605,-16.7685497011304,-51.321046362809,-29.3356356101036,-89.3090567310771,-50.0259681694307,18.7,18.9,18.7,18.3,18.5,18.6
2024-09-21 16:50:00,-42.7853907276658,-16.05814970685,-51.4038328163033,-29.3491482807221,-89.2884949281631,-50.0720650139813,18.79,18.89,18.75,18.3,18.5,18.6
2024-09-21 17:00:00,-42.8050986658155,-15.4203951399387,-51.4156703490139,-29.3153782683723,-89.3501945432211,-50.0605368222166,18.8,18.8,18.8,18.3,18.55,18.6
2024-09-21 17:10:00,-42.8346775954672,-14.807969200238,-51.5104687996813,-29.3897236495341,-89.3707705546321,-50.0029356635543,18.8,18.8,18.8,18.39,18.6,18.67
2024-09-21 17:20:00,-42.7952435622605,-14.239525000876,-51.5104687996813,-29.3694289580104,-89.4119367935871,-50.1066655203399,18.8,18.73,18.8,18.4,18.6,18.7
2024-09-21 17:30:00,-42.8544082362854,-13.7276280177425,-51.5698065694887,-29.3559069499451,-89.4325270233136,-50.0720650139813,18.8,18.7,18.8,18.4,18.6,18.7
2024-09-21 17:40:00,-42.8050986658155,-13.2280400895263,-51.5579335496875,-29.3964916626567,-89.3501945432211,-49.9799137620969,18.8,18.63,18.8,18.4,18.6,18.7
2024-09-21 17:50:00,-42.8149560388531,-12.8084183004244,-51.5579335496875,-29.3897236495341,-89.4325270233136,-49.9914233875784,18.8,18.54,18.8,18.4,18.6,18.7
2024-09-21 18:00:00,-42.8544082362854,-12.3792833157667,-51.7005903816827,-29.3761922975696,-89.4119367935871,-49.9454007825168,18.8,18.46,18.8,18.4,18.6,18.7
2024-09-21 18:10:00,-42.8642769645785,-11.9590175284603,-51.6411021280891,-29.3897236495341,-89.473721708723,-49.9454007825168,18.8,18.4,18.87,18.4,18.6,18.7
2024-09-21 18:20:00,-42.8445417800893,-11.5583409825181,-51.7005903816827,-29.3761922975696,-89.5149353693549,-49.9569024601762,18.8,18.33,18.9,18.4,18.6,18.7
2024-09-21 18:30:00,-42.8642769645785,-11.2097390398568,-51.7720667496668,-29.3897236495341,-89.5561680139498,-50.0144505906349,18.8,18.3,18.9,18.4,18.6,18.7
2024-09-21 18:40:00,-42.8741479654919,-10.8691480015522,-51.7720667496668,-29.4168050548927,-89.6180525949025,-49.8764463043673,18.8,18.24,18.9,18.4,18.6,18.7
2024-09-21 18:50:00,-42.8741479654919,-10.5680656484579,-51.8197725512804,-29.3964916626567,-89.6799799389773,-49.910911635426,18.8,18.2,18.9,18.4,18.6,18.7
2024-09-21 19:00:00,-42.8544082362854,-10.2895291638335,-51.8317058686815,-29.4303551140303,-89.6799799389773,-49.8879321028432,18.78,18.2,18.9,18.4,18.6,18.7
2024-09-21 19:10:00,-42.9037746091881,-9.89909523503482,-51.8675223118018,-29.4100323649771,-89.7419500757243,-49.8190569657892,18.7,18.2,18.9,18.4,18.6,18.7
2024-09-21 19:20:00,-42.884021239549,-8.35979258797418,-51.8914136893097,-29.4371324839706,-89.8246435422114,-49.7961197241063,18.7,18.2,18.84,18.4,18.6,18.7
2024-09-21 19:30:00,-42.9235370776851,-6.91027773069612,-51.92727139138,-29.4506919063909,-89.8453288121201,-49.8420047728948,18.7,18.2,18.8,18.4,18.6,18.7
2024-09-21 19:40:00,-42.9334217253149,-5.83976676912764,-52.0110357520624,-29.4168050548927,-89.8246435422114,-49.8190569657892,18.7,18.16,18.8,18.4,18.6,18.7
2024-09-21 19:50:00,-42.9334217253149,-4.39942078642958,-52.0110357520624,-29.4710427517633,-89.9074132072812,-49.7617336611094,18.7,18.1,18.8,18.4,18.58,18.7
2024-09-21 20:00:00,-42.9136547058175,-1.89974584112595,-52.0110357520624,-29.4710427517633,-89.928117537804,-49.7846550637783,18.64,18.1,18.8,18.4,18.5,18.7
2024-09-21 20:10:00,-43.0026780241029,-0.729954016270881,-52.0949352338079,-29.4778294914571,-89.9488266362238,-49.7273713429611,18.6,18.1,18.8,18.4,18.5,18.7
2024-09-21 20:20:00,-42.9729830839395,-0.289998333660962,-52.0349932351721,-29.4574739595899,-89.969540503639,-49.7388228117064,18.6,18.09,18.8,18.4,18.5,18.7
2024-09-21 20:30:00,-43.0224860497947,-0.129985677597456,-52.130933572149,-29.4846177940354,-89.9074132072812,-49.7044763143473,18.6,18,18.8,18.4,18.5,18.7
2024-09-21 20:40:00,-43.0323934838906,-0.0979931012856695,-52.130933572149,-29.5389805217101,-89.9902591411474,-49.7617336611094,18.6,18,18.8,18.4,18.5,18.64
2024-09-21 20:50:00,-43.0323934838906,-0.0979931012856695,-52.1789700545817,-29.5253804502403,-89.9902591411474,-49.6815918268564,18.53,18,18.75,18.4,18.5,18.6
2024-09-21 21:00:00,-43.0323934838906,-0.0979931012856695,-52.2150264621746,-29.5389805217101,-90.0109825498478,-49.6815918268564,18.5,18,18.7,18.35,18.5,18.6
2024-09-21 21:10:00,-43.0423031995202,-0.0979931012856695,-52.2390779081121,-29.5798183347033,-89.9902591411474,-49.6015790619329,18.5,18,18.7,18.3,18.5,18.6
2024-09-21 21:20:00,-43.0125808967072,-0.0979931012856695,-52.2511077852559,-29.5389805217101,-90.0731814140886,-49.6244266936982,18.5,18,18.7,18.3,18.44,18.6
2024-09-21 21:30:00,-43.0918860190664,-0.0979931012856695,-52.3474465868328,-29.5457829064547,-90.1146711996921,-49.6015790619329,18.5,18,18.7,18.3,18.4,18.6
2024-09-21 21:40:00,-43.0918860190664,-0.0979931012856695,-52.4318887360004,-29.5866301237845,-90.0109825498478,-49.6015790619329,18.42,18,18.7,18.3,18.4,18.6
2024-09-21 21:50:00,-43.0918860190664,-0.0979931012856695,-52.4560400737048,-29.6207126062113,-90.0939239185463,-49.5901591910909,18.4,18,18.7,18.3,18.4,18.58
2024-09-21 22:00:00,-43.0918860190664,-0.0979931012856695,-52.4198172372963,-29.607074904391,-89.969540503639,-49.6130015626001,18.4,18,18.62,18.3,18.4,18.5
2024-09-21 22:10:00,-43.0918860190664,-0.0979931012856695,-52.4922879406065,-29.5866301237845,-90.1354232586259,-49.5673273364607,18.4,18,18.6,18.3,18.4,18.5
2024-09-21 22:20:00,-43.1216631228426,-0.0979931012856695,-52.4922879406065,-29.6411809382961,-90.1354232586259,-49.6130015626001,18.4,18,18.6,18.21,18.4,18.5
2024-09-21 22:30:00,-43.1315933959328,-0.0979931012856695,-52.5406573960283,-29.6411809382961,-90.0317107308387,-49.5330992630721,18.4,17.92,18.6,18.2,18.4,18.5
2024-09-21 22:40:00,-43.1415259558162,-0.0979931012856695,-52.6011818972946,-29.6480068582658,-90.1146711996921,-49.5445059938675,18.4,17.9,18.6,18.2,18.4,18.5
2024-09-21 22:50:00,-43.1315933959328,-0.0979931012856695,-52.6254112153352,-29.6275338126307,-90.0317107308387,-49.4647140072267,18.31,17.9,18.6,18.2,18.31,18.5
2024-09-21 23:00:00,-43.171337361492,-0.0979931012856695,-52.6132951615633,-29.6411809382961,-90.0317107308387,-49.5330992630721,18.3,17.9,18.59,18.2,18.3,18.49
2024-09-21 23:10:00,-43.1315933959328,-0.0979931012856695,-52.7103017518102,-29.6275338126307,-90.0524436852193,-49.476104989922,18.3,17.88,18.51,18.2,18.3,18.4
2024-09-21 23:20:00,-43.1415259558162,-0.0979931012856695,-52.7103017518102,-29.6480068582658,-90.0731814140886,-49.4419399089387,18.3,17.8,18.5,18.2,18.3,18.4
2024-09-21 23:30:00,-43.1415259558162,-0.0979931012856695,-52.6739033383059,-29.6548343501426,-90.0731814140886,-49.3850505264819,18.3,17.8,18.5,18.14,18.3,18.4
2024-09-21 23:40:00,-43.1812790738153,-0.0979931012856695,-52.746725317134,-29.6889954008057,-90.1146711996921,-49.3964231638709,18.3,17.8,18.5,18.1,18.3,18.4
2024-09-21 23:50:00,-43.161397938069,-0.0979931012856695,-52.8318115465061,-29.6684940510655,-90.0109825498478,-49.4419399089387,18.27,17.8,18.5,18.1,18.3,18.4
2024-09-22,-43.2310219873896,-0.0979931012856695,-52.8804938587791,-29.6548343501426,-90.0524436852193,-49.2941636371732,18.2,17.8,18.5,18.1,18.3,18.4
2024-09-22 00:10:00,-43.1912230755661,-0.0979931012856695,-52.9048518343536,-29.6958323317298,-90.0731814140886,-49.2828145431998,18.2,17.8,18.5,18.1,18.23,18.4
2024-09-22 00:20:00,-43.1514608030193,-0.0979931012856695,-52.9048518343536,-29.6958323317298,-90.0109825498478,-49.2714680621511,18.2,17.8,18.42,18.1,18.2,18.4
2024-09-22 00:30:00,-43.1912230755661,-0.0979931012856695,-52.9779931008255,-29.6958323317298,-89.9902591411474,-49.3168696663008,18.2,17.8,18.4,18.1,18.2,18.37
2024-09-22 00:40:00,-43.161397938069,-0.0979931012856695,-52.9901931390699,-29.6889954008057,-90.0939239185463,-49.2828145431998,18.2,17.8,18.4,18.1,18.2,18.3
2024-09-22 00:50:00,-43.2210688226557,-0.0979931012856695,-53.039021393379,-29.6889954008057,-90.0731814140886,-49.2374442905375,18.2,17.8,18.4,18.02,18.2,18.3
2024-09-22 01:00:00,-43.2011693672715,-0.0979931012856695,-53.0634523903937,-29.6889954008057,-90.0524436852193,-49.2374442905375,18.2,17.8,18.4,18,18.2,18.3
2024-09-22 01:10:00,-43.1812790738153,-0.0979931012856695,-53.0634523903937,-29.6889954008057,-90.0109825498478,-49.1807902068871,18.13,17.8,18.4,18,18.2,18.3
2024-09-22 01:20:00,-43.2310219873896,-0.0979931012856695,-53.0512354855251,-29.7300406102449,-89.969540503639,-49.1242013111286,18.1,17.8,18.4,18,18.2,18.3
2024-09-22 01:30:00,-43.2310219873896,-0.0979931012856695,-53.0756721086325,-29.6889954008057,-90.0317107308387,-49.158146830239,18.1,17.8,18.4,18,18.2,18.3
2024-09-22 01:40:00,-43.2011693672715,-0.0979931012856695,-53.13681292306,-29.6889954008057,-90.0939239185463,-49.1128913479218,18.1,17.8,18.38,18,18.12,18.3
2024-09-22 01:50:00,-43.2011693672715,-0.0979931012856695,-53.1612889651096,-29.7163525726093,-90.0524436852193,-49.0450862299279,18.1,17.73,18.3,18,18.1,18.3
2024-09-22 02:00:00,-43.2111179494589,-0.0979931012856695,-53.173531213646,-29.7163525726093,-90.0317107308387,-49.0789770793963,18.1,17.7,18.3,18,18.1,18.21
2024-09-22 02:10:00,-43.1912230755661,-0.0979931012856695,-53.210274877091,-29.6889954008057,-90.0317107308387,-49.011218783345,18.1,17.7,18.3,17.96,18.1,18.2
2024-09-22 02:20:00,-43.2011693672715,-0.0979931012856695,-53.247043930928,-29.6889954008057,-90.0109825498478,-48.9886534792451,18.1,17.7,18.3,17.9,18.1,18.2
2024-09-22 02:30:00,-43.2011693672715,-0.0979931012856695,-53.2715707479231,-29.7163525726093,-89.9902591411474,-48.9548250015644,18.1,17.7,18.3,17.9,18.1,18.2
2024-09-22 02:40:00,-43.2509351935795,-0.0979931012856695,-53.3206582799708,-29.6958323317298,-89.9488266362238,-48.9435540342043,18.1,17.7,18.3,17.9,18.1,18.2
2024-09-22 02:50:00,-43.2310219873896,-0.0979931012856695,-53.3083821580754,-29.6889954008057,-90.0109825498478,-48.9886534792451,18.07,17.7,18.3,17.9,18.1,18.2
2024-09-22 03:00:00,-43.1912230755661,-0.0979931012856695,-53.3206582799708,-29.6684940510655,-89.9074132072812,-48.8984961081644,18,17.7,18.3,17.9,18.1,18.2
2024-09-22 03:10:00,-43.2409774441883,-0.0979931012856695,-53.4312706704974,-29.7163525726093,-89.8453288121201,-48.8759827028238,18,17.68,18.25,17.9,18.1,18.2
2024-09-22 03:20:00,-43.2409774441883,-0.0979931012856695,-53.4066703259017,-29.709510917269,-89.886713643558,-48.8422320284827,18,17.6,18.2,17.9,18.1,18.2
2024-09-22 03:30:00,-43.2409774441883,-0.0979931012856695,-53.4312706704974,-29.7163525726093,-89.8246435422114,-48.8085046602309,18,17.6,18.2,17.9,18,18.2
2024-09-22 03:40:00,-43.2509351935795,-0.0979931012856695,-53.4681924355588,-29.7368869932659,-89.9074132072812,-48.7748005819748,18,17.6,18.2,17.9,18,18.11
2024-09-22 03:50:00,-43.2310219873896,-0.0979931012856695,-53.5297854159508,-29.7163525726093,-89.8246435422114,-48.7860326879425,18,17.6,18.2,17.83,18,18.1
2024-09-22 04:00:00,-43.2409774441883,-0.0979931012856695,-53.5421125237001,-29.6958323317298,-89.8453288121201,-48.8085046602309,18,17.6,18.2,17.8,18,18.1
2024-09-22 04:10:00,-43.2111179494589,-0.0979931012856695,-53.603790656747,-29.6958323317298,-89.8039630347138,-48.7411197776316,18,17.6,18.2,17.8,18,18.1
2024-09-22 04:20:00,-43.2509351935795,-0.0979931012856695,-53.6408316355632,-29.7163525726093,-89.7419500757243,-48.8085046602309,18,17.54,18.2,17.8,18,18.1
2024-09-22 04:30:00,-43.2608952360912,-0.0979931012856695,-53.6778982102205,-29.6753262608359,-89.8039630347138,-48.8085046602309,17.93,17.5,18.2,17.8,18,18.1
2024-09-22 04:40:00,-43.2409774441883,-0.0979931012856695,-53.6408316355632,-29.6958323317298,-89.886713643558,-48.70746223113,17.9,17.49,18.11,17.8,18,18.1
2024-09-22 04:50:00,-43.2509351935795,-0.0979931012856695,-53.6902594261277,-29.709510917269,-89.8039630347138,-48.6626216535685,17.9,17.4,18.1,17.8,18,18.1
2024-09-22 05:00:00,-43.2907891276309,-0.0979931012856695,-53.7521082178194,-29.7300406102449,-89.7832872885309,-48.6514179607703,17.9,17.4,18.1,17.8,17.97,18.1
2024-09-22 05:10:00,-43.3007583479067,-0.0979931012856695,-53.7397327623411,-29.6958323317298,-89.8246435422114,-48.6514179607703,17.9,17.4,18.1,17.8,17.9,18.1
2024-09-22 05:20:00,-43.2608952360912,-0.0979931012856695,-53.7644865231797,-29.6958323317298,-89.886713643558,-48.6178223566919,17.9,17.4,18.1,17.79,17.9,18.01
2024-09-22 05:30:00,-43.2907891276309,-0.0979931012856695,-53.8388162396266,-29.709510917269,-89.8246435422114,-48.5842499516211,17.9,17.4,18.1,17.7,17.9,18
2024-09-22 05:40:00,-43.2708575722515,-0.0979931012856695,-53.8760196244505,-29.7300406102449,-89.7832872885309,-48.595438176633,17.84,17.4,18.1,17.7,17.9,18
2024-09-22 05:50:00,-43.2907891276309,-0.0979931012856695,-53.9008361621623,-29.6958323317298,-89.9074132072812,-48.5395228045182,17.8,17.4,18.09,17.7,17.9,18
2024-09-22 06:00:00,-43.3207036762732,-0.0979931012856695,-53.9505035360609,-29.6753262608359,-89.7626163025663,-48.4836717703117,17.8,17.4,18,17.7,17.9,18
2024-09-22 06:10:00,-43.2808222025887,-0.0979931012856695,-54.0250904221139,-29.6889954008057,-89.8039630347138,-48.4613493546579,17.8,17.4,18,17.7,17.9,18
2024-09-22 06:20:00,-43.3207036762732,-0.0979931012856695,-54.0002166763744,-29.6889954008057,-89.8453288121201,-48.4725092775033,17.8,17.4,18,17.7,17.87,18
2024-09-22 06:30:00,-43.3107298639446,-0.0979931012856695,-54.0624225250371,-29.7368869932659,-89.886713643558,-48.4055882691729,17.8,17.43,18,17.7,17.8,18
2024-09-22 06:40:00,-43.3207036762732,-0.0979931012856695,-54.1122387940341,-29.6958323317298,-89.8246435422114,-48.4167353510755,17.8,17.53,18,17.7,17.8,17.93
2024-09-22 06:50:00,-43.3606218990735,-0.0979931012856695,-54.1247000320716,-29.6958323317298,-89.9074132072812,-48.4055882691729,17.8,17.64,18,17.63,17.8,17.9
2024-09-22 07:00:00,-43.3007583479067,-0.0979931012856695,-54.149631117717,-29.6958323317298,-89.8660188455366,-48.3610255998043,17.8,17.76,18,17.6,17.8,17.9
2024-09-22 07:10:00,-43.2907891276309,-0.0979931012856695,-54.2120090851728,-29.709510917269,-89.8246435422114,-48.3944437536853,17.8,17.8,17.97,17.6,17.8,17.9
2024-09-22 07:20:00,-43.3007583479067,-0.0979931012856695,-54.2619631919501,-29.6958323317298,-89.8660188455366,-48.3833018040218,17.8,17.89,17.9,17.6,17.8,17.9
2024-09-22 07:30:00,-43.3007583479067,-0.0979931012856695,-54.2869575041739,-29.709510917269,-89.8246435422114,-48.4055882691729,17.8,17.94,17.9,17.6,17.8,17.9
2024-09-22 07:40:00,-43.2708575722515,-0.0979931012856695,-54.3119633293546,-29.6889954008057,-89.8453288121201,-48.4278849999841,17.8,18.09,17.9,17.6,17.8,17.9
2024-09-22 07:50:00,-43.3007583479067,-0.0979931012856695,-54.3494936655212,-29.6753262608359,-89.8453288121201,-48.4167353510755,17.8,18.35,17.9,17.6,17.8,17.9
2024-09-22 08:00:00,-43.2907891276309,-0.0979931012856695,-54.3995744586088,-29.6958323317298,-89.886713643558,-48.4278849999841,17.8,18.67,17.9,17.6,17.8,17.9
2024-09-22 08:10:00,-43.2708575722515,-0.0979931012856695,-54.3745282963008,-29.709510917269,-89.969540503639,-48.4390372164898,17.8,19.08,17.9,17.6,17.8,17.9
2024-09-22 08:20:00,-43.2608952360912,-0.0979931012856695,-54.4246321577572,-29.709510917269,-89.9902591411474,-48.4055882691729,17.8,19.46,17.9,17.6,17.8,17.9
2024-09-22 08:30:00,-43.2708575722515,-0.0979931012856695,-54.4246321577572,-29.6889954008057,-90.0109825498478,-48.4055882691729,17.8,19.75,17.9,17.6,17.8,17.9
2024-09-22 08:40:00,-43.3007583479067,-0.0979931012856695,-54.4497013990599,-29.709510917269,-90.0939239185463,-48.4167353510755,17.8,20.04,17.93,17.6,17.8,17.9
2024-09-22 08:50:00,-43.3007583479067,-0.0979931012856695,-54.4747821878335,-29.6889954008057,-90.1354232586259,-48.450192001184,17.85,20.42,18,17.6,17.8,17.9
2024-09-22 09:00:00,-43.2808222025887,-0.0979931012856695,-54.4622403496805,-29.6684940510655,-90.1354232586259,-48.4167353510755,17.9,20.77,18,17.6,17.86,17.95
2024-09-22 09:10:00,-43.2509351935795,-0.0979931012856695,-54.4622403496805,-29.6684940510655,-90.2184792942508,-48.3833018040218,17.9,21.02,18,17.6,17.9,18
2024-09-22 09:20:00,-43.2708575722515,-0.0979931012856695,-54.437165335307,-29.6411809382961,-90.2808215416819,-48.3944437536853,17.96,21.32,18.06,17.6,17.9,18
2024-09-22 09:30:00,-43.2808222025887,-0.0979931012856695,-54.4622403496805,-29.6411809382961,-90.4681068793272,-48.3833018040218,18,21.76,18.1,17.62,17.95,18.1
2024-09-22 09:40:00,-43.3107298639446,-0.0979931012856695,-54.5124250341382,-29.6275338126307,-90.6349088739088,-48.3387596517962,18.06,22.45,18.14,17.7,18,18.12
2024-09-22 09:50:00,-43.2907891276309,-0.0979931012856695,-54.437165335307,-29.6002584082671,-90.8020184122908,-48.3610255998043,18.12,23.34,18.2,17.7,18.05,18.2
2024-09-22 10:00:00,-43.3007583479067,-0.0979931012856695,-54.3745282963008,-29.607074904391,-90.9066183002777,-48.3610255998043,18.2,24.08,18.29,17.76,18.11,18.29
2024-09-22 10:10:00,-43.3107298639446,-0.0979931012856695,-54.3995744586088,-29.6002584082671,-91.1371623896559,-48.3721624195917,18.3,24.48,18.35,17.8,18.21,18.37
2024-09-22 10:20:00,-43.3306797854214,-0.0979931012856695,-54.3995744586088,-29.5866301237845,-91.3262241852699,-48.2942585055221,18.4,24.9,18.42,17.88,18.32,18.46
2024-09-22 10:30:00,-43.3207036762732,-0.0979931012856695,-54.4246321577572,-29.5457829064547,-91.4735433602897,-48.2497983274489,18.52,25.26,18.53,17.93,18.43,18.57
2024-09-22 10:40:00,-43.3406581919182,-0.0979931012856695,-54.3995744586088,-29.5049920826768,-91.6211001772304,-48.1831847932223,18.63,25.59,18.64,18.02,18.57,18.73
2024-09-22 10:50:00,-43.3207036762732,-0.0979931012856695,-54.3119633293546,-29.4506919063909,-91.663302969931,-48.0502334971676,18.76,25.79,18.77,18.13,18.74,18.9
2024-09-22 11:00:00,-43.3306797854214,-0.0979931012856695,-54.2494703515405,-29.3761922975696,-91.832308626098,-47.8845601425637,18.88,26.05,18.93,18.24,18.93,19.09
2024-09-22 11:10:00,-43.3606218990735,-0.0979931012856695,-54.1870492800253,-29.3153782683723,-91.9804441705997,-47.7194580164102,19.02,26.26,19.06,18.37,19.13,19.28
2024-09-22 11:20:00,-43.3805948019729,-0.0979931012856695,-54.1122387940341,-29.2075751262378,-92.0440039607244,-47.5768300449082,19.14,26.41,19.24,18.51,19.34,19.5
2024-09-22 11:30:00,-43.3905847031503,-0.0979931012856695,-53.9505035360609,-29.1202770435288,-92.1076076715644,-47.4237074025618,19.26,26.52,19.4,18.67,19.58,19.72
2024-09-22 11:40:00,-43.4505724397775,-0.0979931012856695,-53.8884264647516,-29.0800736719341,-92.17125533347,-47.1732178974742,19.38,26.67,19.56,18.87,19.8,19.95
2024-09-22 11:50:00,-43.5006255673361,-0.0979931012856695,-53.7768676790784,-28.9464628700247,-92.2137115403292,-47.0213942521068,19.52,26.86,19.75,19.07,20.03,20.21
2024-09-22 12:00:00,-43.5106431098008,-0.0979931012856695,-53.7026234886378,-28.846657785667,-92.4050066106047,-46.8269101943739,19.64,26.93,19.93,19.27,20.28,20.45
2024-09-22 12:10:00,-43.5006255673361,-0.0979931012856695,-53.5421125237001,-28.7207318639299,-92.4688597793908,-46.6654547604873,19.77,27,20.11,19.48,20.5,20.7
2024-09-22 12:20:00,-43.5808305297309,-0.0979931012856695,-53.505139714083,-28.6085273342222,-92.6180221504322,-46.5795729404599,19.9,26.97,20.32,19.7,20.71,20.95
2024-09-22 12:30:00,-43.6209884485843,-0.0979931012856695,-53.3943744012808,-28.4574186114814,-92.7460671066757,-46.3975985012105,20.04,27,20.51,19.94,20.91,21.19
2024-09-22 12:40:00,-43.6109455010914,-0.0979931012856695,-53.3452190054335,-28.3266686497087,-92.8529064523226,-46.2482711316835,20.18,27,20.69,20.19,21.1,21.42
2024-09-22 12:50:00,-43.6209884485843,-0.0979931012856695,-53.3206582799708,-28.2355012821388,-93.0026883325961,-46.1100403685697,20.34,27.03,20.87,20.43,21.29,21.65
2024-09-22 13:00:00,-43.6410812823238,-0.0979931012856695,-53.1980241689874,-28.0993000899706,-93.088386433477,-46.1419030597634,20.49,27.1,21.05,20.68,21.47,21.85
2024-09-22 13:10:00,-43.6009048658064,-0.0979931012856695,-53.1245791282492,-28.0153145138754,-93.2385481686813,-46.088810798916,20.65,27.14,21.25,20.92,21.65,22.05
2024-09-22 13:20:00,-43.6009048658064,-0.0979931012856695,-53.0512354855251,-27.9573177477336,-93.4750061580379,-46.0675910035896,20.81,27.2,21.44,21.16,21.8,22.25
2024-09-22 13:30:00,-43.6209884485843,-0.0979931012856695,-52.9292210297737,-27.8994410453834,-93.7336443021827,-46.03577962762,20.96,27.2,21.63,21.4,21.95,22.45
2024-09-22 13:40:00,-43.570796827876,-0.0979931012856695,-52.9292210297737,-27.8673391097619,-94.0146432576761,-46.0569847698927,21.14,27.08,21.8,21.62,22.12,22.62
2024-09-22 13:50:00,-43.5808305297309,-0.0979931012856695,-52.9414098365408,-27.7201453038779,-94.1229439466457,-46.03577962762,21.32,26.78,21.98,21.83,22.29,22.77
2024-09-22 14:00:00,-43.5407095806597,-0.0979931012856695,-52.8074871994833,-27.6563907388494,-94.3181996724599,-45.9828094755841,21.48,26.45,22.15,22.05,22.48,22.94
2024-09-22 14:10:00,-43.570796827876,-0.0979931012856695,-52.795329225993,-27.5991370098145,-94.3833748847583,-45.9616384844326,21.64,26.21,22.33,22.26,22.65,23.07
2024-09-22 14:20:00,-43.5507363538722,-0.0979931012856695,-52.6617761200955,-27.4786569599962,-94.4921003361678,-45.9722227613081,21.76,26.1,22.5,22.49,22.8,23.24
2024-09-22 14:30:00,-43.5507363538722,-0.0979931012856695,-52.6496516939587,-27.4280859951627,-94.5791708681303,-45.9722227613081,21.88,26.1,22.66,22.68,22.94,23.36
2024-09-22 14:40:00,-43.5206629591554,-0.0979931012856695,-52.6617761200955,-27.3902188577125,-94.6881218678073,-46.0039902185826,22.01,26.1,22.81,22.87,23.06,23.48
2024-09-22 14:50:00,-43.5306851159313,-0.0979931012856695,-52.6011818972946,-27.3650031479043,-94.9064005318617,-45.9616384844326,22.11,26.17,22.95,23.05,23.18,23.59
2024-09-22 15:00:00,-43.6109455010914,-0.0979931012856695,-52.4802025360726,-27.3587028484491,-95.1689992340167,-46.03577962762,22.21,26.12,23.07,23.23,23.29,23.69
2024-09-22 15:10:00,-43.6410812823238,-0.0979931012856695,-52.4922879406065,-27.3272231024535,-95.4103529514431,-46.0463809780903,22.32,25.97,23.21,23.37,23.4,23.78
2024-09-22 15:20:00,-43.6511311696357,-0.0979931012856695,-52.5164670995782,-27.3650031479043,-95.4762828571311,-46.1419030597634,22.4,25.84,23.33,23.53,23.49,23.86
2024-09-22 15:30:00,-43.671237887808,-0.0979931012856695,-52.4681199139856,-27.3587028484491,-95.6963784199097,-46.1419030597634,22.49,25.69,23.44,23.66,23.59,23.93
2024-09-22 15:40:00,-43.7316136291012,-0.0979931012856695,-52.4681199139856,-27.3776080997426,-95.7845586439312,-46.184420900206,22.53,25.54,23.54,23.78,23.68,24.02
2024-09-22 15:50:00,-43.7215452121516,-0.0979931012856695,-52.4922879406065,-27.3461066007964,-95.9169813553604,-46.1737877685281,22.6,25.39,23.63,23.92,23.75,24.1
2024-09-22 16:00:00,-43.771910488296,-0.0979931012856695,-52.4681199139856,-27.3398106519311,-96.0053648557921,-46.1525288488704,22.62,25.24,23.71,24.04,23.82,24.17
2024-09-22 16:10:00,-43.8425193610454,-0.0979931012856695,-52.3956825769841,-27.3272231024535,-96.1159587675316,-46.1950564805348,22.7,25.06,23.8,24.15,23.9,24.21
2024-09-22 16:20:00,-43.913242133619,-0.0979931012856695,-52.4922879406065,-27.295779578,-96.2266800785403,-46.2589214157642,22.7,24.91,23.87,24.25,23.95,24.3
2024-09-22 16:30:00,-43.933469586149,-0.0979931012856695,-52.4560400737048,-27.3209315011738,-96.4040995330059,-46.3015470837445,22.73,24.72,23.91,24.35,24,24.32
2024-09-22 16:40:00,-44.0043390713701,-0.0979931012856695,-52.5285608552978,-27.3461066007964,-96.4485054855672,-46.3015470837445,22.8,24.58,24,24.43,24.05,24.4
2024-09-22 16:50:00,-44.0246084852514,-0.0979931012856695,-52.6011818972946,-27.3272231024535,-96.5373787633305,-46.3228746446394,22.8,24.47,24.03,24.5,24.1,24.4
2024-09-22 17:00:00,-44.0753228768117,-0.0979931012856695,-52.6375300592529,-27.3461066007964,-96.6485855314372,-46.4189703056045,22.8,24.36,24.1,24.6,24.1,24.46
2024-09-22 17:10:00,-44.166756047067,-0.0979931012856695,-52.7345813329735,-27.3398106519311,-96.8490806384278,-46.4510464717617,22.8,24.25,24.1,24.65,24.1,24.5
2024-09-22 17:20:00,-44.2278168451078,-0.0979931012856695,-52.8196479727727,-27.3398106519311,-96.8936915595532,-46.4831448030041,22.83,24.14,24.1,24.7,24.1,24.5
2024-09-22 17:30:00,-44.2787653236636,-0.0979931012856695,-52.8683190768195,-27.3965264148325,-97.0276476537124,-46.5152653146482,22.9,24,24.13,24.77,24.1,24.5
2024-09-22 17:40:00,-44.3093625778553,-0.0979931012856695,-52.9414098365408,-27.4154578027463,-97.0276476537124,-46.5581271928467,22.9,23.84,24.2,24.8,24.1,24.5
2024-09-22 17:50:00,-44.3808384195301,-0.0979931012856695,-53.0268101133078,-27.4407200044159,-97.2065439047391,-46.5366913190914,22.9,23.66,24.2,24.8,24.1,24.5
2024-09-22 18:00:00,-44.4012812576981,-0.0979931012856695,-53.1980241689874,-27.4596819307262,-97.2065439047391,-46.6439694719397,22.89,23.5,24.2,24.8,24.1,24.5
2024-09-22 18:10:00,-44.4421951877004,-0.0979931012856695,-53.3820813075752,-27.5103111510627,-97.4081964826139,-46.6977012508951,22.8,23.35,24.2,24.8,24.03,24.5
2024-09-22 18:20:00,-44.5343894255163,-0.0979931012856695,-53.3820813075752,-27.516646363639,-97.520406394015,-46.7730297437237,22.8,23.2,24.17,24.8,24,24.48
2024-09-22 18:30:00,-44.5959584788487,-0.0979931012856695,-53.5421125237001,-27.5991370098145,-97.5428638828323,-46.7945744804103,22.8,23.05,24.1,24.8,23.98,24.4
2024-09-22 18:40:00,-44.6267749180047,-0.0979931012856695,-53.6408316355632,-27.61820840452,-97.655228925091,-46.8269101943739,22.74,22.93,24.1,24.8,23.9,24.4
2024-09-22 18:50:00,-44.637051795796,-0.0979931012856695,-53.7644865231797,-27.6563907388494,-97.7452141482068,-46.9024471153417,22.7,22.8,24.1,24.8,23.9,24.39
2024-09-22 19:00:00,-44.7502537677888,-0.0979931012856695,-53.9132487173404,-27.701003517972,-97.8578122889743,-46.9456657654314,22.68,22.67,24.07,24.8,23.81,24.3
2024-09-22 19:10:00,-44.7811768271755,-0.0979931012856695,-54.0250904221139,-27.7456882623802,-98.0156676290398,-47.0105684223786,22.6,22.55,24,24.71,23.79,24.3
2024-09-22 19:20:00,-44.8637428260911,-0.0979931012856695,-54.2120090851728,-27.7904450881621,-98.1963855574317,-47.1189389747696,22.57,22.43,24,24.7,23.7,24.22
2024-09-22 19:30:00,-44.9464610573653,-0.0979931012856695,-54.2869575041739,-27.8352741115926,-98.1285773201923,-47.1080906871247,22.5,22.31,23.9,24.63,23.67,24.2
2024-09-22 19:40:00,-45.0293318016791,-0.0979931012856695,-54.4622403496805,-27.8673391097619,-98.2642406511238,-47.2601942597256,22.45,22.16,23.9,24.6,23.6,24.11
2024-09-22 19:50:00,-45.101969032353,-0.0979931012856695,-54.6003595300182,-27.9058658687456,-98.4454168899337,-47.2710775745449,22.4,22.02,23.81,24.53,23.53,24.08
2024-09-22 20:00:00,-45.1539244953621,-0.0979931012856695,-54.7514345204238,-27.9251492174384,-98.4907631203686,-47.3364301152176,22.32,21.86,23.79,24.5,23.49,24
2024-09-22 20:10:00,-45.22676270766,-0.0979931012856695,-54.8902871127836,-27.9766366504038,-98.6723570135431,-47.4127889474717,22.25,21.74,23.7,24.4,23.4,23.92
2024-09-22 20:20:00,-45.3414602183464,-0.0979931012856695,-54.9408662244922,-27.9959689027095,-98.717807777835,-47.5111456087769,22.2,21.61,23.67,24.36,23.34,23.87
2024-09-22 20:30:00,-45.3832404840736,-0.0979931012856695,-55.1309533336806,-28.0153145138754,-98.9225954353414,-47.5111456087769,22.1,21.47,23.6,24.3,23.28,23.8
2024-09-22 20:40:00,-45.4669165473234,-0.0979931012856695,-55.3216981155917,-28.1187171044509,-99.0137484838717,-47.631636437767,22.05,21.34,23.53,24.21,23.19,23.71
2024-09-22 20:50:00,-45.582223101106,-0.0979931012856695,-55.4236983663721,-28.1900276883285,-99.2419987471123,-47.7084714700642,21.99,21.22,23.48,24.15,23.1,23.65
2024-09-22 21:00:00,-45.6032193247777,-0.0979931012856695,-55.564255856121,-28.1965194294417,-99.4020869311271,-47.80744151747,21.9,21.13,23.4,24.08,23.02,23.59
2024-09-22 21:10:00,-45.697822078531,-0.0979931012856695,-55.7436628688305,-28.2680273242137,-99.4936818110851,-47.8184508551354,21.83,21.05,23.33,23.99,22.96,23.5
2024-09-22 21:20:00,-45.7715376570395,-0.0979931012856695,-55.8979012915363,-28.32014694408,-99.6082941088603,-47.9286837688728,21.76,20.96,23.26,23.9,22.88,23.42
2024-09-22 21:30:00,-45.7926210833637,-0.0979931012856695,-56.0138601091265,-28.4181303803511,-99.7689731673033,-47.9949454539478,21.7,20.85,23.18,23.81,22.8,23.34
2024-09-22 21:40:00,-45.8559296493075,-0.0979931012856695,-56.1688461467901,-28.4574186114814,-99.8839025884808,-48.0723665433717,21.61,20.73,23.1,23.73,22.71,23.27
2024-09-22 21:50:00,-45.9510566443963,-0.0979931012856695,-56.3761614777794,-28.5098874245115,-100.021992666842,-48.1388268707211,21.55,20.6,23.01,23.65,22.64,23.17
2024-09-22 22:00:00,-46.03577962762,-0.0979931012856695,-56.5581899880676,-28.5887720876565,-100.183339066246,-48.1610007250772,21.48,20.46,22.93,23.56,22.56,23.09
2024-09-22 22:10:00,-46.088810798916,-0.0979931012856695,-56.7408062357555,-28.6348888997371,-100.321843117285,-48.2164800565862,21.4,20.34,22.86,23.48,22.48,23
2024-09-22 22:20:00,-46.1737877685281,-0.0979931012856695,-56.8716073028608,-28.7075085231404,-100.368053672935,-48.2609095332615,21.3,20.19,22.78,23.39,22.39,22.91
2024-09-22 22:30:00,-46.3015470837445,-0.0979931012856695,-57.0552355188243,-28.8068321720408,-100.529958306542,-48.3387596517962,21.21,20.04,22.7,23.3,22.29,22.82
2024-09-22 22:40:00,-46.3655592428544,-0.0979931012856695,-57.1735951977251,-28.8400163618985,-100.715311997906,-48.3721624195917,21.13,19.91,22.6,23.2,22.2,22.74
2024-09-22 22:50:00,-46.4510464717617,-0.0979931012856695,-57.3714072123488,-28.9264742664688,-100.784907705457,-48.450192001184,21.05,19.77,22.52,23.1,22.11,22.65
2024-09-22 23:00:00,-46.5795729404599,-0.0979931012856695,-57.5301494783112,-28.9798079082382,-100.947484770151,-48.5395228045182,20.96,19.66,22.43,23.01,22.02,22.57
2024-09-22 23:10:00,-46.6439694719397,-0.0979931012856695,-57.6494943545079,-29.0599928051762,-101.110324089408,-48.5507007295381,20.87,19.56,22.34,22.92,21.93,22.48
2024-09-22 23:20:00,-46.7514949264708,-0.0979931012856695,-57.875599470873,-29.1202770435288,-101.226798687209,-48.6178223566919,20.78,19.45,22.23,22.82,21.84,22.39
2024-09-22 23:30:00,-46.8484797496393,-0.0979931012856695,-58.0223751141288,-29.1672512311586,-101.460150558047,-48.6962482145958,20.69,19.35,22.14,22.73,21.74,22.27
2024-09-22 23:40:00,-46.9456657654314,-0.0979931012856695,-58.2499426934086,-29.241220954161,-101.483515310931,-48.70746223113,20.6,19.25,22.05,22.63,21.66,22.18
2024-09-22 23:50:00,-46.9781058856137,-0.0979931012856695,-58.451478707998,-29.2479547693374,-101.647219306,-48.7635710619973,20.5,19.18,21.95,22.53,21.57,22.08
2024-09-23,-47.1080906871247,-0.0979931012856695,-58.640208045265,-29.3356356101036,-101.740882981863,-48.864729887484,20.41,19.1,21.86,22.43,21.47,21.99
2024-09-23 00:10:00,-47.2166860515538,-0.0979931012856695,-58.7212784751762,-29.4371324839706,-101.95194193432,-48.9999348323317,20.32,19,21.76,22.33,21.37,21.89
2024-09-23 00:20:00,-47.2928517235537,-0.0979931012856695,-58.8160023113826,-29.4981990892852,-102.257578073909,-49.0563805786317,20.23,18.92,21.68,22.21,21.26,21.8
2024-09-23 00:30:00,-47.4127889474717,-0.0979931012856695,-59.060280115356,-29.5661994610553,-102.257578073909,-49.0789770793963,20.13,18.82,21.58,22.1,21.17,21.7
2024-09-23 00:40:00,-47.4783374049447,-0.0979931012856695,-59.250975163135,-29.6411809382961,-102.351804169936,-49.1242013111286,20.02,18.74,21.49,22,21.07,21.62
2024-09-23 00:50:00,-47.5768300449082,-0.0979931012856695,-59.4696664194105,-29.7300406102449,-102.516908809777,-49.1015839886304,19.95,18.67,21.39,21.89,20.97,21.52
2024-09-23 01:00:00,-47.6755270054243,-0.0979931012856695,-59.6891648500057,-29.7574356034982,-102.729577608675,-49.2487829364212,19.86,18.59,21.28,21.79,20.88,21.43
2024-09-23 01:10:00,-47.7744287103507,-0.0979931012856695,-59.7992176862519,-29.8466437889368,-102.8242386326,-49.3623131061365,19.78,18.5,21.19,21.69,20.78,21.33
2024-09-23 01:20:00,-47.8514940821805,-0.0979931012856695,-59.9646775168459,-29.8810257955452,-103.037544979635,-49.4191762960959,19.69,18.4,21.09,21.59,20.69,21.22
2024-09-23 01:30:00,-47.9618031684232,-0.0979931012856695,-60.0890727614145,-29.9568056893585,-103.251293825427,-49.5787419494686,19.6,18.27,21,21.49,20.6,21.13
2024-09-23 01:40:00,-47.9618031684232,-0.0979931012856695,-60.2275923800098,-30.0051292890667,-103.465486087927,-49.5901591910909,19.51,18.14,20.9,21.38,20.5,21.03
2024-09-23 01:50:00,-48.0502334971676,-0.0979931012856695,-60.3386379504807,-30.0466115554517,-103.608527726382,-49.6815918268564,19.42,17.99,20.8,21.27,20.41,20.94
2024-09-23 02:00:00,-48.1388268707211,-0.0979931012856695,-60.3942374903951,-30.1366866456294,-103.775659598589,-49.8764463043673,19.33,17.85,20.71,21.17,20.31,20.85
2024-09-23 02:10:00,-48.3165039552755,-0.0979931012856695,-60.5195238465344,-30.2200725369501,-103.895204544391,-49.8534826400019,19.23,17.71,20.61,21.06,20.22,20.75
2024-09-23 02:20:00,-48.4055882691729,-0.0979931012856695,-60.6171484489441,-30.2967122715947,-104.230663518779,-50.0029356635543,19.14,17.56,20.52,20.96,20.11,20.66
2024-09-23 02:30:00,-48.494836833675,-0.0979931012856695,-60.7289122695425,-30.3595620539786,-104.254666279298,-50.0490112846107,19.05,17.44,20.42,20.86,20,20.57
2024-09-23 02:40:00,-48.6066289781254,-0.0979931012856695,-60.8829240680219,-30.4295480724538,-104.398798963974,-50.210610562155,18.95,17.28,20.32,20.76,19.91,20.47
2024-09-23 02:50:00,-48.7411197776316,-0.0979931012856695,-60.8829240680219,-30.4575876326775,-104.543130912928,-50.2453068054504,18.84,17.17,20.22,20.66,19.82,20.37
2024-09-23 03:00:00,-48.8309869836283,-0.0979931012856695,-60.995177916597,-30.5207711470302,-104.663559951561,-50.3611341999341,18.74,17.05,20.11,20.55,19.72,20.28
2024-09-23 03:10:00,-48.9548250015644,-0.0979931012856695,-61.1498649791252,-30.5700044846225,-104.832393705986,-50.4191479873842,18.64,16.94,20,20.45,19.62,20.17
2024-09-23 03:20:00,-49.011218783345,-0.0979931012856695,-61.2767188658534,-30.6687095441721,-104.90483437533,-50.5819423699311,18.54,16.83,19.91,20.35,19.52,20.06
2024-09-23 03:30:00,-49.1128913479218,-0.0979931012856695,-61.3190619467741,-30.6687095441721,-105.122456866918,-50.628551521534,18.44,16.72,19.8,20.24,19.42,19.97
2024-09-23 03:40:00,-49.1694672151056,-0.0979931012856695,-61.5170501958116,-30.7889942442877,-105.292030872193,-50.7803280816113,18.36,16.62,19.7,20.13,19.32,19.87
2024-09-23 03:50:00,-49.2828145431998,-0.0979931012856695,-61.5879151024765,-30.8386602550335,-105.389053089996,-50.8622422974563,18.26,16.51,19.6,20.01,19.21,19.77
2024-09-23 04:00:00,-49.3623131061365,-0.0979931012856695,-61.7156777133817,-30.9453573674374,-105.680656484579,-51.0147194263041,18.16,16.41,19.5,19.92,19.12,19.67
2024-09-23 04:10:00,-49.4988948254346,-0.0979931012856695,-61.8152318426325,-31.016693783575,-105.802395902094,-51.1558732266492,18.07,16.3,19.4,19.81,19.02,19.57
2024-09-23 04:20:00,-49.6015790619329,-0.0979931012856695,-61.9006917614765,-31.0595745437783,-105.948668332007,-51.2737996935195,17.97,16.2,19.29,19.71,18.91,19.47
2024-09-23 04:30:00,-49.6358544558327,-0.0979931012856695,-62.0005443385957,-31.1096770301023,-106.095142984409,-51.368336567935,17.88,16.1,19.19,19.6,18.81,19.37
2024-09-23 04:40:00,-49.7159225107105,-0.0979931012856695,-62.1291629386744,-31.1455139948477,-106.364205991967,-51.5104687996813,17.78,15.99,19.09,19.49,18.7,19.27
2024-09-23 04:50:00,-49.83052954836,-0.0979931012856695,-62.2580483548667,-31.2245006989669,-106.462216174454,-51.5816823234685,17.69,15.9,18.99,19.39,18.6,19.18
2024-09-23 05:00:00,-49.8534826400019,-0.0979931012856695,-62.3584773872045,-31.2676687534437,-106.609400809745,-51.6292126937687,17.59,15.8,18.89,19.28,18.5,19.07
2024-09-23 05:10:00,-50.0029356635543,-0.0979931012856695,-62.4590684225411,-31.3397481740613,-106.756788928655,-51.8317058686815,17.5,15.71,18.77,19.18,18.4,18.98
2024-09-23 05:20:00,-50.0720650139813,-0.0979931012856695,-62.6318878553048,-31.4264628439913,-106.879768002898,-51.9153160717373,17.39,15.62,18.68,19.07,18.31,18.87
2024-09-23 05:30:00,-50.1759382778993,-0.0979931012856695,-62.6896005294223,-31.5206745147288,-107.002888743567,-52.0949352338079,17.3,15.54,18.57,18.97,18.22,18.77
2024-09-23 05:40:00,-50.2800270243415,-0.0979931012856695,-62.7618161619377,-31.5279332539158,-107.224863597198,-52.2030048921059,17.2,15.45,18.48,18.86,18.12,18.67
2024-09-23 05:50:00,-50.3611341999341,-0.0979931012856695,-62.8485847391285,-31.6370151469175,-107.348381872648,-52.3112987382447,17.11,15.37,18.4,18.75,18.03,18.57
2024-09-23 06:00:00,-50.4307587619284,-0.0979931012856695,-62.9209835143849,-31.6880491080071,-107.571073443254,-52.4318887360004,17.02,15.3,18.3,18.65,17.93,18.47
2024-09-23 06:10:00,-50.53537612718,-0.0979931012856695,-63.0224819335462,-31.7245523316709,-107.645406579098,-52.5406573960283,16.94,15.21,18.2,18.54,17.84,18.39
2024-09-23 06:20:00,-50.6518722005093,-0.0979931012856695,-63.153220517961,-31.7976849777102,-107.843879490097,-52.5890714218871,16.85,15.2,18.1,18.44,17.74,18.29
2024-09-23 06:30:00,-50.7218987094865,-0.0979931012856695,-63.298803726641,-31.8783256226334,-107.992974282988,-52.6860333492331,16.77,15.23,18,18.35,17.65,18.2
2024-09-23 06:40:00,-50.7920220305211,-0.0979931012856695,-63.4301155338005,-31.900353997299,-108.167178746396,-52.7831740516573,16.69,15.31,17.91,18.25,17.56,18.1
2024-09-23 06:50:00,-50.8973888275133,-0.0979931012856695,-63.5616997440654,-31.9444564229058,-108.341664220632,-52.9414098365408,16.6,15.4,17.82,18.15,17.46,18
2024-09-23 07:10:00,-51.0734861148754,-0.0979931012856695,-63.752247880441,-32.1140812955837,-108.741545819039,-53.173531213646,16.47,15.65,17.63,17.95,17.27,17.82
2024-09-23 07:20:00,-51.1558732266492,-0.0979931012856695,-63.8403857352638,-32.1955243386419,-109.017320246986,-53.2715707479231,16.4,16.02,17.55,17.86,17.19,17.73
2024-09-23 07:30:00,-51.2148025181225,-0.0979931012856695,-63.9433672506322,-32.2474592360628,-109.117775163675,-53.4805053593673,16.32,16.51,17.47,17.77,17.1,17.65
2024-09-23 07:40:00,-51.2737996935195,-0.0979931012856695,-64.076016188925,-32.3143557949121,-109.444893362002,-53.6408316355632,16.3,17.57,17.38,17.68,17.02,17.57
2024-09-23 07:50:00,-51.344686020886,-0.0979931012856695,-64.1646016553242,-32.4112292312691,-109.646684105053,-53.7892516861717,16.23,19.12,17.3,17.6,16.96,17.5
2024-09-23 08:00:00,-51.3565099329756,-0.0979931012856695,-64.3125163383133,-32.4709879447992,-110.228907342307,-54.0499756252747,16.2,20.69,17.22,17.5,16.9,17.41
2024-09-23 08:10:00,-51.4511993056956,-0.0979931012856695,-64.4310935515638,-32.5308568393971,-110.610282733443,-54.1870492800253,16.2,22.05,17.2,17.43,16.85,17.37
2024-09-23 08:20:00,-51.5223308890615,-0.0979931012856695,-64.5053153066108,-32.5608326680656,-111.044103552318,-54.324470560961,16.2,23.22,17.12,17.37,16.8,17.3
2024-09-23 08:30:00,-51.5816823234685,-0.0979931012856695,-64.6093694260069,-32.5908361182108,-111.402645038933,-54.3369806727954,16.2,24.3,17.1,17.3,16.8,17.3
2024-09-23 08:40:00,-51.5816823234685,-0.0979931012856695,-64.6391299922862,-32.60584820929,-111.710887579372,-54.4998745293972,16.2,25.14,17.1,17.3,16.8,17.38
2024-09-23 08:50:00,-51.6054420364826,-0.0979931012856695,-64.6391299922862,-32.5908361182108,-111.891089443029,-54.4873269141841,16.2,25.78,17.17,17.3,16.8,17.45
2024-09-23 09:00:00,-51.7005903816827,-0.0979931012856695,-64.7135913960632,-32.5683309400946,-112.226521608252,-54.3745282963008,16.3,26.17,17.2,17.3,16.83,17.56
2024-09-23 09:10:00,-51.6886872512626,-0.0979931012856695,-64.6986922563696,-32.5608326680656,-112.588880910618,-54.3119633293546,16.31,26.36,17.3,17.33,16.9,17.72
2024-09-23 09:20:00,-51.7482303208024,-0.0979931012856695,-64.6391299922862,-32.5158792751693,-112.822443767229,-54.1247000320716,16.4,26.4,17.4,17.41,16.98,17.89
2024-09-23 09:30:00,-51.7720667496668,-0.0979931012856695,-64.6093694260069,-32.4859448310445,-113.13461478142,-53.925664130944,16.46,26.46,17.53,17.51,17.07,18.11
2024-09-23 09:40:00,-51.7244048664919,-0.0979931012856695,-64.4904641187382,-32.4112292312691,-113.291024046733,-53.7521082178194,16.55,26.7,17.66,17.62,17.18,18.35
2024-09-23 09:50:00,-51.7124962532153,-0.0979931012856695,-64.4162594519145,-32.344132126892,-113.291024046733,-53.4805053593673,16.64,27.1,17.82,17.74,17.33,18.6
2024-09-23 10:00:00,-51.7124962532153,-0.0979931012856695,-64.3125163383133,-32.2474592360628,-113.813951654157,-53.210274877091,16.75,27.51,17.97,17.88,17.5,18.9
2024-09-23 10:10:00,-51.7124962532153,-0.0979931012856695,-64.2385164235555,-32.188111898623,-113.709173390356,-53.0146016446641,16.87,27.82,18.14,18.05,17.67,19.2
2024-09-23 10:20:00,-51.7005903816827,-0.0979931012856695,-64.1793778019527,-32.0402209582065,-113.8663769863,-52.7710216758318,16.99,27.9,18.32,18.22,17.87,19.52
2024-09-23 10:30:00,-51.6411021280891,-0.0979931012856695,-64.1202936239572,-31.9371017867557,-113.971300106662,-52.5406573960283,17.13,28,18.47,18.4,18.09,19.83
2024-09-23 10:40:00,-51.6767868613241,-0.0979931012856695,-64.076016188925,-31.8343144970212,-113.945060266086,-52.2511077852559,17.25,28,18.65,18.61,18.31,20.15
2024-09-23 10:50:00,-51.6886872512626,-0.0979931012856695,-64.002288398349,-31.7245523316709,-114.050055889811,-52.0110357520624,17.4,27.93,18.84,18.82,18.55,20.48
2024-09-23 11:00:00,-51.6886872512626,-0.0979931012856695,-63.884500346314,-31.6297312935879,-113.997545989881,-51.7363162221437,17.55,27.84,19.03,19.06,18.8,20.82
2024-09-23 11:10:00,-51.6886872512626,-0.0979931012856695,-63.8697920899125,-31.5206745147288,-113.892598707296,-51.5104687996813,17.67,27.8,19.21,19.28,19.08,21.12
2024-09-23 11:20:00,-51.7124962532153,-0.0979931012856695,-63.8109929196242,-31.3903026110538,-113.945060266086,-51.344686020886,17.83,27.75,19.38,19.52,19.35,21.44
2024-09-23 11:30:00,-51.7601471630995,-0.0979931012856695,-63.7816136367601,-31.2388834244268,-113.971300106662,-51.0970117409903,17.95,27.65,19.56,19.75,19.62,21.73
2024-09-23 11:40:00,-51.7482303208024,-0.0979931012856695,-63.8109929196242,-31.0881946471355,-114.050055889811,-50.9442886498788,18.07,27.53,19.74,20,19.88,22
2024-09-23 11:50:00,-51.8317058686815,-0.0979931012856695,-63.7228956444389,-30.9453573674374,-114.128866094321,-50.7920220305211,18.22,27.43,19.88,20.26,20.13,22.29
2024-09-23 12:00:00,-51.8078419813109,-0.0979931012856695,-63.6495741649775,-30.8812948828444,-114.260337473684,-50.7218987094865,18.34,27.31,20.04,20.5,20.39,22.55
2024-09-23 12:10:00,-51.92727139138,-0.0979931012856695,-63.6495741649775,-30.7606495878181,-114.339292985748,-50.6635365679538,18.45,27.23,20.22,20.75,20.61,22.79
2024-09-23 12:20:00,-51.9631538716304,-0.0979931012856695,-63.7228956444389,-30.6193172409661,-114.708474047815,-50.6518722005093,18.57,27.15,20.36,21,20.81,23.01
2024-09-23 12:30:00,-52.0230131145136,-0.0979931012856695,-63.6495741649775,-30.4996954253637,-114.761311417611,-50.6518722005093,18.72,27.02,20.5,21.23,21.01,23.21
2024-09-23 12:40:00,-52.0709501527428,-0.0979931012856695,-63.7082245946115,-30.4155379738901,-115.264481879579,-50.7102209052093,18.85,26.9,20.64,21.48,21.18,23.4
2024-09-23 12:50:00,-52.130933572149,-0.0979931012856695,-63.6788926274143,-30.3665534063584,-115.583409825181,-50.7920220305211,18.97,26.8,20.76,21.71,21.35,23.56
2024-09-23 13:00:00,-52.2150264621746,-0.0979931012856695,-63.7082245946115,-30.247919074199,-115.876535589439,-50.7920220305211,19.13,26.68,20.88,21.92,21.51,23.71
2024-09-23 13:10:00,-52.2511077852559,-0.0979931012856695,-63.8109929196242,-30.1366866456294,-116.143658591615,-50.9442886498788,19.26,26.55,21.01,22.14,21.65,23.84
2024-09-23 13:20:00,-52.2992550032171,-0.0979931012856695,-63.8109929196242,-30.0881511713122,-116.438205176976,-51.0734861148754,19.41,26.36,21.13,22.38,21.77,23.96
2024-09-23 13:30:00,-52.3956825769841,-0.0979931012856695,-63.8256876354575,-29.9706044852476,-116.867970548744,-51.2383932378333,19.55,26.2,21.24,22.59,21.92,24.08
2024-09-23 13:40:00,-52.4198172372963,-0.0979931012856695,-63.884500346314,-29.9292271540074,-117.218322633092,-51.368336567935,19.69,26.21,21.36,22.79,22.05,24.18
2024-09-23 13:50:00,-52.4439630145899,-0.0979931012856695,-63.8992119898067,-29.8603918417129,-117.759377827152,-51.5341957101032,19.85,26.32,21.48,22.99,22.19,24.26
2024-09-23 14:00:00,-52.5890714218871,-0.0979931012856695,-63.8992119898067,-29.8191666697345,-118.058021963679,-51.7005903816827,20,26.4,21.6,23.19,22.35,24.32
2024-09-23 14:10:00,-52.5890714218871,-0.0979931012856695,-63.9728210409429,-29.7779984131113,-118.521053306674,-51.9033635045918,20.17,26.4,21.71,23.38,22.52,24.4
2024-09-23 14:20:00,-52.6011818972946,-0.0979931012856695,-64.0907719356475,-29.805437597481,-118.958506327006,-52.0709501527428,20.36,26.31,21.82,23.55,22.68,24.45
2024-09-23 14:30:00,-52.6254112153352,-0.0979931012856695,-64.1793778019527,-29.784855840096,-119.425069429022,-52.2030048921059,20.54,26.26,21.93,23.72,22.85,24.5
2024-09-23 14:40:00,-52.6375300592529,-0.0979931012856695,-64.2237266613238,-29.7711425649257,-119.865859110412,-52.3956825769841,20.67,26.14,22.04,23.88,23.05,24.56
2024-09-23 14:50:00,-52.6617761200955,-0.0979931012856695,-64.2829061485521,-29.7368869932659,-120.308275716067,-52.5769637346986,20.82,25.96,22.15,24.05,23.28,24.6
2024-09-23 15:00:00,-52.7103017518102,-0.0979931012856695,-64.3421401672112,-29.709510917269,-120.502346105866,-52.6981661535201,20.93,25.76,22.26,24.21,23.49,24.64
2024-09-23 15:10:00,-52.7831740516573,-0.0979931012856695,-64.4014287675496,-29.7163525726093,-120.557852266814,-52.8196479727727,21.03,25.63,22.39,24.36,23.71,24.7
2024-09-23 15:20:00,-52.8318115465061,-0.0979931012856695,-64.4459310672841,-29.6889954008057,-120.530095991148,-52.9901931390699,21.12,25.5,22.49,24.51,23.93,24.76
2024-09-23 15:30:00,-52.8804938587791,-0.0979931012856695,-64.460771999862,-29.6548343501426,-120.696729552402,-53.0878946408893,21.2,25.35,22.59,24.66,24.14,24.8
2024-09-23 15:40:00,-52.9414098365408,-0.0979931012856695,-64.4904641187382,-29.6411809382961,-120.724524201281,-53.1612889651096,21.29,25.17,22.69,24.81,24.31,24.84
2024-09-23 15:50:00,-53.0268101133078,-0.0979931012856695,-64.5201699144895,-29.6002584082671,-120.668941302742,-53.2715707479231,21.35,25,22.77,24.95,24.45,24.9
2024-09-23 16:00:00,-53.1123481500494,-0.0979931012856695,-64.5796225618196,-29.607074904391,-120.557852266814,-53.1980241689874,21.4,24.83,22.85,25.07,24.56,24.92
2024-09-23 16:10:00,-53.173531213646,-0.0979931012856695,-64.6093694260069,-29.5798183347033,-120.474602609495,-53.2347847574116,21.47,24.63,22.92,25.2,24.66,25
2024-09-23 16:20:00,-53.247043930928,-0.0979931012856695,-64.6093694260069,-29.5389805217101,-120.61338399518,-53.3329372288732,21.5,24.45,23,25.35,24.74,25
2024-09-23 16:30:00,-53.2838383927022,-0.0979931012856695,-64.6986922563696,-29.5457829064547,-120.585614934334,-53.3820813075752,21.53,24.31,23.07,25.46,24.8,25.02
2024-09-23 16:40:00,-53.3820813075752,-0.0979931012856695,-64.7284939668055,-29.5593923757665,-120.641159450825,-53.4312706704974,21.6,24.15,23.1,25.56,24.8,25.1
2024-09-23 16:50:00,-53.4805053593673,-0.0979931012856695,-64.7881385760667,-29.5457829064547,-120.780132702586,-53.4558823465794,21.6,24,23.18,25.64,24.8,25.1
2024-09-23 17:00:00,-53.5667752560971,-0.0979931012856695,-64.8179814875412,-29.6002584082671,-120.724524201281,-53.5667752560971,21.6,23.85,23.2,25.7,24.8,25.1
2024-09-23 17:10:00,-53.6655398402609,-0.0979931012856695,-64.8777085558228,-29.6275338126307,-120.919266045353,-53.6284817995152,21.67,23.7,23.24,25.8,24.8,25.1
2024-09-23 17:20:00,-53.7026234886378,-0.0979931012856695,-64.9524447914974,-29.6684940510655,-121.002822971406,-53.7644865231797,21.7,23.57,23.3,25.8,24.8,25.1
2024-09-23 17:30:00,-53.8016385451164,-0.0979931012856695,-64.9823633862058,-29.6889954008057,-121.086437636478,-53.8884264647516,21.7,23.45,23.3,25.89,24.76,25.1
2024-09-23 17:40:00,-53.9008361621623,-0.0979931012856695,-65.0722018828957,-29.7368869932659,-121.170110080469,-54.0002166763744,21.7,23.3,23.3,25.9,24.7,25.08
2024-09-23 17:50:00,-54.0250904221139,-0.0979931012856695,-65.1621645818316,-29.7985754319171,-121.170110080469,-54.1995277457972,21.7,23.12,23.3,25.9,24.65,25
2024-09-23 18:00:00,-54.0624225250371,-0.0979931012856695,-65.2522516547241,-29.8466437889368,-121.337628464937,-54.4121018657459,21.7,22.91,23.3,25.9,24.6,25
2024-09-23 18:10:00,-54.1621009666466,-0.0979931012856695,-65.2672782708552,-29.8947896854668,-121.365570703235,-54.4747821878335,21.8,22.7,23.3,25.9,24.52,24.98
2024-09-23 18:20:00,-54.2619631919501,-0.0979931012856695,-65.3725615197405,-29.9706044852476,-121.617340586357,-54.6632567165649,21.8,22.48,23.3,25.88,24.48,24.9
2024-09-23 18:30:00,-54.4121018657459,-0.0979931012856695,-65.4930932079624,-30.0673741897447,-121.701379891808,-54.7514345204238,21.7,22.22,23.3,25.8,24.4,24.88
2024-09-23 18:40:00,-54.4622403496805,-0.0979931012856695,-65.5685383393952,-30.0812239160363,-121.897697510809,-54.9661732551171,21.7,22.01,23.3,25.8,24.31,24.8
2024-09-23 18:50:00,-54.6003595300182,-0.0979931012856695,-65.6894313629598,-30.1575115230859,-122.094331811574,-55.1309533336806,21.7,21.81,23.24,25.74,24.23,24.74
2024-09-23 19:00:00,-54.7640429556625,-0.0979931012856695,-65.7953955908937,-30.2200725369501,-122.234979053283,-55.2580433065763,21.63,21.64,23.2,25.7,24.15,24.68
2024-09-23 19:10:00,-54.8902871127836,-0.0979931012856695,-65.8711889612307,-30.3246294291647,-122.488552502584,-55.5003219528772,21.6,21.46,23.18,25.61,24.06,24.6
2024-09-23 19:20:00,-55.0801992258754,-0.0979931012856695,-65.9774463840238,-30.4365555415653,-122.573193827813,-55.6026515441663,21.51,21.31,23.1,25.56,23.94,24.51
2024-09-23 19:30:00,-55.1817542092806,-0.0979931012856695,-66.083875211646,-30.4856530301873,-122.714392697274,-55.8464411237597,21.46,21.15,23.08,25.49,23.84,24.44
2024-09-23 19:40:00,-55.3216981155917,-0.0979931012856695,-66.1600008976798,-30.5981734695758,-122.968960678356,-55.9622931885011,21.4,20.98,23,25.4,23.73,24.35
2024-09-23 19:50:00,-55.5003219528772,-0.0979931012856695,-66.2819844396364,-30.7111092141332,-123.138965984275,-56.2724083400736,21.3,20.79,22.95,25.31,23.63,24.26
2024-09-23 20:00:00,-55.5514631862643,-0.0979931012856695,-66.4194847816094,-30.8386602550335,-123.195686633173,-56.3502052730713,21.22,20.6,22.9,25.2,23.52,24.17
2024-09-23 20:10:00,-55.6667033265495,-0.0979931012856695,-66.511310107017,-30.938232755863,-123.508117542179,-56.6885700812451,21.15,20.44,22.8,25.1,23.42,24.07
2024-09-23 20:20:00,-55.8593017226169,-0.0979931012856695,-66.6339413808524,-31.0881946471355,-123.621925124589,-56.9109063892788,21.06,20.25,22.74,25.01,23.31,23.95
2024-09-23 20:30:00,-56.0912995976858,-0.0979931012856695,-66.7875484798041,-31.1813922421832,-123.906903093649,-57.1341147149661,20.97,20.05,22.67,24.91,23.17,23.85
2024-09-23 20:40:00,-56.2076596152922,-0.0979931012856695,-66.9415096796893,-31.2388834244268,-124.221137685976,-57.3449927855599,20.88,19.88,22.6,24.79,23.06,23.74
2024-09-23 20:50:00,-56.4021296385142,-0.0979931012856695,-66.9877672113226,-31.3903026110538,-124.392874133918,-57.5169041968305,20.79,19.72,22.5,24.67,22.94,23.63
2024-09-23 21:00:00,-56.5712144920267,-0.0979931012856695,-67.188586167604,-31.5206745147288,-124.679629323991,-57.6627701695159,20.69,19.56,22.41,24.55,22.83,23.52
2024-09-23 21:10:00,-56.7146821445909,-0.0979931012856695,-67.296968695988,-31.6151686174709,-124.938274139985,-57.9823085174348,20.59,19.42,22.32,24.44,22.7,23.41
2024-09-23 21:20:00,-56.8716073028608,-0.0979931012856695,-67.4676374399807,-31.7976849777102,-125.11100203326,-58.236531692495,20.49,19.27,22.22,24.32,22.58,23.28
2024-09-23 21:30:00,-57.0552355188243,-0.0979931012856695,-67.6231664068333,-31.8563124593754,-125.428290285472,-58.4111157993968,20.39,19.15,22.12,24.18,22.45,23.16
2024-09-23 21:40:00,-57.1604320064501,-0.0979931012856695,-67.7322499606116,-32.0180960002296,-125.601695628929,-58.6132094486197,20.29,19.03,22.02,24.06,22.33,23.04
2024-09-23 21:50:00,-57.3185905202636,-0.0979931012856695,-67.8727588426391,-32.1140812955837,-125.804304883239,-58.80246098543,20.17,18.92,21.93,23.92,22.18,22.93
2024-09-23 22:00:00,-57.5169041968305,-0.0979931012856695,-67.9196598806382,-32.277173925652,-126.210504411647,-59.1010916056971,20.07,18.84,21.83,23.77,22.06,22.8
2024-09-23 22:10:00,-57.6229518933407,-0.0979931012856695,-68.1075883494823,-32.3590305804207,-126.32680213092,-59.2919184264558,19.98,18.77,21.72,23.65,21.94,22.67
2024-09-23 22:20:00,-57.809006066179,-0.0979931012856695,-68.2488758617404,-32.4784655269343,-126.618015485451,-59.5655974871161,19.88,18.7,21.64,23.53,21.82,22.56
2024-09-23 22:30:00,-58.0090165065545,-0.0979931012856695,-68.3589687532147,-32.6509259847629,-126.793065630942,-59.7992176862519,19.79,18.68,21.54,23.38,21.7,22.44
2024-09-23 22:40:00,-58.142741100267,-0.0979931012856695,-68.5007777479203,-32.7186595254315,-127.056094718429,-60.0199324678077,19.7,18.6,21.43,23.25,21.58,22.31
2024-09-23 22:50:00,-58.236531692495,-0.0979931012856695,-68.6903141251552,-32.839421837538,-127.348989266004,-60.1444423374093,19.6,18.58,21.33,23.11,21.46,22.17
2024-09-23 23:00:00,-58.3573419411731,-0.0979931012856695,-68.8011191047658,-32.9758123016121,-127.642559005242,-60.3664313193044,19.52,18.5,21.22,22.96,21.35,22.05
2024-09-23 23:10:00,-58.4918695079409,-0.0979931012856695,-68.9121028249118,-33.1051456107967,-127.848460395098,-60.4916599922276,19.43,18.42,21.12,22.84,21.23,21.93
2024-09-23 23:20:00,-58.640208045265,-0.0979931012856695,-69.0232655739208,-33.2273344163459,-128.084183004244,-60.6031924415107,19.36,18.37,21.02,22.71,21.12,21.82
2024-09-23 23:30:00,-58.7212784751762,-0.0979931012856695,-69.2142476347368,-33.3269448212793,-128.349890482879,-60.7289122695425,19.28,18.3,20.92,22.57,21.01,21.7
2024-09-23 23:40:00,-58.8837557309782,-0.0979931012856695,-69.2620756604978,-33.4114637516855,-128.497743850044,-60.8829240680219,19.2,18.22,20.82,22.45,20.89,21.59
2024-09-23 23:50:00,-58.9787416607453,-0.0979931012856695,-69.4217412346648,-33.4961970266598,-128.793961742092,-61.0092241924137,19.1,18.16,20.73,22.31,20.79,21.48
2024-09-24,-59.1419312973562,-0.0979931012856695,-69.581774875993,-33.6508084472586,-129.001720470328,-61.1357863232986,19.02,18.09,20.63,22.17,20.68,21.37
2024-09-24 00:10:00,-59.2919184264558,-0.0979931012856695,-69.742177432965,-33.7439176430051,-129.239569420872,-61.2767188658534,18.95,18,20.54,22.05,20.58,21.25
2024-09-24 00:20:00,-59.4422859310083,-0.0979931012856695,-69.902949756019,-33.8139185679117,-129.358658297297,-61.432119931421,18.86,17.93,20.44,21.93,20.48,21.14
2024-09-24 00:30:00,-59.5518835803656,-0.0979931012856695,-69.9995909920872,-33.9152874613273,-129.65686080211,-61.5453863685048,18.78,17.85,20.35,21.8,20.37,21.03
2024-09-24 00:40:00,-59.6342144070257,-0.0979931012856695,-70.1125079782944,-34.0091284501399,-129.895917677942,-61.6730607546004,18.7,17.78,20.26,21.68,20.27,20.92
2024-09-24 00:50:00,-59.7166590565342,-0.0979931012856695,-70.209438929828,-34.0953774350398,-130.015611351929,-61.8152318426325,18.61,17.69,20.15,21.57,20.16,20.82
2024-09-24 01:00:00,-59.8818904537571,-0.0979931012856695,-70.2903170818349,-34.2448684664947,-130.255329679728,-61.9292046483266,18.54,17.6,20.05,21.45,20.05,20.71
2024-09-24 01:10:00,-59.9508717291013,-0.0979931012856695,-70.4523529972796,-34.3475292809945,-130.435408433323,-62.071966209016,18.47,17.5,19.97,21.33,19.96,20.61
2024-09-24 01:20:00,-60.0614070915209,-0.0979931012856695,-70.5660003380556,-34.4743036388467,-130.645814994365,-62.172095070527,18.4,17.41,19.88,21.21,19.87,20.5
2024-09-24 01:30:00,-60.172146255253,-0.0979931012856695,-70.6961075107605,-34.5537751163041,-130.826433596187,-62.3297668584647,18.31,17.31,19.79,21.09,19.77,20.4
2024-09-24 01:40:00,-60.2137260608499,-0.0979931012856695,-70.8101480541917,-34.6653430564472,-130.796313164486,-62.4303115805824,18.24,17.26,19.7,20.98,19.68,20.3
2024-09-24 01:50:00,-60.2830895960595,-0.0979931012856695,-70.9080434972024,-34.7772712294512,-131.097829806042,-62.5166218507545,18.18,17.2,19.61,20.87,19.59,20.18
2024-09-24 02:00:00,-60.3525330349777,-0.0979931012856695,-71.0387813173603,-34.8494158208868,-131.400041515241,-62.6751673771976,18.1,17.11,19.52,20.76,19.49,20.08
2024-09-24 02:10:00,-60.4498882629682,-0.0979931012856695,-71.1697601874298,-34.9458414709392,-131.642312407922,-62.7907257025553,18.01,17.06,19.43,20.65,19.4,19.98
2024-09-24 02:20:00,-60.5195238465344,-0.0979931012856695,-71.3009805518506,-35.0102734156406,-131.885029991372,-62.8775342473547,17.95,16.99,19.35,20.54,19.31,19.89
2024-09-24 02:30:00,-60.6031924415107,-0.0979931012856695,-71.3831161112741,-35.1152287956919,-132.097774950327,-63.0079721413695,17.88,16.9,19.26,20.43,19.21,19.79
2024-09-24 02:40:00,-60.7009520105031,-0.0979931012856695,-71.4488926774721,-35.163775804473,-131.976164415677,-63.0805545238265,17.8,16.84,19.19,20.32,19.13,19.7
2024-09-24 02:50:00,-60.7708768083437,-0.0979931012856695,-71.531198625088,-35.2773133273907,-132.3413323,-63.2696602613139,17.72,16.78,19.1,20.22,19.04,19.6
2024-09-24 03:00:00,-60.7988692763583,-0.0979931012856695,-71.7126056046621,-35.3749229368941,-132.524294964394,-63.34254409685,17.66,16.7,19,20.08,18.96,19.51
2024-09-24 03:10:00,-60.8689068705356,-0.0979931012856695,-71.828285870549,-35.456470556251,-132.646410578498,-63.5616997440654,17.6,16.6,18.92,19.99,18.87,19.41
2024-09-24 03:20:00,-60.9249950311579,-0.0979931012856695,-72.0104462794087,-35.5545758800109,-132.95219213506,-63.6788926274143,17.51,16.53,18.84,19.88,18.78,19.32
2024-09-24 03:30:00,-60.995177916597,-0.0979931012856695,-72.076800904209,-35.6447442029861,-133.074702038572,-63.8109929196242,17.45,16.5,18.75,19.79,18.69,19.23
2024-09-24 03:40:00,-61.0513824307252,-0.0979931012856695,-72.2429550901866,-35.7186883457103,-133.25867859091,-63.884500346314,17.37,16.41,18.67,19.68,18.6,19.15
2024-09-24 03:50:00,-61.1217109088291,-0.0979931012856695,-72.2928759957108,-35.7845452389893,-133.35076222586,-63.9728210409429,17.3,16.38,18.6,19.59,18.51,19.06
2024-09-24 04:00:00,-61.2203069047462,-0.0979931012856695,-72.3761541745843,-35.8752967766681,-133.719733516475,-64.1793778019527,17.21,16.3,18.5,19.49,18.43,18.97
2024-09-24 04:10:00,-61.2908299763335,-0.0979931012856695,-72.459528286217,-35.9414424192042,-133.842950677378,-64.2829061485521,17.17,16.26,18.42,19.39,18.37,18.88
2024-09-24 04:20:00,-61.3614342873637,-0.0979931012856695,-72.6265647499291,-36.0657943881304,-134.213283815538,-64.3717776415282,17.1,16.2,18.37,19.29,18.3,18.79
2024-09-24 04:30:00,-61.4462668284388,-0.0979931012856695,-72.7269713996243,-36.1406119890791,-134.306027096223,-64.4459310672841,17.02,16.14,18.3,19.2,18.2,18.7
2024-09-24 04:40:00,-61.4887270694038,-0.0979931012856695,-72.7604711206687,-36.2155847972957,-134.553655945513,-64.5498893934157,16.99,16.1,18.2,19.1,18.13,18.61
2024-09-24 04:50:00,-61.5595593490864,-0.0979931012856695,-72.894624383385,-36.324153514285,-134.398834463829,-64.6540154156826,16.9,16.05,18.13,19.01,18.06,18.53
2024-09-24 05:00:00,-61.5879151024765,-0.0979931012856695,-73.012211374672,-36.3995070748689,-134.646634428163,-64.8478381453493,16.85,16,18.07,18.91,17.99,18.45
2024-09-24 05:10:00,-61.6304732244058,-0.0979931012856695,-73.0794890842534,-36.4414376886304,-134.925955550424,-64.8627716311071,16.8,15.93,18,18.82,17.9,18.39
2024-09-24 05:20:00,-61.7298899095091,-0.0979931012856695,-73.1805219044845,-36.5254438784037,-134.988105558675,-64.9973278511115,16.72,15.87,17.9,18.72,17.82,18.3
2024-09-24 05:30:00,-61.7867714301155,-0.0979931012856695,-73.2142305413562,-36.6012150108834,-135.268135054375,-65.0722018828957,16.7,15.79,17.84,18.63,17.76,18.22
2024-09-24 05:40:00,-61.9006917614765,-0.0979931012856695,-73.3830067734443,-36.6602567685847,-135.455144040661,-65.1921797783142,16.6,15.69,17.78,18.55,17.7,18.15
2024-09-24 05:50:00,-61.8721920022731,-0.0979931012856695,-73.5013815788716,-36.6940376671716,-135.517537805341,-65.2522516547241,16.58,15.6,17.7,18.46,17.6,18.08
2024-09-24 06:00:00,-61.9719986061677,-0.0979931012856695,-73.5521720749291,-36.7870957267251,-135.704891592386,-65.4026736299072,16.5,15.51,17.63,18.4,17.54,18
2024-09-24 06:10:00,-62.0291032198467,-0.0979931012856695,-73.7217273427085,-36.880389786539,-135.955099620087,-65.4780146020062,16.45,15.43,17.57,18.3,17.48,17.92
2024-09-24 06:20:00,-62.0433875931734,-0.0979931012856695,-73.7556852712923,-36.9483885851161,-136.111713850037,-65.6138471283797,16.4,15.39,17.5,18.22,17.4,17.85
2024-09-24 06:30:00,-62.1291629386744,-0.0979931012856695,-73.8916734757475,-36.9909514859732,-136.299889088932,-65.749961435979,16.31,15.3,17.41,18.14,17.3,17.79
2024-09-24 06:40:00,-62.2437145597631,-0.0979931012856695,-74.027912410593,-37.1103886313309,-136.237135121117,-65.8560233055324,16.29,15.3,17.34,18.06,17.25,17.7
2024-09-24 06:50:00,-62.2867258484089,-0.0979931012856695,-74.0790667469154,-37.1702517416982,-136.551194152622,-65.9318865163009,16.2,15.37,17.28,17.99,17.19,17.63
2024-09-24 07:00:00,-62.4015679785901,-0.0979931012856695,-74.1644025381168,-37.238784977813,-136.45690050102,-66.0382418508802,16.16,15.49,17.2,17.9,17.1,17.57
2024-09-24 07:10:00,-62.4159381249715,-0.0979931012856695,-74.3524874649034,-37.3246292429185,-136.865977164966,-66.0686605887665,16.1,15.6,17.13,17.81,17.03,17.5
2024-09-24 07:20:00,-62.4878385105646,-0.0979931012856695,-74.4381382246153,-37.3504210905504,-137.181485827095,-66.1904757205924,16.06,15.72,17.08,17.74,16.99,17.41
2024-09-24 07:30:00,-62.5310184923192,-0.0979931012856695,-74.4895760327873,-37.367625556285,-137.149902258998,-66.3583383386925,16,15.85,17,17.67,16.9,17.33
2024-09-24 07:40:00,-62.5886382195231,-0.0979931012856695,-74.6097358552986,-37.5314637451443,-137.687813214799,-66.4653815866419,16,16.03,16.95,17.6,16.85,17.27
2024-09-24 07:50:00,-62.6174679903846,-0.0979931012856695,-74.7472987289472,-37.5401066790544,-137.719520655733,-66.5725975070424,15.96,16.4,16.9,17.5,16.8,17.2
2024-09-24 08:00:00,-62.6607375479465,-0.0979931012856695,-74.7989501714081,-37.6439772635191,-138.164192278019,-66.7567987580271,15.9,17.95,16.83,17.44,16.74,17.14
2024-09-24 08:10:00,-62.7184768058532,-0.0979931012856695,-74.9368619119272,-37.6960202818175,-138.578387138421,-66.8644847661561,15.9,19.84,16.8,17.36,16.7,17.1
2024-09-24 08:20:00,-62.7618161619377,-0.0979931012856695,-74.9713795595301,-37.8090271152155,-139.153938395868,-67.0649341407512,15.9,21.6,16.75,17.3,16.68,17.04
2024-09-24 08:30:00,-62.7907257025553,-0.0979931012856695,-75.0750279293865,-37.8874610094623,-139.635390031045,-67.2195347806243,15.9,23.12,16.7,17.21,16.6,17
2024-09-24 08:40:00,-62.8196485595743,-0.0979931012856695,-75.1788195937192,-38.0010417525265,-140.668061437133,-67.4210485402005,15.9,24.31,16.7,17.2,16.6,17
2024-09-24 08:50:00,-62.8920140016383,-0.0979931012856695,-75.3000912413792,-38.0711067707871,-141.154751709625,-67.6075973898604,15.96,25.14,16.7,17.11,16.6,17
2024-09-24 09:00:00,-62.9644628054741,-0.0979931012856695,-75.3521246712982,-38.1676571518946,-141.773644093733,-67.7322499606116,16,25.75,16.73,17.1,16.64,17.03
2024-09-24 09:10:00,-62.9934656898113,-0.0979931012856695,-75.4389269686261,-38.1413009725268,-142.428041501873,-67.7946624058225,16.08,26.16,16.8,17.1,16.7,17.12
2024-09-24 09:20:00,-63.0515115428324,-0.0979931012856695,-75.3174317244588,-38.1676571518946,-142.855018722197,-67.6698949729229,16.16,26.38,16.89,17.1,16.77,17.25
2024-09-24 09:30:00,-63.0515115428324,-0.0979931012856695,-75.4041940570545,-38.1676571518946,-143.217306758208,-67.5920319573735,16.25,26.65,17,17.15,16.86,17.43
2024-09-24 09:40:00,-63.0369950671107,-0.0979931012856695,-75.2654222513032,-38.1149629930759,-143.845242405798,-67.5609118425567,16.36,27.1,17.14,17.2,16.97,17.66
2024-09-24 09:50:00,-63.0224819335462,-0.0979931012856695,-75.2307692232115,-38.0798739764026,-144.276468175047,-67.3744918117793,16.48,27.65,17.28,17.31,17.11,17.9
2024-09-24 10:00:00,-63.0515115428324,-0.0979931012856695,-75.1096092194449,-37.9660576128882,-144.708986692398,-67.1576518036655,16.63,28.12,17.47,17.44,17.25,18.19
2024-09-24 10:10:00,-63.0660313614811,-0.0979931012856695,-75.0231858450197,-37.9136417818192,-144.942418094251,-67.0031934906899,16.76,28.45,17.65,17.56,17.44,18.48
2024-09-24 10:20:00,-63.0515115428324,-0.0979931012856695,-74.9368619119272,-37.8090271152155,-145.243097565797,-66.8029286517966,16.92,28.7,17.85,17.74,17.64,18.8
2024-09-24 10:30:00,-63.0369950671107,-0.0979931012856695,-74.8506373057474,-37.6699897851578,-145.477390546828,-66.6186001151376,17.07,28.9,18.03,17.91,17.84,19.15
2024-09-24 10:40:00,-63.0369950671107,-0.0979931012856695,-74.7300895087285,-37.6093218410256,-145.71206146803,-66.3583383386925,17.24,29.06,18.23,18.1,18.06,19.5
2024-09-24 10:50:00,-63.0660313614811,-0.0979931012856695,-74.678485617103,-37.4537668295981,-145.745616773139,-66.1600008976798,17.41,29.19,18.43,18.31,18.29,19.85
2024-09-24 11:00:00,-63.0805545238265,-0.0979931012856695,-74.5925583064556,-37.359022333049,-146.014337545772,-65.9622562644662,17.6,29.26,18.63,18.51,18.52,20.21
2024-09-24 11:10:00,-63.0369950671107,-0.0979931012856695,-74.5410493852136,-37.2216398316976,-146.047962460535,-65.7802473852548,17.77,29.3,18.83,18.75,18.78,20.57
2024-09-24 11:20:00,-63.0515115428324,-0.0979931012856695,-74.4381382246153,-37.0676883025037,-146.18253957056,-65.5685383393952,17.95,29.3,19.05,19,19.04,20.92
2024-09-24 11:30:00,-63.0224819335462,-0.0979931012856695,-74.3353691428724,-36.9483885851161,-146.148883671841,-65.4327996104066,18.13,29.3,19.25,19.25,19.29,21.25
2024-09-24 11:40:00,-63.1096108826877,-0.0979931012856695,-74.2156511910511,-36.770158543308,-146.452065926472,-65.3123788848641,18.31,29.24,19.45,19.5,19.54,21.58
2024-09-24 11:50:00,-63.0660313614811,-0.0979931012856695,-74.3011443214595,-36.6602567685847,-146.823476268291,-65.2222088004889,18.47,29.2,19.65,19.75,19.78,21.86
2024-09-24 12:00:00,-63.1096108826877,-0.0979931012856695,-74.2156511910511,-36.5254438784037,-146.891106549095,-65.2222088004889,18.65,29.09,19.85,19.99,20,22.16
2024-09-24 12:10:00,-63.1386806255783,-0.0979931012856695,-74.147327519255,-36.4582234556373,-147.195828526779,-65.1921797783142,18.84,28.96,20.04,20.25,20.22,22.44
2024-09-24 12:20:00,-63.1823103484557,-0.0979931012856695,-74.1814814890998,-36.324153514285,-147.603108049732,-65.1321632046756,19.02,28.87,20.23,20.5,20.45,22.7
2024-09-24 12:30:00,-63.2114135783976,-0.0979931012856695,-74.1302564316088,-36.2406102795024,-148.045599318458,-65.1321632046756,19.18,28.76,20.42,20.75,20.65,22.93
2024-09-24 12:40:00,-63.2259702200899,-0.0979931012856695,-74.147327519255,-36.1489346306636,-148.318560720074,-65.1921797783142,19.36,28.6,20.58,21,20.83,23.16
2024-09-24 12:50:00,-63.3571309359363,-0.0979931012856695,-74.1302564316088,-36.0491892997817,-148.489417107509,-65.2522516547241,19.54,28.48,20.75,21.24,21.01,23.37
2024-09-24 13:00:00,-63.3717211341534,-0.0979931012856695,-74.1302564316088,-35.9083543673402,-148.900275890453,-65.3274193473957,19.71,28.4,20.92,21.49,21.18,23.56
2024-09-24 13:10:00,-63.3863146922744,-0.0979931012856695,-74.1131892742735,-35.7763064915039,-149.449856522748,-65.3725615197405,19.89,28.39,21.06,21.71,21.35,23.74
2024-09-24 13:20:00,-63.4009116110734,-0.0979931012856695,-74.1131892742735,-35.7269138245998,-149.897884057516,-65.4780146020062,20.08,28.3,21.23,21.95,21.52,23.9
2024-09-24 13:30:00,-63.4301155338005,-0.0979931012856695,-74.1814814890998,-35.6365376421731,-150.243434367642,-65.5987407210067,20.3,28.26,21.37,22.18,21.66,24.06
2024-09-24 13:40:00,-63.488563741453,-0.0979931012856695,-74.2669352575307,-35.5382061622852,-150.728543460238,-65.6440703802648,20.51,28.2,21.53,22.42,21.82,24.22
2024-09-24 13:50:00,-63.5324352385208,-0.0979931012856695,-74.2669352575307,-35.4973148338722,-151.076008638049,-65.8408611414533,20.73,28.2,21.66,22.65,21.98,24.34
2024-09-24 14:00:00,-63.4447225392771,-0.0979931012856695,-74.3696097290277,-35.4401460072952,-151.528911125128,-65.9470696421604,20.98,28.2,21.79,22.87,22.15,24.46
2024-09-24 14:10:00,-63.488563741453,-0.0999989644032415,-74.4210001830383,-35.4156732752835,-151.703465693491,-66.0230377342606,21.2,28.23,21.94,23.07,22.33,24.57
2024-09-24 14:20:00,-63.5178080387738,-0.0999989644032415,-74.5067298663553,-35.358635933359,-152.01817079153,-66.1600008976798,21.45,28.21,22.06,23.29,22.5,24.68
2024-09-24 14:30:00,-63.4301155338005,-0.219986232711037,-74.5410493852136,-35.3504952438256,-152.193288965276,-66.312515450983,21.67,28.13,22.21,23.48,22.68,24.79
2024-09-24 14:40:00,-63.4593329085283,-0.380010417525265,-74.712884250623,-35.3504952438256,-152.544130730199,-66.5879281790457,21.87,27.9,22.36,23.66,22.87,24.89
2024-09-24 14:50:00,-63.488563741453,-0.629934656898112,-74.712884250623,-35.3667784975713,-152.61439607644,-66.7260631937603,22.05,27.69,22.48,23.85,23.09,24.98
2024-09-24 15:00:00,-63.488563741453,-1.01998903351096,-74.7472987289472,-35.3342194870691,-153.071910410914,-66.9106890724829,22.19,27.52,22.62,24.04,23.32,25.05
2024-09-24 15:10:00,-63.5031842066764,-1.66991937060554,-74.7817290593743,-35.3179512238499,-153.142418864653,-67.0340567075657,22.34,27.32,22.74,24.22,23.53,25.13
2024-09-24 15:20:00,-63.5616997440654,-2.51997076510342,-74.8506373057474,-35.2448366794203,-153.177685269771,-67.1731172049097,22.44,27.16,22.85,24.38,23.76,25.21
2024-09-24 15:30:00,-63.6202692010832,-4.16002080328947,-74.8334042936813,-35.2367221901169,-152.825386369841,-67.2504976492899,22.53,27.01,22.96,24.55,23.98,25.3
2024-09-24 15:40:00,-63.634919996101,-5.17959141581403,-74.9368619119272,-35.163775804473,-152.825386369841,-67.2814747801671,22.6,26.84,23.06,24.71,24.17,25.4
2024-09-24 15:50:00,-63.7082245946115,-5.52962273974114,-74.8678742863181,-35.1394939163114,-152.860579767124,-67.4210485402005,22.7,26.69,23.15,24.86,24.35,25.47
2024-09-24 16:00:00,-63.7669290681717,-5.84918695079409,-74.8506373057474,-35.1071441462711,-152.860579767124,-67.4831742262735,22.75,26.57,23.25,25.03,24.49,25.52
2024-09-24 16:10:00,-63.9139270211704,-6.0995177916597,-74.9713795595301,-35.0748241577531,-152.930990877092,-67.5609118425567,22.8,26.5,23.33,25.16,24.63,25.6
2024-09-24 16:20:00,-63.9580924502911,-6.38992119898066,-74.9713795595301,-35.0990613581953,-152.966208593511,-67.6387390091175,22.89,26.5,23.4,25.31,24.74,25.66
2024-09-24 16:30:00,-64.0170271666657,-6.7188586167604,-75.0231858450197,-35.066748810773,-152.966208593511,-67.7478476832043,22.95,26.43,23.49,25.45,24.82,25.7
2024-09-24 16:40:00,-64.0907719356475,-7.18944726421252,-75.0923165837567,-35.066748810773,-153.142418864653,-67.8415094780772,23.01,26.29,23.53,25.56,24.9,25.76
2024-09-24 16:50:00,-64.1202936239572,-7.70008470091534,-75.1096092194449,-35.066748810773,-153.177685269771,-67.982245016279,23.1,26.15,23.6,25.67,24.97,25.8
2024-09-24 17:00:00,-64.1793778019527,-8.28887332253866,-75.1615110235879,-35.066748810773,-153.460109035557,-68.0135592068769,23.16,25.99,23.66,25.76,25,25.8
2024-09-24 17:10:00,-64.2977095389332,-8.71957871226109,-75.2307692232115,-35.090980431036,-153.530796302539,-68.1389602761116,23.21,25.84,23.7,25.85,25,25.82
2024-09-24 17:20:00,-64.4014287675496,-9.13893319001155,-75.3000912413792,-35.1314036802833,-153.566152145163,-68.1703466533741,23.3,25.74,23.76,25.93,25.09,25.9
2024-09-24 17:30:00,-64.4014287675496,-9.84907631203686,-75.3000912413792,-35.163775804473,-153.566152145163,-68.2488758617404,23.32,25.59,23.8,26,25.1,25.9
2024-09-24 17:40:00,-64.5053153066108,-10.0784907705457,-75.5084407954801,-35.1961777582259,-153.601516129708,-68.390456471458,23.4,25.34,23.84,26.04,25.1,25.9
2024-09-24 17:50:00,-64.5498893934157,-10.1998903351096,-75.4910563359997,-35.2367221901169,-153.530796302539,-68.453475426534,23.4,25.08,23.9,26.1,25.1,25.9
2024-09-24 18:00:00,-64.6093694260069,-10.3203755794304,-75.5432217255047,-35.2367221901169,-153.636888258048,-68.5323307866585,23.47,24.81,23.9,26.1,25.1,25.89
2024-09-24 18:10:00,-64.6391299922862,-10.4302688384038,-75.5780186764281,-35.326084418983,-153.67226853206,-68.642880921888,23.5,24.51,23.9,26.11,25.05,25.8
2024-09-24 18:20:00,-64.7881385760667,-10.5583365813771,-75.6825057284046,-35.4238289743412,-153.530796302539,-68.7694423129302,23.5,24.24,23.96,26.2,25,25.8
2024-09-24 18:30:00,-64.8329080977579,-10.6388700075359,-75.7348034121523,-35.4891422160179,-153.318832122193,-68.9121028249118,23.4,23.95,24,26.2,25,25.8
2024-09-24 18:40:00,-65.0272671199926,-10.7200177002204,-75.7173668367536,-35.5791445956904,-153.566152145163,-68.9279722499458,23.4,23.68,24,26.16,24.93,25.73
2024-09-24 18:50:00,-65.1471621662355,-10.7992974282988,-75.7871372343405,-35.6693752262543,-153.707656953619,-69.1346076405861,23.36,23.42,23.95,26.1,24.89,25.7
2024-09-24 19:00:00,-65.282308347391,-10.8891881640869,-75.9093901648003,-35.7433704654288,-153.67226853206,-69.1983122999477,23.3,23.2,23.9,26.1,24.8,25.62
2024-09-24 19:10:00,-65.3274193473957,-10.9697189897612,-75.9793375038803,-35.8505235569508,-153.991057863031,-69.2939793706198,23.21,22.99,23.9,26.09,24.73,25.58
2024-09-24 19:20:00,-65.5081752862957,-11.0102074647653,-76.0493492965179,-35.9911316731425,-154.203951399387,-69.5017119939493,23.13,22.82,23.9,26,24.64,25.5
2024-09-24 19:30:00,-65.6591872263794,-11.09929776259,-76.1369547656141,-36.1156555593916,-154.310508514606,-69.6298568682849,23.05,22.62,23.8,25.98,24.55,25.42
2024-09-24 19:40:00,-65.7196894306874,-11.1891089443029,-76.2773334731426,-36.257303540771,-154.630621858679,-69.7582380117475,22.97,22.4,23.8,25.9,24.46,25.34
2024-09-24 19:50:00,-65.9015307507017,-11.2200683471522,-76.3652015698738,-36.3995070748689,-154.773107531608,-69.9512536847036,22.88,22.17,23.7,25.81,24.36,25.23
2024-09-24 20:00:00,-65.9622562644662,-11.3082526360643,-76.5060011110367,-36.5254438784037,-154.915724499147,-70.0318344187876,22.79,21.95,23.68,25.74,24.26,25.13
2024-09-24 20:10:00,-66.1143149693112,-11.378774804023,-76.5588678417613,-36.6602567685847,-155.022773459662,-70.3388886868299,22.69,21.74,23.6,25.66,24.16,25.04
2024-09-24 20:20:00,-66.2819844396364,-11.3997545989881,-76.7707003337853,-36.7955672438306,-155.237093348853,-70.4199159592013,22.58,21.57,23.52,25.57,24.05,24.94
2024-09-24 20:30:00,-66.3583383386925,-11.439196030223,-76.8591367672039,-36.9654078654027,-155.380137859983,-70.582250630913,22.48,21.39,23.46,25.47,23.93,24.84
2024-09-24 20:40:00,-66.5419467510571,-11.4999380927729,-77.0363153759142,-37.1189345979497,-155.63078299426,-70.8101480541917,22.37,21.22,23.38,25.37,23.82,24.73
2024-09-24 20:50:00,-66.7107007186561,-11.5291025563189,-77.2494689285001,-37.2902678154113,-155.917729697549,-71.0224259165291,22.25,21.05,23.3,25.25,23.69,24.6
2024-09-24 21:00:00,-66.8183123656123,-11.5983310987169,-77.267258324061,-37.4106713994928,-156.025471057852,-71.1369928471919,22.13,20.93,23.2,25.14,23.57,24.48
2024-09-24 21:10:00,-66.9415096796893,-11.5983310987169,-77.4275473457716,-37.5573985183477,-156.49321126708,-71.366681433554,22.02,20.85,23.1,25.03,23.46,24.36
2024-09-24 21:20:00,-67.1421899630516,-11.6197157040526,-77.6060362761915,-37.7568280800046,-156.709564045123,-71.613599385496,21.91,20.79,23,24.92,23.34,24.25
2024-09-24 21:30:00,-67.3124661798256,-11.6894883491775,-77.731223289481,-37.9573166114419,-156.962353689049,-71.7291199435372,21.79,20.7,22.91,24.8,23.22,24.13
2024-09-24 21:40:00,-67.4365745977677,-11.7002597254652,-77.8566122430971,-38.1413009725268,-157.287968220533,-71.9275888950339,21.69,20.62,22.81,24.67,23.08,23.99
2024-09-24 21:50:00,-67.6075973898604,-11.7083447707078,-78.0900143142684,-38.2908936687208,-157.541690893571,-72.1598301741841,21.58,20.56,22.71,24.55,22.97,23.86
2024-09-24 22:00:00,-67.7010652878841,-11.7488538773854,-78.1799705387334,-38.4145280941484,-157.795822848995,-72.309523962165,21.47,20.48,22.62,24.43,22.85,23.73
2024-09-24 22:10:00,-67.8883889223226,-11.8003666752093,-78.3782391626517,-38.6007286224978,-158.050364747021,-72.5931266808502,21.37,20.39,22.52,24.3,22.74,23.62
2024-09-24 22:20:00,-68.0292217107752,-11.8302930418516,-78.3782391626517,-38.7432012453089,-158.4511890005,-72.7939862724576,21.26,20.27,22.42,24.17,22.63,23.48
2024-09-24 22:30:00,-68.1075883494823,-11.8903736522517,-78.6494160466278,-38.9489274123585,-158.670248694189,-72.961793741455,21.16,20.14,22.32,24.05,22.52,23.36
2024-09-24 22:40:00,-68.2645925555394,-11.8985900689113,-78.7944271441492,-39.0836848256754,-159.036021393308,-73.1973742824952,21.06,20.03,22.2,23.9,22.4,23.24
2024-09-24 22:50:00,-68.327495532263,-11.9287655353802,-78.8670329245553,-39.2550470688059,-159.182566458289,-73.3999057806873,20.97,19.93,22.1,23.77,22.27,23.12
2024-09-24 23:00:00,-68.5165524509505,-11.9893462422273,-79.0670439757584,-39.3999347358021,-159.586262036402,-73.5691100384071,20.87,19.86,22,23.65,22.16,22.98
2024-09-24 23:10:00,-68.6112769846518,-12.0003939250652,-79.1945877540508,-39.5635726771059,-159.843692108404,-73.8236480610808,20.78,19.8,21.91,23.53,22.05,22.87
2024-09-24 23:20:00,-68.7377801054378,-12.0003939250652,-79.3406040204801,-39.737038986397,-159.917319801037,-73.9767933982325,20.68,19.7,21.81,23.4,21.94,22.75
2024-09-24 23:30:00,-68.8803749349508,-12.0086863672921,-79.5418160735365,-39.9112658579534,-159.990981408284,-74.0790667469154,20.59,19.65,21.71,23.28,21.84,22.64
2024-09-24 23:40:00,-68.9756024553599,-12.0696729552402,-79.7068236091998,-40.0585755831687,-160.544526068971,-74.2840378202631,20.5,19.6,21.64,23.15,21.73,22.53
2024-09-24 23:50:00,-69.1186906414724,-12.1002822971406,-79.835399421923,-40.1416761102304,-160.729466224899,-74.5067298663553,20.41,19.54,21.54,23.03,21.64,22.42
2024-09-25,-69.2142476347368,-12.1002822971406,-79.9457723276309,-40.2898362637702,-160.766479813376,-74.712884250623,20.33,19.5,21.45,22.91,21.54,22.28
2024-09-25 00:10:00,-69.2620756604978,-12.1086437636478,-80.1116178605803,-40.4106189559551,-161.359857784634,-74.8506373057474,20.25,19.41,21.36,22.78,21.44,22.17
2024-09-25 00:20:00,-69.4217412346648,-12.189769751081,-80.2778074359975,-40.6064948126645,-161.620148860305,-75.0231858450197,20.17,19.35,21.26,22.67,21.35,22.06
2024-09-25 00:30:00,-69.5177171971432,-12.1981930546867,-80.425820905748,-40.7563705799254,-161.731830673044,-75.2827547506337,20.08,19.25,21.17,22.55,21.24,21.96
2024-09-25 00:40:00,-69.6298568682849,-12.217870072472,-80.592662287633,-40.8691403189404,-161.992721781614,-75.334776200792,20,19.14,21.09,22.44,21.15,21.86
2024-09-25 00:50:00,-69.7100673675262,-12.2884046061474,-80.741256275967,-40.9916596750055,-162.10466104752,-75.5084407954801,19.92,19.03,21,22.33,21.06,21.75
2024-09-25 01:00:00,-69.8064419425664,-12.2997278588026,-80.9087520207478,-41.1240143892905,-162.366153572208,-75.6825057284046,19.85,18.95,20.91,22.19,20.97,21.67
2024-09-25 01:10:00,-69.9512536847036,-12.2997278588026,-80.9087520207478,-41.2093251428781,-162.6280679129,-75.8395072199411,19.77,18.88,20.83,22.09,20.88,21.57
2024-09-25 01:20:00,-70.0802274086001,-12.3280816598105,-81.0765952313201,-41.3328643203841,-163.002964327588,-75.9793375038803,19.69,18.8,20.74,21.98,20.79,21.48
2024-09-25 01:30:00,-70.1771137320577,-12.3992524519232,-81.2634960858738,-41.4186083280028,-163.453980978098,-76.2597719899619,19.6,18.73,20.66,21.88,20.7,21.38
2024-09-25 01:40:00,-70.3388886868299,-12.3992524519232,-81.4320752042599,-41.5906303337222,-163.566929994812,-76.3476198566452,19.52,18.7,20.58,21.77,20.61,21.27
2024-09-25 01:50:00,-70.3388886868299,-12.3992524519232,-81.6385913410953,-41.7249190167957,-163.642272696721,-76.5588678417613,19.45,18.6,20.5,21.68,20.52,21.18
2024-09-25 02:00:00,-70.4037030409804,-12.4278356808128,-81.7326353685191,-41.8018499923166,-164.057278330503,-76.6294136474499,19.38,18.57,20.4,21.58,20.44,21.08
2024-09-25 02:10:00,-70.5172719040629,-12.4880751184635,-81.7702833061739,-41.9561377329705,-164.208450274462,-76.8768362751149,19.3,18.5,20.32,21.48,20.36,20.99
2024-09-25 02:20:00,-70.5985046659694,-12.4995823591734,-81.9399137421494,-42.0431747059115,-164.284088475413,-77.0008470091535,19.21,18.46,20.25,21.38,20.28,20.9
2024-09-25 02:30:00,-70.6798310044058,-12.4995823591734,-82.1666351738209,-42.1400942331594,-164.586989846747,-77.160583367162,19.16,18.4,20.16,21.27,20.18,20.8
2024-09-25 02:40:00,-70.7775462833346,-12.4995823591734,-82.3560488299565,-42.2664237123135,-164.776586741212,-77.2316836286274,19.1,18.39,20.07,21.17,20.09,20.71
2024-09-25 02:50:00,-70.8917181964012,-12.5399412679111,-82.4509193365079,-42.3443530956314,-165.194469056618,-77.4632122605525,19,18.3,20,21.08,20,20.63
2024-09-25 03:00:00,-70.9897264106098,-12.5978230069072,-82.6029395154949,-42.4517406600054,-165.308620775254,-77.6596631468007,18.95,18.27,19.91,20.98,19.93,20.54
2024-09-25 03:10:00,-71.0224259165291,-12.5978230069072,-82.7171385615366,-42.6182391847419,-165.537160908399,-77.820766202638,18.89,18.2,19.84,20.89,19.86,20.46
2024-09-25 03:20:00,-71.1533746310712,-12.6094313757219,-82.9460105144344,-42.686987059665,-165.613411144126,-77.9462995987536,18.8,18.11,19.77,20.8,19.8,20.38
2024-09-25 03:30:00,-71.2189395000709,-12.6997596695196,-83.0606838581347,-42.8248156818961,-165.918763475032,-78.0720354939488,18.75,18.02,19.7,20.7,19.7,20.3
2024-09-25 03:40:00,-71.3174000996418,-12.6997596695196,-83.175515738402,-42.8938967872732,-166.148147134021,-78.1799705387334,18.7,17.9,19.61,20.61,19.63,20.21
2024-09-25 03:50:00,-71.4324428558815,-12.7701354112996,-83.2329911982294,-43.0125808967072,-166.492817367452,-78.2339940060497,18.6,17.77,19.55,20.52,19.57,20.11
2024-09-25 04:00:00,-71.4982648746187,-12.7995736137096,-83.3480612944001,-43.0720460408655,-166.492817367452,-78.4685274093271,18.56,17.66,19.49,20.44,19.5,20.03
2024-09-25 04:10:00,-71.613599385496,-12.8379447540082,-83.4248630588771,-43.2111179494589,-166.761388467594,-78.4865975357956,18.5,17.53,19.4,20.35,19.41,19.96
2024-09-25 04:20:00,-71.6300909247218,-12.9001720470328,-83.5979258797418,-43.3107298639446,-167.18430434728,-78.6132049905792,18.41,17.4,19.33,20.27,19.35,19.89
2024-09-25 04:30:00,-71.6795883324245,-12.9001720470328,-83.7135005002399,-43.4405687275034,-167.299831070294,-78.66752782904,18.38,17.3,19.27,20.17,19.29,19.8
2024-09-25 04:40:00,-71.8448268488566,-12.9001720470328,-83.8292349033255,-43.5507363538722,-167.376893232568,-78.7762861454537,18.3,17.22,19.2,20.08,19.2,19.72
2024-09-25 04:50:00,-71.8613716363036,-12.9090862486903,-83.9258024547328,-43.6511311696357,-167.569703971689,-78.8670329245553,18.22,17.2,19.11,20,19.13,19.65
2024-09-25 05:00:00,-72.0270292065297,-12.9597165357572,-84.0418303665097,-43.7920728402093,-167.762736820208,-79.1034640805149,18.17,17.1,19.05,19.91,19.06,19.59
2024-09-25 05:10:00,-72.110001141722,-12.9985677597456,-84.1773990186379,-43.8425193610454,-167.917323189719,-79.2128250813409,18.1,17.04,18.99,19.83,19,19.5
2024-09-25 05:20:00,-72.2096936392136,-12.9985677597456,-84.3131863578099,-43.9031318999752,-168.226923394686,-79.3588749731292,18.02,16.98,18.9,19.75,18.9,19.41
2024-09-25 05:30:00,-72.3261757623964,-13.0195358693537,-84.429749830094,-44.0043390713701,-168.42071333076,-79.5235030019916,17.98,16.9,18.82,19.67,18.83,19.35
2024-09-25 05:40:00,-72.4094923011205,-13.0886695270039,-84.5854185089188,-44.1057795493902,-168.5759059982,-79.4868895066965,17.9,16.87,18.75,19.59,18.76,19.27
2024-09-25 05:50:00,-72.4929048167927,-13.0977139830907,-84.6828571502185,-44.2176341862984,-168.614726504224,-79.6701257110812,17.84,16.8,18.68,19.5,18.7,19.2
2024-09-25 06:00:00,-72.5597040070261,-13.0977139830907,-84.819459848567,-44.3501918086253,-169.042342549177,-79.8170187580961,17.8,16.7,18.6,19.41,18.6,19.11
2024-09-25 06:10:00,-72.6098437905397,-13.0977139830907,-84.9367232469072,-44.4012812576981,-169.003423592256,-80.0010159890017,17.71,16.6,18.53,19.34,18.54,19.04
2024-09-25 06:20:00,-72.7437193317475,-13.1581702839631,-84.9954157260764,-44.5651633195841,-169.315026311918,-80.1300663661677,17.68,16.52,18.47,19.26,18.48,18.97
2024-09-25 06:30:00,-72.8610628967031,-13.1976164415677,-85.2109686867548,-44.6473310401984,-169.354017026278,-80.407304308001,17.6,16.48,18.4,19.19,18.4,18.89
2024-09-25 06:40:00,-72.928201329262,-13.1976164415677,-85.250218824991,-44.7502537677888,-169.783507951889,-80.425820905748,17.53,16.4,18.34,19.1,18.34,18.8
2024-09-25 06:50:00,-72.9785957496462,-13.1976164415677,-85.4664179800776,-44.8430870655313,-169.744418354973,-80.6112215705462,17.5,16.4,18.29,19.01,18.28,18.72
2024-09-25 07:00:00,-73.0458424838302,-13.1188420263866,-85.5648714935972,-44.894744308025,-169.90083076142,-80.685501451291,17.4,16.51,18.2,18.94,18.2,18.66
2024-09-25 07:10:00,-73.1468287874399,-13.0405378028128,-85.7226330708377,-45.0293318016791,-170.096548964355,-80.9087520207478,17.34,16.74,18.14,18.86,18.13,18.59
2024-09-25 07:20:00,-73.2816944031794,-12.8793961742092,-85.9004625589212,-45.1123553402309,-170.68505736434,-81.0765952313201,17.3,17.21,18.09,18.78,18.09,18.5
2024-09-25 07:30:00,-73.2816944031794,-12.6793065630941,-85.9994160724973,-45.247595198073,-171.551888168643,-81.2634960858738,17.24,18.06,18,18.7,18,18.44
2024-09-25 07:40:00,-73.4168086795185,-12.1589340382575,-86.2175152322306,-45.4250592485743,-172.462827669476,-81.6197955247833,17.2,19.8,17.97,18.61,17.96,18.4
2024-09-25 07:50:00,-73.4675407345044,-11.7488538773854,-86.4162671313259,-45.582223101106,-173.658282880127,-81.8267877304809,17.2,21.58,17.9,18.56,17.9,18.32
2024-09-25 08:00:00,-73.6708197624654,-11.3997545989881,-86.5755984826608,-45.687300977474,-174.620610577024,-82.0720917731737,17.2,23.16,17.89,18.5,17.9,18.3
2024-09-25 08:10:00,-73.704754241843,-11.1197622673654,-86.7152543795196,-45.7715376570395,-175.507428243736,-82.3370878319705,17.2,24.62,17.8,18.48,17.9,18.3
2024-09-25 08:20:00,-73.857652936699,-10.9293794053764,-86.8551355565943,-45.7926210833637,-176.805390763575,-82.6029395154949,17.2,25.86,17.8,18.4,17.9,18.3
2024-09-25 08:30:00,-73.9767933982325,-10.8192088027406,-86.9351689438265,-45.8876167463939,-177.867050110509,-82.6790546813098,17.21,26.77,17.84,18.4,17.9,18.3
2024-09-25 08:40:00,-73.9597615729984,-10.8691480015522,-86.9351689438265,-45.9299002725975,-178.56465640373,-82.8696495864059,17.3,27.3,17.9,18.45,17.9,18.39
2024-09-25 08:50:00,-74.027912410593,-10.899222097111,-87.0553573223406,-45.845372146828,-179.223726215287,-82.9269136883888,17.36,27.61,17.98,18.5,18,18.5
2024-09-25 09:00:00,-74.0108688161264,-10.899222097111,-86.91515368585,-45.8559296493075,-179.926653481606,-82.831495488426,17.47,27.86,18.08,18.56,18.07,18.67
2024-09-25 09:10:00,-74.0961260463438,-10.9798271285847,-86.9551888110172,-45.7926210833637,-180.882062936196,-82.6980944291389,17.57,28.09,18.21,18.65,18.17,18.89
2024-09-25 09:20:00,-74.1302564316088,-11.1582349673704,-86.8751369932947,-45.70834560244,-181.675139540541,-82.5649082137647,17.7,28.2,18.35,18.76,18.28,19.12
2024-09-25 09:30:00,-74.1302564316088,-11.300443869243,-86.755197426454,-45.6557522058373,-182.55574405786,-82.5268944220641,17.84,28.25,18.5,18.91,18.42,19.38
2024-09-25 09:40:00,-74.1131892742735,-11.3997545989881,-86.6952897529134,-45.6137210630896,-182.976578510402,-82.2234134828841,17.97,28.56,18.68,19.05,18.55,19.66
2024-09-25 09:50:00,-74.1302564316088,-11.3997545989881,-86.6354234478379,-45.5612365443265,-183.694224710762,-82.0720917731737,18.14,28.92,18.87,19.22,18.72,19.94
2024-09-25 10:00:00,-74.0961260463438,-11.3997545989881,-86.5357381250552,-45.4773868971473,-184.117683632255,-81.9210485517776,18.3,29.32,19.07,19.38,18.89,20.25
2024-09-25 10:10:00,-74.0961260463438,-11.4682064486206,-86.3367114502993,-45.4146009462496,-184.83980532211,-81.6950047643888,18.46,29.67,19.25,19.55,19.07,20.55
2024-09-25 10:20:00,-74.0961260463438,-11.5397261437834,-86.3764801316265,-45.310150262549,-185.650234630428,-81.6761959599012,18.65,29.88,19.45,19.73,19.25,20.84
2024-09-25 10:30:00,-74.0790667469154,-11.6679753361839,-86.1976652011047,-45.2788619274345,-185.949708737148,-81.4508277913942,18.85,29.88,19.65,19.91,19.45,21.14
2024-09-25 10:40:00,-74.027912410593,-11.8085208957725,-86.1976652011047,-45.1539244953621,-186.206785294884,-81.2822098517622,19.05,29.71,19.85,20.09,19.66,21.44
2024-09-25 10:50:00,-74.027912410593,-11.8985900689113,-86.0984835761212,-45.0708244540801,-186.507157178617,-81.1513039344962,19.25,29.7,20.03,20.31,19.87,21.72
2024-09-25 11:00:00,-74.027912410593,-12.019751871249,-85.9400302939435,-44.9464610573653,-187.152443807447,-81.0579288044973,19.45,29.7,20.24,20.51,20.08,22
2024-09-25 11:10:00,-74.0790667469154,-12.1086437636478,-85.9598209956095,-44.9050828951529,-187.10935532566,-80.8901242368034,19.64,29.6,20.43,20.71,20.31,22.28
2024-09-25 11:20:00,-74.0449599299441,-12.189769751081,-85.8806855234671,-44.8327627518273,-187.713497862472,-80.9087520207478,19.83,29.62,20.62,20.91,20.5,22.55
2024-09-25 11:30:00,-74.0620113750835,-12.2403969625322,-85.9202441487305,-44.7605590809096,-188.362958248089,-80.7970496280167,20.02,29.7,20.79,21.11,20.69,22.8
2024-09-25 11:40:00,-74.0790667469154,-12.2997278588026,-85.7423737091796,-44.7090562359723,-189.188834804817,-80.8528815340632,20.21,29.83,20.96,21.31,20.88,23.05
2024-09-25 11:50:00,-74.1302564316088,-12.3992524519232,-85.8213817327501,-44.637051795796,-189.581302376557,-80.8528815340632,20.4,29.94,21.14,21.51,21.05,23.29
2024-09-25 12:00:00,-74.2327419438312,-12.4278356808128,-85.7423737091796,-44.637051795796,-190.368681701894,-80.8528815340632,20.58,30.15,21.29,21.7,21.24,23.51
2024-09-25 12:10:00,-74.1985643731093,-12.6094313757219,-85.9004625589212,-44.585691062054,-190.98334801878,-80.8901242368034,20.75,30.16,21.45,21.88,21.4,23.71
2024-09-25 12:20:00,-74.1814814890998,-12.7877901980463,-85.9004625589212,-44.524136183888,-191.071319355406,-81.0019553057244,20.95,29.91,21.61,22.07,21.56,23.91
2024-09-25 12:30:00,-74.2498366323556,-12.9388447658617,-85.9202441487305,-44.4524295595447,-191.291425019923,-80.8901242368034,21.14,29.63,21.73,22.26,21.71,24.11
2024-09-25 12:40:00,-74.2327419438312,-13.0285325531035,-85.9400302939435,-44.4115062076772,-191.732397296854,-80.9460204587233,21.33,29.43,21.86,22.46,21.85,24.29
2024-09-25 12:50:00,-74.2327419438312,-13.127907332098,-85.9400302939435,-44.3604049934696,-191.909070709422,-81.0579288044973,21.52,29.4,21.99,22.65,21.99,24.46
2024-09-25 13:00:00,-74.2669352575307,-13.2097774950327,-86.0588428874653,-44.2787653236636,-192.794882732338,-81.2447866284931,21.69,29.4,22.14,22.82,22.14,24.62
2024-09-25 13:10:00,-74.2840378202631,-13.3197324829853,-86.1381425241929,-44.268570934884,-193.016973865232,-81.2822098517622,21.87,29.41,22.27,22.98,22.27,24.77
2024-09-25 13:20:00,-74.3011443214595,-13.4398834463829,-86.2175152322306,-44.238001848831,-193.417382817038,-81.3571080202408,22.05,29.28,22.43,23.15,22.43,24.9
2024-09-25 13:30:00,-74.3182547620268,-13.5486337331327,-86.2373698345213,-44.2176341862984,-193.551036968952,-81.5258813342761,22.25,29.14,22.55,23.33,22.55,25.02
2024-09-25 13:40:00,-74.2669352575307,-13.5986408043034,-86.2770927568081,-44.2074538718629,-193.551036968952,-81.5822168733579,22.45,29.1,22.67,23.47,22.67,25.13
2024-09-25 13:50:00,-74.3524874649034,-13.6488324481193,-86.2770927568081,-44.176926989403,-194.310156892317,-81.7891137775678,22.62,29.13,22.8,23.63,22.8,25.23
2024-09-25 14:00:00,-74.3011443214595,-13.6992093458253,-86.3565935016936,-44.238001848831,-195.02734225848,-82.0154179573495,22.78,29.2,22.93,23.75,22.92,25.35
2024-09-25 14:10:00,-74.3867359361528,-13.8005216404685,-86.4162671313259,-44.2074538718629,-195.657050554437,-82.185556919113,22.95,29.2,23.05,23.88,23.03,25.44
2024-09-25 14:20:00,-74.4210001830383,-13.848269363506,-86.4560724578353,-44.268570934884,-196.650702612319,-82.4699065481843,23.14,29.2,23.16,24.03,23.15,25.52
2024-09-25 14:30:00,-74.5067298663553,-13.9185983463469,-86.5556660093113,-44.3706205302573,-197.285652447592,-82.6600193170399,23.33,29.28,23.3,24.15,23.27,25.6
2024-09-25 14:40:00,-74.4552802128265,-14.0086247651795,-86.6553742881307,-44.4319631721361,-198.561709154951,-83.0798114894467,23.5,29.3,23.43,24.26,23.4,25.69
2024-09-25 14:50:00,-74.4381382246153,-14.0700455184591,-86.6952897529134,-44.4831468181839,-198.973620523362,-83.4056559856515,23.66,29.27,23.55,24.36,23.53,25.75
2024-09-25 15:00:00,-74.4381382246153,-14.1577911804259,-86.7751758489,-44.6165004062795,-199.938073169461,-83.6364330132436,23.84,29.19,23.67,24.46,23.66,25.81
2024-09-25 15:10:00,-74.5067298663553,-14.2986653667652,-86.9351689438265,-44.6781829785221,-200.537456562076,-83.7135005002399,24,29.06,23.8,24.55,23.82,25.9
2024-09-25 15:20:00,-74.5238876501941,-14.3580513576228,-87.0152760784893,-44.7811768271755,-200.768466795773,-84.0611839411658,24.15,29,23.92,24.65,23.99,25.98
2024-09-25 15:30:00,-74.5925583064556,-14.457576614991,-86.9551888110172,-44.9050828951529,-200.999743142988,-84.3131863578099,24.28,28.9,24.05,24.75,24.16,26.03
2024-09-25 15:40:00,-74.5925583064556,-14.5779179805533,-86.9952423772867,-44.9878773478295,-201.32397768354,-84.3326024216861,24.41,28.76,24.17,24.84,24.34,26.1
2024-09-25 15:50:00,-74.6612922398647,-14.72975429298,-87.0553573223406,-44.9878773478295,-201.32397768354,-84.6828571502185,24.52,28.57,24.28,24.94,24.5,26.19
2024-09-25 16:00:00,-74.712884250623,-14.8797454741026,-87.0954570285376,-45.0915851157356,-201.046030373024,-84.7608888734413,24.62,28.34,24.38,25.03,24.66,26.23
2024-09-25 16:10:00,-74.7817290593743,-14.9897884057516,-87.1355752055845,-45.0915851157356,-200.768466795773,-84.8389924996446,24.72,28.1,24.48,25.13,24.82,26.3
2024-09-25 16:20:00,-74.7989501714081,-15.1180404300502,-87.0954570285376,-45.101969032353,-200.491286422007,-84.9954157260764,24.8,27.88,24.58,25.22,24.94,26.37
2024-09-25 16:30:00,-74.9368619119272,-15.2473897734897,-87.1757118619894,-45.1539244953621,-200.352839771075,-85.0149888971569,24.89,27.68,24.66,25.34,25.03,26.42
2024-09-25 16:40:00,-74.9713795595301,-15.3495448599962,-87.1355752055845,-45.101969032353,-200.352839771075,-85.0737354589992,24.94,27.53,24.75,25.44,25.12,26.5
2024-09-25 16:50:00,-75.0923165837567,-15.4595020941062,-87.1155138076731,-45.1331351319707,-199.892041026631,-85.1129223844443,25,27.36,24.8,25.53,25.2,26.5
2024-09-25 17:00:00,-75.1442064384434,-15.5594951807543,-87.1556412233353,-45.1539244953621,-199.984115912805,-85.2305914964533,25.05,27.19,24.89,25.61,25.26,26.57
2024-09-25 17:10:00,-75.213448692613,-15.649321126708,-87.2761344060626,-45.1643227678049,-199.708018411635,-85.3877367396929,25.1,26.99,24.91,25.7,25.3,26.6
2024-09-25 17:20:00,-75.2654222513032,-15.7795822848995,-87.2962327924918,-45.2059398087547,-199.43230208989,-85.3484232866965,25.12,26.79,25,25.78,25.39,26.6
2024-09-25 17:30:00,-75.334776200792,-15.8889611239182,-87.3364434514881,-45.2788619274345,-199.065272363862,-85.3877367396929,25.2,26.61,25,25.82,25.4,26.6
2024-09-25 17:40:00,-75.4389269686261,-16.0396727170332,-87.3565557261871,-45.351901677457,-198.607434942279,-85.5057857841523,25.2,26.4,25.01,25.9,25.4,26.6
2024-09-25 17:50:00,-75.5780186764281,-16.1174192281226,-87.3565557261871,-45.3936915645536,-198.698918109251,-85.6437159562744,25.2,26.19,25.1,25.93,25.4,26.6
2024-09-25 18:00:00,-75.6302441581425,-16.1992721781614,-87.517620749404,-45.4355199592893,-198.607434942279,-85.7621188934948,25.2,26.02,25.1,26,25.4,26.6
2024-09-25 18:10:00,-75.769688610021,-16.3002964327588,-87.4974713923823,-45.5088124158286,-198.424594948511,-85.8213817327501,25.2,25.85,25.1,26,25.4,26.6
2024-09-25 18:20:00,-75.8220465383751,-16.3793062230286,-87.517620749404,-45.582223101106,-198.47028916049,-85.9202441487305,25.2,25.68,25.1,26,25.4,26.52
2024-09-25 18:30:00,-75.9618446289081,-16.4284088475413,-87.6991738951559,-45.6767822987112,-198.013820162302,-85.9796162547775,25.16,25.54,25.1,26,25.4,26.5
2024-09-25 18:40:00,-76.1194256021042,-16.5004391334199,-87.7597752668621,-45.7293999210458,-198.333238082938,-86.2175152322306,25.1,25.42,25.1,26,25.4,26.5
2024-09-25 18:50:00,-76.1895664800853,-16.5499048956463,-87.779985028537,-45.7926210833637,-197.831526656246,-86.3367114502993,25.1,25.28,25.1,26,25.35,26.41
2024-09-25 19:00:00,-76.3476198566452,-16.6377847917257,-87.881103668431,-45.8876167463939,-198.10502989661,-86.5755984826608,25.03,25.14,25.1,26,25.3,26.39
2024-09-25 19:10:00,-76.4531708867456,-16.6876622949744,-88.0025998072233,-45.9616384844326,-197.694916667835,-86.6354234478379,25,25.01,25.1,26,25.28,26.3
2024-09-25 19:20:00,-76.5764982022365,-16.7569703971689,-88.0431358351644,-46.0675910035896,-197.922652421959,-86.755197426454,24.97,24.87,25.02,26,25.2,26.28
2024-09-25 19:30:00,-76.6294136474499,-16.8498291797264,-88.0634108505337,-46.1631570849375,-198.196281644226,-86.9952423772867,24.9,24.74,25,26,25.2,26.2
2024-09-25 19:40:00,-76.7000244581581,-16.9003423592256,-88.1039748894445,-46.3122096364788,-198.150650517545,-87.1556412233353,24.85,24.58,25,25.93,25.11,26.15
2024-09-25 19:50:00,-76.8945398589575,-16.9471043051495,-88.2664179784961,-46.4724428955242,-198.059419779002,-87.3364434514881,24.8,24.46,24.99,25.9,25.1,26.1
2024-09-25 20:00:00,-77.0008470091535,-16.990083076142,-88.3477518036568,-46.5366913190914,-197.968231044093,-87.4169203438842,24.72,24.37,24.9,25.84,25.01,26
2024-09-25 20:10:00,-77.1428185315899,-17.0096548964355,-88.5106443602271,-46.6654547604873,-198.241923279072,-87.5579333848013,24.67,24.3,24.9,25.8,25,25.94
2024-09-25 20:20:00,-77.267258324061,-17.0803003157289,-88.6126046871848,-46.7622610954535,-198.378911256801,-87.6991738951559,24.6,24.2,24.83,25.74,24.91,25.86
2024-09-25 20:30:00,-77.3918988515096,-17.1078527057904,-88.7146824679058,-46.9240514646556,-198.287575424503,-87.9823387925023,24.52,24.1,24.8,25.7,24.88,25.79
2024-09-25 20:40:00,-77.5524464369204,-17.1591393998783,-88.9806353527637,-47.0105684223786,-198.698918109251,-88.2257791490007,24.48,23.99,24.74,25.62,24.8,25.7
2024-09-25 20:50:00,-77.6596631468007,-17.1986953014069,-88.9806353527637,-47.2384351465722,-198.927810428395,-88.3884468165711,24.4,23.9,24.7,25.59,24.74,25.62
2024-09-25 21:00:00,-77.7849366660902,-17.2105798435357,-89.1446947983292,-47.3473309860125,-198.744675493745,-88.6126046871848,24.34,23.84,24.61,25.5,24.68,25.55
2024-09-25 21:10:00,-77.9642494639799,-17.290020270663,-89.3090567310771,-47.5220867139328,-199.019441167708,-88.7555464975502,24.29,23.75,24.59,25.44,24.6,25.48
2024-09-25 21:20:00,-77.9822034627913,-17.3298778837586,-89.3913513043904,-47.6535766685074,-199.156966421314,-88.9601491629612,24.2,23.63,24.5,25.38,24.53,25.4
2024-09-25 21:30:00,-78.1079972748409,-17.3978468069794,-89.5767914579659,-47.80744151747,-199.248702715164,-89.1241708367921,24.15,23.54,24.47,25.29,24.49,25.3
2024-09-25 21:40:00,-78.2339940060497,-17.4098689656203,-89.6180525949025,-47.9066168757981,-199.156966421314,-89.2884949281631,24.1,23.5,24.4,25.2,24.4,25.2
2024-09-25 21:50:00,-78.2880548043474,-17.3978468069794,-89.8453288121201,-48.0391707957205,-199.294586706818,-89.3501945432211,24,23.44,24.34,25.13,24.34,25.12
2024-09-25 22:00:00,-78.3962884970895,-17.4580407324288,-89.886713643558,-48.2053790798609,-199.754008176814,-89.6386902900105,23.93,23.4,24.3,25.07,24.28,25.05
2024-09-25 22:10:00,-78.5951057150229,-17.4781516191361,-89.9902591411474,-48.3276305223949,-200.076233210796,-89.8246435422114,23.89,23.35,24.21,25,24.2,24.99
2024-09-25 22:20:00,-78.6313084341276,-17.4982856726907,-90.1354232586259,-48.5060044681851,-200.16839294014,-90.1354232586259,23.8,23.3,24.18,24.91,24.14,24.9
2024-09-25 22:30:00,-78.812572320445,-17.4982856726907,-90.1146711996921,-48.595438176633,-200.306712135699,-90.3848210340473,23.74,23.26,24.1,24.84,24.09,24.81
2024-09-25 22:40:00,-78.9033608996068,-17.566915102359,-90.3640115557644,-48.7298980120531,-200.491286422007,-90.4889403292039,23.7,23.19,24.05,24.77,24,24.74
2024-09-25 22:50:00,-79.0852519316269,-17.5790540895873,-90.4472782259774,-48.9435540342043,-200.491286422007,-90.7184251647094,23.62,23.1,23.99,24.69,23.92,24.65
2024-09-25 23:00:00,-79.2128250813409,-17.6195779944481,-90.6766574041409,-49.1015839886304,-200.583637334437,-90.843843917032,23.59,23.04,23.9,24.6,23.87,24.58
2024-09-25 23:10:00,-79.26756226578,-17.6683300099911,-90.843843917032,-49.2374442905375,-200.768466795773,-91.0322972307087,23.5,23,23.86,24.52,23.8,24.5
2024-09-25 23:20:00,-79.3588749731292,-17.696830956179,-90.9275527327661,-49.3964231638709,-201.092328262315,-91.2631600486362,23.47,22.9,23.8,24.45,23.72,24.41
2024-09-25 23:30:00,-79.3954295019765,-17.717216918607,-91.1161796983166,-49.5673273364607,-200.81470076633,-91.3051979658549,23.4,22.88,23.73,24.39,23.7,24.35
2024-09-25 23:40:00,-79.5418160735365,-17.7989958762201,-91.2211414861369,-49.7617336611094,-201.50948933765,-91.4735433602897,23.35,22.77,23.7,24.3,23.6,24.29
2024-09-25 23:50:00,-79.5601333623074,-17.8688047111255,-91.3472552467082,-49.8649631502898,-201.370339579933,-91.6000060679255,23.3,22.65,23.61,24.23,23.56,24.2
2024-09-26,-79.743538411217,-17.8976290449039,-91.4314279350001,-49.9914233875784,-201.50948933765,-91.8111658898491,23.23,22.54,23.59,24.17,23.5,24.13
2024-09-26 00:10:00,-79.7986423260863,-17.9306280798782,-91.5578324178146,-50.0835958605158,-202.020528276168,-92.001625889101,23.19,22.44,23.5,24.1,23.43,24.07
2024-09-26 00:20:00,-79.8905668140522,-17.988522860799,-91.6211001772304,-50.222173313654,-201.927515803347,-92.2561873034969,23.1,22.34,23.47,24.01,23.39,23.98
2024-09-26 00:30:00,-80.0378663028169,-18.0798782845276,-91.7266436109927,-50.3959344571959,-202.067050577729,-92.5114530697244,23.05,22.2,23.4,23.92,23.3,23.9
2024-09-26 00:40:00,-80.1854373773302,-18.1090431030351,-91.8534562312024,-50.465607130749,-202.393006801753,-92.6606841483955,23,22.08,23.34,23.86,23.25,23.82
2024-09-26 00:50:00,-80.2962942125547,-18.1800679635984,-91.9592673288078,-50.6052415796557,-202.486233690468,-92.7033657974594,22.91,21.96,23.3,23.8,23.19,23.76
2024-09-26 01:00:00,-80.4628668945093,-18.2093943990017,-92.0864015526653,-50.7335792029871,-202.439614879539,-92.9598688721454,22.85,21.85,23.21,23.7,23.1,23.7
2024-09-26 01:10:00,-80.592662287633,-18.2681892663501,-92.1924809929238,-50.9208333391546,-202.626154546825,-93.1098232944855,22.8,21.77,23.15,23.65,23.05,23.6
2024-09-26 01:20:00,-80.741256275967,-18.2471693385747,-92.2774325215113,-51.0264673520296,-202.859570867733,-93.2170816710874,22.7,21.7,23.1,23.58,23,23.54
2024-09-26 01:30:00,-80.8901242368034,-18.2892334081478,-92.3837320209525,-51.132320500059,-203.046497506958,-93.4750061580379,22.64,21.7,23.01,23.5,22.9,23.48
2024-09-26 01:40:00,-80.9646611147302,-18.2976578510402,-92.5540659795103,-51.261994823974,-203.23359639129,-93.6042358996743,22.6,21.67,22.96,23.43,22.84,23.4
2024-09-26 01:50:00,-81.0579288044973,-18.2976578510402,-92.8315287417931,-51.4511993056956,-203.327210474964,-93.7768201814497,22.5,21.6,22.9,23.36,22.79,23.32
2024-09-26 02:00:00,-81.1326203073391,-18.2976578510402,-92.8956766434148,-51.5816823234685,-203.608311530286,-94.1012738328416,22.46,21.6,22.82,23.3,22.7,23.25
2024-09-26 02:10:00,-81.2822098517622,-18.3187359393372,-93.0455275166782,-51.7363162221437,-204.077677163003,-94.253069466057,22.4,21.54,22.77,23.2,22.64,23.17
2024-09-26 02:20:00,-81.3571080202408,-18.3778838509011,-93.174163501586,-51.92727139138,-204.218697729348,-94.4485951340517,22.31,21.5,22.7,23.12,22.6,23.1
2024-09-26 02:30:00,-81.4133269345715,-18.399054355983,-93.3459548306151,-52.0829413125831,-204.124673195138,-94.6009510344633,22.26,21.44,22.63,23.05,22.5,23
2024-09-26 02:40:00,-81.5822168733579,-18.399054355983,-93.4319692372663,-52.2390779081121,-204.406876747326,-94.7317374014635,22.2,21.4,22.59,22.99,22.46,22.94
2024-09-26 02:50:00,-81.7138179002622,-18.4287340403568,-93.5180629026082,-52.4077485178375,-204.548124795248,-94.9064005318617,22.13,21.37,22.5,22.9,22.4,22.88
2024-09-26 03:00:00,-81.7891137775678,-18.479724928371,-93.712063817615,-52.5164670995782,-204.736607366537,-95.1470882848096,22.1,21.26,22.46,22.83,22.31,22.8
2024-09-26 03:10:00,-81.9776571570056,-18.5607492005266,-93.7552297564128,-52.6617761200955,-204.972454835259,-95.3005709309685,22.02,21.17,22.4,22.77,22.25,22.73
2024-09-26 03:20:00,-82.1098960722806,-18.5992530169697,-93.9280924354859,-52.7710216758318,-205.255830450513,-95.4543011614003,22,21.1,22.32,22.7,22.2,22.67
2024-09-26 03:30:00,-82.2044830217996,-18.5906897163463,-94.1012738328416,-52.91703502926,-205.444965143066,-95.6302965300927,21.9,21.1,22.27,22.61,22.11,22.6
2024-09-26 03:40:00,-82.2991789312789,-18.5906897163463,-94.1229439466457,-53.0512354855251,-205.53959783421,-95.8507471310546,21.88,21.1,22.2,22.56,22.08,22.52
2024-09-26 03:50:00,-82.4319364962952,-18.5992530169697,-94.2964846045391,-53.1490495351306,-205.823757527971,-95.9832613484536,21.8,21.1,22.14,22.5,22,22.48
2024-09-26 04:00:00,-82.5078940899553,-18.5906897163463,-94.4921003361678,-53.3329372288732,-205.823757527971,-96.2266800785403,21.77,21.1,22.1,22.41,21.95,22.4
2024-09-26 04:10:00,-82.5649082137647,-18.5992530169697,-94.5791708681303,-53.4681924355588,-206.155773730644,-96.4262999530745,21.7,21.1,22.02,22.35,21.9,22.33
2024-09-26 04:20:00,-82.6980944291389,-18.629255643651,-94.8845500412795,-53.5667752560971,-206.345737683419,-96.5151527693651,21.7,21.02,22,22.28,21.83,22.26
2024-09-26 04:30:00,-82.8505703410896,-18.6894061676261,-94.8408641510035,-53.6655398402609,-206.535876680059,-96.8267828807157,21.63,20.96,21.9,22.2,21.8,22.2
2024-09-26 04:40:00,-82.831495488426,-18.6894061676261,-94.8627045813795,-53.8016385451164,-206.726190881859,-96.8936915595532,21.6,20.9,21.9,22.13,21.72,22.12
2024-09-26 04:50:00,-82.9651117381931,-18.6078202620469,-95.0376091845751,-54.0002166763744,-207.155039266247,-97.1170545868446,21.57,21,21.8,22.09,21.7,22.09
2024-09-26 05:00:00,-83.0415606306155,-18.6078202620469,-95.1251823802042,-54.0873249242258,-206.869041608708,-97.2961156833101,21.5,21.02,21.8,22,21.66,22
2024-09-26 05:10:00,-83.0989435255657,-18.5992530169697,-95.2347623608664,-54.2120090851728,-207.107345546865,-97.2737150038248,21.5,21.1,21.72,21.97,21.6,21.98
2024-09-26 05:20:00,-83.1946698137759,-18.5992530169697,-95.366424975725,-54.324470560961,-206.821413735139,-97.6777174615177,21.49,21.1,21.7,21.9,21.6,21.9
2024-09-26 05:30:00,-83.2713302343968,-18.5992530169697,-95.4103529514431,-54.437165335307,-207.489202971778,-97.7002111767174,21.4,21.1,21.69,21.84,21.5,21.88
2024-09-26 05:40:00,-83.3672551044311,-18.5992530169697,-95.5642602722653,-54.6380891520455,-207.680395624021,-97.9254334237408,21.4,21.17,21.6,21.8,21.5,21.8
2024-09-26 05:50:00,-83.4248630588771,-18.5778521572898,-95.6963784199097,-54.7388289880503,-207.345924000563,-98.1059849813979,21.4,21.2,21.6,21.74,21.5,21.79
2024-09-26 06:00:00,-83.5209647918987,-18.5992530169697,-95.8066163930133,-54.8902871127836,-207.632580950793,-98.354787053161,21.4,21.2,21.58,21.7,21.42,21.7
2024-09-26 06:10:00,-83.6364330132436,-18.5992530169697,-95.8728201223537,-54.9408662244922,-207.776058006022,-98.400091537402,21.4,21.2,21.5,21.67,21.4,21.7
2024-09-26 06:20:00,-83.7135005002399,-18.6507157178617,-95.9832613484536,-55.0294918428102,-207.967514983222,-98.5361302383235,21.4,21.2,21.5,21.6,21.4,21.69
2024-09-26 06:30:00,-83.6749578840196,-18.6078202620469,-96.0938297979355,-55.1309533336806,-208.111223482613,-98.6950797793328,21.36,21.2,21.5,21.6,21.4,21.6
2024-09-26 06:40:00,-83.8292349033255,-18.629255643651,-96.248839641566,-55.2326018957701,-208.063309619024,-98.717807777835,21.3,21.24,21.48,21.5,21.37,21.6
2024-09-26 06:50:00,-83.8485395204309,-18.6078202620469,-96.204525617355,-55.3089612902892,-208.398938463843,-98.9681614652242,21.3,21.3,21.4,21.5,21.3,21.6
2024-09-26 07:00:00,-84.0224812476659,-18.5692987098576,-96.4485054855672,-55.4364616139046,-208.255031286613,-99.2648526928605,21.3,21.43,21.4,21.48,21.3,21.5
2024-09-26 07:10:00,-84.1580186875518,-18.3271739717761,-96.626333934115,-55.6026515441663,-208.783177283506,-99.424977742786,21.3,21.76,21.4,21.4,21.3,21.5
2024-09-26 07:20:00,-84.2161730708376,-18.0507604362898,-96.8267828807157,-55.820728808128,-210.036852924777,-99.7230384349065,21.3,22.42,21.4,21.4,21.3,21.5
2024-09-26 07:30:00,-84.2549649832603,-17.6601953165574,-96.8713835309794,-56.0009639259826,-210.957758576785,-100.068065104455,21.38,23.46,21.4,21.4,21.3,21.5
2024-09-26 07:40:00,-84.3714479641542,-17.3778283214032,-97.1394191897825,-56.1042165837817,-212.224491877359,-100.391166932265,21.4,24.56,21.4,21.35,21.3,21.47
2024-09-26 07:50:00,-84.4686401208999,-17.2582001926894,-97.3409325190916,-56.2206033973573,-213.646362220322,-100.668941560704,21.43,24.99,21.4,21.3,21.3,21.4
2024-09-26 08:00:00,-84.5464744520589,-16.8072052004126,-97.4979540756304,-56.3112933715187,-215.127288054626,-100.924243428651,21.5,25.76,21.4,21.3,21.38,21.45
2024-09-26 08:10:00,-84.6048972637815,-16.1582938729895,-97.5653265432728,-56.3631818812662,-215.971031456776,-101.203493038707,21.56,27.2,21.42,21.39,21.4,21.5
2024-09-26 08:20:00,-84.7608888734413,-15.5774190273989,-97.6102673837879,-56.3891440632994,-217.167835328446,-101.413437188981,21.63,28.93,21.5,21.4,21.49,21.54
2024-09-26 08:30:00,-84.7999316945309,-15.3001434420043,-97.7452141482068,-56.5191344653742,-218.522168933394,-101.670627138015,21.71,30.35,21.56,21.48,21.55,21.63
2024-09-26 08:40:00,-84.8976174454827,-15.3001434420043,-97.7677234068824,-56.5321499754316,-220.239647070129,-101.928469334637,21.82,31.09,21.65,21.55,21.64,21.73
2024-09-26 08:50:00,-85.0345665756454,-15.6205205463333,-97.7452141482068,-56.5321499754316,-221.715217678137,-101.905002139097,21.94,31.27,21.76,21.64,21.74,21.88
2024-09-26 09:00:00,-84.9367232469072,-16.128556593165,-97.835282288955,-56.4931124343304,-222.124008596988,-101.811187373495,22.06,30.64,21.91,21.74,21.86,22.07
2024-09-26 09:10:00,-85.0149888971569,-16.210466104752,-97.9254334237408,-56.4151182041126,-222.892524158846,-101.787747180016,22.21,30.34,22.08,21.87,21.99,22.31
2024-09-26 09:20:00,-85.0541487625802,-16.390624555695,-97.6327455662451,-56.2853670328001,-224.230921877451,-101.600419808426,22.36,30.44,22.27,22.04,22.14,22.6
2024-09-26 09:30:00,-85.1129223844443,-16.5194469056618,-97.6327455662451,-56.1817809906946,-225.317800154949,-101.296747839309,22.48,30.77,22.45,22.2,22.28,22.89
2024-09-26 09:40:00,-85.2305914964533,-16.5080396163967,-97.5653265432728,-56.1300594804238,-226.409946681715,-101.366745327265,22.63,31.39,22.64,22.39,22.44,23.18
2024-09-26 09:50:00,-85.2698506734084,-16.3793062230286,-97.5653265432728,-56.1042165837817,-227.297941414607,-101.133608282497,22.75,32.15,22.78,22.57,22.56,23.47
2024-09-26 10:00:00,-85.250218824991,-16.3378724967766,-97.5428638828323,-56.0267592620682,-227.979345456868,-101.273426086274,22.89,32.74,22.94,22.75,22.71,23.76
2024-09-26 10:10:00,-85.2894870427465,-16.4397611108169,-97.5653265432728,-56.0525664800808,-229.189914418642,-101.063771784296,23.05,33.1,23.07,22.94,22.85,24.06
2024-09-26 10:20:00,-85.3287733483491,-16.6301245726433,-97.5877943765277,-56.0267592620682,-230.035838560344,-100.784907705457,23.21,33.18,23.24,23.12,23,24.36
2024-09-26 10:30:00,-85.3877367396929,-16.9471043051495,-97.655228925091,-55.9365275333046,-230.300829618551,-100.553108850084,23.37,32.86,23.36,23.32,23.15,24.65
2024-09-26 10:40:00,-85.4467408755756,-17.3099376052689,-97.6777174615177,-55.9107737408992,-230.619221859787,-100.368053672935,23.53,32.35,23.48,23.5,23.33,24.95
2024-09-26 10:50:00,-85.5254764858121,-17.627693978606,-97.8127574760627,-55.8078770899901,-231.097635747653,-100.114158764097,23.67,31.81,23.59,23.68,23.46,25.24
2024-09-26 11:00:00,-85.5648714935972,-17.889388779673,-97.8578122889743,-55.6795225344843,-231.150854071514,-99.8839025884808,23.8,31.39,23.7,23.86,23.59,25.52
2024-09-26 11:10:00,-85.7028969774226,-17.9595521415033,-97.8578122889743,-55.6410737641761,-231.523725647348,-99.8149290582977,23.92,31.21,23.79,24.05,23.7,25.77
2024-09-26 11:20:00,-85.7226330708377,-18.1173845461154,-97.9931012856695,-55.5514631862643,-232.485302514974,-99.8839025884808,24.05,31.07,23.88,24.23,23.8,25.99
2024-09-26 11:30:00,-85.8411451114297,-18.3271739717761,-98.1285773201923,-55.5898500343935,-233.289666590766,-99.9759414414847,24.15,30.82,23.95,24.36,23.9,26.16
2024-09-26 11:40:00,-85.9400302939435,-18.5393926444955,-98.2868694338284,-55.5770514719379,-233.827454813372,-99.9529237803504,24.26,30.57,24.03,24.5,23.98,26.33
2024-09-26 11:50:00,-85.9796162547775,-18.6808013595008,-98.4907631203686,-55.6026515441663,-234.528433326022,-100.091109280912,24.36,30.37,24.1,24.62,24.06,26.46
2024-09-26 12:00:00,-86.0984835761212,-18.8102904884111,-98.5588216331274,-55.5898500343935,-235.069077200875,-100.229485823735,24.47,30.23,24.17,24.74,24.1,26.57
2024-09-26 12:10:00,-86.0588428874653,-18.8579944001029,-98.7632794777977,-55.6923446944907,-235.936700926275,-100.344945735017,24.57,30.23,24.2,24.83,24.19,26.66
2024-09-26 12:20:00,-86.2969610789104,-18.9188834804817,-98.9909523503482,-55.7821825296635,-237.080318733106,-100.738505225626,24.67,30.3,24.3,24.9,24.2,26.71
2024-09-26 12:30:00,-86.4162671313259,-18.9887117724936,-99.0821683869265,-55.9236491545945,-238.723680993844,-100.970731463783,24.78,30.3,24.32,25,24.29,26.8
2024-09-26 12:40:00,-86.5755984826608,-18.9799691607763,-99.3334461124813,-56.0783855854934,-239.494476927493,-101.460150558047,24.87,30.38,24.4,25.04,24.3,26.8
2024-09-26 12:50:00,-86.6753297228033,-18.9668627898611,-99.5624333548689,-56.2724083400736,-241.376787221225,-101.811187373495,24.96,30.63,24.45,25.1,24.37,26.89
2024-09-26 13:00:00,-86.8751369932947,-19.0587977959075,-99.6312324069434,-56.5972724986804,-243.273891559844,-102.351804169936,25.02,30.79,24.5,25.15,24.4,26.9
2024-09-26 13:10:00,-87.1355752055845,-19.098334801878,-100.021992666842,-56.9240121185418,-245.581417865329,-102.8242386326,25.1,30.95,24.55,25.2,24.4,26.91
2024-09-26 13:20:00,-87.3967941713184,-19.1291425019923,-100.160273655542,-57.1999306748304,-246.60137990109,-103.298853753664,25.19,31.16,24.6,25.23,24.5,27
2024-09-26 13:30:00,-87.6587962310745,-19.2395762468255,-100.483673208219,-57.4110516675855,-248.253569926442,-103.799557578521,25.26,31.31,24.6,25.3,24.5,27
2024-09-26 13:40:00,-87.881103668431,-19.3105881936844,-100.901007438052,-57.6096852457742,-249.97438146445,-104.326707730804,25.36,31.45,24.66,25.34,24.56,27.03
2024-09-26 13:50:00,-88.0431358351644,-19.4399660633869,-101.203493038707,-57.875599470873,-251.359614963299,-104.71177040216,25.46,31.57,24.7,25.4,24.6,27.1
2024-09-26 14:00:00,-88.2460962243894,-19.5476926714086,-101.413437188981,-58.1963172127605,-252.636154694267,-105.243553263292,25.56,31.6,24.7,25.41,24.67,27.1
2024-09-26 14:10:00,-88.408801351887,-19.6469664005931,-101.694040360502,-58.4111157993968,-253.627010343475,-105.583365813771,25.67,31.66,24.73,25.5,24.74,27.2
2024-09-26 14:20:00,-88.6942575089683,-19.879044341548,-102.045886399384,-58.640208045265,-254.504521539081,-106.192905236549,25.78,31.59,24.8,25.52,24.8,27.22
2024-09-26 14:30:00,-88.8577889408812,-20.0306712135699,-102.281126462405,-58.8295467556997,-255.561543491945,-106.486732828123,25.9,31.5,24.8,25.6,24.9,27.3
2024-09-26 14:40:00,-89.0831370884481,-20.1602309257835,-102.58774944625,-58.9651628669866,-256.563872708822,-106.904380812498,26,31.45,24.83,25.65,24.99,27.35
2024-09-26 14:50:00,-89.2473855232005,-20.3608311530286,-102.705925972373,-59.2100601726522,-258.104456015533,-107.175496090855,26.08,31.33,24.9,25.7,25.07,27.42
2024-09-26 15:00:00,-89.49432616659,-20.4878083262989,-103.037544979635,-59.4286004145242,-259.29581205442,-107.47204243566,26.14,31.15,24.9,25.8,25.14,27.5
2024-09-26 15:10:00,-89.5149353693549,-20.6678595897098,-103.17999498701,-59.6479472733323,-260.192936448795,-107.868714320131,26.2,30.96,24.98,25.85,25.21,27.55
2024-09-26 15:20:00,-89.886713643558,-20.8783177283506,-103.394039341829,-59.7992176862519,-260.732700278184,-108.042718338647,26.2,30.72,25,25.93,25.3,27.6
2024-09-26 15:30:00,-90.0939239185463,-21.0909189349723,-103.680122686993,-59.9922986308656,-261.333751227019,-108.24192379945,26.2,30.47,25,26,25.4,27.67
2024-09-26 15:40:00,-90.2392552586338,-21.2664746351556,-103.823461061799,-60.0890727614145,-261.936187741388,-108.291782527001,26.2,30.22,25.04,26.07,25.44,27.7
2024-09-26 15:50:00,-90.4889403292039,-21.4681935673883,-103.919130053733,-60.1998629341605,-262.600472047713,-108.666455758495,26.2,29.98,25.1,26.11,25.5,27.76
2024-09-26 16:00:00,-90.843843917032,-21.6868014033165,-104.110732583797,-60.2830895960595,-263.024075292532,-108.791634684019,26.2,29.69,25.1,26.2,25.55,27.8
2024-09-26 16:10:00,-91.1161796983166,-21.887466906069,-104.230663518779,-60.3803328041979,-262.78193269449,-108.9169578101,26.12,29.4,25.1,26.23,25.6,27.8
2024-09-26 16:20:00,-91.4524832232863,-22.0696528786091,-104.302688384038,-60.4220564696498,-263.69111854039,-109.193177092322,26.1,29.09,25.1,26.3,25.6,27.82
2024-09-26 16:30:00,-91.7266436109927,-22.2687327068717,-104.591285891133,-60.5334605863437,-264.055673050964,-109.444893362002,26.01,28.8,25.1,26.32,25.6,27.9
2024-09-26 16:40:00,-91.8746087062833,-22.4179296743432,-104.760003059605,-60.6031924415107,-263.934098915294,-109.570969013035,25.95,28.55,25.1,26.4,25.6,27.9
2024-09-26 16:50:00,-92.0652003160932,-22.536968746925,-105.001499807699,-60.6869767088079,-264.116481117131,-109.722451517272,25.86,28.37,25.1,26.4,25.6,27.9
2024-09-26 17:00:00,-92.4475704886956,-22.6097365753808,-105.195097974016,-60.7708768083437,-264.238139262251,-110.051382441702,25.79,28.23,25.1,26.48,25.6,27.82
2024-09-26 17:10:00,-92.7247139939825,-22.687962853204,-105.243553263292,-60.8829240680219,-264.481623693949,-110.25429140853,25.7,28.09,25.1,26.5,25.6,27.8
2024-09-26 17:20:00,-92.9170691262451,-22.82945282327,-105.389053089996,-60.9811348746825,-265.091316803794,-110.584816706624,25.62,27.91,25.1,26.5,25.56,27.8
2024-09-26 17:30:00,-93.174163501586,-22.9084392861662,-105.680656484579,-61.0654416495996,-265.152363363204,-110.661232381763,25.55,27.74,25.06,26.5,25.5,27.74
2024-09-26 17:40:00,-93.4319692372663,-23.0566125934675,-105.753683315521,-61.1639468770554,-265.641242202418,-110.839741036934,25.5,27.56,25,26.5,25.5,27.7
2024-09-26 17:50:00,-93.7336443021827,-23.2271274217014,-105.973066723301,-61.2626110042025,-265.396690214306,-111.120836601174,25.4,27.34,25,26.5,25.46,27.63
2024-09-26 18:00:00,-93.9497226682084,-23.3397125193853,-106.021880362933,-61.389698779779,-265.213423980723,-111.453959667614,25.36,27.13,25,26.5,25.4,27.6
2024-09-26 18:10:00,-94.1446190507526,-23.4366482765866,-106.192905236549,-61.5170501958116,-265.396690214306,-111.582349673704,25.29,26.91,24.98,26.43,25.39,27.5
2024-09-26 18:20:00,-94.3616448114177,-23.5556722203897,-106.192905236549,-61.6304732244058,-265.396690214306,-111.839573554993,25.2,26.73,24.9,26.4,25.3,27.45
2024-09-26 18:30:00,-94.4921003361678,-23.6371712928482,-106.241820138873,-61.7867714301155,-265.824804064454,-112.045779527303,25.14,26.56,24.9,26.4,25.24,27.36
2024-09-26 18:40:00,-94.7971983741917,-23.697116434721,-106.413199799371,-61.9006917614765,-265.763602687674,-112.252365695118,25.07,26.42,24.85,26.31,25.2,27.29
2024-09-26 18:50:00,-95.0594949223853,-23.7681567214392,-106.633951357831,-62.0005443385957,-265.641242202418,-112.43344102212,25,26.27,24.8,26.3,25.12,27.2
2024-09-26 19:00:00,-95.212836270883,-23.8778655481693,-106.756788928655,-62.1291629386744,-265.213423980723,-112.90040567437,24.92,26.13,24.79,26.23,25.09,27.11
2024-09-26 19:10:00,-95.4543011614003,-24.0267761622914,-106.953623436888,-62.2723854508286,-265.641242202418,-112.796468430147,24.85,25.92,24.7,26.2,25,27.02
2024-09-26 19:20:00,-95.6963784199097,-24.1599205869895,-107.002888743567,-62.4303115805824,-265.580083087453,-113.447649548768,24.8,25.7,24.68,26.12,24.97,26.93
2024-09-26 19:30:00,-95.9169813553604,-24.2882096209058,-107.249555877144,-62.5310184923192,-265.396690214306,-113.682993899739,24.7,25.45,24.6,26.08,24.9,26.83
2024-09-26 19:40:00,-96.0938297979355,-24.4171798688254,-107.298957497133,-62.7184768058532,-265.886019534993,-113.945060266086,24.62,25.2,24.58,26,24.82,26.73
2024-09-26 19:50:00,-96.3375289355763,-24.5581417865329,-107.49679163719,-62.8920140016383,-265.763602687674,-114.076319909307,24.55,24.98,24.5,25.94,24.77,26.64
2024-09-26 20:00:00,-96.5373787633305,-24.648784191393,-107.595845450141,-62.9789625781025,-266.437593524833,-114.550107855065,24.48,24.79,24.46,25.86,24.69,26.54
2024-09-26 20:10:00,-96.7376431746234,-24.7169854792101,-107.79422698203,-63.1096108826877,-266.867386465716,-114.893511345866,24.4,24.6,24.4,25.79,24.6,26.43
2024-09-26 20:20:00,-96.9829750577281,-24.8367921248665,-107.918401138785,-63.298803726641,-266.621705676916,-115.131855101475,24.3,24.41,24.33,25.7,24.51,26.32
2024-09-26 20:30:00,-97.1841638475436,-24.9399456341085,-107.968110844333,-63.3717211341534,-266.867386465716,-115.423835698587,24.23,24.18,24.29,25.62,24.43,26.21
2024-09-26 20:40:00,-97.520406394015,-25.0666041329082,-108.167178746396,-63.5909777295165,-267.297872709559,-115.663279598986,24.14,23.96,24.2,25.54,24.35,26.11
2024-09-26 20:50:00,-97.6327455662451,-25.1997076510342,-108.316720502395,-63.7228956444389,-267.667413578824,-116.090184773977,24.05,23.73,24.14,25.46,24.27,25.99
2024-09-26 21:00:00,-97.9931012856695,-25.2985425652794,-108.416529845621,-63.8403857352638,-267.42099627705,-116.277450922353,23.94,23.52,24.09,25.37,24.19,25.86
2024-09-26 21:10:00,-98.1285773201923,-25.3685416844834,-108.591417550416,-64.0907719356475,-268.284450692819,-116.787268891268,23.85,23.3,24,25.26,24.1,25.75
2024-09-26 21:20:00,-98.4454168899337,-25.4153153321097,-108.891881640869,-64.1793778019527,-268.655355511904,-117.002597254652,23.75,23.1,23.9,25.17,23.99,25.64
2024-09-26 21:30:00,-98.5815182534197,-25.5208715952463,-109.017320246986,-64.3421401672112,-268.841000168942,-117.353352929024,23.65,22.95,23.83,25.08,23.9,25.52
2024-09-26 21:40:00,-98.786023181669,-25.526748669693,-109.218322645383,-64.5498893934157,-269.522795452171,-117.623880346765,23.54,22.83,23.76,24.99,23.8,25.4
2024-09-26 21:50:00,-99.0137484838717,-25.6091699610872,-109.369317613958,-64.6837965469348,-269.833273729055,-117.840751225676,23.45,22.67,23.69,24.89,23.7,25.26
2024-09-26 22:00:00,-99.2419987471123,-25.680028562376,-109.596201565916,-64.8926489202887,-270.393036200368,-118.22123786816,23.35,22.53,23.6,24.79,23.61,25.14
2024-09-26 22:10:00,-99.4936818110851,-25.7570133126948,-109.671934093985,-65.0122957621092,-270.579881619381,-118.548346929903,23.25,22.39,23.5,24.67,23.52,25.02
2024-09-26 22:20:00,-99.7919484673669,-25.7985621885632,-110.000713575001,-65.1621645818316,-271.328555316247,-118.87636107723,23.14,22.24,23.42,24.57,23.43,24.92
2024-09-26 22:30:00,-100.045026233506,-25.8282809851531,-110.152790203603,-65.3725615197405,-271.016356523415,-119.260191518114,23.03,22.14,23.34,24.47,23.34,24.78
2024-09-26 22:40:00,-100.298745818516,-25.8104456015533,-110.279681320323,-65.5081752862957,-271.578573270806,-119.452571233622,22.93,22.1,23.26,24.36,23.24,24.65
2024-09-26 22:50:00,-100.599425932067,-25.7510832239583,-110.483011216798,-65.6743075536771,-271.954032233584,-119.865859110412,22.84,22.1,23.16,24.26,23.14,24.54
2024-09-26 23:00:00,-100.622592472962,-25.6977738259539,-110.686716005967,-65.9015307507017,-272.204626539051,-120.308275716067,22.74,22.1,23.07,24.15,23.04,24.42
2024-09-26 23:10:00,-100.924243428651,-25.6977738259539,-110.839741036934,-66.05344946878,-272.518194166108,-120.391410439145,22.63,22.1,22.99,24.05,22.96,24.28
2024-09-26 23:20:00,-101.087045257086,-25.7096108134988,-111.120836601174,-66.2514674851033,-273.020653871685,-120.863593485527,22.53,22.1,22.9,23.92,22.86,24.17
2024-09-26 23:30:00,-101.133608282497,-25.7985621885632,-111.274461806399,-66.3277862299846,-273.587028484491,-121.058559663545,22.43,22.03,22.8,23.82,22.77,24.05
2024-09-26 23:40:00,-101.413437188981,-25.8580340164753,-111.453959667614,-66.5725975070424,-273.650031479043,-121.42147448535,22.32,21.93,22.71,23.71,22.68,23.92
2024-09-26 23:50:00,-101.623816863217,-25.9057101732856,-111.710887579372,-66.7567987580271,-273.902188577125,-121.869632759891,22.2,21.77,22.61,23.59,22.58,23.78
2024-09-27,-101.811187373495,-25.9893550633808,-111.942629060472,-66.9415096796893,-274.344022725173,-122.20683664936,22.1,21.65,22.52,23.49,22.48,23.67
2024-09-27 00:10:00,-102.092891089148,-26.0852799775776,-112.252365695118,-67.1112769604359,-274.976451012803,-122.544973556026,22,21.52,22.43,23.39,22.39,23.55
2024-09-27 00:20:00,-102.351804169936,-26.1695046663521,-112.407555245919,-67.2040586925688,-275.673806130445,-122.884046061474,21.9,21.38,22.33,23.28,22.27,23.44
2024-09-27 00:30:00,-102.540516918257,-26.1996507721836,-112.588880910618,-67.3434718548378,-276.309299885416,-123.280816598105,21.81,21.25,22.22,23.16,22.18,23.33
2024-09-27 00:40:00,-102.800565202301,-26.2963518733144,-112.874412387962,-67.529806055783,-276.882496713268,-123.707349626357,21.71,21.13,22.12,23.06,22.08,23.22
2024-09-27 00:50:00,-102.990105360832,-26.350903006715,-113.212792403154,-67.7322499606116,-277.393003170291,-123.792833157667,21.64,21.02,22.03,22.96,21.98,23.08
2024-09-27 01:00:00,-103.251293825427,-26.3994878984759,-113.369309749486,-67.8883889223226,-277.648609260776,-124.278356808128,21.55,20.92,21.93,22.85,21.88,22.98
2024-09-27 01:10:00,-103.417849440331,-26.4055673050964,-113.709173390356,-68.0292217107752,-278.096486794602,-124.650924083342,21.47,20.9,21.84,22.75,21.78,22.87
2024-09-27 01:20:00,-103.632387218347,-26.3994878984759,-113.813951654157,-68.2331627864271,-278.416841582711,-124.880751184635,21.38,20.82,21.75,22.65,21.7,22.76
2024-09-27 01:30:00,-103.895204544391,-26.4177303186485,-113.997545989881,-68.4377152458534,-279.187199544323,-125.226286606919,21.29,20.8,21.68,22.54,21.6,22.65
2024-09-27 01:40:00,-104.03884027112,-26.3994878984759,-114.102589977012,-68.5796875982159,-280.346734931327,-125.457174541912,21.19,20.78,21.59,22.44,21.51,22.54
2024-09-27 01:50:00,-104.302688384038,-26.435985344592,-114.39196030223,-68.7536093865608,-279.830792507575,-125.862253248731,21.1,20.7,21.5,22.33,21.41,22.43
2024-09-27 02:00:00,-104.494998105804,-26.5396690214306,-114.629263602568,-68.8645164683418,-280.798964836571,-126.210504411647,21,20.59,21.4,22.21,21.32,22.33
2024-09-27 02:10:00,-104.760003059605,-26.6253608509003,-114.840613109769,-69.0709616283719,-280.411294585019,-126.501449672248,20.91,20.48,21.31,22.11,21.22,22.2
2024-09-27 02:20:00,-104.928992387298,-26.668310466196,-115.078847129291,-69.2620756604978,-281.446273302547,-126.880681435729,20.82,20.37,21.22,22.01,21.12,22.1
2024-09-27 02:30:00,-105.195097974016,-26.7359427405742,-115.211412844568,-69.3897787015755,-280.993000899706,-127.114619687202,20.73,20.25,21.13,21.91,21.04,21.99
2024-09-27 02:40:00,-105.486164709728,-26.8469839049371,-115.663279598986,-69.5497386616554,-281.705614312517,-127.642559005242,20.64,20.11,21.04,21.81,20.95,21.89
2024-09-27 02:50:00,-105.607680081366,-26.9274670067262,-115.743204563936,-69.7100673675262,-282.420034951396,-128.113678872994,20.56,19.98,20.96,21.71,20.86,21.8
2024-09-27 03:00:00,-105.875506856698,-26.9771149474281,-115.929910995332,-69.8707656692348,-283.201469440799,-128.261260134887,20.47,19.87,20.87,21.62,20.78,21.7
2024-09-27 03:10:00,-106.144012855184,-27.045530366634,-116.197157040526,-70.1286538386543,-283.397165668655,-128.705024746466,20.39,19.76,20.79,21.53,20.69,21.62
2024-09-27 03:20:00,-106.339717547897,-27.0704516955901,-116.438205176976,-70.257954646874,-283.919683649001,-129.120590178859,20.3,19.7,20.7,21.43,20.6,21.52
2024-09-27 03:30:00,-106.437705165303,-27.0704516955901,-116.599181675294,-70.3874938554921,-284.181303803511,-129.299100148471,20.21,19.68,20.61,21.34,20.51,21.42
2024-09-27 03:40:00,-106.633951357831,-27.0766856151225,-116.706622961272,-70.5985046659694,-285.098874245115,-129.627009643495,20.12,19.6,20.53,21.23,20.43,21.33
2024-09-27 03:50:00,-106.855160859954,-27.1578573270806,-116.948727972209,-70.7449595226913,-285.230197364633,-129.895917677942,20.03,19.53,20.45,21.14,20.35,21.22
2024-09-27 04:00:00,-106.978253254289,-27.2580951024127,-117.19133522402,-70.8427648421767,-285.95355653632,-130.435408433323,19.96,19.39,20.37,21.05,20.27,21.13
2024-09-27 04:10:00,-107.323666839795,-27.3965264148325,-117.434445758591,-71.0224259165291,-287.141194323385,-130.886695270039,19.89,19.24,20.29,20.96,20.17,21.03
2024-09-27 04:20:00,-107.422561125461,-27.4976451012803,-117.569725018754,-71.1697601874298,-287.141194323385,-131.248848677129,19.8,19.08,20.2,20.87,20.08,20.94
2024-09-27 04:30:00,-107.620623161652,-27.5673806130445,-117.867888185526,-71.3831161112741,-288.201012635947,-131.612004134809,19.73,18.96,20.1,20.78,20,20.85
2024-09-27 04:40:00,-107.968110844333,-27.5991370098145,-118.003666752093,-71.5476711886529,-288.533007388559,-131.885029991372,19.65,18.86,20.02,20.69,19.91,20.76
2024-09-27 04:50:00,-108.092485307566,-27.6372929778294,-118.194019555905,-71.6630853973114,-289.264742664688,-132.371808526465,19.59,18.76,19.95,20.6,19.84,20.67
2024-09-27 05:00:00,-108.391568890922,-27.7265288381165,-118.521053306674,-71.8448268488566,-289.731358290505,-132.524294964394,19.5,18.66,19.88,20.5,19.76,20.58
2024-09-27 05:10:00,-108.516431158996,-27.8096486794602,-118.739578362336,-71.9607204020528,-289.931566764073,-132.890979483738,19.42,18.54,19.8,20.41,19.68,20.49
2024-09-27 05:20:00,-108.641437262852,-27.9380121854804,-118.794272551789,-72.110001141722,-290.332398847483,-133.044063983527,19.35,18.41,19.7,20.33,19.6,20.4
2024-09-27 05:30:00,-108.942039753997,-28.0282190141333,-119.122967156375,-72.3261757623964,-291.336905150226,-133.473639395098,19.28,18.26,19.63,20.24,19.5,20.3
2024-09-27 05:40:00,-109.04242530285,-28.1187171044509,-119.315125513999,-72.4929048167927,-291.471101650708,-133.966281377759,19.2,18.13,19.56,20.13,19.42,20.21
2024-09-27 05:50:00,-109.26863112477,-28.1965194294417,-119.397573956217,-72.6098437905397,-292.210288092427,-134.089725722239,19.11,17.97,19.48,20.04,19.35,20.11
2024-09-27 06:00:00,-109.444893362002,-28.3071080369927,-119.507593844043,-72.8107496371023,-292.883902375292,-134.275105550745,19.02,17.82,19.4,19.96,19.26,20.01
2024-09-27 06:10:00,-109.671934093985,-28.4050463606123,-119.535114652779,-72.928201329262,-293.086289301488,-134.460741667946,18.94,17.63,19.31,19.87,19.19,19.92
2024-09-27 06:20:00,-109.899445816367,-28.4902002924529,-119.893462422273,-73.0963181959189,-294.303551140303,-135.081384252163,18.84,17.43,19.23,19.79,19.1,19.83
2024-09-27 06:30:00,-110.25429140853,-28.5756095025991,-119.976310503489,-73.231090681961,-293.964916626567,-135.486337331327,18.75,17.26,19.15,19.7,19,19.74
2024-09-27 06:40:00,-110.483011216798,-28.595355653632,-120.19751871249,-73.4168086795185,-294.778294914571,-135.642411567962,18.65,17.2,19.07,19.6,18.92,19.65
2024-09-27 06:50:00,-110.839741036934,-28.5164528245307,-120.557852266814,-73.5691100384071,-295.185827627941,-136.237135121117,18.55,17.2,18.99,19.52,18.83,19.56
2024-09-27 07:00:00,-110.9929776259,-28.4705267550873,-120.724524201281,-73.7556852712923,-296.207126062113,-136.582639847212,18.46,17.22,18.9,19.43,18.73,19.46
2024-09-27 07:10:00,-111.428299399366,-28.2290005661556,-120.89142656067,-73.9086896213126,-296.889954008057,-136.992093458253,18.38,17.46,18.8,19.35,18.65,19.37
2024-09-27 07:20:00,-111.582349673704,-27.8673391097619,-121.114322029291,-74.1985643731093,-298.466437889368,-137.181485827095,18.3,18.01,18.7,19.26,18.57,19.28
